"","ONTOLOGY","ID","Description","GeneRatio","BgRatio","RichFactor","FoldEnrichment","zScore","pvalue","p.adjust","qvalue","geneID","Count"
"GO:0071280","BP","GO:0071280","cellular response to copper ion","4/79","17/10421",0.235294117647059,31.0379746835443,10.8327837663595,6.75514210957532e-06,0.0134224673717262,0.012415240129809,"MT2A/MT1X/MT1E/AQP1",4
"GO:0046688","BP","GO:0046688","response to copper ion","4/79","23/10421",0.173913043478261,22.9411117226197,9.20646229191186,2.42790910295296e-05,0.0241212769378376,0.0223112068092414,"MT2A/MT1X/MT1E/AQP1",4
"GO:0071889","MF","GO:0071889","14-3-3 protein binding","4/80","26/10759",0.153846153846154,20.6903846153846,8.70013073828827,3.74131349257359e-05,0.0115606586920524,0.0111451759831403,"RIPOR2/IRS2/DDIT4/DAB2IP",4
"GO:0004857","MF","GO:0004857","enzyme inhibitor activity","8/80","227/10759",0.0352422907488987,4.73964757709251,4.92871436355696,0.00027241302925916,0.0420878130205402,0.0405752038317591,"TXNIP/SERPINA3/ATP2B4/TNK2/TIMP1/SERPING1/PKIA/PPP1R1B",8
