{"tissue_hires_scalef": 0.112365864, "tissue_lowres_scalef": 0.03370976, "fiducial_diameter_fullres": 211.11098000000004, "spot_diameter_fullres": 130.68774}