Query Name	Rank	TF	Score	Library	Overlapping_Genes
gene_set_query	1	ZNF365	7.0	ARCHS4 Coexpression,2;Enrichr Queries,11;GTEx Coexpression,8	CHRM1,SEMA3C,CLSTN3,STXBP1,CELF4,BHLHE41,ADCY1,BMPER,SV2B,FRRS1L,CHN1,CDH22,SLC17A7,FSD1,SAMD12,FAM81A,LONRF2,GABRD,GPR158,ANKS1B,KRT222,GABRA1,GABBR2,KCNH3,PTPRN2,SLC6A17,SYT1,NEGR1,CADM2,ATRNL1,PRKCB,SORBS2,ATP1B1,PGM2L1,GAP43,PEX5L,DLG2,VSNL1,RCAN2,DCX,RAPGEF5,CDK5R2
gene_set_query	2	DACH2	10.0	ARCHS4 Coexpression,14;Enrichr Queries,2;GTEx Coexpression,14	ZCCHC12,CHRM1,SEMA3C,STXBP1,PTPRO,CELF4,ADCY1,AFF2,GNG2,BMPER,FRRS1L,CHN1,KIFAP3,FAM81A,LONRF2,GPR158,ANKS1B,KCNH1,KRT222,FZD3,PTPRN2,CXADR,SYT1,NEGR1,CADM2,SLC2A13,SORCS3,PGM2L1,GAP43,PEX5L,DLG2,GNAL,VSNL1,RCAN2,FKBP1B,DCX,FGF13,PDZRN3,CDK5R2
gene_set_query	3	MYT1L	13.33	ARCHS4 Coexpression,13;Enrichr Queries,1;GTEx Coexpression,26	STXBP1,CELF4,ADCY1,SV2B,FRRS1L,CHN1,PHACTR1,SLC17A7,FSD1,LONRF2,GPR158,ANKS1B,KCNH1,KRT222,GABRA1,GABBR2,PTPRN2,SLC6A17,SYT1,NEGR1,CADM2,PRKCB,BCL11A,ATRNL1,SORBS2,SORCS3,ATP1B1,PGM2L1,GAP43,PEX5L,DLG2,GNAL,RIMBP2,DCX,CDK5R2
gene_set_query	4	CSRNP3	18.0	ARCHS4 Coexpression,3;GTEx Coexpression,33	STXBP1,PTPRO,CELF4,ADCY1,GNG2,SV2B,FRRS1L,CHN1,KIFAP3,LONRF2,ANKS1B,KRT222,FZD3,PTPRN2,CXADR,SYT1,NEGR1,CADM2,ATRNL1,SLC2A13,SORCS3,PGM2L1,GAP43,PEX5L,DLG2,GNAL,DCX,FGF13,RAPGEF5,CDK5R2
gene_set_query	5	ZMAT4	20.33	ARCHS4 Coexpression,19;Enrichr Queries,4;GTEx Coexpression,38	CHRM1,PTPRO,CELF4,ADCY1,SV2B,FRRS1L,CHN1,PHACTR1,SAMD12,FAM81A,GPR158,ANKS1B,KCNH1,KCNH3,GABBR2,GABRA1,FZD3,PTPRN2,CXADR,SYT1,NEGR1,PRKCB,ATRNL1,BCL11A,CADM2,SORBS2,SORCS3,PGM2L1,GAP43,PEX5L,DLG2,VSNL1,RCAN2,DCX,FGF13,CDK5R2
gene_set_query	6	RORB	20.33	ARCHS4 Coexpression,16;Enrichr Queries,17;GTEx Coexpression,28	CHRM1,SEMA3C,STXBP1,ADCY1,SV2B,BASP1,FRRS1L,CHN1,SLC17A7,FAM81A,LONRF2,GPR158,ANKS1B,GABBR2,KCNH3,SLC6A17,SYT1,NEGR1,CADM2,ATRNL1,PRKCB,BCL11A,NANOS3,SORBS2,ATP1B1,GAP43,PEX5L,DLG2,VSNL1,RCAN2,DCX,RAPGEF5,PDZRN3,CDK5R2
gene_set_query	7	PEG3	23.5	ARCHS4 Coexpression,1;GTEx Coexpression,46	ZCCHC12,CLSTN3,STXBP1,CELF4,ADCY1,SV2B,FRRS1L,CHN1,SLC17A7,KIFAP3,A2M,LONRF2,GPR158,GABRA1,GABBR2,FZD3,PTPRN2,SLC6A17,SYT1,PRKCB,CADM2,ATRNL1,SLC2A13,ATP2B1,SORCS3,ATP1B1,ITFG1,PEX5L,TF,KBTBD6,GNAL,DLG2,VSNL1,DCX,RAPGEF5,CDK5R2
gene_set_query	8	ZNF804A	23.67	ARCHS4 Coexpression,39;Enrichr Queries,26;GTEx Coexpression,6	MCTP1,SEMA3C,CLSTN3,YWHAB,CITED2,STXBP1,PTPRO,CELF4,AFF2,BAG4,GNG2,SV2B,BMPER,BASP1,FRRS1L,B3GALT2,CHN1,DGCR9,FSD1,KIFAP3,LONRF2,GPR158,KCNH1,KRT222,GABRA1,GABBR2,SYT1,NEGR1,BCL11A,ATRNL1,CADM2,ATP2B1,SORCS3,PGM2L1,INPP4A,GAP43,KBTBD6,DLG2,DCX
gene_set_query	9	DPF1	25.33	ARCHS4 Coexpression,28;Enrichr Queries,43;GTEx Coexpression,5	CHRM1,STXBP1,CELF4,ADCY1,TMEM121,GNG2,FRRS1L,BASP1,CHN1,NNAT,SLC17A7,FSD1,FAM81A,PDZD7,ANKS1B,KRT222,GABBR2,KCNH3,PTPRN2,SLC6A17,CADM2,BCL11A,NANOS3,SORCS3,PGM2L1,GAP43,DLG2,FKBP1B,DCX,FSCN1,CDK5R2,NECTIN1
gene_set_query	10	NEUROD6	27.0	ARCHS4 Coexpression,76;Enrichr Queries,3;GTEx Coexpression,2	CHRM1,STXBP1,PTPRO,CELF4,ADCY1,GRM3,GNG2,SV2B,BASP1,B3GALT2,CHN1,NNAT,SLC17A7,FSD1,KIFAP3,FAM81A,ANKS1B,GABRA1,GABBR2,KCNH3,CXADR,SLC6A17,SYT1,NEGR1,GPR12,ATRNL1,PRKCB,BCL11A,NANOS3,PGM2L1,GAP43,DLG2,VSNL1,SST,RIMBP2,DCX,FGF13,CDK5R2
gene_set_query	11	CAMTA1	29.0	ARCHS4 Coexpression,9;Enrichr Queries,24;GTEx Coexpression,54	AMER3,STXBP1,CELF4,ADCY1,SV2B,FRRS1L,SLITRK4,CHN1,PHACTR1,SLC17A7,FSD1,GABRD,GPR158,PDZD7,RGS6,ANKS1B,KRT222,GABRA1,GABBR2,PTPRN2,SYT1,NEGR1,SLC6A17,CADM2,PRKCB,BCL11A,ATRNL1,SORBS2,ATP2B1,ATP1B1,PGM2L1,PEX5L,GAP43,KBTBD6,DLG2,VSNL1,SSBP3
gene_set_query	12	SCRT1	32.0	ARCHS4 Coexpression,44;Enrichr Queries,20	GABBR2,KCNH3,PTPRN2,SLC6A17,SYT1,BCL11A,CLSTN3,STXBP1,CELF4,ADCY1,MAPK8IP3,GAP43,SST,BASP1,CDH22,RIMBP2,SLC17A7,GABRD,SSBP3,CDK5R2
gene_set_query	13	ARNT2	34.33	ARCHS4 Coexpression,10;Enrichr Queries,38;GTEx Coexpression,55	CHRM1,SEMA3C,CLSTN3,STXBP1,ADCY1,GRM3,SV2B,FRRS1L,BASP1,CHN1,CDH22,SLC17A7,GABRD,LONRF2,GPR158,ANKS1B,KCNH3,GABBR2,PTPRN2,SYT1,SLC6A17,CADM2,BCL11A,SORBS2,SORCS3,ATP1B1,MAPK8IP3,DLG2,RCAN2,FKBP1B,DCX,RAPGEF5,CDK5R2
gene_set_query	14	PURG	35.0	ARCHS4 Coexpression,17;GTEx Coexpression,53	AMER3,STXBP1,CELF4,GNG2,FRRS1L,BASP1,SLITRK4,CDH22,CHN1,DGCR9,FSD1,GABRD,LONRF2,GPR158,PDZD7,ANKS1B,KRT222,FZD3,CXADR,SYT1,CADM2,MAPK8IP3,PGM2L1,GAP43,DLG2,SSBP3
gene_set_query	15	TBR1	41.0	ARCHS4 Coexpression,93;Enrichr Queries,18;GTEx Coexpression,12	CHRM1,STXBP1,CELF4,ADCY1,SV2B,BASP1,SLITRK4,CHN1,NNAT,SLC17A7,FSD1,FAM81A,ANKS1B,GABRA1,GABBR2,KCNH3,SLC6A17,SYT1,GPR12,ATRNL1,PRKCB,BCL11A,NANOS3,ATP1B1,PGM2L1,GAP43,DLG2,VSNL1,DCX,SSBP3,CDK5R2
gene_set_query	16	KCNIP3	42.0	ARCHS4 Coexpression,26;GTEx Coexpression,58	GABBR2,KCNH3,CHRM1,SLC6A17,CADM2,CLSTN3,NANOS3,STXBP1,ADCY1,MAPK8IP3,TMEM121,GAP43,DLG2,SV2B,CHN1,CDH22,DCX,SLC17A7,FSD1,FAM81A,GABRD,CDK5R2
gene_set_query	17	SP9	45.5	ARCHS4 Coexpression,84;GTEx Coexpression,7	CHRM1,PDE1B,GRM3,GNG2,FRRS1L,B3GALT2,CHN1,NNAT,PLS3,ANKS1B,KCNH3,FZD3,PTPRN2,CXADR,PRKCB,CADM2,SLC2A13,ATP2B1,SORCS3,KLHL9,CORT,GNAL,DLG2,KBTBD6,FKBP1B,DCX,FGF13,PDZRN3,CDK5R2
gene_set_query	18	ZNF385B	46.0	ARCHS4 Coexpression,12;Enrichr Queries,12;GTEx Coexpression,114	AMER3,SEMA3C,CLSTN3,STXBP1,ADCY1,SV2B,FRRS1L,CDH22,CHN1,DGCR9,SLC17A7,GABRD,LONRF2,GPR158,ANKS1B,GABRA1,GABBR2,PTPRN2,SYT1,NEGR1,SLC6A17,PRKCB,CADM2,ATRNL1,SORBS2,ATP1B1,PEX5L,DLG2,VSNL1,RCAN2,FGF13,RAPGEF5
gene_set_query	19	INSM2	49.33	ARCHS4 Coexpression,102;Enrichr Queries,31;GTEx Coexpression,15	CELF4,RTF2,ADCY1,FRRS1L,BASP1,CHN1,CDH22,NNAT,CDH24,FSD1,KIFAP3,FAM81A,GPR158,ANKS1B,KRT222,GABBR2,PTPRN2,SLC6A17,SYT1,CADM2,BCL11A,SLC2A13,SORCS3,PGM2L1,GAP43,DLG2,DCX,RIMBP2,FSCN1,SSBP3,CDK5R2
gene_set_query	20	MEIS3	53.0	ARCHS4 Coexpression,54;Enrichr Queries,84;GTEx Coexpression,21	CITED2,CLSTN3,STXBP1,CELF4,ADCY1,SLC4A3,TMEM121,C1QTNF1,GNG2,OLFML3,BASP1,CHN1,SLC17A7,FSD1,FAM81A,GABBR2,KCNH3,SLC6A17,SYT1,ATRNL1,BCL11A,NANOS3,MAPK8IP3,PGM2L1,GAP43,DLG2,DCX,FSCN1,PDZRN3,SSBP3,CDK5R2
gene_set_query	21	HLF	54.67	ARCHS4 Coexpression,7;Enrichr Queries,39;GTEx Coexpression,118	CITED2,CLSTN3,STXBP1,BHLHE41,ADCY1,LSM11,SV2B,CHN1,PART1,SLC17A7,A2M,GABRD,LONRF2,GPR158,GABBR2,FZD3,SYT1,NEGR1,SLC6A17,ATRNL1,PRKCB,BCL11A,CADM2,SORBS2,ACSL3,ATP1B1,RPIA,PEX5L,TF,GJB1,DLG2,VSNL1,RCAN2,RAPGEF5,PDZRN3
gene_set_query	22	NPAS4	59.67	ARCHS4 Coexpression,32;Enrichr Queries,44;GTEx Coexpression,103	CHRM1,CLSTN3,CITED2,STXBP1,ADCY1,AFF2,BMPER,CDH22,NNAT,KIAA1324,DGCR9,PAK6,GABRD,LONRF2,GPR158,PDZD7,KCNH1,KCNH3,PTPRN2,SLC6A17,PRKCB,SORCS3,MAPK8IP3,GAP43,SST,RCAN2,RIMBP2,CDK5R2,TNFRSF21
gene_set_query	23	ZNF25	60.33	ARCHS4 Coexpression,6;Enrichr Queries,108;GTEx Coexpression,67	PIGU,SEMA3C,CITED2,STXBP1,CELF4,ADCY1,GNG2,SV2B,FRRS1L,CHN1,SLC17A7,KIFAP3,LONRF2,GPR158,KRT222,GABRA1,GABBR2,FZD3,SLC6A17,SYT1,NEGR1,CADM2,ATRNL1,SORBS2,PGM2L1,ITFG1,PEX5L,GAP43,DLG2,VSNL1,RCAN2,RAPGEF5
gene_set_query	24	EMX1	63.67	ARCHS4 Coexpression,71;Enrichr Queries,102;GTEx Coexpression,18	CHRM1,CLSTN3,STXBP1,PTPRO,ADCY1,SV2B,CHN1,CDH22,SLC17A7,FSD1,FAM81A,GABRD,GABBR2,KCNH3,MYPOP,PTPRN2,SLC6A17,SYT1,ATRNL1,BCL11A,NANOS3,GAP43,DLG2,VSNL1,PDZRN3,SSBP3,CDK5R2
gene_set_query	25	INSM1	67.67	ARCHS4 Coexpression,108;Enrichr Queries,16;GTEx Coexpression,79	AMER3,TENM3,CLSTN3,STXBP1,CELF4,ADCY1,AFF2,BASP1,NNAT,CDH22,GPR158,PDZD7,FZD3,PTPRN2,SLC6A17,SYT1,BCL11A,MAPK8IP3,GAP43,SST,RIMBP2,FSCN1,DCX,PDZRN3,SSBP3,CDK5R2
gene_set_query	26	THRB	70.0	ARCHS4 Coexpression,8;Enrichr Queries,36;GTEx Coexpression,166	PIGU,SEMA3C,CITED2,STXBP1,PLD5,ADCY1,SV2B,FRRS1L,SLITRK4,CHN1,PART1,CHSY3,SLC17A7,LONRF2,RGS6,PDZD7,ANKS1B,GABBR2,SYT1,NEGR1,SLC6A17,ATRNL1,PRKCB,CADM2,SORBS2,ATP1B1,PGM2L1,RRAGA,PEX5L,DLG2,VSNL1,RCAN2,PDZRN3,CDKL1
gene_set_query	27	DRGX	73.33	ARCHS4 Coexpression,50;Enrichr Queries,113;GTEx Coexpression,57	PLD5,CELF4,GRIK1,ADCY1,SV2B,FRRS1L,CDH22,PAK6,CDH24,FSD1,KIFAP3,FAM81A,LONRF2,GPR158,GABBR2,GABRA1,PTPRN2,SLC6A17,SYT1,ATRNL1,BCL11A,CADM2,ATP2B1,SORCS3,PEX5L,DLG2,VSNL1,RIMBP2,CDK5R2
gene_set_query	28	SOX11	73.8	Literature ChIP-seq,89;ARCHS4 Coexpression,56;Enrichr Queries,53;ReMap ChIP-seq,101;GTEx Coexpression,70	GLTP,MAP10,PCNA,SEMA3C,CITED2,PTPRO,RTF2,ADK,CELF4,GRIK1,UFSP2,TMEM121,GRM3,GNG2,BASP1,CHN1,NNAT,CCDC77,KIFAP3,ANKS1B,KCNH1,FZD3,PTPRN2,CXADR,CADM2,BCL11A,SLC2A13,TEX10,PLEKHG5,PCDHB15,ARHGEF18,SORCS3,ATP1B1,PGM2L1,SQLE,RRAGA,GAP43,KBTBD6,DLG2,STK24,RCAN2,PSMC2,DCX,FSCN1,FGF13,SRSF6,PDZRN3,CFAP97
gene_set_query	29	PIN1	74.0	ARCHS4 Coexpression,100;GTEx Coexpression,48	KRT222,GABBR2,KCNH3,GABRA1,CHRM1,CADM2,NANOS3,STXBP1,CELF4,MRPL38,GAP43,DLG2,CHN1,CDK2AP2,SLC17A7,FSD1,KIFAP3,FAM81A,GABRD,CDK5R2
gene_set_query	30	CAMTA2	77.33	ARCHS4 Coexpression,67;Enrichr Queries,161;GTEx Coexpression,4	AMER3,PIGU,CHRM1,CLSTN3,CITED2,MAST3,STXBP1,CELF4,ADCY1,SV2B,CDH22,DGCR9,SLC17A7,FSD1,GABRD,GPR158,PDZD7,KRT222,GABRA1,MIR600HG,GABBR2,KCNH3,MYPOP,SLC6A17,PRKCB,ATP2B1,ATP1B1,MAPK8IP3,INPP4A,CDK5R2
gene_set_query	31	ZBTB18	79.5	ARCHS4 Coexpression,20;GTEx Coexpression,139	GABBR2,AMER3,SLC6A17,CADM2,CLSTN3,STXBP1,ADCY1,MAPK8IP3,DLG2,SV2B,VSNL1,CDH22,DGCR9,SLC17A7,RAPGEF5,GABRD,LONRF2,GPR158,PDZD7
gene_set_query	32	BHLHE22	83.33	ARCHS4 Coexpression,125;ReMap ChIP-seq,44;GTEx Coexpression,81	AMER3,ACY3,RGS19,STXBP1,KDM8,PTPRO,CELF4,MRPL38,PLD4,ADCY1,SLC4A3,AFF2,GLT1D1,SV2B,BASP1,CDH22,DGCR9,SLC17A7,GABRD,PDZD7,KRT222,GABRA1,PRKCB,CADM2,NANOS3,CYBA,INPP4A,SLC6A6,PEX5L,DLG2
gene_set_query	33	POU6F1	87.67	ARCHS4 Coexpression,21;Enrichr Queries,217;GTEx Coexpression,25	AMER3,PIGU,CHRM1,CLSTN3,CITED2,PDE1B,STXBP1,CELF4,ADCY1,C1QTNF1,SV2B,FRRS1L,CDH22,DGCR9,SLC17A7,FSD1,GABRD,GPR158,PDZD7,KRT222,GABRA1,GABBR2,KCNH3,SLC6A17,BCL11A,CADM2,MAPK8IP3,FSCN1,CDK5R2
gene_set_query	34	ZNF540	89.67	ARCHS4 Coexpression,156;Enrichr Queries,13;GTEx Coexpression,100	AMER3,ZNF571,CLSTN3,STXBP1,CELF4,ADCY1,GNG2,FRRS1L,KIAA1324,PHACTR1,KIFAP3,LONRF2,GPR158,PDZD7,ANKS1B,FZD3,PTPRN2,SLC6A17,SYT1,NEGR1,PRKCB,BCL11A,CADM2,ATRNL1,SORBS2,MAPK8IP3,ITFG1,RCAN2
gene_set_query	35	DEAF1	91.25	ARCHS4 Coexpression,43;Enrichr Queries,114;ReMap ChIP-seq,126;GTEx Coexpression,82	PIGU,CHRM1,CITED2,CLSTN3,STXBP1,CELF4,ADCY1,AIF1,BASP1,KIAA1324,CDH22,PAK6,SLC17A7,FSD1,ZNF268,GABRD,KCNH3,MYPOP,SLC6A17,CADM2,MTX2,BCL11A,NANOS3,CWC15,ATP1B1,MAPK8IP3,DDOST,RPS26,CORT,GAP43,DLG2,FKBP1B,DCX,FSCN1,CDK5R2
gene_set_query	36	ZNF488	92.0	ARCHS4 Coexpression,90;Enrichr Queries,94	PTPRN2,SYT1,SEMA3C,SLC6A17,CITED2,CADM2,STXBP1,OLFML2A,PGM2L1,PEX5L,VSNL1,LNX1,SLC17A7,FGF13,RAPGEF5,GABRD,TNFRSF21
gene_set_query	37	BARHL1	97.0	ARCHS4 Coexpression,53;Enrichr Queries,98;GTEx Coexpression,140	AMER3,PTPRN2,SLC6A17,CLSTN3,STXBP1,CELF4,ADCY1,MAPK8IP3,C1QTNF1,SV2B,CDH22,NNAT,DGCR9,SLC17A7,GABRD,SSBP3,GPR158,PDZD7,CDK5R2,NECTIN1
gene_set_query	38	FLI1	100.5	Literature ChIP-seq,3;ARCHS4 Coexpression,201;ENCODE ChIP-seq,44;Enrichr Queries,72;ReMap ChIP-seq,160;GTEx Coexpression,123	CLSTN3,SLA,TM7SF3,BASP1,FAM174A,KIFAP3,SAMD12,NUDT14,FAM81A,RGS6,SLC25A46,DDX18,PRKCB,NANOS3,VPS33A,CYBB,CYBA,MAPK8IP3,INPP4A,RRAGA,FSCN1,ZNF710,SRSF6,CDKL1,ZNF395,TSG101,PDE1B,STXBP1,RTF2,LIN7A,SAMSN1,TMEM121,ZNF829,BAG4,CDH22,NCKAP1L,ZNF268,PDZD7,TBC1D16,PTPRN2,MYPOP,GPR12,BCL11A,CADM2,MAD2L1BP,CWC15,RPS26,SLC6A6,PTPRC,EHD4,GNAL,DLG2,UBLCP1,STK24,PNOC,CCDC22,CPEB2,PIGU,ACY3,MOCS3,MCTP1,CITED2,YWHAB,KDM8,MRPL38,ADK,UFSP2,GRIK1,GLT1D1,CHMP1A,IDH3B,CHAMP1,PHACTR1,TMED9,SYK,TEX10,ARHGEF18,NIPA2,RABGGTA,DDOST,ITFG1,RAB33B,KIFC3,ZNF780A,RAPGEF5,SFT2D1,PDZRN3,PAFAH1B2,TNFRSF21,CX3CR1,RGS19,ZNF2,ASAP2,AIF1,GNG2,SLC17A7,CCDC77,LRRC8B,GABBR2,MTX2,CMTM6,AP2B1,HINFP,RPIA,KLHL9,MYO1B,CDKN2AIPNL,ZGLP1,LYRM7,PSMC2,RGS10,CDK2AP2,GOPC,KBTBD8,CDK5R2,NECTIN1
gene_set_query	39	NKX63	103.5	ARCHS4 Coexpression,66;GTEx Coexpression,141	AMER3,PTPRN2,TENM3,CLSTN3,STXBP1,MAPK8IP3,SELENOI,SQLE,CDH22,DGCR9,RIMBP2,GABRD,GPR158,PDZD7,CDK5R2,NECTIN1,PTPN3
gene_set_query	40	CXXC4	105.3	ARCHS4 Coexpression,107;ReMap ChIP-seq,131;GTEx Coexpression,78	AMER3,PCNA,DGKA,CELF4,BHLHE41,GNG2,FRRS1L,SLC17A7,KIFAP3,PDZD7,FZD3,PTPRN2,MYPOP,CXADR,CADM2,BCL11A,SLC2A13,NANOS3,SORCS3,PGM2L1,GAP43,KBTBD6,ZGLP1,DCX,FSCN1,CDK5R2
gene_set_query	41	PCGF2	108.0	ARCHS4 Coexpression,212;ReMap ChIP-seq,4	MCTP1,PTPRO,CELF4,OLFML2A,BASP1,CHN1,ZNF385B,CDH24,SLC17A7,LRRC8B,LONRF2,KCNH1,TBC1D16,KRT222,HAGLR,FZD3,SYK,BCL11A,ATRNL1,PTPRC,VSNL1,PNOC,FSCN1,SSBP3,CDK5R2,PTPN3
gene_set_query	42	NEUROD2	109.8	Literature ChIP-seq,155;ARCHS4 Coexpression,224;Enrichr Queries,8;GTEx Coexpression,52	AMER3,CLSTN3,STXBP1,CELF4,PLD5,BHLHE41,ADCY1,TM7SF3,GLT1D1,SV2B,BASP1,SLITRK4,CDH22,NNAT,DGCR9,SLC17A7,PHACTR1,GABRD,GPR158,PDZD7,KCNH1,ANKS1B,GABRA1,GABBR2,KCNH3,GPR12,SYT1,NEGR1,PRKCB,BCL11A,ATRNL1,MTX2,SORCS3,MAPK8IP3,BRI3BP,ITFG1,DDOST,GAP43,DLG2,DCX,CDK2AP2,CDK5R2
gene_set_query	43	MYRF	111.0	ARCHS4 Coexpression,75;GTEx Coexpression,147	SLC6A17,CLSTN3,STXBP1,LANCL1,SPNS2,ATP1B1,MAPK8IP3,GRM3,PEX5L,TF,GJB1,SLC17A7,RAPGEF5,GABRD,TNFRSF21,ANKS1B
gene_set_query	44	HIVEP2	111.7	ARCHS4 Coexpression,18;Enrichr Queries,301;GTEx Coexpression,16	AMER3,SEMA3C,CITED2,CLSTN3,STXBP1,CELF4,ADCY1,BAG4,SV2B,FRRS1L,BASP1,CDH22,DGCR9,LONRF2,GPR158,KCNH1,KRT222,GABRA1,GABBR2,SLC6A17,SYT1,PRKCB,CADM2,ATRNL1,ATP2B1,ATP1B1,MAPK8IP3,PGM2L1,INPP4A,PEX5L,DLG2,PTPRC,VSNL1,RAPGEF5,CPEB2
gene_set_query	45	CUX2	114.3	ARCHS4 Coexpression,40;Enrichr Queries,15;GTEx Coexpression,288	CHRM1,CLSTN3,STXBP1,KDM8,CELF4,ADCY1,SV2B,BASP1,PHACTR1,SLC17A7,FAM81A,ANKS1B,GABBR2,PTPRN2,SYT1,NEGR1,SLC6A17,PRKCB,BCL11A,CADM2,SORBS2,MIR4500HG,DLG2,RCAN2,RIMBP2,DCX,CDK5R2
gene_set_query	46	ST18	114.3	ARCHS4 Coexpression,106;Enrichr Queries,9;GTEx Coexpression,228	STXBP1,CELF4,ADCY1,GNG2,BASP1,FRRS1L,B3GALT2,KIAA1324,GPR158,PDZD7,ANKS1B,PTPRN2,SYT1,NEGR1,BCL11A,LANCL1,SORBS2,PEX5L,GAP43,MYO1B,RCAN2,RIMBP2,DCX,RAPGEF5,PAFAH1B2
gene_set_query	47	IKZF1	114.8	Literature ChIP-seq,82;ARCHS4 Coexpression,257;ENCODE ChIP-seq,76;Enrichr Queries,27;ReMap ChIP-seq,112;GTEx Coexpression,135	CX3CR1,GLTP,ZNF395,ACY3,RGS19,IGSF6,SEMA3C,CITED2,MAST3,CEP19,DGKA,SLA,PLD4,DTX4,SLC4A3,SAMSN1,AIF1,HSD11B1,NUP85,KIAA1324,NCKAP1L,SLC17A7,KIFAP3,PDZD7,RGS6,SOCS5,SYK,PRKCB,BCL11A,NANOS3,CMTM6,CYBB,CYBA,ACSL3,BRI3BP,PGM2L1,HINFP,INPP4A,PEX5L,PTPRC,EHD4,FSCN1,RGS10,ZNF710,ZNF780A,CFAP97,CPEB2,NECTIN1
gene_set_query	48	MBD4	118.2	ARCHS4 Coexpression,121;ENCODE ChIP-seq,52;Enrichr Queries,214;ReMap ChIP-seq,84;GTEx Coexpression,120	PIGU,MOCS3,CITED2,CLSTN3,MRPL38,SLA,UBE2Z,HENMT1,BASP1,IDH3B,DDX18,CXADR,SYK,EIF1AX,VPS33A,CYBA,ACSL3,ATP1B1,DDOST,RRAGA,VSNL1,FSCN1,ZNF780A,SRSF6,SFT2D1,PAFAH1B2,TNFRSF21,IGSF6,RGS19,PCNA,TSG101,LIN7A,SAMSN1,AIF1,BAG4,NUP85,NCKAP1L,CCDC77,A2M,BCL11A,MTX2,AP2B1,RPS26,RPIA,SQLE,TF,PTPRC,DLG2,KBTBD6,CDKN2AIPNL,GOPC
gene_set_query	49	ZNF385D	121.0	ARCHS4 Coexpression,36;Enrichr Queries,10;GTEx Coexpression,317	SEMA3C,PLD5,CELF4,BASP1,FRRS1L,SLITRK4,CHN1,PLS3,ZNF385B,CHSY3,LONRF2,GPR158,RGS6,ANKS1B,GABRA1,GABBR2,PTPRN2,SYT1,NEGR1,BCL11A,CADM2,ATRNL1,PCDHB15,SORBS2,PGM2L1,VSNL1,RCAN2,RGS10,FGF13,CFAP97,PDZRN3,CAPS2
gene_set_query	50	ZNF536	124.0	ARCHS4 Coexpression,25;Enrichr Queries,45;GTEx Coexpression,302	STXBP1,CELF4,ADCY1,GRM3,GNG2,BASP1,ANKS1B,FZD3,PTPRN2,SYT1,NEGR1,CADM2,PRKCB,BCL11A,ATRNL1,LANCL1,SORBS2,PGM2L1,PEX5L,GAP43,KBTBD6,DLG2,DCX,RAPGEF5,PDZRN3,PAFAH1B2
gene_set_query	51	MYT1	124.3	ARCHS4 Coexpression,194;Enrichr Queries,47;GTEx Coexpression,132	AMER3,PTPRN2,SYT1,CLSTN3,BCL11A,STXBP1,CELF4,SORBS2,ADCY1,MAPK8IP3,GAP43,GNG2,BASP1,CDH22,NNAT,DGCR9,RIMBP2,DCX,GABRD,SSBP3,GPR158,PDZD7,ANKS1B
gene_set_query	52	SCRT2	124.7	ARCHS4 Coexpression,262;Enrichr Queries,61;GTEx Coexpression,51	AMER3,CLSTN3,STXBP1,CELF4,ADCY1,GNG2,SV2B,BASP1,CDH22,DGCR9,SLC17A7,GABRD,GPR158,PDZD7,KCNH1,GABRA1,GABBR2,FZD3,PTPRN2,BCL11A,MAPK8IP3,GAP43,DCX,SSBP3,CDK5R2,NECTIN1
gene_set_query	53	BCL11A	125.2	ARCHS4 Coexpression,94;ENCODE ChIP-seq,102;Enrichr Queries,56;ReMap ChIP-seq,41;GTEx Coexpression,333	GLTP,AMER3,RGS19,CITED2,MAST3,DGKA,STXBP1,CEP19,PLD4,DTX4,AIF1,SAMSN1,SELENOI,BASP1,CHAMP1,PAK6,PHACTR1,DDX18,CXADR,SYT1,GPR12,PRKCB,BCL11A,NANOS3,STRBP,TALDO1,CYBA,ATP1B1,INPP4A,RPS26,GAP43,EHD4,TSPAN13,VSNL1,LYRM4,FSCN1,CDK2AP2,DCX,SRSF6,FGF13,SFT2D1,PAFAH1B2,NECTIN1
gene_set_query	54	ZNF229	125.5	ARCHS4 Coexpression,162;Enrichr Queries,89	ZNF571,FZD3,SEMA3C,NEGR1,SORBS2,CYBA,SLC4A3,OLFML2A,KLHL9,ZNF829,KBTBD6,PTPRC,GNG2,KIFAP3,ZNF268,ZNF233
gene_set_query	55	ZNF883	125.5	ARCHS4 Coexpression,180;GTEx Coexpression,71	FZD3,CXADR,CADM2,LANCL1,CYBA,ATP2B1,TMEM121,GRM3,BAG4,KBTBD6,DLG2,FRRS1L,DCX,KIFAP3,FGF13,PAFAH1B2,ANKS1B
gene_set_query	56	POU3F4	125.7	ARCHS4 Coexpression,211;Enrichr Queries,137;GTEx Coexpression,29	PDE1B,PTPRO,CELF4,DTX4,AFF2,GRM3,GNG2,FRRS1L,BASP1,NNAT,PHACTR1,ANKS1B,FZD3,PTPRN2,GPR12,SYT1,NEGR1,PRKCB,ATP2B1,SORCS3,ITFG1,GAP43,GNAL,FKBP1B,DCX
gene_set_query	57	ZNF483	126.3	ARCHS4 Coexpression,24;Enrichr Queries,25;GTEx Coexpression,330	ADCY1,SV2B,FRRS1L,CHN1,SAMD12,LONRF2,GPR158,ANKS1B,FZD3,TMED9,SYT1,NEGR1,PRKCB,BCL11A,CADM2,ATRNL1,SLC2A13,PCDHB15,MAPK8IP3,PGM2L1,RPIA,PEX5L,GNAL,DLG2,VSNL1,RCAN2,FGF13,RAPGEF5,CAPS2
gene_set_query	58	EGR4	134.0	ARCHS4 Coexpression,41;Enrichr Queries,311;GTEx Coexpression,50	AMER3,CLSTN3,CITED2,STXBP1,CELF4,FRRS1L,CDH22,KIAA1324,DGCR9,PAK6,FSD1,GABRD,GPR158,PDZD7,KCNH1,KRT222,KCNH3,PTPRN2,SLC6A17,PRKCB,BCL11A,SLC2A13,MAPK8IP3,ITFG1,RCAN2,RIMBP2,CDK5R2
gene_set_query	59	PRDM8	135.0	ARCHS4 Coexpression,47;Enrichr Queries,289;GTEx Coexpression,69	GABBR2,KCNH3,CHRM1,NEGR1,SEMA3C,SLC6A17,ATRNL1,BCL11A,PRKCB,CLSTN3,STXBP1,MAPK8IP3,GAP43,LSM11,GNG2,SV2B,BASP1,CHN1,PART1,SLC17A7,PDZRN3,FAM81A,GABRD,CDK5R2
gene_set_query	60	THRA	135.3	Literature ChIP-seq,129;ARCHS4 Coexpression,34;Enrichr Queries,287;GTEx Coexpression,91	PIGU,CHRM1,CITED2,CLSTN3,STXBP1,CELF4,ADCY1,SLC4A3,GRM3,SV2B,FRRS1L,CDH22,SLC17A7,GABRD,ANKS1B,KCNH3,SLC6A17,CADM2,PRKCB,BCL11A,DYRK1B,SORCS3,ATP1B1,MAPK8IP3,GNAL,DLG2,FKBP1B,DCX,CDK5R2
gene_set_query	61	ZIC1	136.0	ARCHS4 Coexpression,51;Enrichr Queries,170;GTEx Coexpression,187	AMER3,FZD3,TENM3,SYT1,SEMA3C,BCL11A,CLSTN3,STXBP1,ADCY1,MAPK8IP3,GAP43,BASP1,CDH22,NNAT,DGCR9,SLC17A7,GABRD,PDZRN3,SSBP3,GPR158,PDZD7
gene_set_query	62	NHLH2	137.3	ARCHS4 Coexpression,42;Enrichr Queries,269;GTEx Coexpression,101	AMER3,CLSTN3,STXBP1,PTPRO,CELF4,LIN7A,ADCY1,GNG2,BASP1,CDH22,NNAT,DGCR9,KIFAP3,GABRD,GPR158,PDZD7,FZD3,PTPRN2,CXADR,BCL11A,PLEKHG5,MAPK8IP3,PGM2L1,GAP43,DCX,SSBP3
gene_set_query	63	TFEC	140.3	ARCHS4 Coexpression,144;Enrichr Queries,152;GTEx Coexpression,125	RGS19,IGSF6,SYK,CMTM6,SLA,CYBB,TALDO1,CYBA,SAMSN1,AIF1,PTPRC,BASP1,NCKAP1L
gene_set_query	64	NEUROD1	142.3	ARCHS4 Coexpression,153;Enrichr Queries,6;ReMap ChIP-seq,238;GTEx Coexpression,172	AMER3,RGS19,MAST3,CITED2,STXBP1,CELF4,PLD5,ADCY1,GNG2,B3GALT2,SLITRK4,CDH22,NNAT,KIAA1324,DGCR9,CDH24,SLC17A7,SAMD12,GABRD,GPR158,PDZD7,PTPRN2,SYT1,NEGR1,BCL11A,NANOS3,MAPK8IP3,GAP43,VSNL1,ZGLP1,SST,FSCN1,RIMBP2,DCX,CDK5R2
gene_set_query	65	SPI1	147.5	Literature ChIP-seq,53;ARCHS4 Coexpression,320;ENCODE ChIP-seq,18;Enrichr Queries,28;ReMap ChIP-seq,147;GTEx Coexpression,319	GLTP,MAP10,MCTP1,YWHAB,CITED2,BHLHE41,SLA,SLC4A3,ZNF808,NPEPPS,GLT1D1,BASP1,CHAMP1,IDH3B,FAM81A,DDX18,TMED9,SYK,PRKCB,MATK,TALDO1,CYBB,CYBA,ACSL3,DDOST,RAB33B,ZNF710,ZNF780A,KIFC3,PAFAH1B2,CAPS2,CX3CR1,ZNF395,IGSF6,RGS19,TSG101,PLD4,LIN7A,SAMSN1,AIF1,BAG4,GNG2,NCKAP1L,CCDC77,LRRC8B,BCL11A,CMTM6,CWC15,BRI3BP,HINFP,KLHL9,SLC6A6,SQLE,PTPRC,UBLCP1,RGS10,LNX1,CCDC22,CPEB2
gene_set_query	66	MBNL2	148.3	ARCHS4 Coexpression,5;Enrichr Queries,290;GTEx Coexpression,150	PIGU,SEMA3C,CITED2,DGKA,STXBP1,SV2B,FRRS1L,CHMP1A,CHN1,SLC17A7,GABRD,LONRF2,GPR158,ANKS1B,GABRA1,SYK,NEGR1,SLC6A17,SYT1,CADM2,ATRNL1,SLC2A13,LANCL1,SORBS2,ATP2B1,ATP1B1,PEX5L,DLG2,VSNL1,RCAN2,RAPGEF5,CPEB2
gene_set_query	67	DACH1	152.3	Literature ChIP-seq,127;ARCHS4 Coexpression,151;Enrichr Queries,179	MOCS3,SEMA3C,CITED2,KDM8,ASAP2,DTX4,UBE2Z,GNG2,BASP1,NUP85,CHMP1A,LRRC8B,TBC1D16,FZD3,PTPRN2,MYPOP,NEGR1,BCL11A,SORBS2,MAPK8IP3,RAB33B,GAP43,VSNL1,DCX,FSCN1,CDK2AP2,SRSF6,PDZRN3,SSBP3,CPEB2,SFT2D1
gene_set_query	68	FOXG1	153.3	ARCHS4 Coexpression,389;Enrichr Queries,30;GTEx Coexpression,41	CHRM1,SEMA3C,CITED2,CELF4,GRM3,BASP1,CHN1,NNAT,FAM81A,ANKS1B,KCNH3,FZD3,PTPRN2,SYT1,PRKCB,CADM2,BCL11A,SORCS3,ATP1B1,GAP43,DLG2,KBTBD6,FKBP1B,DCX,CDK5R2
gene_set_query	69	ZNF91	160.3	ARCHS4 Coexpression,74;Enrichr Queries,264;GTEx Coexpression,143	AMER3,PIGU,SEMA3C,CITED2,STXBP1,PTPRO,GNG2,BASP1,NCR3LG1,CDH22,DGCR9,GABRD,GPR158,MIR600HG,FZD3,TMED9,CXADR,ATRNL1,ATP1B1,MAPK8IP3,KLHL9,TSPAN13,DLG2,DCX,FGF13
gene_set_query	70	ZKSCAN2	161.0	ARCHS4 Coexpression,302;Enrichr Queries,65;GTEx Coexpression,116	MAP10,PIGU,MOCS3,TENM3,CITED2,ADCY1,AFF2,ZNF829,SLC25A46,ANKS1B,FZD3,CXADR,NEGR1,BCL11A,VPS33A,DYRK1B,SORBS2,CYBA,CWC15,SQLE,LYRM7,DCX,CPEB2,ZNF233,NECTIN1
gene_set_query	71	NKX62	163.0	ARCHS4 Coexpression,45;GTEx Coexpression,281	GABBR2,CADM2,STXBP1,LANCL1,GRM3,PEX5L,TF,DLG2,CHN1,SLC17A7,RAPGEF5,GABRD,SSBP3,CDK5R2,ANKS1B
gene_set_query	72	CXXC5	164.0	ARCHS4 Coexpression,242;GTEx Coexpression,86	AMER3,CLSTN3,STXBP1,ADCY1,MAPK8IP3,SV2B,CDH22,DGCR9,SLC17A7,GABRD,SSBP3,GPR158,PDZD7,CDK5R2
gene_set_query	73	ZNF30	166.3	ARCHS4 Coexpression,73;Enrichr Queries,238;GTEx Coexpression,188	AMER3,PIGU,ZNF571,CXADR,GPR12,BCL11A,STXBP1,ATP1B1,MAPK8IP3,PGM2L1,BAG4,KBTBD6,GNG2,CDH22,DGCR9,DCX,SRSF6,KIFAP3,GABRD,ZNF268,GPR158,PDZD7,PAFAH1B2
gene_set_query	74	ZSCAN1	169.7	ARCHS4 Coexpression,299;Enrichr Queries,46;GTEx Coexpression,164	FZD3,PTPRN2,SLC6A17,STXBP1,CELF4,PCDHB15,AP2B1,ADCY1,SORCS3,GAP43,GNG2,FRRS1L,NNAT,KIAA1324,RIMBP2,PHACTR1,CDK5R2,GPR158,RGS6,ANKS1B,KCNH1
gene_set_query	75	ATOH7	170.3	ARCHS4 Coexpression,488;Enrichr Queries,22;GTEx Coexpression,1	AMER3,PLGLB1,CLSTN3,STXBP1,PTPRO,CELF4,ADCY1,DTX4,BAG4,C1QTNF1,GNG2,SV2B,FRRS1L,B3GALT2,CHN1,CDH22,NNAT,DGCR9,SLC17A7,FSD1,GPR158,KCNH1,KRT222,GABRA1,GABBR2,SLC6A17,SYT1,NEGR1,BCL11A,GAP43,DLG2,KBTBD6,VSNL1,SST,CDK5R2
gene_set_query	76	POU6F2	170.3	ARCHS4 Coexpression,495;Enrichr Queries,5;GTEx Coexpression,11	CHRM1,CELF4,ADCY1,UBE2Z,SV2B,CHN1,KIAA1324,SLC17A7,PHACTR1,KIFAP3,FAM81A,GPR158,RGS6,ANKS1B,KCNH1,GABRA1,GABBR2,KCNH3,PTPRN2,SLC6A17,SYT1,NEGR1,CADM2,ATRNL1,BCL11A,NANOS3,SORBS2,SORCS3,PGM2L1,GAP43,VSNL1,RIMBP2,FGF13,PDZRN3,CAPS2
gene_set_query	77	ETV1	170.5	ARCHS4 Coexpression,171;Enrichr Queries,82;ReMap ChIP-seq,260;GTEx Coexpression,169	AMER3,SEMA3C,CITED2,STXBP1,GNG2,BASP1,CDH22,KIAA1324,CHN1,DGCR9,SLC17A7,GABRD,GPR158,PDZD7,FZD3,SYT1,BCL11A,CADM2,SORBS2,CYBA,KLHL4,MAPK8IP3,RABGGTA,HINFP,CDC42EP2,TNFRSF21
gene_set_query	78	ZNF667	176.0	ARCHS4 Coexpression,271;Enrichr Queries,95;GTEx Coexpression,162	PIGU,PTPRN2,SLC6A17,SYT1,NEGR1,BCL11A,CITED2,CELF4,SORBS2,ADCY1,SORCS3,HINFP,ZNF829,FRRS1L,BASP1,NNAT,RIMBP2,FGF13,CDK5R2,PDZD7,CAPS2
gene_set_query	79	ZNF658	177.5	ARCHS4 Coexpression,228;Enrichr Queries,127	PIGU,TMED9,SEMA3C,NEGR1,BCL11A,CITED2,DTX4,CORT,RCAN2,ZNF780A,FGF13,ZNF268,CAPS2,PTPN3
gene_set_query	80	FOXP2	177.5	Literature ChIP-seq,51;ARCHS4 Coexpression,101;ENCODE ChIP-seq,82;Enrichr Queries,42;ReMap ChIP-seq,153;GTEx Coexpression,636	ZNF395,RGS19,SEMA3C,MAST3,PDE1B,CITED2,CELF4,MRPL38,ADCY1,OLFML2A,SLC4A3,TMEM121,GRM3,LSM11,GNG2,BMPER,OLFML3,SLITRK4,CHMP1A,SLC17A7,NUDT14,PDZD7,ANKS1B,FZD3,SYT1,NEGR1,BCL11A,CADM2,ATRNL1,NANOS3,SORBS2,ATP1B1,MAPK8IP3,GAP43,GNAL,TSPAN13,RCAN2,DOLPP1,FSCN1,CDK2AP2,GOPC,CCDC22,FGF13,PDZRN3,CDKL1
gene_set_query	81	TEF	178.7	ARCHS4 Coexpression,27;Enrichr Queries,470;GTEx Coexpression,39	AMER3,PIGU,CHRM1,CITED2,CLSTN3,STXBP1,CELF4,BHLHE41,ADCY1,SV2B,FRRS1L,CDH22,DGCR9,SLC17A7,GABRD,GPR158,PDZD7,KRT222,KCNH3,GPR12,SLC6A17,ATP1B1,MAPK8IP3,SLC6A6,RAPGEF5,CDK5R2
gene_set_query	82	POU2F2	180.8	ARCHS4 Coexpression,137;ENCODE ChIP-seq,62;Enrichr Queries,33;ReMap ChIP-seq,234;GTEx Coexpression,438	CX3CR1,RGS19,TSG101,MRPL38,CELF4,PLD4,TM7SF3,UBE2Z,SAMSN1,AIF1,GLT1D1,BASP1,NUP85,CHAMP1,IDH3B,NCKAP1L,CCDC77,TMED9,SYK,PRKCB,BCL11A,TEX10,VPS33A,RITA1,TALDO1,CYBB,CYBA,ACSL3,AP2B1,RABGGTA,INPP4A,RPIA,EID2,GAP43,PTPRC,EHD4,CDKN2AIPNL,PNOC,FSCN1,RGS10,KBTBD8,SFT2D1
gene_set_query	83	TET2	181.5	ARCHS4 Coexpression,122;GTEx Coexpression,241	RGS19,IGSF6,SYK,DGKA,CMTM6,SLA,CYBB,SAMSN1,AIF1,RAB33B,GLT1D1,PTPRC,NCKAP1L
gene_set_query	84	ZNF888	182.0	GTEx Coexpression,182	KLHL9,DDX18,TMED9,PCNA,CHAMP1,NIPA2,UBE2Z,DDOST
gene_set_query	85	SOX1	184.7	ARCHS4 Coexpression,327;Enrichr Queries,163;GTEx Coexpression,64	FZD3,PTPRN2,TENM3,CADM2,BCL11A,CELF4,SORCS3,DTX4,GAP43,KBTBD6,DLG2,GNG2,FRRS1L,BASP1,CDH22,NNAT,DCX,FSD1,SSBP3,CDK5R2,ANKS1B
gene_set_query	86	POU3F3	184.7	ARCHS4 Coexpression,282;Enrichr Queries,66;GTEx Coexpression,206	FZD3,PTPRN2,SYT1,CADM2,BCL11A,LANCL1,ATP1B1,DTX4,GRM3,PEX5L,GAP43,DLG2,GNG2,BASP1,NNAT,FSD1,PDZRN3,SSBP3,CDK5R2,ANKS1B
gene_set_query	87	L3MBTL1	185.0	ARCHS4 Coexpression,193;GTEx Coexpression,177	AMER3,SLC6A17,NEGR1,CLSTN3,STXBP1,CELF4,MAPK8IP3,HINFP,FRRS1L,DGCR9,FGF13,PDZD7,ANKS1B,CAPS2
gene_set_query	88	MEF2C	189.0	ARCHS4 Coexpression,15;ENCODE ChIP-seq,103;Enrichr Queries,69;ReMap ChIP-seq,202;GTEx Coexpression,556	ZNF395,ACY3,IGSF6,CITED2,PLD4,ADCY1,GLT1D1,GNG2,SV2B,BASP1,FRRS1L,CHN1,SLC17A7,LONRF2,SLC25A46,GABRA1,GABBR2,SYT1,SLC6A17,ATRNL1,PRKCB,BCL11A,CADM2,SLC2A13,SORBS2,NIPA2,ATP1B1,INPP4A,PEX5L,PTPRC,DLG2,CDKN2AIPNL,VSNL1,LYRM7,RAPGEF5
gene_set_query	89	CPEB1	190.5	ARCHS4 Coexpression,63;GTEx Coexpression,318	HAGLR,GABBR2,ZNF395,NEGR1,LANCL1,PLD5,CELF4,AP2B1,PEX5L,SST,SLITRK4,KIFAP3,SAMD12,PAFAH1B2,PDZD7,ANKS1B,CDKL1
gene_set_query	90	IRF8	190.5	Literature ChIP-seq,59;ARCHS4 Coexpression,217;Enrichr Queries,21;GTEx Coexpression,465	CX3CR1,IGSF6,SYK,SYT1,PRKCB,CITED2,MAST3,DGKA,CYBB,PLD4,SLA,CYBA,AP2B1,SAMSN1,AIF1,RABGGTA,RPS26,PTPRC,BASP1,PNOC,RGS10,NCKAP1L,KBTBD8
gene_set_query	91	ZNF286B	191.0	ARCHS4 Coexpression,69;GTEx Coexpression,313	AMER3,FZD3,CXADR,BCL11A,STXBP1,PGM2L1,ZNF829,NCR3LG1,CDH22,DCX,SRSF6,FGF13,GABRD,PAFAH1B2,PDZD7,SOCS5
gene_set_query	92	DZIP1	193.7	ARCHS4 Coexpression,61;Enrichr Queries,328;GTEx Coexpression,192	FZD3,TENM3,RGS19,NEGR1,SYK,CADM2,CELF4,TALDO1,SORBS2,CYBA,AP2B1,ADCY1,SORCS3,GNG2,PTPRC,FRRS1L,BASP1,FSCN1,LNX1,NCKAP1L,FSD1,KIFAP3,LONRF2
gene_set_query	93	SREBF2	194.3	Literature ChIP-seq,154;ARCHS4 Coexpression,543;ENCODE ChIP-seq,113;Enrichr Queries,226;ReMap ChIP-seq,127;GTEx Coexpression,3	AMER3,ACY3,PIGU,RGS19,CITED2,CLSTN3,STXBP1,CELF4,ADCY1,OLFML2A,SELENOI,SV2B,FRRS1L,CDH22,PAK6,SLC17A7,FSD1,SAMD12,NUDT14,PDZD7,KRT222,GABRA1,MIR600HG,GABBR2,SLC6A17,NANOS3,SLC2A13,CYBA,ACSL3,AP2B1,BRI3BP,MAPK8IP3,DDOST,RPS26,SLC6A6,SQLE,DLG2,VSNL1,ZGLP1,DOLPP1,CDK2AP2,FSCN1
gene_set_query	94	PBX3	195.2	ARCHS4 Coexpression,29;ENCODE ChIP-seq,58;Enrichr Queries,184;ReMap ChIP-seq,292;GTEx Coexpression,413	ZCCHC12,PIGU,ACY3,SEMA3C,CITED2,CLSTN3,CEBPG,PTPRO,CELF4,LIN7A,SLC4A3,SELENOI,AFF2,GNG2,BASP1,NCKAP1L,CCDC77,KIFAP3,BORCS7,PDZD7,SOCS5,FZD3,CXADR,NEGR1,BCL11A,PRKCB,NANOS3,SORBS2,KLHL4,ATP1B1,MAPK8IP3,RABGGTA,PGM2L1,HINFP,RPS26,GAP43,DOLPP1,FSCN1,PDZRN3,SSBP3,PAFAH1B2,CDK5R2
gene_set_query	95	SOHLH1	200.7	ARCHS4 Coexpression,23;Enrichr Queries,560;GTEx Coexpression,19	CHRM1,CLSTN3,STXBP1,ADCY1,C1QTNF1,SV2B,CHN1,CDH22,SLC17A7,FSD1,FAM81A,GABRD,KCNH1,GABBR2,KCNH3,SLC6A17,SYT1,ATRNL1,NANOS3,MAPK8IP3,GAP43,DLG2,VSNL1,PNOC,CDK5R2
gene_set_query	96	MYPOP	204.0	ARCHS4 Coexpression,372;GTEx Coexpression,36	GABBR2,KCNH3,SLC6A17,MAST3,CLSTN3,NANOS3,RITA1,CELF4,ADCY1,MAPK8IP3,GAP43,CHN1,SLC17A7,FSD1,FAM81A,GABRD,CDK5R2
gene_set_query	97	TFAP2D	204.7	ARCHS4 Coexpression,520;Enrichr Queries,50;GTEx Coexpression,44	PCNA,CELF4,GRM3,GNG2,HENMT1,CHN1,SLC17A7,PHACTR1,CCDC77,FAM81A,KCNH3,PTPRN2,SYT1,NEGR1,BCL11A,CADM2,NANOS3,SORCS3,PGM2L1,GAP43,DLG2,FKBP1B,DCX,FGF13,PDZRN3
gene_set_query	98	RBSN	206.5	ARCHS4 Coexpression,139;GTEx Coexpression,274	GRM3,FZD3,DLG2,GNAL,CADM2,FRRS1L,LANCL1,TALDO1,CYBA,FGF13,ANKS1B,HINFP
gene_set_query	99	ZNF382	211.0	ARCHS4 Coexpression,443;Enrichr Queries,106;GTEx Coexpression,84	AMER3,PIGU,ZNF571,CLSTN3,PRKCB,CITED2,STXBP1,BHLHE41,MAPK8IP3,HINFP,ZNF829,SV2B,NCR3LG1,RCAN2,CDH22,LYRM7,DGCR9,FGF13,GABRD,GPR158,PDZD7,ZNF233
gene_set_query	100	POU3F2	211.8	Literature ChIP-seq,74;ARCHS4 Coexpression,154;Enrichr Queries,258;GTEx Coexpression,361	TSG101,MCTP1,PTPRO,PLD5,LIN7A,DTX4,SAMSN1,GRM3,GNG2,BMPER,BASP1,LONRF2,RGS6,ANKS1B,GABRA1,FZD3,CXADR,SYT1,NEGR1,GPR12,CADM2,BCL11A,MTX2,ATP2B1,PEX5L,GAP43,DLG2,KBTBD6,GNAL,PTPRC,SST,DCX,PDZRN3,SSBP3,KBTBD8
gene_set_query	101	ZNF704	213.7	ARCHS4 Coexpression,150;Enrichr Queries,261;GTEx Coexpression,230	LINC01197,PIGU,SYT1,SEMA3C,CITED2,CADM2,PCDHB15,PLD5,MAD2L1BP,SORBS2,CYBA,NIPA2,ADCY1,RCAN2,DCX,PLS3,RAPGEF5,PDZRN3,TNFRSF21,TBC1D16
gene_set_query	102	PKNOX2	220.7	ARCHS4 Coexpression,221;Enrichr Queries,421;GTEx Coexpression,20	SEMA3C,CELF4,ADCY1,AFF2,C1QTNF1,SV2B,CHN1,SLC17A7,PHACTR1,SAMD12,FAM81A,ZNF268,PDZD7,GABRA1,GABBR2,KCNH3,MYPOP,SLC6A17,SYT1,ATRNL1,SORBS2,PGM2L1,GAP43,KBTBD6,VSNL1,FGF13,PDZRN3
gene_set_query	103	ZNF608	220.7	ARCHS4 Coexpression,136;Enrichr Queries,175;GTEx Coexpression,351	PIGU,FZD3,TENM3,SEMA3C,BCL11A,CITED2,DGKA,BHLHE41,SORBS2,CYBA,AP2B1,DTX4,OLFML2A,AFF2,GAP43,GNG2,STK24,BASP1,DCX,PAFAH1B2
gene_set_query	104	SIX3	221.0	ARCHS4 Coexpression,352;Enrichr Queries,250;GTEx Coexpression,61	GABBR2,PTPRN2,SYT1,PDE1B,BCL11A,YWHAB,CELF4,ATP2B1,CWC15,SORCS3,GRM3,RPS26,CORT,GAP43,GNAL,FRRS1L,SLITRK4,FKBP1B,NNAT,CDK5R2,ANKS1B
gene_set_query	105	BHLHA9	223.5	ARCHS4 Coexpression,437;GTEx Coexpression,10	KRT222,GABRA1,GABBR2,KCNH3,ARMT1,SLC6A17,SYT1,ATRNL1,NANOS3,STXBP1,CELF4,ADCY1,PGM2L1,GAP43,VSNL1,SV2B,RCAN2,CHN1,SLC17A7,FSD1,FAM81A,GABRD,CDK5R2
gene_set_query	106	SGSM2	224.0	ARCHS4 Coexpression,358;GTEx Coexpression,90	KCNH3,PTPRN2,CHRM1,SLC6A17,CLSTN3,CELF4,SORCS3,MAPK8IP3,DLG2,NNAT,RIMBP2,DCX,SLC17A7,CDK5R2
gene_set_query	107	BCL11B	226.0	Literature ChIP-seq,161;ARCHS4 Coexpression,433;Enrichr Queries,77;GTEx Coexpression,233	GLTP,CXADR,PTPRN2,SYT1,BCL11A,PRKCB,DGKA,ATP2B1,ATP1B1,SELENOI,INPP4A,GNG2,PTPRC,BASP1,DCX,PAK6,PHACTR1,NECTIN1
gene_set_query	108	DLX2	226.7	ARCHS4 Coexpression,57;Enrichr Queries,516;GTEx Coexpression,107	FZD3,CXADR,TSG101,SEMA3C,YWHAB,BCL11A,CITED2,GRIK1,SORCS3,ITFG1,TMEM121,AFF2,KLHL9,GAP43,KBTBD6,GNG2,BASP1,FSCN1,DCX,PLS3,KIFAP3,FAM81A
gene_set_query	109	ZNF287	228.3	ARCHS4 Coexpression,189;Enrichr Queries,79;GTEx Coexpression,417	MAP10,PIGU,ZNF571,FZD3,PTPRN2,CXADR,TSG101,NEGR1,BCL11A,CITED2,MTX2,PGM2L1,ITFG1,KLHL9,RRAGA,GNG2,B3GALT2,PSMC2,CHAMP1,ZNF268,SLC25A46
gene_set_query	110	THAP10	229.3	ARCHS4 Coexpression,337;Enrichr Queries,304;GTEx Coexpression,47	PIGU,PCNA,CITED2,CELF4,BHLHE41,FRRS1L,NCKAP1L,FSD1,KIFAP3,GPR158,ANKS1B,SOCS5,KRT222,GABRA1,SYK,CADM2,MTX2,LANCL1,CYBA,ATP1B1,ITFG1,EID2,KBTBD6,TSPAN13,PTPRC
gene_set_query	111	NPAS3	230.3	ARCHS4 Coexpression,31;Enrichr Queries,122;GTEx Coexpression,538	GABBR2,FZD3,PTPRN2,SYT1,NEGR1,CADM2,BCL11A,CELF4,SORBS2,DTX4,PGM2L1,AFF2,GRM3,GAP43,DLG2,GNG2,BASP1,FRRS1L,SLITRK4,ANKS1B
gene_set_query	112	SOX14	232.0	ARCHS4 Coexpression,79;Enrichr Queries,396;GTEx Coexpression,221	ZCCHC12,CXADR,BCL11A,PLD5,CELF4,TALDO1,GRIK1,PLD6,SORCS3,PGM2L1,GAP43,KBTBD6,GNG2,C1QTNF1,LSM11,GNAL,SST,NNAT
gene_set_query	113	TSC22D1	234.3	ARCHS4 Coexpression,191;Enrichr Queries,298;GTEx Coexpression,214	FZD3,CADM2,CITED2,STXBP1,ATP1B1,DDOST,ITFG1,RPIA,TSPAN13,GNG2,BASP1,RCAN2,CHN1,FSCN1,FGF13,KIFAP3,SSBP3,RGS6,ANKS1B
gene_set_query	114	ZSCAN16	236.3	ARCHS4 Coexpression,253;Enrichr Queries,99;GTEx Coexpression,357	PIGU,IGSF6,RGS19,CXADR,TSG101,SYK,BCL11A,CITED2,TALDO1,CYBA,ATP1B1,TSPAN13,GNG2,CCDC22,CCDC77,SRSF6,KIFAP3,TNFRSF21,PAFAH1B2
gene_set_query	115	RFX6	239.3	ARCHS4 Coexpression,214;Enrichr Queries,123;GTEx Coexpression,381	TMED9,AMER3,PTPRN2,SLC2A13,SORBS2,TM7SF3,DDOST,C1QTNF1,SST,RCAN2,KIAA1324,NNAT,RIMBP2,DCX,GPR158,PTPN3
gene_set_query	116	ZIC4	240.7	ARCHS4 Coexpression,130;Enrichr Queries,403;GTEx Coexpression,189	AMER3,FZD3,PTPRN2,TENM3,BCL11A,CLSTN3,STXBP1,CELF4,SORCS3,MAPK8IP3,GAP43,CDH22,DGCR9,SLC17A7,GABRD,PDZRN3,SSBP3,GPR158,PDZD7
gene_set_query	117	ZNF280B	241.0	ARCHS4 Coexpression,110;Enrichr Queries,372	PIGU,CXADR,SYT1,PRKCB,BCL11A,CITED2,PLD5,BAG4,BASP1,SLITRK4,SRSF6,PAFAH1B2,PDZD7,CDKL1
gene_set_query	118	ZNF708	241.3	ARCHS4 Coexpression,112;Enrichr Queries,276;GTEx Coexpression,336	PIGU,FZD3,TMED9,CXADR,LANCL1,DTX4,UBE2Z,PGM2L1,HINFP,PEX5L,ZNF829,GNG2,LYRM7,ZNF780A,RAPGEF5,FGF13,SFT2D1,KBTBD8,PAFAH1B2
gene_set_query	119	CEBPD	242.2	Literature ChIP-seq,30;ARCHS4 Coexpression,333;ENCODE ChIP-seq,110;ReMap ChIP-seq,272;GTEx Coexpression,466	RGS19,IGSF6,CITED2,MRPL38,AIF1,GLT1D1,BASP1,B3GALT2,PAK6,FSD1,SAMD12,ANKS1B,MIR600HG,MYPOP,SYK,NEGR1,MTX2,CADM2,ATRNL1,STRBP,NANOS3,TEX10,ARHGEF18,CYBA,NIPA2,ATP2B1,BRI3BP,RPIA,SLC6A6,GAP43,VSNL1,ZGLP1,FSCN1,GOPC
gene_set_query	120	MEIS2	249.3	ARCHS4 Coexpression,292;Enrichr Queries,307;ReMap ChIP-seq,20;GTEx Coexpression,378	PCNA,SEMA3C,PDE1B,SAMSN1,HSD11B1,KIAA1324,NNAT,LRRC8B,LONRF2,FZD3,PTPRN2,PRKCB,BCL11A,SORBS2,CYBA,ACSL3,AP2B1,ATP1B1,HINFP,CORT,SLC6A6,TF,GNAL,PTPRC,TSPAN13,RIMBP2,DCX,FGF13,PDZRN3,KBTBD8
gene_set_query	121	NFIB	249.5	Literature ChIP-seq,67;ARCHS4 Coexpression,58;Enrichr Queries,288;GTEx Coexpression,585	PIGU,AMER3,MOCS3,SEMA3C,PTPRO,NNAT,KIFAP3,TBC1D16,CXADR,GPR12,BCL11A,VPS33A,MAD2L1BP,SORBS2,NIPA2,ATP1B1,ITFG1,MYO1B,GAP43,STK24,CDKN2AIPNL,DCX,LNX1,SRSF6,FGF13,PDZRN3,PAFAH1B2
gene_set_query	122	THAP5	249.7	ARCHS4 Coexpression,276;Enrichr Queries,246;GTEx Coexpression,227	PIGU,DGKA,CWC15,ACSL3,RAB33B,BAG4,KBTBD6,STK24,UBLCP1,LYRM7,GOPC,SAMD12,SRSF6,PAFAH1B2,PDZD7,ZNF233,SLC25A46
gene_set_query	123	ZNF835	250.3	ARCHS4 Coexpression,581;Enrichr Queries,76;GTEx Coexpression,94	AMER3,CXADR,PTPRN2,BCL11A,CADM2,STXBP1,PCDHB15,SORBS2,SORCS3,HINFP,INPP4A,ZNF829,SV2B,FRRS1L,CDH22,LYRM7,DGCR9,FGF13,GABRD,GPR158,PDZD7,ANKS1B
gene_set_query	124	ZNF518B	250.7	ARCHS4 Coexpression,113;Enrichr Queries,353;GTEx Coexpression,286	MAP10,FZD3,TMED9,MOCS3,CXADR,SEMA3C,BCL11A,CITED2,MAD2L1BP,CYBA,ATP1B1,ZNF829,BAG4,GNG2,CHAMP1,DCX,SRSF6,PDZRN3,PAFAH1B2,ZNF233
gene_set_query	125	ZNF362	252.0	ARCHS4 Coexpression,357;Enrichr Queries,188;GTEx Coexpression,211	LINC01197,ZNF395,PIGU,CITED2,CLSTN3,PLEKHG5,PLD5,SORBS2,SLC4A3,MAPK8IP3,DDOST,SLC6A6,RCAN2,FSCN1,PLS3,CHSY3,PDZRN3,SSBP3
gene_set_query	126	ZNF285	254.5	ARCHS4 Coexpression,375;GTEx Coexpression,134	AMER3,STXBP1,CELF4,ZNF829,KBTBD6,FRRS1L,DGCR9,DCX,FGF13,GABRD,GPR158,PDZD7,CDKL1
gene_set_query	127	DLX1	255.0	ARCHS4 Coexpression,48;Enrichr Queries,694;GTEx Coexpression,23	TSG101,SEMA3C,CITED2,STXBP1,CELF4,GRIK1,AFF2,GNG2,CHN1,PLS3,FSD1,KIFAP3,FAM81A,GABBR2,FZD3,PTPRN2,CXADR,SYT1,BCL11A,NANOS3,LANCL1,SORCS3,PGM2L1,ITFG1,KLHL9,GAP43,KBTBD6,DLG2,DCX,FGF13,CDK5R2
gene_set_query	128	PBX1	255.0	Literature ChIP-seq,86;ARCHS4 Coexpression,81;Enrichr Queries,73;GTEx Coexpression,780	PIGU,ZNF395,ACY3,SEMA3C,PLGLB1,CITED2,PTPRO,CELF4,BHLHE41,PLD5,TM7SF3,SELENOI,HSD11B1,GLT1D1,LSM11,GNG2,BASP1,OLFML3,PHACTR1,LRRC8B,KIFAP3,GPR158,PDZD7,GABRA1,GABBR2,FZD3,SYT1,NEGR1,GPR12,BCL11A,SORBS2,CYBA,ATP1B1,RABGGTA,PGM2L1,GAP43,EID2,TF,MYO1B,DLG2,DCX,RGS10,FGF13,PDZRN3
gene_set_query	129	ZNF428	256.0	ARCHS4 Coexpression,351;Enrichr Queries,268;GTEx Coexpression,149	FZD3,CADM2,CITED2,NANOS3,CELF4,ATP1B1,DDOST,TMEM121,GRM3,GAP43,TSPAN13,BASP1,FKBP1B,FSCN1,FSD1,SSBP3,CDK5R2,ANKS1B
gene_set_query	130	ZSCAN18	256.3	ARCHS4 Coexpression,52;Enrichr Queries,232;GTEx Coexpression,485	FZD3,PTPRN2,SLC6A17,BCL11A,CITED2,CLSTN3,STXBP1,SORBS2,AP2B1,ATP1B1,MAPK8IP3,RPIA,GAP43,GNG2,FRRS1L,BASP1,SLC17A7,LONRF2,GABRD,SSBP3,CDK5R2
gene_set_query	131	ZNF391	261.3	ARCHS4 Coexpression,281;Enrichr Queries,191;GTEx Coexpression,312	KRT222,FZD3,CXADR,NEGR1,BCL11A,LANCL1,CYBA,AP2B1,ITFG1,PGM2L1,GNAL,LYRM4,FRRS1L,B3GALT2,NCR3LG1,GOPC,PHACTR1,CFAP97
gene_set_query	132	ZEB2	261.5	ARCHS4 Coexpression,80;Enrichr Queries,109;ReMap ChIP-seq,91;GTEx Coexpression,766	IGSF6,MCTP1,SEMA3C,CLSTN3,CITED2,AIF1,GNG2,BASP1,CDH24,NCKAP1L,MYPOP,SYK,PRKCB,BCL11A,NANOS3,LANCL1,MAD2L1BP,CYBB,ACSL3,AP2B1,ATP2B1,SLC6A6,PEX5L,PTPRC,DLG2,LYRM4,DCX,RAPGEF5,KBTBD8
gene_set_query	133	ELF1	261.6	Literature ChIP-seq,136;ARCHS4 Coexpression,308;ENCODE ChIP-seq,8;ReMap ChIP-seq,208;GTEx Coexpression,648	GLTP,PIGU,CITED2,YWHAB,CELF4,MRPL38,TM7SF3,UBE2Z,ZNF808,FRRS1L,KIFAP3,KRT222,DDX18,TMED9,CXADR,SYK,NANOS3,TEX10,SPNS2,ARHGEF18,CYBA,ACSL3,NIPA2,MAPK8IP3,DDOST,FSCN1,ZNF780A,CFAP97,PAFAH1B2,ZNF233,RGS19,TSG101,CEBPG,SAMSN1,ZNF829,BAG4,NUP85,SLC17A7,NCKAP1L,LRRC8B,A2M,ZNF268,PDZD7,MYPOP,CADM2,CMTM6,AP2B1,CWC15,HINFP,RPS26,GNAL,PTPRC,STK24,CDKN2AIPNL,RGS10,CCDC22,CDK5R2
gene_set_query	134	FEV	263.0	ARCHS4 Coexpression,225;Enrichr Queries,411;GTEx Coexpression,153	PTPRN2,GRIK1,TSPAN13,C1QTNF1,FAM174A,RCAN2,NNAT,KIAA1324,CDH22,RIMBP2,PAK6,NUDT14,CDK5R2
gene_set_query	135	ZNF223	264.0	ARCHS4 Coexpression,360;Enrichr Queries,198;GTEx Coexpression,234	MAP10,PIGU,CXADR,SEMA3C,CITED2,BCL11A,CEP19,DDOST,KLHL9,BAG4,CDKN2AIPNL,BASP1,NCR3LG1,CHAMP1,GOPC,ZNF780A,SRSF6,ZNF268,PAFAH1B2
gene_set_query	136	ARX	264.3	ARCHS4 Coexpression,218;Enrichr Queries,40;GTEx Coexpression,535	FZD3,AMER3,PTPRN2,SYT1,ATRNL1,PRKCB,BCL11A,CELF4,ADCY1,SLC4A3,C1QTNF1,GNG2,VSNL1,SST,KIAA1324,DCX,RIMBP2,FGF13,SSBP3
gene_set_query	137	JAZF1	269.3	ARCHS4 Coexpression,270;Enrichr Queries,23;GTEx Coexpression,515	PIGU,NEGR1,PRKCB,BCL11A,CITED2,MAST3,STXBP1,SORBS2,ATP1B1,PGM2L1,INPP4A,MYO1B,GLT1D1,LSM11,GNG2,PTPRC,OLFML3,BASP1,RCAN2,PHACTR1,PDZRN3
gene_set_query	138	ZNF554	269.7	ARCHS4 Coexpression,602;Enrichr Queries,142;GTEx Coexpression,65	GABRA1,MIR600HG,AMER3,PIGU,MYPOP,CITED2,STXBP1,CEBPG,RITA1,SORBS2,ADCY1,MAPK8IP3,PGM2L1,HINFP,ZNF829,SV2B,CDKN2AIPNL,LYRM4,CDH22,KIAA1324,DGCR9,LONRF2,PDZD7,SLC25A46
gene_set_query	139	ZKSCAN4	272.3	ARCHS4 Coexpression,203;Enrichr Queries,207;GTEx Coexpression,407	PIGU,MOCS3,PCNA,RGS19,SYK,BCL11A,CITED2,VPS33A,BHLHE41,TALDO1,SORBS2,DTX4,DDOST,ZNF829,HENMT1,FRRS1L,NCKAP1L,CCDC77,CCDC22
gene_set_query	140	EBF1	273.4	ARCHS4 Coexpression,127;ENCODE ChIP-seq,99;Enrichr Queries,441;ReMap ChIP-seq,187;GTEx Coexpression,513	LINC01197,ACY3,ZNF571,MRPL38,CELF4,TM7SF3,OLFML2A,UBE2Z,C1QTNF1,BASP1,DDX18,PRKCB,NANOS3,VPS33A,CYBB,CYBA,ACSL3,RABGGTA,DDOST,PGM2L1,INPP4A,RRAGA,GAP43,FSCN1,DCX,CFAP97,ZNF233,RGS19,TSG101,SEMA3C,PLD6,SAMSN1,SELENOI,BAG4,GNG2,OLFML3,NUP85,CHSY3,SLC17A7,SOCS5,FZD3,NEGR1,BCL11A,MTX2,AP2B1,CWC15,RPS26,SLC6A6,PTPRC,CDKN2AIPNL,LYRM7,PSMC2
gene_set_query	141	ZNF814	273.5	ARCHS4 Coexpression,342;GTEx Coexpression,205	AMER3,ZNF829,TMED9,ZGLP1,LYRM7,DGCR9,LIN7A,FGF13,MAPK8IP3,GABRD,HINFP
gene_set_query	142	GTF2B	275.3	ARCHS4 Coexpression,418;ENCODE ChIP-seq,87;ReMap ChIP-seq,151;GTEx Coexpression,445	IGSF6,RGS19,PCNA,MAST3,CITED2,UBE2Z,SAMSN1,NUP85,KIAA1324,IDH3B,CCDC77,PDZD7,TMED9,MTX2,NANOS3,VPS33A,CMTM6,TALDO1,MAD2L1BP,AP2B1,ACSL3,RPS26,RPIA,SLC6A6,EID2,CDKN2AIPNL,DOLPP1,FSCN1,CDC42EP2,GOPC,CPEB2,KBTBD8
gene_set_query	143	ARID3A	277.0	ARCHS4 Coexpression,498;ENCODE ChIP-seq,100;Enrichr Queries,350;ReMap ChIP-seq,184;GTEx Coexpression,253	PIGU,ZNF571,IGSF6,RGS19,TSG101,CITED2,DGKA,MRPL38,PLD5,UFSP2,SAMSN1,AIF1,ZNF808,GLT1D1,BASP1,NUP85,SLITRK4,PART1,NCKAP1L,LRRC8B,A2M,ZNF268,PDZD7,TMED9,ARMT1,MYPOP,SYK,PRKCB,BCL11A,NANOS3,TEX10,VPS33A,CYBA,RABGGTA,KLHL9,SLC6A6,EID2,MYO1B,KBTBD6,CDKN2AIPNL,FSCN1,CDK2AP2,KIFC3,ZNF780A,CDKL1
gene_set_query	144	BATF	278.6	ARCHS4 Coexpression,694;ENCODE ChIP-seq,109;Enrichr Queries,157;ReMap ChIP-seq,93;GTEx Coexpression,340	CX3CR1,IGSF6,RGS19,SYK,PRKCB,BCL11A,CEP19,CYBB,SLA,CYBA,ATP1B1,DTX4,SAMSN1,RABGGTA,AIF1,INPP4A,EHD4,PTPRC,BASP1,OLFML3,CHAMP1,NCKAP1L,FAM81A
gene_set_query	145	ZNF521	280.0	ARCHS4 Coexpression,496;Enrichr Queries,169;GTEx Coexpression,175	AMER3,FZD3,TENM3,SEMA3C,NEGR1,BCL11A,CITED2,STXBP1,CYBA,MAPK8IP3,GAP43,OLFML3,RCAN2,CDH22,DGCR9,GABRD,PDZRN3,SSBP3,GPR158,PDZD7
gene_set_query	146	ZNF10	281.7	ARCHS4 Coexpression,260;Enrichr Queries,41;GTEx Coexpression,544	ZNF571,PIGU,FZD3,TMED9,CXADR,BCL11A,CITED2,CYBA,ATP1B1,ZNF829,NNAT,CHN1,KIAA1324,RIMBP2,SRSF6,ZNF268,KBTBD8,LONRF2
gene_set_query	147	AHDC1	282.3	ARCHS4 Coexpression,249;Enrichr Queries,128;GTEx Coexpression,470	GLTP,GABBR2,PIGU,BCL11A,CLSTN3,PLEKHG5,STXBP1,CELF4,ATP1B1,MAPK8IP3,STK24,SLITRK4,FSCN1,SFT2D1,SSBP3,NECTIN1
gene_set_query	148	MYCN	282.8	Literature ChIP-seq,57;ARCHS4 Coexpression,740;Enrichr Queries,270;ReMap ChIP-seq,182;GTEx Coexpression,165	PIGU,RGS19,CITED2,MRPL38,DTX4,SELENOI,C1QTNF1,BASP1,CDH24,SLC17A7,LRRC8B,FSD1,PDZD7,ANKS1B,FZD3,BCL11A,NANOS3,STRBP,LANCL1,ATP1B1,INPP4A,PEX5L,GAP43,PTPRC,FSCN1,DCX,RAPGEF5,CFAP97,PAFAH1B2
gene_set_query	149	BARHL2	283.7	ARCHS4 Coexpression,118;Enrichr Queries,605;GTEx Coexpression,128	AMER3,CLSTN3,BCL11A,STXBP1,CELF4,SORCS3,MAPK8IP3,GAP43,BASP1,CDH22,DGCR9,GABRD,SSBP3,GPR158,PDZD7,CDK5R2
gene_set_query	150	LYL1	285.2	Literature ChIP-seq,152;ARCHS4 Coexpression,295;Enrichr Queries,32;ReMap ChIP-seq,71;GTEx Coexpression,876	CX3CR1,IGSF6,RGS19,TSG101,KDM8,SLA,PLD4,GRIK1,SAMSN1,AIF1,GLT1D1,GNG2,C1QTNF1,SLC17A7,NCKAP1L,PDZD7,SOCS5,SYK,PRKCB,NANOS3,SPNS2,RITA1,CYBB,TALDO1,CYBA,PTPRC,ZGLP1,FSCN1,RGS10,ZNF710
gene_set_query	151	NCOA1	285.5	ARCHS4 Coexpression,99;Enrichr Queries,832;ReMap ChIP-seq,90;GTEx Coexpression,121	PIGU,SEMA3C,CITED2,DGKA,UBE2Z,GLT1D1,FRRS1L,OLFML3,KIAA1324,SLC17A7,ANKS1B,GABBR2,TMED9,MYPOP,CADM2,PRKCB,NANOS3,MAD2L1BP,ATP2B1,SORCS3,DDOST,INPP4A,SLC6A6,EHD4,GNAL,DLG2,PTPRC,ZGLP1
gene_set_query	152	ZFPM2	289.0	ARCHS4 Coexpression,147;Enrichr Queries,70;GTEx Coexpression,650	SYT1,SEMA3C,NEGR1,BCL11A,CADM2,STXBP1,SORBS2,BMPER,SV2B,OLFML3,BASP1,RCAN2,CDH22,FGF13,GABRD,PDZRN3,GPR158,SOCS5,CAPS2
gene_set_query	153	NKRF	290.0	ARCHS4 Coexpression,729;Enrichr Queries,132;GTEx Coexpression,9	PCNA,YWHAB,CITED2,CELF4,SELENOI,BAG4,SV2B,FRRS1L,BASP1,CHN1,PLS3,FSD1,FAM81A,KRT222,GABRA1,GABBR2,DDX18,SLC6A17,SYT1,TEX10,STRBP,LANCL1,SORCS3,BRI3BP,PGM2L1,GAP43,KBTBD6,DLG2,VSNL1,SRSF6,CDK5R2
gene_set_query	154	PAX6	291.6	Literature ChIP-seq,101;ARCHS4 Coexpression,481;Enrichr Queries,432;ReMap ChIP-seq,246;GTEx Coexpression,198	AMER3,CITED2,STXBP1,CELF4,GRIK1,TM7SF3,LSM11,GNG2,B3GALT2,FAM174A,CDH22,KIAA1324,DGCR9,IDH3B,CHSY3,GABRD,GPR158,PDZD7,PTPRN2,SYT1,SLC6A17,BCL11A,SLC2A13,AP2B1,MAPK8IP3,RPS26,CORT,GAP43,RIMBP2,TNFRSF21
gene_set_query	155	LHX2	292.5	ARCHS4 Coexpression,430;Enrichr Queries,429;ReMap ChIP-seq,198;GTEx Coexpression,113	CHRM1,SEMA3C,CITED2,ADK,GRM3,BASP1,CHN1,NNAT,FAM81A,KCNH3,FZD3,CXADR,CADM2,BCL11A,NANOS3,ATP2B1,ATP1B1,GAP43,DLG2,FKBP1B,FSCN1,KBTBD8,SSBP3,CDK5R2,CDKL1
gene_set_query	156	ZFP90	294.3	ARCHS4 Coexpression,116;Enrichr Queries,547;GTEx Coexpression,220	PIGU,FZD3,TMED9,CXADR,CADM2,PRKCB,CITED2,LANCL1,AP2B1,PGM2L1,PEX5L,MYO1B,GAP43,KBTBD6,GNG2,OLFML3,DCX,KIFAP3,PAFAH1B2,ANKS1B
gene_set_query	157	ELK1	297.4	Literature ChIP-seq,35;ARCHS4 Coexpression,1152;ENCODE ChIP-seq,48;ReMap ChIP-seq,15;GTEx Coexpression,237	GLTP,MAP10,PIGU,ZNF571,MOCS3,DGKA,CELF4,MRPL38,UBE2Z,FRRS1L,CHMP1A,CHAMP1,KIFAP3,SLC25A46,KCNH3,NANOS3,TEX10,VPS33A,ARHGEF18,ACSL3,MAPK8IP3,RABGGTA,DDOST,GON7,RRAGA,FSCN1,ZNF780A,CFAP97,SFT2D1,ZNF233,PCNA,TSG101,PLD5,ZNF829,BAG4,SV2B,NUP85,CDH22,SLC17A7,FSD1,CCDC77,LRRC8B,CADM2,MAD2L1BP,AP2B1,HINFP,RPS26,SQLE,KBTBD6,DLG2,GNAL,PTPRC,UBLCP1,SST,FKBP1B,PSMC2,LYRM7,CDK2AP2,LNX1,GOPC,PTPN3
gene_set_query	158	ZNF74	301.3	ARCHS4 Coexpression,301;Enrichr Queries,508;GTEx Coexpression,95	AMER3,PIGU,FZD3,MYPOP,CXADR,SLC6A17,GPR12,BCL11A,STXBP1,CELF4,SORBS2,MAPK8IP3,KBTBD6,FRRS1L,ZGLP1,FSCN1,FSD1,FGF13,PDZD7,TBC1D16
gene_set_query	159	ZNF300	302.7	ARCHS4 Coexpression,72;Enrichr Queries,297;GTEx Coexpression,539	PIGU,FZD3,MYPOP,CXADR,SYT1,BCL11A,PTPRO,RITA1,PGM2L1,KLHL9,MYO1B,GAP43,KBTBD6,GNG2,OLFML3,DCX,SRSF6,ZNF268
gene_set_query	160	TFAP2C	306.5	Literature ChIP-seq,25;ARCHS4 Coexpression,200;ENCODE ChIP-seq,111;Enrichr Queries,692;ReMap ChIP-seq,179;GTEx Coexpression,632	GLTP,ACY3,CHRM1,CITED2,DGKA,KDM8,MRPL38,CELF4,GLT1D1,PLS3,SAMD12,NUDT14,RGS6,ANKS1B,CXADR,ARMT1,SLC6A17,NANOS3,SPNS2,CYBA,ACSL3,ATP1B1,MAPK8IP3,INPP4A,EID2,FSCN1,KIFC3,ZNF710,SRSF6,ZNF233,RGS19,TSG101,SEMA3C,LIN7A,BAG4,CDH22,KIAA1324,CDH24,PDZD7,TBC1D16,PTPRN2,BCL11A,MAD2L1BP,RPIA,SLC6A6,STK24,LYRM4,LNX1,SSBP3,NECTIN1
gene_set_query	161	ZFHX4	307.0	ARCHS4 Coexpression,133;Enrichr Queries,676;GTEx Coexpression,112	FZD3,TENM3,CXADR,SYK,SEMA3C,NEGR1,DGKA,PTPRO,CELF4,PGM2L1,RRAGA,GAP43,OLFML3,BASP1,DCX,GOPC,PDZRN3,SOCS5
gene_set_query	162	NFE2	307.6	ARCHS4 Coexpression,309;ENCODE ChIP-seq,49;Enrichr Queries,592;ReMap ChIP-seq,245;GTEx Coexpression,343	IGSF6,RGS19,MOCS3,PCNA,MAST3,CITED2,YWHAB,KDM8,ADK,SLA,PLD6,SAMSN1,SELENOI,GLT1D1,BAG4,FAM174A,KIAA1324,CHAMP1,IDH3B,PAK6,SLC25A46,SOCS5,SYK,NANOS3,TEX10,STRBP,VPS33A,TALDO1,CYBB,DYRK1B,CYBA,ACSL3,AP2B1,HINFP,SLC6A6,ZGLP1,DOLPP1,LYRM7,FSCN1,CDK2AP2,RGS10,GOPC,SRSF6
gene_set_query	163	ZNF195	307.7	ARCHS4 Coexpression,168;Enrichr Queries,670;GTEx Coexpression,85	MIR600HG,AMER3,FZD3,TMED9,CXADR,PCNA,CLSTN3,BCL11A,STXBP1,CELF4,UBE2Z,MAPK8IP3,BRI3BP,BAG4,KBTBD6,SRSF6,GABRD,ZNF268,GPR158,PDZD7,PAFAH1B2
gene_set_query	164	MSANTD4	308.0	ARCHS4 Coexpression,104;GTEx Coexpression,512	KLHL9,EID2,FZD3,KBTBD6,CXADR,GNG2,RCAN2,LYRM7,CYBA,KIFAP3,ITFG1,SLC25A46
gene_set_query	165	TCF4	309.8	Literature ChIP-seq,5;ARCHS4 Coexpression,70;Enrichr Queries,117;ReMap ChIP-seq,46;GTEx Coexpression,1311	PIGU,AMER3,SEMA3C,CITED2,YWHAB,CEBPG,PTPRO,ASAP2,OLFML2A,DTX4,SLC4A3,C1QTNF1,GNG2,BASP1,B3GALT2,KIAA1324,CDH24,KIFAP3,ANKS1B,SOCS5,FZD3,CXADR,NEGR1,PRKCB,BCL11A,CADM2,NANOS3,CMTM6,ATP2B1,ACSL3,ATP1B1,RPIA,MYO1B,KBTBD6,DLG2,VSNL1,PNOC,FSCN1,DCX,RAPGEF5,FGF13,SSBP3,NECTIN1
gene_set_query	166	NKX12	311.5	ARCHS4 Coexpression,515;GTEx Coexpression,108	GLTP,DDX18,ARMT1,BCL11A,EIF1AX,TEX10,SPNS2,RABGGTA,SELENOI,SQLE,GNAL,LNX1,PAK6,FGF13,NECTIN1
gene_set_query	167	UNCX	312.7	ARCHS4 Coexpression,405;Enrichr Queries,404;GTEx Coexpression,129	AMER3,PTPRN2,CLSTN3,BCL11A,STXBP1,CELF4,CWC15,SORCS3,MAPK8IP3,GAP43,BASP1,CDH22,DGCR9,GABRD,SSBP3,GPR158,PDZD7,CDK5R2
gene_set_query	168	ZFP1	314.0	ARCHS4 Coexpression,115;Enrichr Queries,753;GTEx Coexpression,74	KRT222,PIGU,FZD3,CXADR,CADM2,CITED2,CELF4,ADCY1,PGM2L1,KLHL9,EID2,BAG4,KBTBD6,DLG2,GNG2,UBLCP1,FRRS1L,CHN1,DCX,KIFAP3,ANKS1B
gene_set_query	169	ZNF311	314.3	ARCHS4 Coexpression,231;Enrichr Queries,601;GTEx Coexpression,111	FZD3,MYPOP,PTPRN2,CXADR,CITED2,BCL11A,SORBS2,CYBA,UBE2Z,KLHL9,AMMECR1L,C1QTNF1,OLFML3,DCX,GOPC,FGF13,CFAP97,ZNF268,PAFAH1B2
gene_set_query	170	MTF1	316.5	ARCHS4 Coexpression,319;GTEx Coexpression,314	SLC6A6,GLT1D1,IGSF6,RGS19,CMTM6,TALDO1,SLA,CYBB,SAMSN1
gene_set_query	171	ISL1	317.0	ARCHS4 Coexpression,138;Enrichr Queries,51;GTEx Coexpression,762	AMER3,PTPRN2,SYT1,BCL11A,CITED2,SLC2A13,CELF4,ATP1B1,GAP43,SST,BASP1,RCAN2,KIAA1324,NNAT,RIMBP2,PDZRN3,PTPN3
gene_set_query	172	REST	317.8	Literature ChIP-seq,18;ARCHS4 Coexpression,234;ENCODE ChIP-seq,3;Enrichr Queries,1345;ReMap ChIP-seq,239;GTEx Coexpression,68	PIGU,CLSTN3,CITED2,PTPRO,CELF4,OLFML2A,GRM3,NPEPPS,GLT1D1,FRRS1L,BASP1,RFPL1S,ANKS1B,KRT222,DDX18,KCNH3,TMED9,ARMT1,CXADR,SLC6A17,PRKCB,NANOS3,VPS33A,SORCS3,MAPK8IP3,EID2,FSCN1,CDC42EP2,DCX,KIFC3,AMER3,STXBP1,TMEM121,SV2B,OLFML3,CDH22,FSD1,GABRD,GPR158,PDZD7,GABRA1,GABBR2,PTPRN2,GPR12,SYT1,CADM2,RPIA,SLC6A6,PEX5L,EHD4,DLG2,SST,RIMBP2,CPEB2,CDK5R2,NECTIN1
gene_set_query	173	ZNF268	320.7	ARCHS4 Coexpression,431;Enrichr Queries,262;GTEx Coexpression,269	DDX18,PIGU,CXADR,SEMA3C,CITED2,PLD5,ATP2B1,HINFP,KLHL9,ZNF829,CHAMP1,GOPC,ZNF780A,CFAP97,PDZD7,CDKL1
gene_set_query	174	KLF12	322.3	ARCHS4 Coexpression,287;Enrichr Queries,134;GTEx Coexpression,546	LINC01197,PIGU,FZD3,CXADR,NEGR1,BCL11A,CITED2,TALDO1,SORBS2,ATP1B1,INPP4A,GNG2,PTPRC,BASP1,RCAN2,DCX,SOCS5
gene_set_query	175	ZNF737	323.0	ARCHS4 Coexpression,256;GTEx Coexpression,390	KLHL9,ZNF808,FZD3,TMED9,CXADR,GNG2,ZNF780A,SRSF6,UBE2Z,FGF13,ZNF268
gene_set_query	176	DLX6	323.3	ARCHS4 Coexpression,49;Enrichr Queries,891;GTEx Coexpression,30	CHRM1,TSG101,PDE1B,CELF4,PLD5,GRM3,GNG2,FRRS1L,KIFAP3,PDZD7,ANKS1B,FZD3,PTPRN2,CXADR,GPR12,PRKCB,BCL11A,ATP2B1,SORCS3,ITFG1,CORT,GNAL,KBTBD6,FKBP1B,DCX,CDK5R2,CDKL1
gene_set_query	177	TCF7	325.4	Literature ChIP-seq,121;ARCHS4 Coexpression,614;Enrichr Queries,228;ReMap ChIP-seq,203;GTEx Coexpression,461	ACY3,DGKA,CELF4,ADCY1,NPEPPS,BASP1,KIAA1324,NCKAP1L,SLC17A7,LRRC8B,KIFAP3,TBC1D16,GABBR2,TMED9,SYK,PRKCB,BCL11A,NANOS3,TEX10,CSNK2A2,SPNS2,CYBB,ARHGEF18,CYBA,AP2B1,ATP1B1,BRI3BP,RABGGTA,INPP4A,SLC6A6,PTPRC,EHD4,GNAL,FSCN1,RGS10
gene_set_query	178	ZC3H8	326.5	ARCHS4 Coexpression,196;Enrichr Queries,698;ReMap ChIP-seq,166;GTEx Coexpression,246	AMER3,PIGU,MOCS3,PCNA,CLSTN3,CITED2,DGKA,MRPL38,PLD5,OLFML2A,UBE2Z,ZNF829,SLITRK4,DGCR9,PDZD7,SLC25A46,MIR600HG,DDX18,MYPOP,ANKRD30B,NEGR1,HINFP,CDKN2AIPNL,LYRM7,PAFAH1B2
gene_set_query	179	XBP1	328.0	ARCHS4 Coexpression,315;Enrichr Queries,535;ReMap ChIP-seq,13;GTEx Coexpression,449	MOCS3,PCNA,SEMA3C,MAST3,CITED2,STXBP1,RTF2,TM7SF3,KIAA1324,PHACTR1,FSD1,TMED9,MYPOP,ARMT1,NANOS3,TALDO1,MAD2L1BP,ATP1B1,DDOST,CORT,SQLE,TSPAN13,LYRM4,UBLCP1,FSCN1,CDK2AP2,SRSF6,SFT2D1
gene_set_query	180	ZFP3	329.3	ARCHS4 Coexpression,207;Enrichr Queries,212;GTEx Coexpression,569	MAP10,PIGU,TMED9,CXADR,BCL11A,CITED2,CMTM6,BHLHE41,ATP1B1,DDOST,PEX5L,CDKN2AIPNL,LYRM7,FSCN1,RAPGEF5,SLC25A46,CAPS2,PTPN3
gene_set_query	181	KLF13	330.3	ARCHS4 Coexpression,91;Enrichr Queries,559;ReMap ChIP-seq,197;GTEx Coexpression,474	PIGU,MAST3,CITED2,PLEKHG5,NANOS3,MAD2L1BP,CYBB,ARHGEF18,CYBA,ATP1B1,MAPK8IP3,AFF2,INPP4A,SLC6A6,GLT1D1,PTPRC,ZGLP1,NCR3LG1,CDH22,FSCN1,SLC17A7,NCKAP1L,ZNF710,GABRD
gene_set_query	182	ZNF582	334.3	ARCHS4 Coexpression,222;Enrichr Queries,223;GTEx Coexpression,558	PIGU,ZNF571,TSG101,NEGR1,CITED2,MTX2,DGKA,CEBPG,UFSP2,NIPA2,ZNF829,C1QTNF1,STK24,PSMC2,CDK2AP2,PHACTR1,ZNF268,SOCS5
gene_set_query	183	POU3F1	336.5	Literature ChIP-seq,46;ARCHS4 Coexpression,722;Enrichr Queries,97;GTEx Coexpression,481	GLTP,CITED2,YWHAB,MRPL38,GRIK1,LIN7A,ASAP2,SAMSN1,SELENOI,AMMECR1L,GNG2,BASP1,NUP85,OLFML3,B3GALT2,CHN1,KIFAP3,A2M,LONRF2,FZD3,CXADR,NEGR1,BCL11A,PRKCB,STRBP,CMTM6,ARHGEF18,AP2B1,CWC15,RAB33B,SQLE,GAP43,LYRM4,PNOC,FSCN1,PDZRN3,SSBP3,PAFAH1B2,NECTIN1
gene_set_query	184	AKNA	339.0	ARCHS4 Coexpression,519;Enrichr Queries,159;GTEx Coexpression,339	GLT1D1,PTPRC,RGS19,SYK,PRKCB,BASP1,CYBB,ARHGEF18,NCKAP1L,CYBA,SAMSN1
gene_set_query	185	CSRNP2	339.0	ARCHS4 Coexpression,37;GTEx Coexpression,641	GABRA1,KCNH3,STXBP1,AP2B1,PLD6,ADCY1,SORCS3,PGM2L1,GAP43,DLG2,BASP1,FSCN1,KIFAP3,LONRF2,CDK5R2,ZNF233
gene_set_query	186	ESRRG	339.3	ARCHS4 Coexpression,471;Enrichr Queries,19;GTEx Coexpression,528	TMED9,PTPRN2,SYT1,NEGR1,BCL11A,CADM2,ATRNL1,CELF4,SORBS2,ADCY1,ATP1B1,FRRS1L,RCAN2,KIAA1324,IDH3B,ZNF385B,FGF13,PDZRN3,GPR158,ANKS1B,CAPS2
gene_set_query	187	TCF7L2	340.0	Literature ChIP-seq,15;ARCHS4 Coexpression,363;ENCODE ChIP-seq,13;Enrichr Queries,695;ReMap ChIP-seq,212;GTEx Coexpression,742	LINC01197,ZCCHC12,PIGU,MOCS3,MCTP1,CITED2,CLSTN3,PTPRO,BHLHE41,ADK,TM7SF3,OLFML2A,FAM174A,PLS3,KIFAP3,SAMD12,CXADR,EIF1AX,NANOS3,LANCL1,CYBA,ATP1B1,RRAGA,FSCN1,SRSF6,CFAP97,PAFAH1B2,SEMA3C,LIN7A,ADCY1,HSD11B1,ZNF829,BAG4,SV2B,CHSY3,SLC17A7,CCDC77,PDZD7,FZD3,BCL11A,CMTM6,AP2B1,SLC6A6,MYO1B,GNAL,LYRM4,PSMC2,GOPC,CCDC22,CPEB2,KBTBD8,SSBP3
gene_set_query	188	RARB	340.8	Literature ChIP-seq,47;ARCHS4 Coexpression,612;Enrichr Queries,167;GTEx Coexpression,537	ZNF571,ACY3,CHRM1,SEMA3C,CITED2,MAST3,STXBP1,BHLHE41,HSD11B1,LSM11,C1QTNF1,NUP85,CHMP1A,PLS3,PAK6,TBC1D16,KRT222,TMED9,PTPRN2,SYT1,NEGR1,DYRK1B,SORBS2,DDOST,HINFP,INPP4A,RPS26,SQLE,GNAL,CDKN2AIPNL,ZGLP1,RCAN2,CDC42EP2,CDK2AP2,PDZRN3,SSBP3,PTPN3
gene_set_query	189	PGR	341.5	ARCHS4 Coexpression,398;Enrichr Queries,185;ReMap ChIP-seq,235;GTEx Coexpression,548	TENM3,SEMA3C,SYT1,NEGR1,CITED2,PRKCB,NANOS3,SPNS2,PCDHB15,SORBS2,ADCY1,MAPK8IP3,SLC6A6,TSPAN13,OLFML3,KIAA1324,PDZRN3,LONRF2,CDKL1
gene_set_query	190	SPIB	341.8	ARCHS4 Coexpression,407;Enrichr Queries,237;ReMap ChIP-seq,32;GTEx Coexpression,691	CX3CR1,PCNA,SYK,SEMA3C,BCL11A,PRKCB,BHLHE41,RITA1,SLA,CYBB,PLD4,AP2B1,ATP1B1,AIF1,HINFP,KLHL9,PTPRC,PNOC,NCKAP1L,ZNF710,KBTBD8,CFAP97,SFT2D1
gene_set_query	191	ZNF436	344.3	ARCHS4 Coexpression,155;Enrichr Queries,274;GTEx Coexpression,604	GLTP,PIGU,FZD3,SEMA3C,CITED2,LANCL1,AP2B1,ATP1B1,DDOST,NPEPPS,SLC6A6,GNG2,STK24,KIFAP3,PDZRN3,GPR158,NECTIN1
gene_set_query	192	NR2F1	344.8	ARCHS4 Coexpression,186;Enrichr Queries,458;ReMap ChIP-seq,176;GTEx Coexpression,559	ACY3,FZD3,TSG101,RGS19,TENM3,SEMA3C,CADM2,BCL11A,CITED2,NANOS3,ADGRA1-AS1,CELF4,CYBA,DTX4,TMEM121,SLC6A6,GAP43,ZGLP1,OLFML3,BASP1,FSCN1,NUDT14,SSBP3,PAFAH1B2
gene_set_query	193	NFE4	348.0	GTEx Coexpression,348	GLT1D1,IGSF6,RGS19,CEP19,TALDO1,SLA
gene_set_query	194	MTERF1	348.5	ARCHS4 Coexpression,540;GTEx Coexpression,157	MAP10,GON7,KLHL9,BAG4,ARMT1,PCNA,CXADR,CHAMP1,NIPA2,ZNF780A,FGF13,MAPK8IP3
gene_set_query	195	HNF1B	349.3	ARCHS4 Coexpression,487;Enrichr Queries,428;ReMap ChIP-seq,133	CXADR,SEMA3C,BCL11A,CITED2,BHLHE41,ASAP2,ATP1B1,HSD11B1,EHD4,GJB1,C1QTNF1,CDKN2AIPNL,PLS3,SAMD12,TNFRSF21,CDKL1,PTPN3
gene_set_query	196	ZNF470	350.3	ARCHS4 Coexpression,117;Enrichr Queries,210;GTEx Coexpression,724	PIGU,ZNF571,NEGR1,CADM2,BCL11A,CITED2,PGM2L1,HINFP,ZNF829,KBTBD6,BASP1,FGF13,ZNF268,PAFAH1B2,PDZD7,CAPS2,ZNF233
gene_set_query	197	ZNF260	350.3	ARCHS4 Coexpression,548;Enrichr Queries,130;GTEx Coexpression,373	PIGU,FZD3,TMED9,CXADR,BCL11A,CITED2,LANCL1,CYBA,ATP1B1,PGM2L1,DDOST,KLHL9,UBLCP1,GOPC,ZNF268,PAFAH1B2
gene_set_query	198	BACH1	350.5	Literature ChIP-seq,75;ARCHS4 Coexpression,195;ENCODE ChIP-seq,27;Enrichr Queries,475;ReMap ChIP-seq,111;GTEx Coexpression,1220	PIGU,CITED2,BHLHE41,MRPL38,UFSP2,GRIK1,AFF2,GLT1D1,C1QTNF1,BMPER,BASP1,B3GALT2,SAMD12,RFPL1S,SYK,NANOS3,TEX10,MATK,TALDO1,CYBB,ATP1B1,RABGGTA,MAPK8IP3,ITFG1,RAB33B,VSNL1,CDC42EP2,SFT2D1,ZNF233,CDKL1,AMER3,RGS19,TSG101,IGSF6,PCNA,CEBPG,LIN7A,ADCY1,HSD11B1,BAG4,CHN1,CDH22,CHSY3,NCKAP1L,LRRC8B,CCDC77,GPR158,FZD3,MYPOP,SYT1,MTX2,ATRNL1,CMTM6,ATP2B1,SLC6A6,EHD4,KBTBD6,PTPRC,DLG2,ZGLP1,PSMC2,FGF13,CDK5R2,PTPN3
gene_set_query	199	PDX1	352.0	Literature ChIP-seq,120;ARCHS4 Coexpression,60;Enrichr Queries,864;ReMap ChIP-seq,60;GTEx Coexpression,656	MAP10,ZNF395,TENM3,PCNA,CITED2,CLSTN3,BHLHE41,ADK,TM7SF3,C1QTNF1,B3GALT2,KIAA1324,CDH22,CCDC77,KCNH1,TMED9,PTPRN2,SLC6A17,SYT1,SLC2A13,ATP1B1,SLC6A6,SST,PNOC,RIMBP2,ZNF710,CFAP97,CDK5R2,TNFRSF21,PAFAH1B2,PTPN3
gene_set_query	200	ZNF529	353.7	ARCHS4 Coexpression,268;Enrichr Queries,576;GTEx Coexpression,217	AMER3,ZNF571,TMED9,BCL11A,STXBP1,MAPK8IP3,PGM2L1,HINFP,ZNF829,FRRS1L,LYRM7,FGF13,ZNF268,GPR158,PDZD7,CAPS2
gene_set_query	201	ZNF462	353.7	ARCHS4 Coexpression,601;Enrichr Queries,131;GTEx Coexpression,329	FZD3,TMED9,RGS19,SEMA3C,BCL11A,CYBB,CYBA,SORBS2,ATP1B1,SAMSN1,MYO1B,PTPRC,BASP1,FSCN1,NCKAP1L,TNFRSF21,ANKS1B
gene_set_query	202	ADNP	354.5	ARCHS4 Coexpression,55;Enrichr Queries,797;ReMap ChIP-seq,47;GTEx Coexpression,519	MAST3,STXBP1,UBE2Z,OLFML2A,BAG4,AMMECR1L,SAMD12,ZNF268,TBC1D16,GABBR2,MYPOP,CXADR,BCL11A,TEX10,NANOS3,STRBP,CSNK2A2,MATK,RITA1,MAD2L1BP,CYBA,ATP1B1,BRI3BP,SLC6A6,PTPRC,DCX,CCDC22,SRSF6,PAFAH1B2,CDKL1
gene_set_query	203	JUND	356.5	Literature ChIP-seq,140;ARCHS4 Coexpression,1107;ENCODE ChIP-seq,10;Enrichr Queries,291;ReMap ChIP-seq,280;GTEx Coexpression,311	MAP10,MOCS3,CITED2,CLSTN3,PTPRO,KDM8,MRPL38,BHLHE41,CELF4,SLA,UFSP2,UBE2Z,GRM3,NPEPPS,BASP1,CHMP1A,CHAMP1,SLC25A46,KCNH1,DDX18,TMED9,CXADR,SLC6A17,NANOS3,VPS33A,ARHGEF18,NIPA2,ATP1B1,MAPK8IP3,DDOST,CORT,EID2,VSNL1,FSCN1,ZNF710,SRSF6,ZNF233,ZNF395,LRRC8B,PDZD7,SOCS5,MYPOP,NEGR1,MAD2L1BP,AP2B1,KLHL4,RPS26,SLC6A6,MYO1B,KBTBD6,GNAL,LYRM4,UBLCP1,CDKN2AIPNL,SST,PSMC2,LYRM7,LNX1,CPEB2,KBTBD8,CDK5R2,PTPN3
gene_set_query	204	ESR1	357.7	Literature ChIP-seq,52;ARCHS4 Coexpression,413;ENCODE ChIP-seq,80;Enrichr Queries,709;ReMap ChIP-seq,172;GTEx Coexpression,720	PIGU,ARMT1,SEMA3C,ANKRD30B,CITED2,PRKCB,NANOS3,SPNS2,ARHGEF18,SORBS2,UBE2Z,BRI3BP,TMEM121,SLC6A6,TF,C1QTNF1,TSPAN13,OLFML3,KIAA1324,CDH24,PHACTR1,NUDT14,CDKL1,TBC1D16
gene_set_query	205	TERF2	360.3	ARCHS4 Coexpression,266;Enrichr Queries,996;ReMap ChIP-seq,96;GTEx Coexpression,83	ACY3,PIGU,PCNA,CITED2,CEP19,KDM8,CELF4,BHLHE41,ZNF829,LSM11,SV2B,NUP85,SLITRK4,SLC17A7,FSD1,PDZD7,GABRA1,GABBR2,MYPOP,CADM2,PRKCB,HINFP,EID2,KBTBD6,CDKN2AIPNL,LYRM4,LYRM7,ZNF780A,SRSF6,SFT2D1
gene_set_query	206	ZIC3	360.3	Literature ChIP-seq,115;ARCHS4 Coexpression,478;Enrichr Queries,712;GTEx Coexpression,136	AMER3,FZD3,CXADR,ARMT1,TENM3,CLSTN3,BCL11A,STXBP1,DGKA,MAPK8IP3,HINFP,CORT,GAP43,BASP1,CDH22,NNAT,DGCR9,PLS3,FGF13,GABRD,GPR158,PDZD7
gene_set_query	207	NRL	360.7	ARCHS4 Coexpression,46;Enrichr Queries,625;GTEx Coexpression,411	PIGU,BCL11A,CADM2,STXBP1,MRPL38,RITA1,BHLHE41,GRIK1,LIN7A,CWC15,ADCY1,SLC6A6,TF,C1QTNF1,CDKN2AIPNL,SV2B,LYRM7,ZNF385B,SLC17A7,CDK5R2
gene_set_query	208	ONECUT2	361.0	ARCHS4 Coexpression,103;Enrichr Queries,110;GTEx Coexpression,870	FZD3,PTPRN2,CXADR,SYT1,PDE1B,BCL11A,KDM8,CELF4,ADCY1,ATP1B1,PGM2L1,GAP43,GJB1,GNAL,BASP1,DCX,SSBP3,GPR158
gene_set_query	209	MEIS1	362.6	Literature ChIP-seq,73;ARCHS4 Coexpression,639;Enrichr Queries,168;ReMap ChIP-seq,55;GTEx Coexpression,878	CX3CR1,PIGU,IGSF6,CHRM1,SEMA3C,CITED2,KDM8,PTPRO,CEBPG,PLD5,SLA,LIN7A,SAMSN1,LSM11,GNG2,FAM174A,CHN1,PHACTR1,RGS6,PDZD7,FZD3,SYK,SLC6A17,SYT1,BCL11A,ATRNL1,PCDHB15,RITA1,SORBS2,AP2B1,ATP1B1,MAPK8IP3,PGM2L1,ITFG1,SLC6A6,GAP43,DLG2,PTPRC,RGS10,DCX,SRSF6,PDZRN3
gene_set_query	210	MEF2B	363.5	ARCHS4 Coexpression,464;Enrichr Queries,493;ReMap ChIP-seq,3;GTEx Coexpression,494	ZNF395,ACY3,RGS19,IGSF6,MAST3,CITED2,ADK,BHLHE41,PLD4,SAMSN1,AFF2,ZNF385B,NCKAP1L,SYK,PRKCB,BCL11A,LANCL1,RITA1,MAD2L1BP,CYBB,CYBA,NIPA2,BRI3BP,EID2,EHD4,PNOC,FSCN1,RAPGEF5,KBTBD8
gene_set_query	211	DNTTIP1	364.0	ARCHS4 Coexpression,105;GTEx Coexpression,623	TMED9,IGSF6,RGS19,RTF2,MRPL38,RITA1,TALDO1,CYBA,DDOST,GLT1D1,CHMP1A,CDC42EP2,CDK2AP2
gene_set_query	212	ZNF670	364.5	ARCHS4 Coexpression,290;Enrichr Queries,439	PIGU,BAG4,CXADR,ARMT1,CITED2,MTX2,EIF1AX,PSMC2,ACSL3,ATP1B1,KBTBD8
gene_set_query	213	ZFP69B	364.5	ARCHS4 Coexpression,404;GTEx Coexpression,325	KLHL9,SQLE,PCNA,CXADR,KBTBD6,GNG2,PNOC,CHAMP1,NIPA2,BRI3BP
gene_set_query	214	FOXD4L5	366.0	ARCHS4 Coexpression,667;Enrichr Queries,166;GTEx Coexpression,265	TENM3,MCTP1,PTPRN2,SYK,ANKRD30B,NEGR1,BCL11A,SORCS3,BAG4,BASP1,CDC42EP2,LNX1,ZNF780A,FGF13,TBC1D16,CAPS2
gene_set_query	215	ZNF578	366.0	ARCHS4 Coexpression,797;Enrichr Queries,150;GTEx Coexpression,151	PTPRN2,NEGR1,CITED2,CADM2,TEX10,PCDHB15,SORBS2,ASAP2,HINFP,ZNF808,ZNF829,GNAL,OLFML3,GOPC,CFAP97,ZNF268,PDZD7,CDKL1
gene_set_query	216	SATB1	366.3	ARCHS4 Coexpression,682;Enrichr Queries,64;ReMap ChIP-seq,17;GTEx Coexpression,702	MAP10,PIGU,MOCS3,PDE1B,CITED2,AMMECR1L,GNG2,NUP85,BASP1,IDH3B,NCKAP1L,PHACTR1,SAMD12,A2M,GABRD,MYPOP,CXADR,PTPRN2,SYT1,PRKCB,BCL11A,PLEKHG5,ATP1B1,PGM2L1,INPP4A,PTPRC,TSPAN13,CDKN2AIPNL,CDK5R2
gene_set_query	217	ZBTB8B	367.0	ARCHS4 Coexpression,637;GTEx Coexpression,97	PTPRN2,CADM2,NANOS3,CELF4,GRIK1,SORCS3,HINFP,ZNF829,KBTBD6,DLG2,DCX,FSD1,FGF13,PDZD7
gene_set_query	218	ZNF322	367.0	ARCHS4 Coexpression,362;GTEx Coexpression,372	KLHL9,DDX18,SQLE,FZD3,CXADR,CHAMP1,PLS3,CYBA,CFAP97,SOCS5
gene_set_query	219	IRF5	367.3	ARCHS4 Coexpression,143;Enrichr Queries,29;GTEx Coexpression,930	CX3CR1,IGSF6,RGS19,SYK,PRKCB,CYBB,PLD4,TALDO1,CYBA,SAMSN1,AIF1,PTPRC,BASP1,PNOC,RGS10,NCKAP1L
gene_set_query	220	ZNF675	368.0	ARCHS4 Coexpression,605;Enrichr Queries,377;GTEx Coexpression,122	GLTP,PIGU,PCNA,SEMA3C,BCL11A,CITED2,STRBP,DGKA,BRI3BP,SELENOI,PGM2L1,HINFP,SQLE,ZNF829,PAK6,FGF13,ZNF268,TNFRSF21,PDZD7
gene_set_query	221	ZNF138	368.7	ARCHS4 Coexpression,576;Enrichr Queries,285;GTEx Coexpression,245	PIGU,FZD3,CXADR,NEGR1,BCL11A,STRBP,LANCL1,BRI3BP,SELENOI,PGM2L1,GNG2,LYRM7,PAK6,FGF13,SLC25A46
gene_set_query	222	FOXA2	369.0	Literature ChIP-seq,21;ARCHS4 Coexpression,313;ENCODE ChIP-seq,66;Enrichr Queries,885;ReMap ChIP-seq,109;GTEx Coexpression,820	GLTP,PIGU,ACY3,CITED2,CELF4,ADK,NPEPPS,PART1,IDH3B,ZNF385B,PHACTR1,SAMD12,FAM81A,KCNH1,DDX18,TMED9,CXADR,NANOS3,STRBP,ARHGEF18,ACSL3,ATP1B1,MAPK8IP3,RABGGTA,INPP4A,EID2,GAP43,RRAGA,VSNL1,CDC42EP2,ZNF710,KIFC3,RAPGEF5,SRSF6,TNFRSF21,ZNF233,ZNF395,TSG101,RGS19,SEMA3C,PDE1B,PLD5,ADCY1,ASAP2,SELENOI,NUP85,KIAA1324,CCDC77,A2M,PDZD7,TBC1D16,SOCS5,PTPRN2,SYT1,BCL11A,CADM2,SORBS2,ATP2B1,SLC6A6,MYO1B,TF,GJB1,GNAL,TSPAN13,DLG2,PTPRC,LYRM4,STK24,CDKN2AIPNL,LYRM7,PSMC2,LNX1,RGS10
gene_set_query	223	NPAS2	369.0	ARCHS4 Coexpression,338;Enrichr Queries,420;GTEx Coexpression,349	GLTP,ZNF395,CXADR,SEMA3C,SYK,CITED2,SPNS2,BHLHE41,SORBS2,MYO1B,LNX1,PAK6,NCKAP1L,KIFC3,TNFRSF21,NECTIN1,PTPN3
gene_set_query	224	ELF4	371.3	ARCHS4 Coexpression,330;Enrichr Queries,527;GTEx Coexpression,257	SLC6A6,GLT1D1,PTPRC,RGS19,SYK,FSCN1,CYBB,ARHGEF18,NCKAP1L,CYBA,SAMSN1
gene_set_query	225	SOX2	372.0	Literature ChIP-seq,1;ARCHS4 Coexpression,1002;Enrichr Queries,275;ReMap ChIP-seq,77;GTEx Coexpression,505	MOCS3,MCTP1,CITED2,PTPRO,MRPL38,ADK,CELF4,SLA,OLFML2A,SLC4A3,AFF2,GRM3,BMPER,BASP1,FAM174A,PLS3,ZNF385B,PHACTR1,SAMD12,RGS6,ANKS1B,SLC25A46,TMED9,CXADR,SYK,STRBP,SLC2A13,ATP1B1,PGM2L1,GAP43,VSNL1,FSCN1,DCX,ZNF710,CX3CR1,SEMA3C,STXBP1,PLD5,ASAP2,DTX4,TMEM121,GNG2,OLFML3,SLITRK4,CHN1,CDH22,KIAA1324,CHSY3,LONRF2,GPR158,PDZD7,TBC1D16,GABBR2,FZD3,PTPRN2,SYT1,GPR12,NEGR1,CADM2,BCL11A,ATRNL1,CMTM6,SORBS2,AP2B1,CWC15,RPIA,MYO1B,DLG2,TSPAN13,EHD4,GNAL,CDKN2AIPNL,RCAN2,PSMC2,RIMBP2,FGF13,SSBP3,CPEB2,NECTIN1,PTPN3
gene_set_query	226	ZNF234	372.3	ARCHS4 Coexpression,403;Enrichr Queries,222;GTEx Coexpression,492	PIGU,ZNF571,HINFP,KLHL9,ZNF808,ZNF829,LYRM7,CHAMP1,PAK6,FSD1,ZNF780A,ZNF268,PDZD7,ZNF233
gene_set_query	227	LEF1	375.0	ARCHS4 Coexpression,438;Enrichr Queries,416;ReMap ChIP-seq,79;GTEx Coexpression,567	CX3CR1,MIR600HG,RGS19,SEMA3C,CITED2,PRKCB,BCL11A,DGKA,CYBB,ARHGEF18,UFSP2,NIPA2,OLFML2A,ATP1B1,INPP4A,MIR4500HG,PTPRC,VSNL1,BASP1,NCKAP1L,KBTBD8,FAM81A
gene_set_query	228	ZNF157	376.7	ARCHS4 Coexpression,913;Enrichr Queries,86;GTEx Coexpression,131	AMER3,CLSTN3,STXBP1,SORBS2,ADCY1,MAPK8IP3,PGM2L1,HINFP,ZNF829,C1QTNF1,VSNL1,CDH22,DGCR9,PAK6,FGF13,GABRD,GPR158,PDZD7,ANKS1B
gene_set_query	229	KLF7	378.3	ARCHS4 Coexpression,64;Enrichr Queries,529;GTEx Coexpression,542	FZD3,CXADR,SEMA3C,CITED2,BCL11A,STRBP,CELF4,ATP1B1,PGM2L1,SLC6A6,GAP43,GNG2,BASP1,CDC42EP2,DCX,PAK6,KIFAP3,FGF13,SOCS5
gene_set_query	230	ZFP37	379.3	ARCHS4 Coexpression,109;Enrichr Queries,177;GTEx Coexpression,852	PIGU,FZD3,CXADR,SEMA3C,BCL11A,CITED2,SORBS2,ATP1B1,ZNF829,KBTBD6,GNG2,BASP1,DCX,GOPC,SRSF6,FGF13,SOCS5
gene_set_query	231	ZNF569	379.7	ARCHS4 Coexpression,354;Enrichr Queries,183;GTEx Coexpression,602	PIGU,ZNF571,TMED9,CXADR,NEGR1,CYBA,PLD6,CWC15,SQLE,ZNF829,GNG2,ZNF780A,FGF13,ZNF268,ZNF233
gene_set_query	232	ZNF248	379.7	ARCHS4 Coexpression,38;Enrichr Queries,463;GTEx Coexpression,638	AMER3,PIGU,FZD3,BCL11A,CITED2,CADM2,STXBP1,PTPRO,CELF4,ATP1B1,MAPK8IP3,PGM2L1,GAP43,KBTBD6,DLG2,GNG2,FRRS1L,KIFAP3,GABRD,CPEB2,ANKS1B
gene_set_query	233	SMAD1	381.6	Literature ChIP-seq,143;ARCHS4 Coexpression,261;Enrichr Queries,472;ReMap ChIP-seq,107;GTEx Coexpression,925	PIGU,CITED2,CEBPG,UBE2Z,AIF1,BASP1,SLC17A7,SLC25A46,FZD3,PRKCB,BCL11A,NANOS3,TALDO1,ARHGEF18,CYBA,AP2B1,ATP1B1,HINFP,RAB33B,SLC6A6,PTPRC,ZGLP1,PSMC2,FSCN1,CDK2AP2,KIFC3
gene_set_query	234	ZFP82	382.3	ARCHS4 Coexpression,378;Enrichr Queries,273;GTEx Coexpression,496	PIGU,FZD3,CXADR,NEGR1,BCL11A,CITED2,CEBPG,UBE2Z,INPP4A,KLHL9,ZNF829,KBTBD6,GOPC,FGF13,KBTBD8,SOCS5
gene_set_query	235	TCF12	383.0	ARCHS4 Coexpression,278;ENCODE ChIP-seq,40;Enrichr Queries,1084;ReMap ChIP-seq,251;GTEx Coexpression,262	PIGU,RGS19,SEMA3C,CEP19,MRPL38,PLD4,PLD6,GNG2,OLFML3,PDZD7,SOCS5,FZD3,BCL11A,NANOS3,VPS33A,ARHGEF18,CYBA,ATP2B1,ACSL3,NIPA2,MAPK8IP3,RABGGTA,KLHL9,SQLE,RRAGA,GNAL,STK24,FSCN1,DCX,GOPC,CFAP97
gene_set_query	236	MXI1	385.0	ARCHS4 Coexpression,446;ENCODE ChIP-seq,1;Enrichr Queries,690;ReMap ChIP-seq,267;GTEx Coexpression,521	GLTP,ZCCHC12,PIGU,ZNF571,CITED2,YWHAB,MAST3,BHLHE41,UFSP2,ZNF808,NPEPPS,GLT1D1,LSM11,AMMECR1L,EIF1AX,PRKCB,NANOS3,SLC2A13,ARHGEF18,ATP1B1,MAPK8IP3,DDOST,RAB33B,EID2,FSCN1,CDC42EP2,SRSF6,PDZRN3,ZNF233,STXBP1,PLD6,ASAP2,SELENOI,CHN1,CDH24,LRRC8B,PDZD7,FZD3,CADM2,MAD2L1BP,AP2B1,CWC15,HINFP,RPS26,KBTBD6,PTPRC,LYRM4,ZGLP1,FKBP1B,SSBP3
gene_set_query	237	RUNX2	386.0	Literature ChIP-seq,7;ARCHS4 Coexpression,157;Enrichr Queries,1190;ReMap ChIP-seq,145;GTEx Coexpression,431	MOCS3,PLGLB1,CITED2,YWHAB,KDM8,BHLHE41,CELF4,SLA,GRIK1,UFSP2,UBE2Z,OLFML2A,SLC4A3,AFF2,GLT1D1,BMPER,BASP1,PLS3,ZNF385B,PHACTR1,SAMD12,RGS6,ANKS1B,KCNH1,DDX18,SYK,SLC6A17,PRKCB,NANOS3,STRBP,ARHGEF18,ACSL3,SORCS3,INPP4A,EID2,RAPGEF5,SRSF6,CFAP97,PDZRN3,TNFRSF21,RGS19,CEBPG,PLD5,PLD4,ASAP2,PLD6,SAMSN1,AIF1,HSD11B1,OLFML3,SLITRK4,NNAT,NCKAP1L,A2M,LONRF2,SOCS5,PTPRN2,GPR12,ANKRD30B,NEGR1,BCL11A,CADM2,MTX2,RITA1,SORBS2,KLHL9,SLC6A6,MYO1B,PTPRC,GNAL,DLG2,SST,RCAN2,LNX1,RIMBP2,GOPC,CPEB2,KBTBD8,SSBP3,NECTIN1
gene_set_query	238	MEF2A	386.3	Literature ChIP-seq,93;ARCHS4 Coexpression,840;ENCODE ChIP-seq,98;Enrichr Queries,782;ReMap ChIP-seq,68;GTEx Coexpression,437	PIGU,CITED2,KDM8,BHLHE41,ADK,UFSP2,DTX4,NUP85,FAM174A,PLS3,CHSY3,SLC17A7,LRRC8B,DDX18,KCNH3,PRKCB,NANOS3,VPS33A,MAD2L1BP,DYRK1B,CYBB,CYBA,SORBS2,ATP2B1,ATP1B1,RAB33B,INPP4A,SLC6A6,PTPRC,RCAN2,DOLPP1,PSMC2,CFAP97,SFT2D1
gene_set_query	239	ZNF497	386.3	ARCHS4 Coexpression,907;Enrichr Queries,176;GTEx Coexpression,76	MIR600HG,AMER3,PIGU,CLSTN3,CITED2,STXBP1,PLEKHG5,DYRK1B,MAPK8IP3,HINFP,C1QTNF1,ZGLP1,CDH22,DGCR9,GABRD,GPR158,PDZD7,NECTIN1,ZNF233
gene_set_query	240	CREB1	386.7	Literature ChIP-seq,84;ARCHS4 Coexpression,245;ENCODE ChIP-seq,38;Enrichr Queries,765;ReMap ChIP-seq,222;GTEx Coexpression,966	GLTP,ZCCHC12,PIGU,MRPL38,CELF4,UFSP2,TM7SF3,LSM11,FAM174A,CHMP1A,IDH3B,ZNF385B,PHACTR1,KIFAP3,DDX18,TMED9,CXADR,SYK,PRKCB,NANOS3,PLEKHG5,LANCL1,ACSL3,NIPA2,ATP1B1,ITFG1,INPP4A,EID2,FSCN1,SRSF6,CFAP97,PDZRN3,SFT2D1,TNFRSF21,PCNA,TSG101,PDE1B,CEBPG,DTX4,ZNF829,GNG2,CDH22,SLC17A7,LRRC8B,PDZD7,FZD3,MYPOP,ATRNL1,CMTM6,ATP2B1,KLHL4,CWC15,AP2B1,HINFP,RPS26,SLC6A6,MYO1B,PTPRC,KBTBD6,GNAL,EHD4,UBLCP1,STK24,SST,DOLPP1,LYRM7,CDK2AP2,LNX1,CDK5R2,PTPN3
gene_set_query	241	PHOX2B	388.0	ARCHS4 Coexpression,82;Enrichr Queries,255;GTEx Coexpression,827	TENM3,SEMA3C,SYT1,BCL11A,CELF4,RTF2,GRIK1,SORCS3,GAP43,BASP1,RIMBP2,FSCN1,CDH24,FSD1,PDZRN3,SSBP3,CDK5R2,TBC1D16
gene_set_query	242	ZNF627	388.3	ARCHS4 Coexpression,380;Enrichr Queries,195;GTEx Coexpression,590	DDX18,PIGU,FZD3,CXADR,BCL11A,CITED2,PTPRO,SORBS2,ATP1B1,DDOST,KLHL9,TSPAN13,GNG2,CFAP97,ZNF268
gene_set_query	243	OTP	388.7	ARCHS4 Coexpression,485;Enrichr Queries,619;GTEx Coexpression,62	ZCCHC12,PTPRN2,CLSTN3,BCL11A,CELF4,GRIK1,SORCS3,GAP43,KBTBD6,GNG2,SST,BASP1,NNAT,DCX,KIFAP3,CDK5R2
gene_set_query	244	ZNF461	390.0	ARCHS4 Coexpression,922;Enrichr Queries,54;GTEx Coexpression,194	AMER3,PIGU,ZNF571,SEMA3C,CITED2,STXBP1,MAPK8IP3,HINFP,ZNF808,ZNF829,BASP1,NCR3LG1,CDH22,DGCR9,ZNF780A,GABRD,ZNF268,KBTBD8,GPR158,PDZD7
gene_set_query	245	ZBTB3	390.7	ARCHS4 Coexpression,705;Enrichr Queries,296;GTEx Coexpression,171	PIGU,IGSF6,MOCS3,RGS19,BCL11A,CITED2,CEP19,TALDO1,MAD2L1BP,DDOST,HINFP,GLT1D1,ZNF829,LYRM4,CDC42EP2,FSCN1,ZNF780A,PDZD7
gene_set_query	246	GATA4	391.0	Literature ChIP-seq,66;ARCHS4 Coexpression,344;Enrichr Queries,443;ReMap ChIP-seq,73;GTEx Coexpression,1029	ZNF395,ZNF571,CITED2,KDM8,ADK,BHLHE41,ASAP2,SLC4A3,NPEPPS,C1QTNF1,BMPER,FAM174A,IDH3B,CDH24,KIFAP3,PDZD7,RGS6,DDX18,FZD3,CXADR,MYPOP,PTPRN2,BCL11A,SORBS2,ACSL3,ATP1B1,BRI3BP,PGM2L1,RAB33B,RPIA,SQLE,TF,EHD4,GJB1,TSPAN13,CDKN2AIPNL,RCAN2,PSMC2,LNX1,RGS10,RAPGEF5,PDZRN3
gene_set_query	247	LHX9	392.3	ARCHS4 Coexpression,78;Enrichr Queries,711;GTEx Coexpression,388	LINC01197,FZD3,CXADR,SEMA3C,NEGR1,BCL11A,PCDHB15,CELF4,SLC4A3,PGM2L1,GAP43,GNG2,BASP1,DCX,KIFAP3,SSBP3,PDZRN3
gene_set_query	248	TFAP2A	393.8	Literature ChIP-seq,150;ARCHS4 Coexpression,675;ENCODE ChIP-seq,116;Enrichr Queries,715;ReMap ChIP-seq,88;GTEx Coexpression,619	GLTP,ACY3,CHRM1,MAST3,CITED2,KDM8,BHLHE41,CELF4,BASP1,IDH3B,PLS3,PHACTR1,CXADR,NANOS3,VPS33A,CYBA,ACSL3,ATP1B1,MAPK8IP3,RABGGTA,EID2,FSCN1,DCX,KIFC3,ZNF395,PCNA,SEMA3C,PDE1B,CEBPG,TMEM121,BAG4,GNG2,SV2B,SLITRK4,KIAA1324,CDH22,CDH24,ZNF268,PDZD7,TBC1D16,SYT1,BCL11A,AP2B1,RPIA,SLC6A6,DLG2,STK24,FGF13,CPEB2,NECTIN1
gene_set_query	249	ZNF682	395.0	ARCHS4 Coexpression,165;Enrichr Queries,608;GTEx Coexpression,412	MIR600HG,TMED9,CXADR,GPR12,BCL11A,CEP19,UBE2Z,MAPK8IP3,KLHL9,BAG4,CDKN2AIPNL,BASP1,SAMD12,SRSF6,FGF13,GPR158
gene_set_query	250	ZNF397	395.5	ARCHS4 Coexpression,192;GTEx Coexpression,599	KLHL9,ZNF808,ZNF829,FZD3,NEGR1,SLITRK4,PLD5,PAK6,ZNF780A,PDZD7,HINFP
gene_set_query	251	SOX6	396.5	ARCHS4 Coexpression,424;Enrichr Queries,215;ReMap ChIP-seq,195;GTEx Coexpression,752	PIGU,FZD3,TMED9,SYT1,SEMA3C,BCL11A,NANOS3,DYRK1B,MAD2L1BP,SORBS2,CWC15,ATP1B1,UBE2Z,AIF1,ITFG1,HSD11B1,SLC6A6,GNG2,LYRM7,KIAA1324,FSCN1,FGF13,PDZRN3
gene_set_query	252	LMX1A	396.7	ARCHS4 Coexpression,331;Enrichr Queries,281;GTEx Coexpression,578	ZNF571,FZD3,PTPRN2,PTPRO,PLD5,CELF4,SORCS3,PGM2L1,GAP43,C1QTNF1,BASP1,NNAT,RIMBP2,NUDT14,KCNH1
gene_set_query	253	ZNF490	397.0	ARCHS4 Coexpression,777;Enrichr Queries,221;GTEx Coexpression,193	PIGU,IGSF6,RGS19,SYK,SYT1,BCL11A,STXBP1,MAD2L1BP,DYRK1B,NIPA2,ATP1B1,PGM2L1,HINFP,GLT1D1,ZNF829,NCKAP1L,ZNF780A,PDZD7
gene_set_query	254	ZNF575	398.0	ARCHS4 Coexpression,780;Enrichr Queries,266;GTEx Coexpression,148	KRT222,PIGU,MYPOP,RGS19,SEMA3C,MAST3,CITED2,MATK,CYBA,AIF1,DDOST,TMEM121,INPP4A,AMMECR1L,FKBP1B,CDC42EP2,FSCN1
gene_set_query	255	STAT5B	399.0	ARCHS4 Coexpression,288;Enrichr Queries,582;ReMap ChIP-seq,243;GTEx Coexpression,483	PIGU,IGSF6,RGS19,PCNA,MYPOP,SYK,PRKCB,CITED2,RITA1,SLA,ARHGEF18,CYBA,AP2B1,INPP4A,SLC6A6,GLT1D1,PTPRC
gene_set_query	256	ZNF284	399.3	ARCHS4 Coexpression,170;Enrichr Queries,124;GTEx Coexpression,904	PIGU,ZNF571,UBE2Z,PGM2L1,ZNF808,ZNF829,BAG4,LYRM7,ZNF780A,SRSF6,ZNF268,TNFRSF21,PAFAH1B2,PDZD7,ZNF233,CDKL1
gene_set_query	257	FEZF2	399.3	ARCHS4 Coexpression,1157;Enrichr Queries,14;GTEx Coexpression,27	CHRM1,CELF4,ADCY1,SV2B,CHN1,NNAT,SLC17A7,FSD1,FAM81A,GABBR2,KCNH3,FZD3,PTPRN2,SYT1,CADM2,PRKCB,BCL11A,NANOS3,MATK,SORCS3,PGM2L1,GAP43,DLG2,VSNL1,SST,FKBP1B,DCX,FGF13,SSBP3,CDK5R2
gene_set_query	258	HMG20A	399.7	ARCHS4 Coexpression,531;Enrichr Queries,500;GTEx Coexpression,168	MAP10,PIGU,CXADR,MTX2,BCL11A,CITED2,LANCL1,CYBA,CWC15,ATP1B1,SQLE,CDKN2AIPNL,BASP1,LYRM7,KBTBD8,PAFAH1B2,CAPS2,SLC25A46
gene_set_query	259	LHX6	400.7	ARCHS4 Coexpression,30;Enrichr Queries,447;GTEx Coexpression,725	ZCCHC12,MCTP1,CXADR,NEGR1,SYT1,BCL11A,STXBP1,LANCL1,ADCY1,ITFG1,AFF2,KLHL9,C1QTNF1,KBTBD6,GNG2,BASP1,FSCN1,DCX,PLS3,KIFAP3,TBC1D16
gene_set_query	260	ZNF624	401.7	ARCHS4 Coexpression,575;Enrichr Queries,427;GTEx Coexpression,203	PIGU,TMED9,SEMA3C,CITED2,TEX10,KLHL9,ZNF829,FSCN1,DCX,GOPC,CCDC77,KIFAP3,SRSF6,FGF13,CFAP97
gene_set_query	261	NFIA	402.3	ARCHS4 Coexpression,96;Enrichr Queries,295;GTEx Coexpression,816	PIGU,FZD3,CXADR,SEMA3C,GPR12,BCL11A,CITED2,MAD2L1BP,SORBS2,NIPA2,ATP1B1,KBTBD6,DCX,KIFAP3,SRSF6,PDZRN3,PAFAH1B2
gene_set_query	262	MYCL	403.0	ARCHS4 Coexpression,145;GTEx Coexpression,661	GLTP,SLC6A6,GLT1D1,CXADR,STK24,SYK,CYBB,ZNF710,DTX4,SSBP3,NECTIN1
gene_set_query	263	SALL2	403.3	ARCHS4 Coexpression,663;Enrichr Queries,467;GTEx Coexpression,80	AMER3,FZD3,TENM3,CLSTN3,BCL11A,CITED2,STXBP1,CELF4,SORBS2,DTX4,MAPK8IP3,FRRS1L,OLFML3,BASP1,CDH22,DGCR9,GABRD,SSBP3,GPR158,PDZD7
gene_set_query	264	ZNF614	404.5	ARCHS4 Coexpression,236;GTEx Coexpression,573	BAG4,CXADR,ARMT1,CHAMP1,CYBA,FGF13,PAFAH1B2,ZNF233,SLC25A46,SOCS5
gene_set_query	265	ZNF251	405.0	ARCHS4 Coexpression,98;Enrichr Queries,58;GTEx Coexpression,1059	ZNF395,PIGU,CXADR,GPR12,CITED2,CMTM6,TALDO1,SORBS2,CYBA,MAPK8IP3,PGM2L1,DDOST,SQLE,BAG4,C1QTNF1,BASP1,FSCN1,DCX,CDH24,SRSF6,ZNF233
gene_set_query	266	CENPBD1	405.0	ARCHS4 Coexpression,592;GTEx Coexpression,218	MAP10,GON7,ARMT1,MOCS3,LYRM4,CHAMP1,MAD2L1BP,NIPA2,MAPK8IP3,PDZD7
gene_set_query	267	ASCL1	405.3	ARCHS4 Coexpression,1213;Enrichr Queries,68;ReMap ChIP-seq,39;GTEx Coexpression,301	STXBP1,MRPL38,CELF4,ADCY1,TM7SF3,GRM3,C1QTNF1,NNAT,NUDT14,PDZD7,TBC1D16,KRT222,KCNH3,PTPRN2,SLC6A17,SYT1,BCL11A,DYRK1B,CYBA,GAP43,SST,RIMBP2,FSCN1,DCX,CDK5R2
gene_set_query	268	IRF1	406.0	Literature ChIP-seq,95;ARCHS4 Coexpression,497;ENCODE ChIP-seq,92;Enrichr Queries,1135;ReMap ChIP-seq,276;GTEx Coexpression,341	ZNF571,CITED2,CEP19,MRPL38,UFSP2,UBE2Z,GLT1D1,KIFAP3,DDX18,TEX10,VPS33A,LANCL1,CYBB,TALDO1,ARHGEF18,CYBA,ACSL3,ATP1B1,DDOST,RAB33B,INPP4A,RRAGA,EID2,CDC42EP2,FSCN1,ZNF780A,SRSF6,TNFRSF21,IGSF6,RGS19,PCNA,CEBPG,PLD4,PLD6,AIF1,NUP85,CDH24,SLC17A7,LRRC8B,PDZD7,SOCS5,PTPRN2,MAD2L1BP,CWC15,HINFP,RPS26,PTPRC,TSPAN13,LYRM4,UBLCP1,STK24,CDKN2AIPNL,DOLPP1,LYRM7,GOPC,CCDC22,FGF13,SSBP3,PTPN3
gene_set_query	269	NKX22	408.0	ARCHS4 Coexpression,517;GTEx Coexpression,299	PEX5L,TF,AMER3,PTPRN2,SLC2A13,LANCL1,KIAA1324,RIMBP2,RAPGEF5,PAFAH1B2,ANKS1B
gene_set_query	270	ZNF418	410.3	ARCHS4 Coexpression,239;Enrichr Queries,171;GTEx Coexpression,821	PIGU,FZD3,TMED9,CXADR,SYT1,PRKCB,BCL11A,PLEKHG5,SORBS2,UBE2Z,MAPK8IP3,ZNF808,FGF13,GABRD,ZNF233
gene_set_query	271	MITF	412.4	Literature ChIP-seq,50;ARCHS4 Coexpression,258;Enrichr Queries,257;ReMap ChIP-seq,102;GTEx Coexpression,1395	GLTP,PIGU,CHRM1,CITED2,BHLHE41,ADK,CELF4,OLFML2A,C1QTNF1,PART1,IDH3B,PHACTR1,NUDT14,FAM81A,ANKS1B,RFPL1S,SLC25A46,KCNH1,KCNH3,CXADR,SLC6A17,SYK,PRKCB,TEX10,STRBP,VPS33A,DYRK1B,ARHGEF18,ACSL3,MAPK8IP3,RAB33B,FSCN1,KIFC3,ZNF710,SRSF6,PDZRN3,CFAP97,ZNF395,IGSF6,TSG101,SEMA3C,STXBP1,PLD5,PLD6,ASAP2,GNG2,NUP85,KIAA1324,CHN1,CDH22,NNAT,CHSY3,LRRC8B,LONRF2,PDZD7,GPR158,TBC1D16,SOCS5,GABBR2,PTPRN2,BCL11A,CADM2,RITA1,MAD2L1BP,SORBS2,HINFP,RPIA,SLC6A6,PEX5L,TF,GJB1,EHD4,GNAL,DLG2,STK24,ZGLP1,LYRM7,RGS10,CDK2AP2,FGF13,SSBP3
gene_set_query	272	SP110	414.0	ARCHS4 Coexpression,190;Enrichr Queries,879;GTEx Coexpression,173	GLT1D1,IGSF6,PTPRC,RGS19,SYK,CYBB,NCKAP1L,CYBA,SAMSN1
gene_set_query	273	ZNF283	414.3	ARCHS4 Coexpression,768;Enrichr Queries,55;GTEx Coexpression,420	PIGU,ZNF571,SEMA3C,CITED2,HINFP,KLHL9,ZNF808,ZNF829,MYO1B,CHAMP1,GOPC,ZNF780A,ZNF268,PDZD7,SLC25A46,SOCS5,ZNF233
gene_set_query	274	LHX5	415.0	ARCHS4 Coexpression,734;Enrichr Queries,412;GTEx Coexpression,99	ZCCHC12,AMER3,FZD3,PTPRN2,CLSTN3,BCL11A,STXBP1,CELF4,MAPK8IP3,GAP43,BASP1,CDH22,DGCR9,GABRD,SSBP3,GPR158,PDZD7,CDK5R2,NECTIN1
gene_set_query	275	PROX1	415.5	ARCHS4 Coexpression,460;Enrichr Queries,189;ReMap ChIP-seq,128;GTEx Coexpression,885	PIGU,SYT1,SEMA3C,BCL11A,CITED2,NANOS3,KDM8,SPNS2,LANCL1,SORBS2,ATP1B1,HSD11B1,TF,GJB1,C1QTNF1,VSNL1,FSCN1,ZNF710,PDZRN3,PDZD7,NECTIN1
gene_set_query	276	ZNF302	416.0	ARCHS4 Coexpression,328;Enrichr Queries,286;GTEx Coexpression,634	PIGU,NEGR1,BCL11A,CITED2,DGKA,CMTM6,PLD5,CELF4,CWC15,STK24,SLITRK4,GOPC,ZNF780A,ZNF268,PDZD7,CAPS2
gene_set_query	277	TERF1	416.5	ARCHS4 Coexpression,678;Enrichr Queries,464;ReMap ChIP-seq,95;GTEx Coexpression,429	LINC01197,GLTP,ACY3,PIGU,IGSF6,PCNA,MAST3,CITED2,KDM8,PLD5,BAG4,KIAA1324,DDX18,FZD3,CXADR,NEGR1,SYK,PRKCB,EIF1AX,ATP1B1,RABGGTA,INPP4A,EHD4,SSBP3,PAFAH1B2
gene_set_query	278	ZNF281	417.0	ARCHS4 Coexpression,453;Enrichr Queries,710;GTEx Coexpression,88	MAP10,DDX18,ARMT1,CXADR,PCNA,CITED2,EIF1AX,CEP19,MAD2L1BP,LIN7A,NIPA2,ATP1B1,SAMSN1,DDOST,RAB33B,KLHL9,GLT1D1,BAG4,BASP1,CHAMP1
gene_set_query	279	ZNF419	419.7	ARCHS4 Coexpression,411;Enrichr Queries,277;GTEx Coexpression,571	AMER3,PIGU,ZNF571,CEBPG,MAPK8IP3,DDOST,HINFP,ZNF829,LYRM4,ZGLP1,LYRM7,ZNF780A,ZNF268,PDZD7
gene_set_query	280	GRHL2	420.8	Literature ChIP-seq,135;ARCHS4 Coexpression,686;Enrichr Queries,762;ReMap ChIP-seq,74;GTEx Coexpression,447	GLTP,SEMA3C,CITED2,DGKA,BHLHE41,CELF4,C1QTNF1,BASP1,PAK6,CXADR,ANKRD30B,BCL11A,NANOS3,SPNS2,TALDO1,CWC15,ATP1B1,SORCS3,RABGGTA,DDOST,HINFP,KLHL9,SLC6A6,EID2,TSPAN13,STK24,CDK2AP2,TNFRSF21,NECTIN1,PTPN3
gene_set_query	281	SNAI3	422.7	ARCHS4 Coexpression,293;Enrichr Queries,520;GTEx Coexpression,455	SLC6A6,GLT1D1,IGSF6,RGS19,SYK,PRKCB,MATK,FSCN1,CYBA,CCDC22,ATP1B1
gene_set_query	282	HHEX	423.5	ARCHS4 Coexpression,269;Enrichr Queries,83;ReMap ChIP-seq,1;GTEx Coexpression,1341	PCNA,RGS19,CITED2,KDM8,CEBPG,SLA,UBE2Z,SAMSN1,AIF1,OLFML3,BASP1,PART1,A2M,BORCS7,DDX18,MIR600HG,FZD3,CXADR,ARMT1,SYK,PRKCB,CYBB,TALDO1,CYBA,AP2B1,ATP1B1,RABGGTA,RPS26,RPIA,TF,PTPRC,SST,FKBP1B,PSMC2,RGS10,ZNF710
gene_set_query	283	FERD3L	424.3	ARCHS4 Coexpression,131;Enrichr Queries,611;GTEx Coexpression,531	FZD3,CITED2,CELF4,SORCS3,PGM2L1,KLHL9,GAP43,C1QTNF1,LSM11,OLFML3,SST,BASP1,CHAMP1,PDZD7
gene_set_query	284	ZBTB10	425.0	ARCHS4 Coexpression,620;Enrichr Queries,497;GTEx Coexpression,158	LINC01197,GLTP,PIGU,TMED9,BCL11A,CITED2,DGKA,PCDHB15,TALDO1,CYBA,ATP1B1,MYO1B,CHMP1A,CHSY3,SRSF6,CPEB2,NECTIN1
gene_set_query	285	TRERF1	427.0	ARCHS4 Coexpression,303;Enrichr Queries,149;GTEx Coexpression,829	PIGU,PRKCB,BCL11A,CITED2,DGKA,ARHGEF18,SORBS2,RABGGTA,INPP4A,SLC6A6,GLT1D1,PTPRC,BASP1,CHMP1A,FSCN1,NCKAP1L
gene_set_query	286	GATA3	427.2	Literature ChIP-seq,79;ARCHS4 Coexpression,695;ENCODE ChIP-seq,50;Enrichr Queries,453;ReMap ChIP-seq,144;GTEx Coexpression,1142	GLTP,ACY3,SEMA3C,CITED2,BHLHE41,PLD5,OLFML2A,UBE2Z,BAG4,GNG2,SV2B,BASP1,OLFML3,CHMP1A,NNAT,PHACTR1,PDZD7,CXADR,ARMT1,NEGR1,BCL11A,PRKCB,NANOS3,ACSL3,ATP1B1,PGM2L1,SLC6A6,SQLE,MYO1B,RRAGA,KBTBD6,STK24,UBLCP1,LYRM7,FSCN1,RAPGEF5,CFAP97,SSBP3,CDKL1
gene_set_query	287	NFIX	427.7	ARCHS4 Coexpression,345;Enrichr Queries,272;GTEx Coexpression,666	AMER3,PIGU,SEMA3C,CITED2,CLSTN3,STXBP1,ATP1B1,MAPK8IP3,BASP1,CDH22,FSCN1,SLC17A7,GABRD
gene_set_query	288	USF1	428.0	ARCHS4 Coexpression,670;ENCODE ChIP-seq,41;Enrichr Queries,1069;ReMap ChIP-seq,180;GTEx Coexpression,180	PIGU,CITED2,YWHAB,MAST3,MRPL38,BHLHE41,SLA,TM7SF3,GLT1D1,AMMECR1L,IDH3B,CHAMP1,NUDT14,FAM81A,SLC25A46,DDX18,SYK,NANOS3,TEX10,STRBP,SLC2A13,VPS33A,CYBB,DYRK1B,CYBA,ACSL3,RABGGTA,DDOST,PGM2L1,VSNL1,FSCN1,TNFRSF21,CDKL1,IGSF6,RGS19,ZNF2,AIF1,BAG4,CDH22,SLC17A7,LRRC8B,SOCS5,RITA1,HINFP,RPIA,SQLE,PTPRC,ZGLP1,PSMC2,LNX1,CDK2AP2,GOPC,KBTBD8
gene_set_query	289	THAP2	428.3	ARCHS4 Coexpression,569;Enrichr Queries,325;GTEx Coexpression,391	ZNF571,PIGU,FZD3,CXADR,TSG101,BCL11A,CITED2,PLD6,CWC15,PGM2L1,SLC6A6,KBTBD6,GNG2,KBTBD8,ZNF233
gene_set_query	290	ZNF189	429.0	ARCHS4 Coexpression,142;Enrichr Queries,648;GTEx Coexpression,497	PIGU,CITED2,CADM2,SLC2A13,LANCL1,ATP2B1,ATP1B1,SORCS3,PEX5L,GJB1,LSM11,STK24,RAPGEF5,SRSF6
gene_set_query	291	BCL6	429.8	Literature ChIP-seq,85;ARCHS4 Coexpression,719;Enrichr Queries,995;ReMap ChIP-seq,110;GTEx Coexpression,240	MAP10,GLTP,CX3CR1,ZCCHC12,ZNF395,ACY3,IGSF6,RGS19,CITED2,BHLHE41,PLD5,SLA,SAMSN1,HSD11B1,NPEPPS,GLT1D1,BASP1,FAM174A,KIFAP3,NUDT14,FAM81A,ANKS1B,SYK,SLC6A17,GPR12,BCL11A,EIF1AX,NANOS3,RITA1,TALDO1,CYBB,CYBA,SORBS2,ATP1B1,RAB33B,RPS26,SLC6A6,SQLE,PTPRC,EHD4,CDKN2AIPNL,RIMBP2,CDK5R2,TNFRSF21
gene_set_query	292	ZNF415	431.7	ARCHS4 Coexpression,526;Enrichr Queries,155;GTEx Coexpression,614	FZD3,CXADR,CADM2,BCL11A,CITED2,SORBS2,CYBA,AP2B1,UBE2Z,SLC6A6,OLFML3,BASP1,RCAN2,KIFAP3,PDZRN3,ZNF233
gene_set_query	293	KDM5B	432.2	Literature ChIP-seq,123;ARCHS4 Coexpression,336;ENCODE ChIP-seq,34;ReMap ChIP-seq,216;GTEx Coexpression,1452	TENM3,CHRM1,MCTP1,YWHAB,TM7SF3,UBE2Z,ZNF808,NPEPPS,AMMECR1L,CHAMP1,NUDT14,ANKS1B,DDX18,CXADR,EIF1AX,NANOS3,TEX10,CSNK2A2,ARHGEF18,CYBA,ACSL3,DDOST,GAP43,FSCN1,DCX,SRSF6,AMER3,RGS19,TSG101,SEMA3C,DTX4,SELENOI,BAG4,GNG2,NUP85,NCKAP1L,CCDC77,PDZD7,GPR158,TBC1D16,SOCS5,GABBR2,FZD3,MYPOP,SYT1,BCL11A,CADM2,ATRNL1,CMTM6,AP2B1,CWC15,HINFP,RPIA,SQLE,SLC6A6,DLG2,TSPAN13,LYRM4,UBLCP1,CDKN2AIPNL,ZGLP1,RCAN2,FKBP1B,LYRM7,PSMC2,CDK2AP2,RGS10,LNX1,GOPC,FGF13,KBTBD8
gene_set_query	294	FOXP1	432.4	Literature ChIP-seq,44;ARCHS4 Coexpression,412;Enrichr Queries,349;ReMap ChIP-seq,253;GTEx Coexpression,1104	GLTP,PIGU,CITED2,YWHAB,BHLHE41,CELF4,ADK,OLFML2A,TM7SF3,UBE2Z,NPEPPS,GLT1D1,LSM11,BASP1,RGS6,KCNH1,DDX18,TMED9,PRKCB,EIF1AX,VPS33A,NANOS3,TALDO1,ATP1B1,MAPK8IP3,EID2,GAP43,CDC42EP2,FSCN1,PDZRN3,CFAP97,TNFRSF21,CX3CR1,ZNF395,AMER3,PCNA,RGS19,SEMA3C,PDE1B,STXBP1,PLD5,DTX4,SLITRK4,CDH24,SLC17A7,PDZD7,GABBR2,NEGR1,GPR12,SYT1,BCL11A,MTX2,MAD2L1BP,SORBS2,KLHL4,BRI3BP,RPS26,SLC6A6,SQLE,MYO1B,EHD4,CDKN2AIPNL,GOPC,NECTIN1
gene_set_query	295	SOX10	432.5	ARCHS4 Coexpression,580;Enrichr Queries,181;ReMap ChIP-seq,229;GTEx Coexpression,740	PIGU,BCL11A,STXBP1,BHLHE41,ASAP2,OLFML2A,MAPK8IP3,MIR4500HG,PEX5L,GAP43,GJB1,B3GALT2,NNAT,LNX1,LRRC8B,PDZRN3,TBC1D16
gene_set_query	296	ZNF214	434.7	ARCHS4 Coexpression,551;Enrichr Queries,449;GTEx Coexpression,304	PIGU,FZD3,TENM3,CXADR,TSG101,SYT1,SEMA3C,SORBS2,CYBA,KLHL9,OLFML3,GOPC,ZNF268,SOCS5,ANKS1B
gene_set_query	297	ZNF443	435.0	ARCHS4 Coexpression,348;Enrichr Queries,697;GTEx Coexpression,260	PIGU,ZNF571,FZD3,IGSF6,CXADR,BCL11A,CITED2,CEP19,CMTM6,SAMSN1,RAB33B,GLT1D1,BAG4,ZNF780A,SRSF6,PAFAH1B2
gene_set_query	298	OTX2	435.0	ARCHS4 Coexpression,442;Enrichr Queries,878;ReMap ChIP-seq,224;GTEx Coexpression,196	KCNH3,AMER3,FZD3,ZNF571,CXADR,PCNA,SEMA3C,CITED2,BCL11A,STXBP1,SPNS2,MAPK8IP3,HENMT1,CDH22,NNAT,DGCR9,CCDC77,GABRD,KBTBD8,PDZRN3,GPR158,PDZD7
gene_set_query	299	ZNF319	435.3	ARCHS4 Coexpression,267;Enrichr Queries,595;GTEx Coexpression,444	PIGU,IGSF6,RGS19,BCL11A,CITED2,CEP19,SLA,ARHGEF18,CYBA,DDOST,SLC6A6,GLT1D1,FSCN1,ZNF710
gene_set_query	300	ZNF671	435.7	ARCHS4 Coexpression,984;Enrichr Queries,218;GTEx Coexpression,105	MIR600HG,AMER3,PIGU,RGS19,PRKCB,BCL11A,CITED2,BHLHE41,LIN7A,SORBS2,MAPK8IP3,HINFP,INPP4A,GNG2,ZGLP1,CDH22,DGCR9,GABRD,ANKS1B
gene_set_query	301	RXRA	435.7	Literature ChIP-seq,22;ARCHS4 Coexpression,474;ENCODE ChIP-seq,65;Enrichr Queries,824;ReMap ChIP-seq,232;GTEx Coexpression,997	PIGU,ACY3,PCNA,RGS19,CITED2,CLSTN3,STXBP1,KDM8,PLD5,SLC4A3,AIF1,HSD11B1,NPEPPS,GLT1D1,AMMECR1L,NUP85,PAK6,NCKAP1L,FSD1,CCDC77,PDZD7,KRT222,TMED9,MYPOP,PTPRN2,SLC6A17,SYT1,NANOS3,SPNS2,ARHGEF18,CYBA,AP2B1,ACSL3,CWC15,ATP1B1,RAB33B,RPS26,SLC6A6,STK24,CDKN2AIPNL,FSCN1,ZNF710,SSBP3,CDK5R2,PTPN3,CAPS2
gene_set_query	302	ZBTB46	436.0	ARCHS4 Coexpression,291;Enrichr Queries,805;GTEx Coexpression,212	GABBR2,AMER3,CLSTN3,PRKCB,STXBP1,SORBS2,MAPK8IP3,MYO1B,BASP1,CDH22,DGCR9,FSCN1,CDH24,GABRD,SSBP3
gene_set_query	303	ZNF354A	436.0	ARCHS4 Coexpression,166;Enrichr Queries,898;GTEx Coexpression,244	PIGU,IGSF6,RGS19,CXADR,ARMT1,CITED2,BCL11A,CEP19,SLA,SAMSN1,MAPK8IP3,HINFP,SQLE,GLT1D1,BAG4,PTPRC,SRSF6
gene_set_query	304	ETV6	436.3	ARCHS4 Coexpression,680;Enrichr Queries,581;ReMap ChIP-seq,11;GTEx Coexpression,473	PIGU,MOCS3,RGS19,IGSF6,YWHAB,CITED2,RTF2,AIF1,OLFML3,BASP1,NCKAP1L,KIFAP3,SYK,PRKCB,BCL11A,NANOS3,MAD2L1BP,AP2B1,CWC15,HINFP,INPP4A,GON7,SLC6A6,KBTBD6,PTPRC,FSCN1,CFAP97
gene_set_query	305	ZNF404	437.0	ARCHS4 Coexpression,120;Enrichr Queries,251;GTEx Coexpression,940	PIGU,ZNF571,FZD3,CXADR,SEMA3C,NEGR1,CITED2,BHLHE41,SLC4A3,SORCS3,ZNF829,KBTBD6,GNG2,KIFAP3,SRSF6,CAPS2
gene_set_query	306	ZNF222	437.7	ARCHS4 Coexpression,1045;Enrichr Queries,78;GTEx Coexpression,190	PIGU,ZNF571,IGSF6,RGS19,CXADR,SEMA3C,CITED2,CEP19,CEBPG,MAD2L1BP,LIN7A,ATP1B1,SAMSN1,RABGGTA,GLT1D1,ZNF829,ZNF780A,ZNF268,ZNF233
gene_set_query	307	OLIG2	437.8	Literature ChIP-seq,54;ARCHS4 Coexpression,1310;Enrichr Queries,100;GTEx Coexpression,287	ZCCHC12,TSG101,SEMA3C,CITED2,GRIK1,ADCY1,SLC4A3,TM7SF3,OLFML2A,GRM3,BMPER,BASP1,FAM174A,NNAT,GPR158,ANKS1B,DDX18,GABBR2,SYT1,NEGR1,CADM2,PRKCB,BCL11A,LANCL1,SORCS3,RPIA,PEX5L,GAP43,RRAGA,DLG2,CDKN2AIPNL,SST,FSCN1,RIMBP2,DCX,LNX1,RAPGEF5,CDK5R2,PAFAH1B2
gene_set_query	308	SKIL	438.3	ARCHS4 Coexpression,247;Enrichr Queries,785;GTEx Coexpression,283	CXADR,ARMT1,GPR12,BCL11A,CITED2,CSNK2A2,ATP2B1,ATP1B1,BAG4,BASP1,CDH22,PLS3,FSD1,A2M,SRSF6,PAFAH1B2
gene_set_query	309	OLIG3	439.0	ARCHS4 Coexpression,215;Enrichr Queries,408;GTEx Coexpression,694	GLTP,FZD3,PRKCB,BCL11A,CELF4,TM7SF3,DTX4,GAP43,BASP1,CDH22,NNAT,ZNF710,FSD1,SSBP3,NECTIN1
gene_set_query	310	KLF5	439.4	Literature ChIP-seq,60;ARCHS4 Coexpression,908;Enrichr Queries,504;ReMap ChIP-seq,257;GTEx Coexpression,468	GLTP,MCTP1,SEMA3C,CITED2,DGKA,MRPL38,SLA,ASAP2,DTX4,C1QTNF1,BASP1,PHACTR1,PDZD7,RGS6,TBC1D16,KCNH3,CXADR,SYK,SYT1,CADM2,NANOS3,SPNS2,DYRK1B,ARHGEF18,ATP1B1,RAB33B,PEX5L,TF,GAP43,STK24,VSNL1,PNOC,FSCN1,CDK2AP2,PDZRN3,KBTBD8,TNFRSF21,NECTIN1,CAPS2
gene_set_query	311	VENTX	440.3	ARCHS4 Coexpression,629;Enrichr Queries,437;GTEx Coexpression,255	IGSF6,RGS19,BCL11A,MATK,SLA,CYBB,CYBA,AP2B1,AIF1,HINFP,GLT1D1,ZNF829,OLFML3,BASP1,PDZD7
gene_set_query	312	ZNF813	441.0	ARCHS4 Coexpression,567;GTEx Coexpression,315	KLHL9,DDX18,ZNF829,PCNA,CHAMP1,NIPA2,UBE2Z,FGF13,PDZD7,HINFP
gene_set_query	313	CEBPB	441.8	Literature ChIP-seq,97;ARCHS4 Coexpression,528;ENCODE ChIP-seq,32;Enrichr Queries,925;ReMap ChIP-seq,138;GTEx Coexpression,931	GLTP,PIGU,ZNF571,MOCS3,CITED2,ADK,SLA,TM7SF3,ZNF808,GLT1D1,AMMECR1L,BASP1,FAM174A,CHMP1A,KIFAP3,DDX18,TMED9,NANOS3,TEX10,VPS33A,STRBP,PLEKHG5,CYBB,DYRK1B,CYBA,ACSL3,MAPK8IP3,RABGGTA,EID2,CDC42EP2,KIFC3,TNFRSF21,ZNF233,RGS19,IGSF6,PCNA,SEMA3C,STXBP1,CEBPG,ASAP2,DTX4,SAMSN1,SELENOI,BAG4,CDH24,MYPOP,MTX2,CWC15,RPS26,KLHL9,RPIA,SLC6A6,GNAL,EHD4,UBLCP1,CDKN2AIPNL,CDK2AP2,GOPC,CCDC22,CPEB2,KBTBD8
gene_set_query	314	SP140	443.0	ARCHS4 Coexpression,439;Enrichr Queries,236;GTEx Coexpression,654	IGSF6,PTPRC,SYK,PRKCB,PNOC,CYBB,SLA,NCKAP1L,CYBA,SAMSN1,AIF1
gene_set_query	315	GBX2	443.3	Literature ChIP-seq,88;ARCHS4 Coexpression,339;Enrichr Queries,1146;GTEx Coexpression,200	FZD3,TENM3,PDE1B,CADM2,BCL11A,LANCL1,ADK,DTX4,GRM3,CORT,GAP43,BASP1,FSCN1,CDH24,PHACTR1,GPR158,TNFRSF21,ANKS1B,KCNH1
gene_set_query	316	ZNF334	445.0	ARCHS4 Coexpression,178;Enrichr Queries,342;GTEx Coexpression,815	AMER3,FZD3,PTPRN2,CXADR,SYT1,BCL11A,STRBP,PCDHB15,SORBS2,CYBA,ADCY1,MAPK8IP3,SV2B,ZGLP1,SLITRK4,PAFAH1B2
gene_set_query	317	ZBTB7A	445.8	ARCHS4 Coexpression,757;ENCODE ChIP-seq,54;Enrichr Queries,1020;ReMap ChIP-seq,142;GTEx Coexpression,256	GLTP,PIGU,RGS19,CITED2,TM7SF3,SELENOI,NPEPPS,PAK6,SLC17A7,CCDC77,NUDT14,GABRD,KCNH1,MYPOP,PTPRN2,BCL11A,NANOS3,TALDO1,CYBA,ACSL3,ATP1B1,MAPK8IP3,DDOST,INPP4A,RPIA,ZGLP1,FSCN1,CDK2AP2,ZNF710,NECTIN1
gene_set_query	318	ZNF641	446.0	ARCHS4 Coexpression,300;Enrichr Queries,640;GTEx Coexpression,398	SLC6A6,GLT1D1,PIGU,IGSF6,RGS19,PTPRC,CITED2,SLA,CYBB,ATP1B1,CPEB2
gene_set_query	319	ZKSCAN5	446.3	ARCHS4 Coexpression,254;Enrichr Queries,929;GTEx Coexpression,156	PIGU,FZD3,MOCS3,CITED2,VPS33A,MAD2L1BP,PLD6,DDOST,HINFP,ZNF829,HENMT1,NCKAP1L,CCDC77,FGF13,PDZD7,ZNF233
gene_set_query	320	HINFP	446.3	ARCHS4 Coexpression,1150;ReMap ChIP-seq,30;GTEx Coexpression,159	CX3CR1,AMER3,PLEKHG5,VPS33A,CEBPG,MAD2L1BP,UFSP2,PLD6,MAPK8IP3,HINFP,SLC6A6,EID2,ZNF829,UBLCP1,ZGLP1,DOLPP1,CDH22,DGCR9,CDC42EP2,CDK2AP2,CDH24,GABRD,KBTBD8,PDZD7
gene_set_query	321	ZSCAN23	448.0	ARCHS4 Coexpression,251;Enrichr Queries,796;GTEx Coexpression,297	FZD3,CXADR,SEMA3C,NEGR1,ATRNL1,SORBS2,CYBA,KLHL9,KBTBD6,GNG2,OLFML3,CHAMP1,GOPC,ZNF268,SOCS5
gene_set_query	322	ZNF709	448.3	ARCHS4 Coexpression,185;Enrichr Queries,387;GTEx Coexpression,773	PIGU,ZNF571,FZD3,CXADR,BCL11A,PLD6,KLHL9,ZNF829,BAG4,GNG2,PHACTR1,ZNF780A,SRSF6,PAFAH1B2,ZNF233
gene_set_query	323	POU4F1	449.7	ARCHS4 Coexpression,126;Enrichr Queries,426;GTEx Coexpression,797	FZD3,BCL11A,CELF4,CWC15,ADCY1,PGM2L1,GAP43,LSM11,GNG2,BASP1,PNOC,DCX,CCDC77,SSBP3
gene_set_query	324	HBP1	450.0	ARCHS4 Coexpression,310;Enrichr Queries,976;ReMap ChIP-seq,256;GTEx Coexpression,258	PIGU,PTPRN2,TSG101,MYPOP,IGSF6,CADM2,CITED2,CMTM6,CELF4,MRPL38,AP2B1,SAMSN1,DDOST,TMEM121,HINFP,PTPRC,FRRS1L,FSCN1,SAMD12,PDZD7
gene_set_query	325	SOX5	450.0	ARCHS4 Coexpression,97;Enrichr Queries,57;GTEx Coexpression,1196	FZD3,TENM3,CXADR,SYT1,NEGR1,GPR12,BCL11A,ATRNL1,PTPRO,SORBS2,ASAP2,GNG2,DLG2,DCX,PHACTR1,SRSF6,FGF13,PDZRN3,ANKS1B
gene_set_query	326	ZNF501	450.3	ARCHS4 Coexpression,1055;Enrichr Queries,141;GTEx Coexpression,155	DDX18,PIGU,ZNF571,PTPRN2,CXADR,CITED2,PCDHB15,ADCY1,KLHL9,ZNF829,LYRM4,OLFML3,RCAN2,CHAMP1,GOPC,ZNF268,SOCS5
gene_set_query	327	ZNF853	451.0	ARCHS4 Coexpression,349;GTEx Coexpression,553	GRM3,CADM2,CLSTN3,DYRK1B,ADCY1,FGF13,MAPK8IP3,CDK5R2,ANKS1B
gene_set_query	328	ZGLP1	451.5	ARCHS4 Coexpression,793;GTEx Coexpression,110	AMER3,CLSTN3,STXBP1,CELF4,MAPK8IP3,HINFP,FRRS1L,FKBP1B,DGCR9,RGS10,FSD1,PDZD7,RGS6
gene_set_query	329	ZNF721	452.7	ARCHS4 Coexpression,365;Enrichr Queries,951;GTEx Coexpression,42	KRT222,GABRA1,AMER3,TMED9,CXADR,YWHAB,STXBP1,CELF4,CYBA,ADCY1,ATP1B1,MAPK8IP3,SV2B,UBLCP1,FRRS1L,BASP1,CDH22,DGCR9,GABRD,GPR158,PDZD7,PAFAH1B2
gene_set_query	330	JUNB	453.5	ARCHS4 Coexpression,613;Enrichr Queries,760;ReMap ChIP-seq,94;GTEx Coexpression,347	MAP10,LINC01197,RGS19,PRKCB,CITED2,NANOS3,DGKA,MAD2L1BP,CYBA,AP2B1,CWC15,INPP4A,HSD11B1,SLC6A6,KBTBD6,PTPRC,ZGLP1,BASP1,FSCN1,PLS3,LRRC8B,SSBP3
gene_set_query	331	ZNF274	454.8	Literature ChIP-seq,159;ARCHS4 Coexpression,1229;ENCODE ChIP-seq,105;Enrichr Queries,1067;ReMap ChIP-seq,124;GTEx Coexpression,45	ZNF571,TSG101,YWHAB,CITED2,DGKA,ZNF2,TM7SF3,ZNF808,ZNF829,NUP85,CHN1,KIAA1324,PLS3,CCDC77,FAM81A,ZNF268,ANKS1B,PTPRN2,CADM2,SLC2A13,PCDHB15,RITA1,MAD2L1BP,NIPA2,ATP1B1,ITFG1,HINFP,SQLE,FKBP1B,DCX,FSCN1,CDK2AP2,FGF13,CFAP97
gene_set_query	332	ZBTB48	455.0	ARCHS4 Coexpression,329;Enrichr Queries,240;GTEx Coexpression,796	PIGU,RGS19,SYK,CITED2,MAST3,PLEKHG5,TALDO1,ARHGEF18,CYBA,ATP1B1,MAPK8IP3,DDOST,GLT1D1
gene_set_query	333	E2F4	455.3	Literature ChIP-seq,61;ARCHS4 Coexpression,1160;ENCODE ChIP-seq,47;Enrichr Queries,1044;ReMap ChIP-seq,213;GTEx Coexpression,207	GLTP,YWHAB,ADK,TM7SF3,GRM3,CHMP1A,CHAMP1,KIFAP3,FAM81A,RGS6,ANKS1B,KCNH1,TMED9,NANOS3,STRBP,SLC2A13,VPS33A,LANCL1,TALDO1,ARHGEF18,CYBA,NIPA2,ATP1B1,MAPK8IP3,RABGGTA,DDOST,PGM2L1,ITFG1,RAB33B,EID2,FSCN1,CDC42EP2,ZNF710,PAFAH1B2,PCNA,TSG101,PDE1B,STXBP1,CEBPG,PLD6,ASAP2,SELENOI,TMEM121,BAG4,NUP85,KIAA1324,PAK6,SLC17A7,LRRC8B,CCDC77,ZNF268,PDZD7,GPR158,MYPOP,CADM2,ATRNL1,MAD2L1BP,CWC15,BRI3BP,HINFP,RPIA,SLC6A6,DLG2,KBTBD6,EHD4,CDKN2AIPNL,STK24,ZGLP1,CDK2AP2,RGS10,KBTBD8,SSBP3,NECTIN1
gene_set_query	334	ZNF329	455.7	ARCHS4 Coexpression,803;Enrichr Queries,530;GTEx Coexpression,34	KRT222,GABRA1,FZD3,AMER3,PIGU,CLSTN3,CITED2,STXBP1,CELF4,ADCY1,AP2B1,ATP1B1,HINFP,ZNF829,KBTBD6,SV2B,FRRS1L,BASP1,DGCR9,GPR158,TNFRSF21,PDZD7,KCNH1
gene_set_query	335	ZNF441	455.7	ARCHS4 Coexpression,325;Enrichr Queries,358;GTEx Coexpression,684	FZD3,AMER3,PIGU,TMED9,CITED2,GNG2,LSM11,ZNF780A,SRSF6,FGF13,CPEB2,LONRF2,GPR158,CAPS2
gene_set_query	336	MBD2	457.0	ARCHS4 Coexpression,638;Enrichr Queries,541;ReMap ChIP-seq,48;GTEx Coexpression,601	PIGU,CITED2,CELF4,PLD5,PLD4,TMEM121,FRRS1L,BASP1,NNAT,NCKAP1L,GABRD,RFPL1S,HAGLR,GABBR2,SYK,MATK,CYBB,CYBA,ATP2B1,DDOST,SLC6A6,EHD4,STK24,ZGLP1,CDK2AP2,CDK5R2
gene_set_query	337	ZZZ3	457.0	ARCHS4 Coexpression,538;ENCODE ChIP-seq,97;Enrichr Queries,1381;ReMap ChIP-seq,115;GTEx Coexpression,154	DDX18,PIGU,TMED9,CITED2,CYBA,MAPK8IP3,KLHL9,GJB1,OLFML3,BASP1,KIAA1324,CHAMP1,PLS3,GOPC,CFAP97,ZNF268,SSBP3
gene_set_query	338	TET1	457.0	Literature ChIP-seq,63;ARCHS4 Coexpression,873;GTEx Coexpression,435	SEMA3C,PDE1B,CITED2,UBE2Z,GLT1D1,OLFML3,NUP85,CDH22,PAK6,FAM81A,SOCS5,ANKS1B,KCNH1,FZD3,CXADR,SLC6A17,BCL11A,ATRNL1,TALDO1,CYBA,ACSL3,PGM2L1,RAB33B,KLHL9,MYO1B,STK24,CDKN2AIPNL,RIMBP2,GOPC,KIFC3,PDZRN3,SSBP3,CDK5R2,CDKL1,PTPN3
gene_set_query	339	GCM2	458.0	ARCHS4 Coexpression,465;Enrichr Queries,618;GTEx Coexpression,291	MIR600HG,C1QTNF1,SYK,RCAN2,CELF4,NCKAP1L,ACSL3,RAPGEF5,ATP1B1,FGF13,PDZRN3,ANKS1B
gene_set_query	340	STAT1	458.3	Literature ChIP-seq,91;ARCHS4 Coexpression,732;ENCODE ChIP-seq,25;Enrichr Queries,1180;ReMap ChIP-seq,59;GTEx Coexpression,663	ZNF571,MRPL38,UFSP2,UBE2Z,ZNF808,BASP1,CHAMP1,IDH3B,SLC25A46,KRT222,TMED9,SYK,PRKCB,NANOS3,TEX10,LANCL1,CYBB,TALDO1,ARHGEF18,NIPA2,RABGGTA,ITFG1,DDOST,RAB33B,EID2,GAP43,CDC42EP2,FSCN1,ZNF710,ZNF780A,ZNF233,ZNF395,PCNA,DTX4,HSD11B1,NNAT,NCKAP1L,SLC17A7,LRRC8B,LONRF2,PDZD7,TBC1D16,SOCS5,BCL11A,CADM2,RPIA,SLC6A6,PTPRC,KBTBD6,DLG2,CDKN2AIPNL,ZGLP1,PNOC,RGS10
gene_set_query	341	MAX	459.4	ARCHS4 Coexpression,792;ENCODE ChIP-seq,6;Enrichr Queries,801;ReMap ChIP-seq,214;GTEx Coexpression,484	PIGU,ZNF571,MOCS3,CITED2,CLSTN3,UFSP2,FAM174A,IDH3B,NUDT14,RGS6,SLC25A46,TMED9,CXADR,SYK,PRKCB,NANOS3,TALDO1,ARHGEF18,CYBA,NIPA2,MAPK8IP3,RABGGTA,DDOST,EID2,FSCN1,TNFRSF21,RGS19,PCNA,CEBPG,ZNF829,NUP85,CDH24,SLC17A7,CCDC77,LRRC8B,PDZD7,FZD3,ATRNL1,SQLE,PTPRC,EHD4,LYRM4,UBLCP1,STK24,CDKN2AIPNL,ZGLP1,DOLPP1,RGS10,CCDC22
gene_set_query	342	ZBTB12	460.0	ARCHS4 Coexpression,910;Enrichr Queries,204;GTEx Coexpression,266	PIGU,CITED2,BCL11A,AP2B1,DDOST,KLHL9,OLFML3,NNAT,CHAMP1,FSCN1,CDH24,GOPC,TBC1D16
gene_set_query	343	ZNF653	460.3	ARCHS4 Coexpression,857;Enrichr Queries,343;GTEx Coexpression,181	AMER3,CITED2,STXBP1,ARHGEF18,PLD6,MAPK8IP3,DDOST,HINFP,CDH22,CHMP1A,DGCR9,CDC42EP2,FSCN1,GABRD
gene_set_query	344	ZEB1	461.0	ARCHS4 Coexpression,507;ENCODE ChIP-seq,22;Enrichr Queries,1207;ReMap ChIP-seq,209;GTEx Coexpression,360	GLTP,ACY3,PIGU,ZNF571,RGS19,SEMA3C,MAST3,MRPL38,AFF2,OLFML3,KIAA1324,LRRC8B,ZNF268,NUDT14,SOCS5,TMED9,FZD3,MYPOP,CXADR,NEGR1,SYK,NANOS3,VPS33A,TALDO1,CYBA,EHD4,CDKN2AIPNL,FSCN1,KIFC3,PDZRN3,PAFAH1B2,NECTIN1
gene_set_query	345	HAND1	461.3	ARCHS4 Coexpression,311;Enrichr Queries,637;GTEx Coexpression,436	TENM3,SEMA3C,BCL11A,SORBS2,OLFML2A,MYO1B,BMPER,OLFML3,NNAT,RGS10,FSCN1,PLS3,CDH24,PDZRN3
gene_set_query	346	AIRE	461.7	ARCHS4 Coexpression,914;Enrichr Queries,436;GTEx Coexpression,35	KRT222,ZCCHC12,PTPRN2,PRKCB,BCL11A,SLC2A13,CELF4,GRIK1,SORCS3,PGM2L1,GRM3,GAP43,KBTBD6,DLG2,CDKN2AIPNL,HENMT1,BASP1,DCX,CHAMP1,FSD1,KIFAP3,CDK5R2
gene_set_query	347	AHR	461.8	Literature ChIP-seq,11;ARCHS4 Coexpression,502;Enrichr Queries,326;ReMap ChIP-seq,40;GTEx Coexpression,1430	MAP10,ACY3,MOCS3,SEMA3C,CITED2,ADK,LIN7A,SLC4A3,NPEPPS,SV2B,OLFML3,BASP1,CDH22,NNAT,PHACTR1,SAMD12,PDZD7,MYPOP,ARMT1,PTPRN2,SYK,PRKCB,CMTM6,DYRK1B,CYBB,ATP1B1,MAPK8IP3,RABGGTA,SQLE,MYO1B,TSPAN13,EHD4,DLG2,SRSF6,PDZRN3,TNFRSF21
gene_set_query	348	NFYB	461.8	ARCHS4 Coexpression,1122;ENCODE ChIP-seq,96;Enrichr Queries,220;ReMap ChIP-seq,155;GTEx Coexpression,716	ZCCHC12,PIGU,PCNA,MAST3,CITED2,CLSTN3,CEBPG,BAG4,SLC17A7,NCKAP1L,CCDC77,FAM81A,PDZD7,SOCS5,CXADR,NEGR1,BCL11A,MTX2,EIF1AX,SPNS2,LANCL1,RITA1,DYRK1B,TALDO1,CYBB,ATP2B1,ACSL3,CWC15,ATP1B1,DDOST,HINFP,DLG2,EHD4,TSPAN13,CDK2AP2,CDC42EP2,ZNF780A,SRSF6,PDZRN3,SSBP3,PAFAH1B2
gene_set_query	349	RFX3	462.7	ARCHS4 Coexpression,324;Enrichr Queries,227;GTEx Coexpression,837	PIGU,FZD3,CHRM1,NEGR1,BCL11A,CITED2,SORBS2,AP2B1,ATP2B1,INPP4A,GNG2,LRRC8B,LONRF2,CAPS2
gene_set_query	350	SOX12	463.7	ARCHS4 Coexpression,457;Enrichr Queries,224;GTEx Coexpression,710	PIGU,BCL11A,CITED2,PLD6,MAPK8IP3,DDOST,ZGLP1,BASP1,FSCN1,CDH24,SSBP3,NECTIN1,TBC1D16
gene_set_query	351	ZNF549	464.0	ARCHS4 Coexpression,535;Enrichr Queries,615;GTEx Coexpression,242	AMER3,PIGU,TMED9,STXBP1,CEP19,MAPK8IP3,HINFP,ZNF829,CDKN2AIPNL,BASP1,CDH22,DGCR9,FGF13,GABRD,GPR158,PDZD7
gene_set_query	352	ZIC2	464.3	ARCHS4 Coexpression,472;Enrichr Queries,795;GTEx Coexpression,126	AMER3,FZD3,CXADR,CLSTN3,BCL11A,CITED2,STXBP1,MAPK8IP3,BAG4,CDH22,NNAT,DGCR9,FSCN1,SRSF6,GABRD,GPR158,PDZD7,PAFAH1B2
gene_set_query	353	LHX3	464.7	ARCHS4 Coexpression,213;Enrichr Queries,407;GTEx Coexpression,774	PTPRN2,PCNA,ADCY1,BRI3BP,C1QTNF1,OLFML3,NNAT,CDH22,RIMBP2,PAK6,CDH24,NUDT14,LONRF2,CDK5R2
gene_set_query	354	TIGD6	465.7	ARCHS4 Coexpression,746;Enrichr Queries,369;GTEx Coexpression,282	DDX18,PIGU,MOCS3,SEMA3C,CITED2,CLSTN3,CWC15,MAPK8IP3,KLHL9,STK24,KIAA1324,CHAMP1,GOPC,ZNF268,CPEB2
gene_set_query	355	ZFP92	466.0	ARCHS4 Coexpression,1092;Enrichr Queries,146;GTEx Coexpression,160	GLTP,CXADR,MCTP1,CLSTN3,PRKCB,DGKA,LIN7A,NIPA2,ADCY1,AFF2,INPP4A,C1QTNF1,NCR3LG1,RCAN2,CDH22,DCX,SAMD12,CPEB2
gene_set_query	356	TP63	467.0	Literature ChIP-seq,20;ARCHS4 Coexpression,516;Enrichr Queries,979;ReMap ChIP-seq,178;GTEx Coexpression,642	GLTP,MAP10,ACY3,MCTP1,MAST3,ADK,SLC4A3,NPEPPS,BMPER,FAM174A,PART1,SAMD12,NUDT14,FAM81A,TMED9,CXADR,SYK,NANOS3,TEX10,SLC2A13,PLEKHG5,SPNS2,ARHGEF18,ACSL3,ATP1B1,RABGGTA,MAPK8IP3,ITFG1,RAB33B,INPP4A,CORT,VSNL1,FSCN1,ZNF710,RAPGEF5,PDZRN3,SFT2D1,TNFRSF21,AMER3,SEMA3C,CEBPG,PLD5,PLD6,ASAP2,SAMSN1,SELENOI,PAK6,CHSY3,LONRF2,TBC1D16,BCL11A,MTX2,CMTM6,SLC6A6,SQLE,MYO1B,PEX5L,GJB1,EHD4,KBTBD6,GNAL,DLG2,STK24,CDKN2AIPNL,CDK2AP2,LNX1,GOPC,NECTIN1,PTPN3
gene_set_query	357	ZNF425	467.0	ARCHS4 Coexpression,386;Enrichr Queries,537;GTEx Coexpression,478	PIGU,MYPOP,CITED2,RITA1,DYRK1B,SORBS2,PGM2L1,HINFP,RRAGA,EID2,ZNF829,LYRM4,FGF13,PDZD7,SLC25A46
gene_set_query	358	IKZF3	468.0	ARCHS4 Coexpression,393;Enrichr Queries,180;GTEx Coexpression,831	INPP4A,PCNA,PTPRC,SYK,PRKCB,BCL11A,PNOC,CYBB,NCKAP1L,SAMSN1,BRI3BP
gene_set_query	359	ZNF286A	469.7	ARCHS4 Coexpression,161;Enrichr Queries,444;GTEx Coexpression,804	PIGU,CXADR,BCL11A,CITED2,CSNK2A2,PGM2L1,KLHL9,BAG4,DCX,GOPC,SRSF6,ZNF268,PAFAH1B2,SOCS5
gene_set_query	360	ZNF607	471.0	ARCHS4 Coexpression,521;Enrichr Queries,120;GTEx Coexpression,772	PIGU,ZNF571,FZD3,CXADR,SEMA3C,GPR12,BCL11A,CYBA,PLD6,ZNF829,KBTBD6,ZNF780A,ZNF268,TNFRSF21,ZNF233
gene_set_query	361	PAX1	471.3	ARCHS4 Coexpression,188;Enrichr Queries,604;GTEx Coexpression,622	PTPRN2,SYK,BCL11A,CDH22,CELF4,CDH24,ACSL3,RAPGEF5,ATP1B1,FGF13,CAPS2
gene_set_query	362	VSX2	471.3	ARCHS4 Coexpression,489;Enrichr Queries,866;GTEx Coexpression,59	MCTP1,GPR12,SLC6A17,PDE1B,CADM2,BCL11A,LANCL1,CELF4,ADCY1,SORCS3,DTX4,GRM3,GNAL,DLG2,C1QTNF1,SV2B,DCX,RAPGEF5,SSBP3,ANKS1B
gene_set_query	363	ZNF276	472.0	ARCHS4 Coexpression,428;Enrichr Queries,594;GTEx Coexpression,394	PIGU,GLT1D1,PTPRC,RGS19,SYK,DGKA,FSCN1,ARHGEF18,CYBA,CCDC22,MAPK8IP3,DDOST
gene_set_query	364	FBXL19	472.5	ARCHS4 Coexpression,808;GTEx Coexpression,137	KCNH3,GAP43,DLG2,CLSTN3,NANOS3,CHN1,CELF4,FSCN1,PAK6,FSD1,MAPK8IP3,CDK5R2
gene_set_query	365	HDX	473.0	ARCHS4 Coexpression,163;Enrichr Queries,1048;GTEx Coexpression,208	LINC01197,FZD3,CXADR,SYT1,NEGR1,PLD5,AFF2,KLHL9,GNG2,RCAN2,DCX,PLS3,CHSY3,FGF13,CFAP97,PAFAH1B2,SOCS5
gene_set_query	366	SOX9	473.6	Literature ChIP-seq,77;ARCHS4 Coexpression,658;Enrichr Queries,749;ReMap ChIP-seq,136;GTEx Coexpression,748	ACY3,PCNA,SEMA3C,CITED2,CLSTN3,DGKA,BHLHE41,ADCY1,DTX4,UBE2Z,GRM3,GNG2,BASP1,PLS3,GABRD,PDZD7,GPR158,KRT222,KCNH3,FZD3,MYPOP,SYT1,CADM2,NANOS3,TALDO1,CYBA,ACSL3,ATP1B1,SORCS3,MAPK8IP3,RAB33B,SLC6A6,PTPRC,GNAL,PNOC,CDC42EP2,CDK2AP2,FGF13,CPEB2,NECTIN1
gene_set_query	367	ETV5	473.7	ARCHS4 Coexpression,954;Enrichr Queries,323;GTEx Coexpression,144	KCNH3,PTPRN2,SLC6A17,SEMA3C,CITED2,CELF4,ACSL3,ATP1B1,DLG2,TSPAN13,PTPRC,BASP1,RIMBP2,FSCN1,NUDT14,CDK5R2,TNFRSF21,TBC1D16
gene_set_query	368	STAT6	474.8	Literature ChIP-seq,118;ARCHS4 Coexpression,297;Enrichr Queries,1031;GTEx Coexpression,453	RGS19,PTPRN2,SYK,CADM2,CITED2,BCL11A,MAST3,CELF4,ARHGEF18,SLA,CYBA,CWC15,SLC6A6,GLT1D1,LYRM7,CHN1,KIFAP3
gene_set_query	369	SKI	475.0	ARCHS4 Coexpression,783;GTEx Coexpression,167	AMER3,CLSTN3,STXBP1,NCR3LG1,PLEKHG5,CDH22,PLD5,FSCN1,MAPK8IP3,GABRD
gene_set_query	370	PKNOX1	475.3	ARCHS4 Coexpression,534;Enrichr Queries,792;ReMap ChIP-seq,85;GTEx Coexpression,490	PIGU,PRKCB,CLSTN3,CITED2,CEP19,NANOS3,DGKA,LIN7A,PLD6,AP2B1,HINFP,SLC6A6,ZNF829,TSPAN13,LYRM4,ZGLP1,FSCN1,CDK2AP2,SLC17A7,PDZD7
gene_set_query	371	HES3	476.3	ARCHS4 Coexpression,1180;Enrichr Queries,200;GTEx Coexpression,49	KRT222,GABRA1,GABBR2,AMER3,PTPRN2,CLSTN3,BCL11A,STXBP1,CELF4,MATK,KBTBD6,C1QTNF1,SV2B,CDH22,DGCR9,FSCN1,FSD1,GABRD,CDK5R2,NECTIN1
gene_set_query	372	ETS1	476.5	Literature ChIP-seq,99;ARCHS4 Coexpression,452;ENCODE ChIP-seq,26;Enrichr Queries,752;ReMap ChIP-seq,287;GTEx Coexpression,1243	GLTP,ZNF571,PIGU,RGS19,CITED2,DGKA,MRPL38,ZNF2,SELENOI,BAG4,BASP1,NUP85,FAM174A,CHMP1A,CHAMP1,IDH3B,NCKAP1L,SLC17A7,FSD1,CCDC77,ZNF268,PDZD7,DDX18,TMED9,PRKCB,NANOS3,ARHGEF18,MAD2L1BP,NIPA2,AP2B1,RABGGTA,PGM2L1,RPIA,INPP4A,RPS26,EHD4,PTPRC,KBTBD6,CDKN2AIPNL,LYRM7,FSCN1,GOPC,KIFC3,CCDC22,CFAP97,KBTBD8,PAFAH1B2,ZNF233
gene_set_query	373	PRDM5	477.3	Literature ChIP-seq,78;ARCHS4 Coexpression,794;Enrichr Queries,638;GTEx Coexpression,399	LINC01197,PIGU,ZNF395,SEMA3C,CITED2,SELENOI,BAG4,BASP1,PAK6,PLS3,TEX10,PCDHB15,MAD2L1BP,SORBS2,BRI3BP,KLHL9,SQLE,RRAGA,GJB1,TSPAN13,LYRM4,DOLPP1,PSMC2,ZNF780A,FGF13,CAPS2
gene_set_query	374	SIM1	478.0	ARCHS4 Coexpression,326;Enrichr Queries,909;GTEx Coexpression,199	PTPRN2,SEMA3C,CITED2,SLC2A13,KLHL9,MYO1B,BMPER,OLFML3,RCAN2,KIAA1324,CHAMP1,RIMBP2,GOPC,TBC1D16,PTPN3
gene_set_query	375	SMAD3	479.0	Literature ChIP-seq,70;ARCHS4 Coexpression,590;Enrichr Queries,971;ReMap ChIP-seq,156;GTEx Coexpression,608	SEMA3C,CITED2,PTPRO,MRPL38,CELF4,UBE2Z,SAMSN1,HSD11B1,GLT1D1,GNG2,SV2B,CDH22,NNAT,CDH24,ZNF385B,FSD1,ANKS1B,PRKCB,NANOS3,AP2B1,KLHL4,ATP1B1,MAPK8IP3,INPP4A,RPIA,SLC6A6,MYO1B,EHD4,KBTBD6,FSCN1,LNX1,FGF13,PDZRN3,SSBP3,TNFRSF21
gene_set_query	376	ZNF713	479.7	ARCHS4 Coexpression,764;Enrichr Queries,333;GTEx Coexpression,342	PIGU,SEMA3C,BCL11A,LANCL1,BHLHE41,SORBS2,AP2B1,DDOST,HINFP,PEX5L,ZNF829,LYRM7,PDZD7,ANKS1B
gene_set_query	377	THAP8	480.7	ARCHS4 Coexpression,483;Enrichr Queries,588;GTEx Coexpression,371	PIGU,TSG101,BCL11A,CITED2,MTX2,VPS33A,RTF2,DDOST,TSPAN13,DOLPP1,RGS10,FSCN1,CDK2AP2,PDZRN3,NUDT14
gene_set_query	378	BHLHE40	480.8	ARCHS4 Coexpression,970;ENCODE ChIP-seq,5;ReMap ChIP-seq,244;GTEx Coexpression,704	ZNF395,RGS19,TSG101,SEMA3C,MAST3,CEP19,MRPL38,BHLHE41,UFSP2,TM7SF3,UBE2Z,SAMSN1,ZNF808,NUP85,B3GALT2,NCKAP1L,FSD1,KIFAP3,NUDT14,PDZD7,ANKS1B,FZD3,NANOS3,TALDO1,MAD2L1BP,ARHGEF18,CYBA,AP2B1,NIPA2,CWC15,MAPK8IP3,RABGGTA,RPS26,RPIA,EID2,KBTBD6,EHD4,TSPAN13,STK24,CDKN2AIPNL,ZGLP1,LYRM7,FSCN1,LNX1,TNFRSF21
gene_set_query	379	NKX31	481.5	ARCHS4 Coexpression,210;GTEx Coexpression,753	CHRM1,SLITRK4,PART1,PLD5,ZNF385B,ACSL3,PDZD7,CDKL1,PTPN3
gene_set_query	380	RELA	481.5	Literature ChIP-seq,132;ARCHS4 Coexpression,1322;ENCODE ChIP-seq,28;Enrichr Queries,1057;ReMap ChIP-seq,261;GTEx Coexpression,89	PIGU,CITED2,CELF4,MRPL38,ADK,UBE2Z,TM7SF3,C1QTNF1,FRRS1L,FAM174A,KIFAP3,SAMD12,ANKS1B,SLC25A46,DDX18,TMED9,NANOS3,CYBA,MAPK8IP3,RABGGTA,DDOST,ITFG1,RAB33B,EID2,FSCN1,ZNF780A,SRSF6,TNFRSF21,PCNA,TSG101,DTX4,ZNF829,BAG4,NUP85,FSD1,SOCS5,PTPRN2,SYT1,CADM2,AP2B1,BRI3BP,RPS26,RPIA,SQLE,SLC6A6,TF,KBTBD6,DLG2,GJB1,GNAL,LYRM4,CDKN2AIPNL,ZGLP1,GOPC,CDK5R2
gene_set_query	381	ZNF408	481.7	ARCHS4 Coexpression,83;Enrichr Queries,536;GTEx Coexpression,826	PIGU,TMED9,MOCS3,CITED2,MRPL38,RITA1,MAD2L1BP,TALDO1,CYBA,DDOST,CHMP1A,CDC42EP2,IDH3B,CDK2AP2,CCDC22
gene_set_query	382	SETBP1	482.3	ARCHS4 Coexpression,322;Enrichr Queries,140;GTEx Coexpression,985	LINC01197,PIGU,FZD3,SEMA3C,PRKCB,BCL11A,CITED2,ATRNL1,SORBS2,AFF2,KBTBD6,GNG2,DCX,PDZRN3
gene_set_query	383	NEUROG3	482.3	ARCHS4 Coexpression,901;Enrichr Queries,431;GTEx Coexpression,115	PTPRN2,YWHAB,BCL11A,ATP1B1,BRI3BP,PGM2L1,DLG2,C1QTNF1,SST,CHN1,FKBP1B,LNX1,SLC17A7,LRRC8B,FGF13,SSBP3,CDK5R2
gene_set_query	384	HES6	482.3	ARCHS4 Coexpression,1110;Enrichr Queries,174;GTEx Coexpression,163	KCNH3,FZD3,PTPRN2,PCNA,CITED2,NANOS3,ATP1B1,DDOST,SQLE,PEX5L,NNAT,RIMBP2,FSCN1,NUDT14,SSBP3,CDK5R2
gene_set_query	385	ZNF680	483.3	ARCHS4 Coexpression,359;Enrichr Queries,791;GTEx Coexpression,300	PIGU,TMED9,SEMA3C,CADM2,BCL11A,BHLHE41,ARHGEF18,CYBA,PGM2L1,GRM3,LYRM7,CHMP1A,SRSF6,BORCS7,ANKS1B
gene_set_query	386	RBPJ	484.6	Literature ChIP-seq,130;ARCHS4 Coexpression,566;Enrichr Queries,786;ReMap ChIP-seq,186;GTEx Coexpression,755	IGSF6,PCNA,RGS19,CITED2,MRPL38,PLD4,DTX4,BAG4,GNG2,BMPER,BASP1,CDH24,SLC17A7,PHACTR1,FSD1,TBC1D16,KRT222,TMED9,CXADR,MTX2,PRKCB,NANOS3,RITA1,MATK,ATP1B1,INPP4A,RPS26,SLC6A6,TF,DLG2,UBLCP1,DOLPP1,SRSF6,PAFAH1B2,CDK5R2,TNFRSF21
gene_set_query	387	ZNF101	485.0	ARCHS4 Coexpression,826;Enrichr Queries,398;GTEx Coexpression,231	PIGU,IGSF6,RGS19,SYK,BCL11A,STRBP,SLA,CYBA,HINFP,ZNF829,PTPRC,NCKAP1L,KBTBD8,PDZD7
gene_set_query	388	ZKSCAN1	485.8	ARCHS4 Coexpression,314;ENCODE ChIP-seq,74;Enrichr Queries,1374;ReMap ChIP-seq,185;GTEx Coexpression,482	PIGU,FZD3,CXADR,MYPOP,RGS19,PTPRN2,NANOS3,MRPL38,TALDO1,CYBA,BRI3BP,SLC6A6,GJB1,ZGLP1,DOLPP1,KIAA1324,FSCN1,SLC17A7,SRSF6,NUDT14,PDZD7,PTPN3
gene_set_query	389	ZNF746	486.0	ARCHS4 Coexpression,664;Enrichr Queries,293;GTEx Coexpression,501	SLC6A6,GLT1D1,PIGU,IGSF6,RGS19,CITED2,BASP1,CEP19,FSCN1,SLA,CYBA,DDOST
gene_set_query	390	ZNF781	486.3	ARCHS4 Coexpression,1138;Enrichr Queries,147;GTEx Coexpression,174	AMER3,PIGU,ZNF571,NEGR1,BCL11A,STXBP1,SORBS2,MAPK8IP3,ZNF829,GNG2,CDH22,DGCR9,GABRD,LONRF2,PDZRN3,GPR158,PDZD7
gene_set_query	391	ZNF468	486.3	ARCHS4 Coexpression,762;Enrichr Queries,71;GTEx Coexpression,626	PIGU,SEMA3C,CITED2,CLSTN3,NIPA2,ATP2B1,ATP1B1,MAPK8IP3,PGM2L1,KLHL9,ZNF808,CHAMP1,FSCN1,ZNF780A,ZNF268,TNFRSF21
gene_set_query	392	TBP	487.0	Literature ChIP-seq,146;ARCHS4 Coexpression,546;ENCODE ChIP-seq,53;ReMap ChIP-seq,264;GTEx Coexpression,1426	ZCCHC12,CITED2,DGKA,CEBPG,MRPL38,UFSP2,GRM3,ZNF829,BAG4,AMMECR1L,NUP85,BASP1,CDH24,SLC17A7,CCDC77,PDZD7,CXADR,SYK,NANOS3,SLC2A13,MATK,TALDO1,MAD2L1BP,KLHL4,CWC15,AP2B1,MAPK8IP3,HINFP,RAB33B,SLC6A6,KBTBD6,GNAL,ZGLP1,DOLPP1,PSMC2,FSCN1,LNX1,ZNF710,FGF13,SRSF6,KBTBD8,CPEB2,PAFAH1B2
gene_set_query	393	GTF2IRD1	488.0	ARCHS4 Coexpression,208;GTEx Coexpression,768	NPEPPS,GLT1D1,PTPRC,RGS19,SYK,PRKCB,PSMC2,CMTM6,CYBA,PTPN3
gene_set_query	394	ZNF431	488.7	ARCHS4 Coexpression,414;Enrichr Queries,566;GTEx Coexpression,486	GLTP,PIGU,CXADR,BCL11A,DGKA,STRBP,RABGGTA,PGM2L1,HINFP,NPEPPS,ZNF829,STK24,LYRM7,FGF13,PDZD7
gene_set_query	395	ZNF717	488.7	ARCHS4 Coexpression,368;Enrichr Queries,400;GTEx Coexpression,698	DDX18,PIGU,SEMA3C,NEGR1,CITED2,ATRNL1,SORBS2,KLHL9,LYRM7,CHAMP1,ZNF780A,FGF13,ZNF268,CAPS2
gene_set_query	396	SATB2	489.0	ARCHS4 Coexpression,22;Enrichr Queries,35;GTEx Coexpression,1410	SEMA3C,CITED2,ADCY1,AFF2,SV2B,BASP1,FRRS1L,B3GALT2,LONRF2,ANKS1B,GABBR2,SYT1,GPR12,BCL11A,CADM2,ATRNL1,GAP43,MYO1B,PEX5L,DLG2,VSNL1,DOLPP1,DCX,SRSF6,FGF13,PDZRN3,TNFRSF21
gene_set_query	397	ZNF23	489.7	ARCHS4 Coexpression,657;Enrichr Queries,309;GTEx Coexpression,503	PIGU,TMED9,CXADR,BCL11A,CITED2,CYBA,AP2B1,ATP1B1,MAPK8IP3,TSPAN13,STK24,RIMBP2,CPEB2,PDZD7,CAPS2
gene_set_query	398	CLOCK	490.2	Literature ChIP-seq,124;ARCHS4 Coexpression,391;Enrichr Queries,1114;ReMap ChIP-seq,72;GTEx Coexpression,750	ACY3,PIGU,NANOS3,BHLHE41,CYBA,ADCY1,ATP2B1,NPEPPS,SLC6A6,MYO1B,C1QTNF1,STK24,FKBP1B,FSCN1,DGCR9,FSD1,SAMD12,SRSF6,GABRD,CPEB2,PDZD7,SLC25A46,TBC1D16,PTPN3
gene_set_query	399	IKZF4	492.0	ARCHS4 Coexpression,65;Enrichr Queries,519;GTEx Coexpression,892	PIGU,FZD3,TMED9,CXADR,BCL11A,DGKA,CELF4,CYBA,ATP1B1,PGM2L1,SLC6A6,GAP43,GNG2,FSCN1,DCX,FGF13,LONRF2,SSBP3,CAPS2
gene_set_query	400	ZXDB	493.0	ARCHS4 Coexpression,553;Enrichr Queries,533;GTEx Coexpression,393	PIGU,PLGLB1,SEMA3C,EIF1AX,CITED2,CEBPG,BHLHE41,AP2B1,ASAP2,SELENOI,HSD11B1,CHAMP1,CPEB2,TNFRSF21
gene_set_query	401	PRDM1	493.2	ARCHS4 Coexpression,742;ENCODE ChIP-seq,108;Enrichr Queries,950;ReMap ChIP-seq,199;GTEx Coexpression,467	GLTP,CX3CR1,PIGU,CITED2,DGKA,BHLHE41,ADK,SLA,UFSP2,SAMSN1,HSD11B1,NUP85,B3GALT2,CCDC77,NEGR1,SPNS2,ACSL3,RABGGTA,RAB33B,INPP4A,SQLE,EID2,PTPRC,TSPAN13,STK24,CDKN2AIPNL
gene_set_query	402	ZNF429	494.0	ARCHS4 Coexpression,885;Enrichr Queries,368;GTEx Coexpression,229	IGSF6,RGS19,BCL11A,CITED2,CEP19,SLC2A13,SLA,LIN7A,SORBS2,HINFP,GLT1D1,ZNF829,ZNF780A,FGF13,CAPS2
gene_set_query	403	FOXA1	494.0	Literature ChIP-seq,76;ARCHS4 Coexpression,982;ENCODE ChIP-seq,60;Enrichr Queries,685;ReMap ChIP-seq,99;GTEx Coexpression,1062	ZNF395,PIGU,MOCS3,TSG101,SEMA3C,CITED2,PDE1B,CELF4,LIN7A,UFSP2,ASAP2,SAMSN1,TMEM121,ZNF829,BASP1,KIAA1324,CDH22,NNAT,PLS3,ZNF385B,PDZD7,CXADR,MTX2,TEX10,VPS33A,ACSL3,ATP1B1,DDOST,SLC6A6,CORT,PEX5L,TF,GAP43,TSPAN13,KBTBD6,DLG2,PTPRC,RIMBP2,RAPGEF5,SRSF6,PDZRN3,CDK5R2
gene_set_query	404	NR2F2	495.0	ARCHS4 Coexpression,573;ENCODE ChIP-seq,51;Enrichr Queries,265;ReMap ChIP-seq,259;GTEx Coexpression,1327	LINC01197,FZD3,RGS19,SEMA3C,SYK,CITED2,BCL11A,NANOS3,ATP1B1,SLC6A6,MYO1B,PTPRC,ZGLP1,BASP1,FSCN1,CDH24,ZNF710,A2M
gene_set_query	405	ZNF793	495.0	ARCHS4 Coexpression,556;Enrichr Queries,144;GTEx Coexpression,785	AMER3,PIGU,ZNF571,NEGR1,BCL11A,STXBP1,MAPK8IP3,HINFP,ZNF829,BASP1,FGF13,LONRF2,PDZD7,ZNF233
gene_set_query	406	GABPA	496.7	Literature ChIP-seq,10;ARCHS4 Coexpression,1324;ENCODE ChIP-seq,15;Enrichr Queries,1004;ReMap ChIP-seq,268;GTEx Coexpression,359	PIGU,YWHAB,CITED2,MRPL38,ADK,TM7SF3,UBE2Z,NPEPPS,BMPER,FAM174A,CHMP1A,IDH3B,KIFAP3,SLC25A46,KCNH3,TMED9,CXADR,NANOS3,TEX10,VPS33A,LANCL1,ARHGEF18,TALDO1,SORCS3,ATP1B1,RABGGTA,ITFG1,DDOST,RRAGA,FSCN1,SRSF6,CFAP97,SFT2D1,PDZRN3,PCNA,TSG101,ZNF2,ADCY1,DTX4,ZNF829,PAK6,SLC17A7,CCDC77,ZNF268,PDZD7,SOCS5,MYPOP,ATRNL1,SORBS2,AP2B1,CWC15,BRI3BP,HINFP,KLHL9,RPS26,PEX5L,CDKN2AIPNL,RCAN2,PSMC2,LNX1,RGS10,GOPC,CCDC22
gene_set_query	407	KLF3	497.0	ARCHS4 Coexpression,1114;Enrichr Queries,364;ReMap ChIP-seq,34;GTEx Coexpression,476	GLTP,MAP10,TMED9,PIGU,CXADR,PCNA,SEMA3C,CITED2,DGKA,ATP2B1,TM7SF3,OLFML2A,ATP1B1,RPS26,SLC6A6,PTPRC,STK24,OLFML3,RGS10,PLS3,CPEB2,NECTIN1,ZNF233,PTPN3
gene_set_query	408	ZNF674	497.3	ARCHS4 Coexpression,756;Enrichr Queries,402;GTEx Coexpression,334	ARMT1,CEP19,CEBPG,LIN7A,DDOST,RAB33B,HINFP,KLHL9,ZNF829,CDKN2AIPNL,BASP1,CHAMP1,ZNF780A,PDZD7
gene_set_query	409	BORCS8MEF2B	499.0	ARCHS4 Coexpression,499	GLT1D1,RGS19,TALDO1,ARHGEF18,CYBA
gene_set_query	410	CEBPA	499.4	Literature ChIP-seq,92;ARCHS4 Coexpression,426;Enrichr Queries,778;ReMap ChIP-seq,56;GTEx Coexpression,1145	ZNF395,IGSF6,PCNA,CITED2,CLSTN3,CEBPG,SLA,OLFML2A,AMMECR1L,BASP1,NUP85,B3GALT2,KIAA1324,NCKAP1L,CHSY3,LRRC8B,A2M,FZD3,CXADR,MYPOP,SYK,SYT1,NEGR1,BCL11A,CADM2,ATRNL1,TEX10,CMTM6,TALDO1,CYBB,DYRK1B,CYBA,NIPA2,AP2B1,HINFP,GAP43,PTPRC,GJB1,KBTBD6,DLG2,LYRM7,KIFC3,ZNF780A,KBTBD8,SSBP3
gene_set_query	411	HEY1	500.0	ARCHS4 Coexpression,771;Enrichr Queries,673;GTEx Coexpression,56	FZD3,PTPRN2,MCTP1,PDE1B,CADM2,CITED2,SORCS3,ATP1B1,DTX4,GRM3,GNAL,TSPAN13,FRRS1L,OLFML3,BASP1,FKBP1B,DCX,CDK5R2,ANKS1B
gene_set_query	412	ZNF181	500.0	ARCHS4 Coexpression,243;Enrichr Queries,103;GTEx Coexpression,1154	PIGU,ZNF571,FZD3,TMED9,SEMA3C,CITED2,LANCL1,HINFP,KBTBD6,GNG2,LYRM7,ZNF780A,FGF13,ZNF268,CPEB2,SLC25A46
gene_set_query	413	NKX23	501.0	ARCHS4 Coexpression,563;GTEx Coexpression,439	SEMA3C,SYK,RGS10,ARHGEF18,TALDO1,PLD4,OLFML2A,PDZRN3,AIF1
gene_set_query	414	ZNF8	502.5	ARCHS4 Coexpression,450;Enrichr Queries,555	PIGU,ZNF829,BCL11A,CITED2,LYRM7,FGF13,PGM2L1,DDOST,PDZD7,HINFP
gene_set_query	415	NFE2L2	504.6	Literature ChIP-seq,9;ARCHS4 Coexpression,490;Enrichr Queries,1186;ReMap ChIP-seq,220;GTEx Coexpression,618	GLTP,CITED2,DGKA,MRPL38,ADK,ADCY1,UBE2Z,DTX4,SAMSN1,NPEPPS,BMPER,CDH24,PAK6,SLC17A7,KIFAP3,PDZD7,SOCS5,KCNH3,FZD3,ATRNL1,NANOS3,CMTM6,TALDO1,SORBS2,ATP1B1,SORCS3,BRI3BP,SLC6A6,PEX5L,EHD4,STK24,ZGLP1,RCAN2,FSCN1,LNX1,RGS10,SSBP3,PDZRN3,NECTIN1
gene_set_query	416	TAL1	505.3	Literature ChIP-seq,40;ARCHS4 Coexpression,1156;ENCODE ChIP-seq,21;Enrichr Queries,352;ReMap ChIP-seq,271;GTEx Coexpression,1192	ZNF571,CHRM1,CITED2,KDM8,MRPL38,ADK,SLA,UFSP2,UBE2Z,TM7SF3,ZNF808,NPEPPS,RGS6,DDX18,TMED9,SYK,PRKCB,NANOS3,VPS33A,LANCL1,CYBB,TALDO1,ACSL3,NIPA2,ATP1B1,RABGGTA,PGM2L1,RRAGA,FSCN1,CDC42EP2,ZNF780A,TNFRSF21,CDKL1,CX3CR1,PCNA,TSG101,AIF1,SAMSN1,BAG4,GNG2,NUP85,CHN1,LRRC8B,GABBR2,BCL11A,MAD2L1BP,AP2B1,ATP2B1,RPS26,RPIA,PTPRC,KBTBD6,LYRM4,CDKN2AIPNL,UBLCP1,STK24,ZGLP1,DOLPP1,RGS10,CDK2AP2,GOPC,CCDC22,SSBP3
gene_set_query	417	PLSCR1	506.0	ARCHS4 Coexpression,146;GTEx Coexpression,866	IGSF6,CMTM6,CDC42EP2,SLA,TALDO1,CYBB,CYBA,SAMSN1,AIF1,SFT2D1
gene_set_query	418	NPAS1	506.3	ARCHS4 Coexpression,1340;Enrichr Queries,107;GTEx Coexpression,72	GABBR2,KCNH3,CHRM1,BCL11A,CITED2,NANOS3,MATK,TMEM121,GAP43,DLG2,C1QTNF1,CHN1,CDH22,FSCN1,PAK6,SLC17A7,FAM81A
gene_set_query	419	NR3C1	507.5	Literature ChIP-seq,6;ARCHS4 Coexpression,480;ENCODE ChIP-seq,68;Enrichr Queries,677;ReMap ChIP-seq,289;GTEx Coexpression,1525	CX3CR1,PIGU,CITED2,ADK,UBE2Z,SAMSN1,C1QTNF1,SV2B,CHN1,CDH22,IDH3B,KCNH1,DDX18,CXADR,SYT1,PRKCB,NANOS3,CMTM6,ATP2B1,AP2B1,ATP1B1,BRI3BP,RABGGTA,DDOST,SLC6A6,PEX5L,GAP43,PTPRC,DLG2,CDKN2AIPNL,LYRM7,FSCN1,RIMBP2,RAPGEF5,SSBP3,CDK5R2
gene_set_query	420	ZIK1	508.7	ARCHS4 Coexpression,775;Enrichr Queries,294;GTEx Coexpression,457	MAP10,PIGU,FZD3,CXADR,BCL11A,CITED2,STRBP,BASP1,NCR3LG1,NNAT,CHAMP1,GABRD,PAFAH1B2,ZNF233
gene_set_query	421	ZNF180	509.7	ARCHS4 Coexpression,539;Enrichr Queries,303;GTEx Coexpression,687	KLHL9,PIGU,ZNF571,TMED9,CXADR,CITED2,CHAMP1,ZNF780A,ATP2B1,SRSF6,ZNF268,MAPK8IP3
gene_set_query	422	ZNF449	511.0	ARCHS4 Coexpression,158;Enrichr Queries,545;GTEx Coexpression,830	PIGU,FZD3,CXADR,NEGR1,SYT1,CITED2,ATP2B1,BRI3BP,PGM2L1,GNG2,CHMP1A,PAK6,PLS3,CPEB2,LONRF2
gene_set_query	423	ZNF134	511.0	ARCHS4 Coexpression,252;Enrichr Queries,186;GTEx Coexpression,1095	FZD3,CXADR,SEMA3C,CITED2,TEX10,STRBP,OLFML2A,KLHL9,UBLCP1,BASP1,CHAMP1,ZNF268,TNFRSF21
gene_set_query	424	ZNF786	511.7	ARCHS4 Coexpression,731;Enrichr Queries,165;GTEx Coexpression,639	MOCS3,BCL11A,PLEKHG5,CEP19,DDOST,HINFP,ZNF829,CDKN2AIPNL,BASP1,FSCN1,CCDC22,TNFRSF21,PDZD7
gene_set_query	425	EN2	512.0	ARCHS4 Coexpression,220;Enrichr Queries,1137;GTEx Coexpression,179	AMER3,FZD3,BCL11A,STXBP1,CELF4,ADCY1,DTX4,MAPK8IP3,GAP43,GNG2,BASP1,CDH22,DGCR9,GABRD,SSBP3,GPR158,PDZD7
gene_set_query	426	JDP2	514.0	ARCHS4 Coexpression,725;Enrichr Queries,491;GTEx Coexpression,326	RGS19,IGSF6,OLFML3,CITED2,BASP1,CEBPG,CDC42EP2,FSCN1,SLA,CYBB,CYBA,AIF1
gene_set_query	427	NANOG	514.2	Literature ChIP-seq,36;ARCHS4 Coexpression,647;ENCODE ChIP-seq,61;Enrichr Queries,1258;ReMap ChIP-seq,103;GTEx Coexpression,980	CITED2,BHLHE41,CELF4,ADK,OLFML2A,NPEPPS,BMPER,BASP1,PHACTR1,BORCS7,CXADR,SYK,PRKCB,VPS33A,LANCL1,TALDO1,ARHGEF18,ATP1B1,DDOST,CORT,FSCN1,KIFC3,PDZRN3,PDE1B,SAMSN1,AIF1,BAG4,GNG2,CDH22,PDZD7,GPR158,TBC1D16,HAGLR,GABRA1,PTPRN2,SYT1,NEGR1,BCL11A,KLHL4,MIR4500HG,SLC6A6,SQLE,MYO1B,GJB1,GNAL,LYRM4,PSMC2,FGF13,CPEB2,NECTIN1
gene_set_query	428	EHF	515.5	ARCHS4 Coexpression,728;Enrichr Queries,539;ReMap ChIP-seq,293;GTEx Coexpression,502	GLTP,MYO1B,CXADR,TSPAN13,STK24,SEMA3C,DGKA,ATP1B1,RABGGTA,TNFRSF21,NECTIN1,PTPN3
gene_set_query	429	TEAD1	515.8	ARCHS4 Coexpression,802;Enrichr Queries,699;ReMap ChIP-seq,135;GTEx Coexpression,427	ZNF395,TENM3,SEMA3C,CITED2,NANOS3,SORBS2,AP2B1,ATP1B1,RPIA,MYO1B,OLFML3,CHN1,CDC42EP2,PLS3,GOPC,KIFC3,PDZRN3
gene_set_query	430	ZNF438	516.3	ARCHS4 Coexpression,167;Enrichr Queries,745;GTEx Coexpression,637	PIGU,IGSF6,RGS19,MCTP1,CITED2,SLA,TALDO1,CYBB,GLT1D1,BASP1,ZGLP1,RGS10,RGS6
gene_set_query	431	ZNF112	516.5	ARCHS4 Coexpression,89;GTEx Coexpression,944	KLHL9,FZD3,CXADR,KBTBD6,GPR12,NCR3LG1,GOPC,GRIK1,CYBA,SORCS3,FGF13,SOCS5
gene_set_query	432	LHX4	517.3	ARCHS4 Coexpression,1109;Enrichr Queries,196;GTEx Coexpression,247	IGSF6,RGS19,PTPRN2,NEGR1,BCL11A,CEP19,PLEKHG5,SLA,LIN7A,GLT1D1,DCX,ZNF780A,GPR158,ANKS1B,KCNH1,NECTIN1
gene_set_query	433	ZNF155	517.7	ARCHS4 Coexpression,782;Enrichr Queries,101;GTEx Coexpression,670	DDX18,PIGU,ZNF571,PCNA,CITED2,MAD2L1BP,NIPA2,DDOST,ZNF829,HENMT1,CHAMP1,ZNF780A,CCDC77,ZNF268,ZNF233
gene_set_query	434	ZFP57	517.7	ARCHS4 Coexpression,525;Enrichr Queries,445;GTEx Coexpression,583	CXADR,RGS19,SYK,BCL11A,LANCL1,TALDO1,AIF1,RPIA,PEX5L,TF,BASP1,NNAT,FSCN1,RAPGEF5
gene_set_query	435	ZNF711	517.7	ARCHS4 Coexpression,244;Enrichr Queries,52;GTEx Coexpression,1257	FZD3,CXADR,SYT1,BCL11A,CEBPG,PGM2L1,GNG2,TSPAN13,HENMT1,VSNL1,BASP1,NCR3LG1,DCX,PLS3,FGF13
gene_set_query	436	ZNF84	518.0	ARCHS4 Coexpression,92;Enrichr Queries,650;GTEx Coexpression,812	DDX18,FZD3,TMED9,CXADR,BCL11A,SORBS2,CYBA,PGM2L1,KLHL9,KBTBD6,GNG2,CHAMP1,DCX,SRSF6,FGF13,ZNF268
gene_set_query	437	SCML4	519.0	ARCHS4 Coexpression,838;Enrichr Queries,388;GTEx Coexpression,331	IGSF6,PTPRC,RGS19,GNG2,SYK,PRKCB,BCL11A,DGKA,SLA,CYBA,ATP1B1
gene_set_query	438	AEBP2	519.3	ARCHS4 Coexpression,237;Enrichr Queries,926;GTEx Coexpression,395	LINC01197,ZNF395,PIGU,CXADR,CITED2,CSNK2A2,RAB33B,BAG4,PLS3,CHSY3,SRSF6,CFAP97,CPEB2,PAFAH1B2
gene_set_query	439	ARNTL	520.0	ARCHS4 Coexpression,384;Enrichr Queries,664;ReMap ChIP-seq,8;GTEx Coexpression,1024	ZNF395,ACY3,PIGU,IGSF6,CITED2,CEP19,BHLHE41,SLA,PLD6,SAMSN1,GLT1D1,AMMECR1L,NUP85,BASP1,A2M,DDX18,MATK,RITA1,CWC15,ATP1B1,SLC6A6,CORT,EID2,GNAL,PTPRC,FSCN1,CDKL1
gene_set_query	440	HSF4	520.3	ARCHS4 Coexpression,250;Enrichr Queries,800;GTEx Coexpression,511	C1QTNF1,UBLCP1,SLC6A17,ZGLP1,CLSTN3,STXBP1,BHLHE41,FSCN1,SLC17A7,MAPK8IP3,GABRD,HINFP
gene_set_query	441	GATA6	520.8	Literature ChIP-seq,126;ARCHS4 Coexpression,714;Enrichr Queries,988;ReMap ChIP-seq,69;GTEx Coexpression,707	MAP10,PIGU,SEMA3C,CITED2,YWHAB,DGKA,CEBPG,BHLHE41,ASAP2,SLC4A3,DTX4,AIF1,HSD11B1,C1QTNF1,BMPER,B3GALT2,PLS3,CDH24,CCDC77,KCNH1,CXADR,ARMT1,NANOS3,CMTM6,PCDHB15,SORBS2,ACSL3,AP2B1,CWC15,ATP1B1,DDOST,MYO1B,EHD4,VSNL1,SST,FSCN1,KIFC3,SSBP3,NECTIN1,CDKL1
gene_set_query	442	TWIST1	521.0	ARCHS4 Coexpression,1065;Enrichr Queries,492;ReMap ChIP-seq,161;GTEx Coexpression,366	ZNF395,RGS19,SEMA3C,CITED2,NANOS3,PLEKHG5,UBE2Z,KLHL9,MYO1B,C1QTNF1,BMPER,OLFML3,BASP1,FSCN1,GOPC,PDZD7,NECTIN1
gene_set_query	443	NFYC	521.0	ARCHS4 Coexpression,307;Enrichr Queries,563;GTEx Coexpression,693	PIGU,IGSF6,RGS19,PCNA,SYK,CITED2,TALDO1,CYBA,ATP1B1,DDOST,GLT1D1,MYO1B,CCDC22
gene_set_query	444	PAX5	521.4	ARCHS4 Coexpression,712;ENCODE ChIP-seq,16;Enrichr Queries,513;ReMap ChIP-seq,218;GTEx Coexpression,1148	ACY3,PCNA,RGS19,PTPRN2,SYK,MAST3,PRKCB,BCL11A,CITED2,NANOS3,CEBPG,RITA1,ARHGEF18,CYBA,UFSP2,NIPA2,INPP4A,RRAGA,PTPRC,PNOC,FSCN1,CHAMP1,NCKAP1L
gene_set_query	445	ZNF573	521.7	ARCHS4 Coexpression,585;Enrichr Queries,417;GTEx Coexpression,563	ZNF829,PIGU,ZNF571,MOCS3,CXADR,BCL11A,CITED2,TEX10,SORBS2,UBE2Z,CFAP97,PDZD7
gene_set_query	446	ARNTL2	523.7	ARCHS4 Coexpression,316;Enrichr Queries,764;GTEx Coexpression,491	GLTP,PCNA,SEMA3C,RABGGTA,BRI3BP,SQLE,MYO1B,EHD4,STK24,BASP1,FSCN1,PLS3,TNFRSF21
gene_set_query	447	PRDM12	523.7	ARCHS4 Coexpression,1256;Enrichr Queries,278;GTEx Coexpression,37	KRT222,ZCCHC12,GABBR2,PTPRN2,SLC6A17,CELF4,PLD5,LIN7A,SORCS3,TMEM121,GAP43,KBTBD6,DLG2,C1QTNF1,FRRS1L,CDH22,DCX,FSD1,CDK5R2
gene_set_query	448	LCORL	524.0	ARCHS4 Coexpression,346;Enrichr Queries,596;GTEx Coexpression,630	PIGU,FZD3,CXADR,NEGR1,BCL11A,NIPA2,ATP2B1,RPIA,KLHL9,GNG2,CHAMP1,CCDC77,FGF13,CPEB2
gene_set_query	449	ZNF396	525.0	ARCHS4 Coexpression,866;Enrichr Queries,525;GTEx Coexpression,184	PIGU,IGSF6,RGS19,NEGR1,CEP19,CMTM6,TALDO1,SLA,SORBS2,OLFML2A,HINFP,GLT1D1,ZNF829,KIAA1324,ZNF780A,PDZD7
gene_set_query	450	ZNF423	525.7	ARCHS4 Coexpression,197;Enrichr Queries,248;GTEx Coexpression,1132	FZD3,PTPRN2,TENM3,PRKCB,BCL11A,CMTM6,SORBS2,OLFML2A,DTX4,GAP43,BASP1,LYRM7,FSD1,PDZRN3,SSBP3
gene_set_query	451	SALL1	525.8	Literature ChIP-seq,133;ARCHS4 Coexpression,1235;Enrichr Queries,283;GTEx Coexpression,452	PIGU,FZD3,BCL11A,CITED2,DGKA,BHLHE41,ATP1B1,DTX4,PEX5L,TF,GJB1,BMPER,SAMD12,PDZRN3
gene_set_query	452	RUNX3	527.2	ARCHS4 Coexpression,992;ENCODE ChIP-seq,20;Enrichr Queries,160;ReMap ChIP-seq,50;GTEx Coexpression,1414	ZNF395,PCNA,TSG101,YWHAB,CEP19,DGKA,MRPL38,UFSP2,DTX4,AIF1,SAMSN1,HSD11B1,ZNF808,SV2B,BASP1,NCKAP1L,LRRC8B,FAM81A,ZNF268,SLC25A46,SYK,PRKCB,BCL11A,CYBB,CYBA,CWC15,RABGGTA,ITFG1,RAB33B,HINFP,INPP4A,RPS26,SLC6A6,SQLE,EID2,PTPRC,GNAL,LYRM7,FSCN1,SRSF6,SFT2D1,TNFRSF21
gene_set_query	453	TIGD7	528.0	ARCHS4 Coexpression,86;Enrichr Queries,96;GTEx Coexpression,1402	PIGU,FZD3,CXADR,TSG101,BCL11A,CITED2,DGKA,LANCL1,BHLHE41,CYBA,OLFML2A,DDOST,KBTBD6,GNG2,UBLCP1,KIFAP3,ZNF268,LONRF2
gene_set_query	454	ZNF26	528.0	ARCHS4 Coexpression,264;Enrichr Queries,456;GTEx Coexpression,864	DDX18,PIGU,NEGR1,CITED2,CEBPG,PLD5,NIPA2,HINFP,ZNF829,CHAMP1,SRSF6,FGF13,ZNF268,PDZD7
gene_set_query	455	ZNF263	528.2	Literature ChIP-seq,23;ARCHS4 Coexpression,1518;ENCODE ChIP-seq,35;Enrichr Queries,571;ReMap ChIP-seq,233;GTEx Coexpression,789	PIGU,ZNF571,RGS19,MCTP1,CITED2,CEBPG,MRPL38,ADK,PLD6,OLFML2A,UBE2Z,LSM11,C1QTNF1,NUP85,KIAA1324,SLC17A7,CCDC77,LRRC8B,SAMD12,GABRD,NUDT14,ANKS1B,KCNH1,FZD3,SYK,NEGR1,MTX2,RITA1,TALDO1,DYRK1B,CYBA,RABGGTA,DDOST,HINFP,RAB33B,RPS26,RPIA,SQLE,PEX5L,EID2,VSNL1,CDKN2AIPNL,LYRM7,RGS10,CCDC22,SRSF6
gene_set_query	456	ZBTB33	528.8	ARCHS4 Coexpression,865;ENCODE ChIP-seq,90;Enrichr Queries,1219;ReMap ChIP-seq,248;GTEx Coexpression,222	GLTP,PIGU,ADK,MRPL38,ZNF2,UBE2Z,SELENOI,ZNF829,NUP85,CHMP1A,CHAMP1,IDH3B,PLS3,SLC17A7,CCDC77,ZNF268,PDZD7,DDX18,CXADR,BCL11A,NANOS3,VPS33A,MAD2L1BP,DYRK1B,AP2B1,BRI3BP,MAPK8IP3,RAB33B,RPS26,RPIA,CORT,RRAGA,EID2,KBTBD6,CDKN2AIPNL,LYRM7,PSMC2,NECTIN1
gene_set_query	457	ATF3	531.0	Literature ChIP-seq,122;ARCHS4 Coexpression,1329;ENCODE ChIP-seq,30;Enrichr Queries,1038;ReMap ChIP-seq,262;GTEx Coexpression,405	MAP10,PIGU,ZNF571,MOCS3,CITED2,OLFML2A,ZNF808,LSM11,BASP1,IDH3B,PLS3,SLC25A46,VPS33A,NANOS3,TEX10,PLEKHG5,DYRK1B,NIPA2,ATP1B1,ITFG1,EID2,RRAGA,FSCN1,PCNA,IGSF6,TSG101,CEBPG,ZNF2,ASAP2,DTX4,SLC17A7,ZNF268,SOCS5,MYPOP,MAD2L1BP,SORBS2,AP2B1,KLHL4,HINFP,RPIA,KLHL9,SLC6A6,KBTBD6,DLG2,EHD4,DOLPP1,RCAN2,LYRM7,CDK2AP2,LNX1,PTPN3
gene_set_query	458	OLIG1	532.3	ARCHS4 Coexpression,1030;Enrichr Queries,37;GTEx Coexpression,530	CX3CR1,PIGU,PTPRN2,SYT1,CADM2,PRKCB,BCL11A,ATP1B1,GRM3,PEX5L,GAP43,BASP1,RCAN2,NNAT,FSCN1,ANKS1B
gene_set_query	459	FOXN2	532.3	ARCHS4 Coexpression,376;Enrichr Queries,1117;GTEx Coexpression,104	PIGU,IGSF6,MCTP1,RGS19,CITED2,CMTM6,SLA,CYBB,LIN7A,SAMSN1,RAB33B,PTPRC,NCKAP1L,SRSF6,SFT2D1,CPEB2
gene_set_query	460	PRDM16	532.8	Literature ChIP-seq,102;ARCHS4 Coexpression,735;Enrichr Queries,917;GTEx Coexpression,377	LINC01197,FZD3,PTPRN2,MCTP1,BCL11A,SORBS2,UBE2Z,SLC6A6,RCAN2,CHN1,PLS3,CHSY3,PDZD7
gene_set_query	461	EOMES	532.8	Literature ChIP-seq,114;ARCHS4 Coexpression,1269;Enrichr Queries,203;ReMap ChIP-seq,165;GTEx Coexpression,913	CX3CR1,ACY3,TSG101,CITED2,YWHAB,DGKA,BHLHE41,PLD5,BMPER,SV2B,BASP1,CCDC77,CXADR,CADM2,PRKCB,BCL11A,PLEKHG5,MATK,TALDO1,ARHGEF18,ACSL3,ATP1B1,INPP4A,MYO1B,PTPRC,GNAL,UBLCP1,RCAN2,CDK2AP2,CCDC22,KIFC3,CFAP97,SSBP3,PTPN3
gene_set_query	462	GLIS1	533.7	ARCHS4 Coexpression,1070;Enrichr Queries,247;GTEx Coexpression,284	PTPRN2,NEGR1,SORCS3,OLFML2A,C1QTNF1,BMPER,OLFML3,RCAN2,GOPC,GABRD,PDZRN3,TBC1D16,SOCS5
gene_set_query	463	ZNF567	534.0	ARCHS4 Coexpression,962;Enrichr Queries,260;GTEx Coexpression,380	ZNF829,PIGU,ZNF571,LYRM4,CITED2,TEX10,CFAP97,ZNF268,KBTBD8,SOCS5,HINFP
gene_set_query	464	ZNF605	534.3	ARCHS4 Coexpression,646;Enrichr Queries,213;GTEx Coexpression,744	PIGU,TMED9,NEGR1,BCL11A,MAPK8IP3,PGM2L1,ZNF829,ZGLP1,CHN1,SAMD12,FGF13,ZNF268,PDZD7,CAPS2
gene_set_query	465	ZNF772	534.7	ARCHS4 Coexpression,88;Enrichr Queries,831;GTEx Coexpression,685	MAP10,PIGU,FZD3,TMED9,CXADR,CYBA,KLHL9,ZNF829,GNG2,CDKN2AIPNL,LYRM7,ZNF780A,FGF13,ZNF268,SLC25A46
gene_set_query	466	AR	535.0	Literature ChIP-seq,16;ARCHS4 Coexpression,561;Enrichr Queries,1154;ReMap ChIP-seq,205;GTEx Coexpression,739	GLTP,MCTP1,CITED2,KDM8,CELF4,AFF2,GRM3,GLT1D1,C1QTNF1,FAM174A,ZNF385B,PHACTR1,SAMD12,KIFAP3,RGS6,SLC25A46,DDX18,CXADR,SYK,PRKCB,EIF1AX,SLC2A13,VPS33A,CYBA,ACSL3,RAPGEF5,PDZRN3,TNFRSF21,CAPS2,CDKL1,SEMA3C,PLD4,LIN7A,SAMSN1,SELENOI,TMEM121,HSD11B1,OLFML3,CDH22,KIAA1324,CHSY3,GABRD,LONRF2,GPR158,TBC1D16,GABRA1,GABBR2,FZD3,PTPRN2,SYT1,NEGR1,MTX2,SORBS2,AP2B1,ATP2B1,SLC6A6,PEX5L,GJB1,EHD4,GNAL,DLG2,PTPRC,STK24,SST,DOLPP1,GOPC,CPEB2,KBTBD8,PTPN3
gene_set_query	467	RARA	538.0	Literature ChIP-seq,72;ARCHS4 Coexpression,494;Enrichr Queries,985;ReMap ChIP-seq,252;GTEx Coexpression,887	ACY3,IGSF6,RGS19,CHRM1,CITED2,CLSTN3,MAST3,PLD5,SLA,OLFML2A,HSD11B1,GLT1D1,GNG2,NUP85,CHMP1A,PAK6,FSD1,KIFAP3,PDZD7,SLC25A46,TBC1D16,TMED9,PTPRN2,SYT1,BCL11A,NANOS3,SPNS2,ARHGEF18,DYRK1B,CYBA,SORBS2,DDOST,HINFP,SLC6A6,CDKN2AIPNL,ZGLP1,FSCN1
gene_set_query	468	CREB3	538.3	ARCHS4 Coexpression,312;Enrichr Queries,450;ReMap ChIP-seq,223;GTEx Coexpression,1168	TMED9,TSG101,PRKCB,CITED2,DGKA,MAD2L1BP,AP2B1,ATP1B1,DDOST,HSD11B1,SLC6A6,PSMC2,FSCN1,CDC42EP2,CDK2AP2,LRRC8B,FGF13
gene_set_query	469	ZSCAN12	538.7	ARCHS4 Coexpression,377;Enrichr Queries,1087;GTEx Coexpression,152	DDX18,PIGU,FZD3,TMED9,CXADR,BCL11A,CITED2,TEX10,KLHL9,ZNF829,LYRM7,CHAMP1,GOPC,CFAP97,ZNF268
gene_set_query	470	ATF2	538.8	ARCHS4 Coexpression,274;ENCODE ChIP-seq,56;Enrichr Queries,1285;ReMap ChIP-seq,210;GTEx Coexpression,869	PIGU,PCNA,TSG101,CITED2,CLSTN3,UFSP2,AIF1,BAG4,GNG2,FAM174A,IDH3B,CCDC77,KIFAP3,ZNF268,DDX18,FZD3,CXADR,NEGR1,BCL11A,NANOS3,TEX10,VPS33A,ATP2B1,AP2B1,KLHL4,MAPK8IP3,PGM2L1,RPS26,KLHL9,GAP43,KBTBD6,GNAL,UBLCP1,CDKN2AIPNL,FSCN1,CDK2AP2,SRSF6,TNFRSF21
gene_set_query	471	SNAI2	539.0	ARCHS4 Coexpression,1300;Enrichr Queries,430;ReMap ChIP-seq,141;GTEx Coexpression,285	SEMA3C,CITED2,NANOS3,MRPL38,TALDO1,CYBA,UBE2Z,KLHL9,MYO1B,C1QTNF1,OLFML3,CHAMP1,FSCN1,PLS3,GOPC,SLC17A7,NUDT14,PDZD7,NECTIN1
gene_set_query	472	NACC2	539.5	ARCHS4 Coexpression,370;GTEx Coexpression,709	GRM3,SLC6A17,CADM2,CLSTN3,SLC17A7,MAPK8IP3,GABRD,ANKS1B
gene_set_query	473	ZNF217	540.2	Literature ChIP-seq,12;ARCHS4 Coexpression,971;ENCODE ChIP-seq,107;Enrichr Queries,651;ReMap ChIP-seq,118;GTEx Coexpression,1382	GLTP,SEMA3C,CITED2,DGKA,STXBP1,CELF4,ADK,ASAP2,UBE2Z,SLC4A3,BMPER,SV2B,BASP1,KIAA1324,PART1,KIFAP3,SAMD12,LONRF2,GPR158,RGS6,ANKS1B,GABBR2,CXADR,PTPRN2,SYK,SYT1,ATRNL1,CMTM6,SPNS2,ACSL3,ATP1B1,KLHL9,INPP4A,SLC6A6,EID2,MYO1B,EHD4,DLG2,GNAL,PTPRC,LYRM7,RGS10,ZNF710,RAPGEF5,PTPN3
gene_set_query	474	ZNF823	540.3	ARCHS4 Coexpression,554;Enrichr Queries,153;GTEx Coexpression,914	PIGU,SEMA3C,BCL11A,CITED2,AP2B1,ATP1B1,RABGGTA,MAPK8IP3,BAG4,TSPAN13,STK24,SRSF6,KBTBD8,TNFRSF21,PAFAH1B2
gene_set_query	475	IRF3	540.6	ARCHS4 Coexpression,867;ENCODE ChIP-seq,88;Enrichr Queries,1033;ReMap ChIP-seq,164;GTEx Coexpression,551	PIGU,PCNA,RGS19,CLSTN3,YWHAB,CEBPG,SELENOI,BAG4,PAK6,NCKAP1L,CCDC77,LRRC8B,PDZD7,SOCS5,RITA1,ARHGEF18,CYBA,CWC15,MAPK8IP3,DDOST,HINFP,SQLE,RRAGA,EID2,EHD4,DOLPP1,LYRM7,FKBP1B,CDK2AP2,SRSF6,KBTBD8,SSBP3,CDK5R2
gene_set_query	476	ZNF587B	541.0	ARCHS4 Coexpression,246;GTEx Coexpression,836	DDX18,BAG4,CXADR,SYK,MAST3,CMTM6,KIFAP3,SRSF6,PAFAH1B2
gene_set_query	477	ZNF572	542.0	ARCHS4 Coexpression,1027;Enrichr Queries,231;GTEx Coexpression,368	DDX18,PIGU,CXADR,PTPRN2,BCL11A,SORBS2,OLFML2A,UBE2Z,SELENOI,KLHL9,SQLE,HENMT1,GOPC,CFAP97,ZNF268
gene_set_query	478	STAT3	543.2	Literature ChIP-seq,33;ARCHS4 Coexpression,1485;ENCODE ChIP-seq,93;Enrichr Queries,1175;ReMap ChIP-seq,221;GTEx Coexpression,252	MCTP1,CITED2,CELF4,MRPL38,TM7SF3,SLC4A3,NPEPPS,C1QTNF1,FRRS1L,IDH3B,KIFAP3,ANKS1B,SLC25A46,KCNH1,DDX18,SLC6A17,NANOS3,TEX10,VPS33A,CSNK2A2,ARHGEF18,SORCS3,ATP1B1,RABGGTA,DDOST,RAB33B,RRAGA,EID2,GAP43,VSNL1,SRSF6,PDZRN3,TNFRSF21,ZNF395,PCNA,TSG101,SEMA3C,CEBPG,ZNF2,ADCY1,SAMSN1,AIF1,HSD11B1,BAG4,OLFML3,CHN1,FSD1,CCDC77,LRRC8B,A2M,GABRD,PDZD7,GABBR2,CADM2,BCL11A,CMTM6,MAD2L1BP,KLHL4,CWC15,RPS26,SLC6A6,MIR4500HG,PEX5L,DLG2,KBTBD6,GNAL,CDKN2AIPNL,SST,LYRM7,CDK2AP2,CCDC22,NECTIN1,PTPN3
gene_set_query	479	ZNF512	543.3	ARCHS4 Coexpression,184;Enrichr Queries,126;GTEx Coexpression,1320	PIGU,FZD3,CXADR,PRKCB,BCL11A,STRBP,ADK,ATP1B1,ITFG1,KLHL9,MYO1B,GAP43,GNG2,LYRM7,SRSF6,KIFAP3
gene_set_query	480	TFEB	544.5	Literature ChIP-seq,147;ARCHS4 Coexpression,736;Enrichr Queries,1041;GTEx Coexpression,254	PIGU,IGSF6,RGS19,SYK,EIF1AX,TEX10,VPS33A,RTF2,DYRK1B,CYBA,HINFP,GLT1D1,CCDC22,KIFC3,CCDC77,SOCS5
gene_set_query	481	HIF1A	544.6	Literature ChIP-seq,87;ARCHS4 Coexpression,835;Enrichr Queries,766;ReMap ChIP-seq,54;GTEx Coexpression,981	ZNF395,CHRM1,PCNA,SEMA3C,CITED2,YWHAB,STXBP1,NANOS3,SPNS2,BHLHE41,SLA,DYRK1B,NIPA2,UBE2Z,ATP1B1,SLC6A6,MYO1B,C1QTNF1,TSPAN13,BASP1,FSCN1,PLS3,PDZD7
gene_set_query	482	DLX5	544.7	ARCHS4 Coexpression,59;Enrichr Queries,663;GTEx Coexpression,912	GLTP,FZD3,CXADR,TSG101,SEMA3C,BCL11A,SORBS2,ITFG1,AFF2,KLHL9,KBTBD6,GNG2,STK24,NNAT,DCX,PLS3,KIFAP3
gene_set_query	483	ZNF35	545.7	ARCHS4 Coexpression,385;Enrichr Queries,85;GTEx Coexpression,1167	DDX18,PIGU,MOCS3,CXADR,SEMA3C,BCL11A,CITED2,EIF1AX,ATP1B1,MAPK8IP3,SQLE,ZNF829,MYO1B,OLFML3,PSMC2,TNFRSF21
gene_set_query	484	ZNF649	546.7	ARCHS4 Coexpression,356;Enrichr Queries,460;GTEx Coexpression,824	DDX18,ZNF829,BAG4,CXADR,BCL11A,FGF13,SRSF6,CFAP97,PDZRN3,PGM2L1,PAFAH1B2
gene_set_query	485	ZNF33B	547.3	ARCHS4 Coexpression,589;Enrichr Queries,190;GTEx Coexpression,863	PIGU,TMED9,CXADR,BCL11A,CITED2,STRBP,TM7SF3,ATP1B1,PGM2L1,DDOST,KIAA1324,LYRM7,SRSF6,CPEB2
gene_set_query	486	NR1H2	547.5	ARCHS4 Coexpression,392;Enrichr Queries,570;ReMap ChIP-seq,170;GTEx Coexpression,1058	PIGU,TMED9,RGS19,SEMA3C,CITED2,NANOS3,BHLHE41,TALDO1,MAD2L1BP,CYBA,ACSL3,ASAP2,ATP1B1,DDOST,CHMP1A,FSCN1,PDZRN3,PAFAH1B2
gene_set_query	487	ZNF891	548.0	ARCHS4 Coexpression,417;GTEx Coexpression,679	ZNF829,TEX10,LYRM7,UFSP2,FGF13,CFAP97,PDZD7,HINFP
gene_set_query	488	SALL3	548.0	ARCHS4 Coexpression,1080;Enrichr Queries,178;GTEx Coexpression,386	FZD3,PTPRN2,CXADR,CADM2,BCL11A,CELF4,SORCS3,GRM3,DLG2,BASP1,DCX,ANKS1B,NECTIN1
gene_set_query	489	JUN	548.3	Literature ChIP-seq,26;ARCHS4 Coexpression,1069;ENCODE ChIP-seq,19;Enrichr Queries,966;ReMap ChIP-seq,241;GTEx Coexpression,969	PIGU,CITED2,CLSTN3,ADK,CELF4,UFSP2,AFF2,GLT1D1,C1QTNF1,BASP1,SAMD12,KRT222,SLC6A17,EIF1AX,VPS33A,NANOS3,MATK,CYBB,CYBA,ACSL3,ATP1B1,SORCS3,MAPK8IP3,RABGGTA,ITFG1,INPP4A,EID2,FSCN1,SFT2D1,PDZRN3,TNFRSF21,TSG101,PCNA,PDE1B,CEBPG,PLD5,PLD4,DTX4,AIF1,SV2B,OLFML3,PAK6,CCDC77,PDZD7,SOCS5,GPR12,SYT1,ANKRD30B,MTX2,CMTM6,MAD2L1BP,AP2B1,RPIA,SLC6A6,PTPRC,GNAL,CDKN2AIPNL,RIMBP2,CCDC22,FGF13,CPEB2,KBTBD8
gene_set_query	490	TSHZ1	549.0	ARCHS4 Coexpression,379;Enrichr Queries,199;GTEx Coexpression,1069	PIGU,PTPRN2,SEMA3C,BCL11A,CITED2,CLSTN3,STXBP1,ATP1B1,MAPK8IP3,PDZRN3,SSBP3,CPEB2,CDK5R2
gene_set_query	491	ZBTB41	549.3	ARCHS4 Coexpression,179;Enrichr Queries,1283;GTEx Coexpression,186	AMER3,FZD3,STXBP1,SLC2A13,LANCL1,CYBA,ATP2B1,PGM2L1,ITFG1,KLHL9,KBTBD6,CDH22,DGCR9,SAMD12,GABRD,GPR158,PDZD7
gene_set_query	492	MAFB	551.0	ARCHS4 Coexpression,512;Enrichr Queries,756;ReMap ChIP-seq,78;GTEx Coexpression,858	GLTP,ZNF395,AMER3,PCNA,IGSF6,SYK,CITED2,DGKA,CYBB,CYBA,ATP1B1,AIF1,RAB33B,SLC6A6,MYO1B,STK24,BASP1,KIAA1324,RIMBP2,LNX1,TNFRSF21,PTPN3
gene_set_query	493	HES1	551.5	ARCHS4 Coexpression,899;Enrichr Queries,451;ReMap ChIP-seq,16;GTEx Coexpression,840	GLTP,FZD3,CXADR,CITED2,PCDHB15,CELF4,PLD4,ATP1B1,DTX4,GRM3,RPS26,SQLE,KBTBD6,STK24,BASP1,SLITRK4,RGS10,FSCN1,TNFRSF21
gene_set_query	494	ZNF765	551.7	ARCHS4 Coexpression,600;Enrichr Queries,373;GTEx Coexpression,682	DDX18,PIGU,NIPA2,HINFP,ZNF808,ZNF829,AMMECR1L,LYRM7,CHAMP1,ZNF780A,FGF13,ZNF268,PDZD7
gene_set_query	495	ESR2	553.2	Literature ChIP-seq,158;ARCHS4 Coexpression,1042;Enrichr Queries,727;ReMap ChIP-seq,116;GTEx Coexpression,723	RGS19,NEGR1,PRKCB,BCL11A,STRBP,PTPRO,UFSP2,KLHL4,ATP1B1,BRI3BP,PTPRC,STK24,SLITRK4,RGS10,CCDC77,FGF13,GABRD,LONRF2,RFPL1S
gene_set_query	496	SMAD5	554.0	ARCHS4 Coexpression,175;Enrichr Queries,1191;ReMap ChIP-seq,273;GTEx Coexpression,577	PIGU,RGS19,MAST3,EIF1AX,MATK,TALDO1,MAD2L1BP,CYBA,ATP2B1,AIF1,MYO1B,PTPRC,ZGLP1,FSCN1,PLS3,GOPC,CFAP97
gene_set_query	497	ZNF420	554.3	ARCHS4 Coexpression,240;Enrichr Queries,48;GTEx Coexpression,1375	PIGU,ZNF571,FZD3,CXADR,BCL11A,CITED2,STRBP,PGM2L1,ZNF829,BAG4,LYRM7,DCX,ZNF780A,SRSF6,ZNF268,PAFAH1B2,SLC25A46
gene_set_query	498	SP4	554.4	ARCHS4 Coexpression,199;ENCODE ChIP-seq,114;Enrichr Queries,781;ReMap ChIP-seq,258;GTEx Coexpression,1420	PIGU,CITED2,TM7SF3,GNG2,NUP85,SLC17A7,FSD1,PDZD7,SLC25A46,FZD3,TMED9,MYPOP,CXADR,BCL11A,NANOS3,ARHGEF18,PGM2L1,DDOST,RPIA,KBTBD6,CDKN2AIPNL,FSCN1,GOPC,SRSF6,FGF13,TNFRSF21,PAFAH1B2
gene_set_query	499	STAT5A	554.8	Literature ChIP-seq,142;ARCHS4 Coexpression,506;ENCODE ChIP-seq,59;Enrichr Queries,1248;ReMap ChIP-seq,215;GTEx Coexpression,1159	ZNF395,TSG101,IGSF6,SEMA3C,PDE1B,DGKA,MRPL38,UBE2Z,BAG4,NUP85,KIAA1324,NCKAP1L,CCDC77,SAMD12,DDX18,SYK,PRKCB,ATRNL1,NANOS3,CMTM6,TALDO1,CYBA,ACSL3,AP2B1,ITFG1,RPS26,SLC6A6,RRAGA,PTPRC,EHD4,STK24,PSMC2,CDC42EP2,KBTBD8,CPEB2,PAFAH1B2
gene_set_query	500	IRF2	555.0	ARCHS4 Coexpression,523;Enrichr Queries,1264;ReMap ChIP-seq,236;GTEx Coexpression,197	PIGU,IGSF6,RGS19,SYK,CITED2,NANOS3,SLA,MAD2L1BP,CYBA,SAMSN1,SLC6A6,GLT1D1,PTPRC,ZGLP1,KIAA1324,FSCN1,NCKAP1L,SLC17A7
gene_set_query	501	PBX2	555.3	ARCHS4 Coexpression,957;Enrichr Queries,548;ReMap ChIP-seq,159;GTEx Coexpression,557	PIGU,RGS19,SYK,PRKCB,CLSTN3,CITED2,NANOS3,SLA,ARHGEF18,CYBA,DDOST,HINFP,HSD11B1,SLC6A6,GLT1D1,ZGLP1,FSCN1,SLC17A7,SSBP3,PDZD7
gene_set_query	502	ZSCAN25	556.5	ARCHS4 Coexpression,501;GTEx Coexpression,612	ZNF829,AMMECR1L,MOCS3,PTPRC,STK24,CADM2,ANKS1B,ZNF233,HINFP
gene_set_query	503	ZNF623	557.7	ARCHS4 Coexpression,709;Enrichr Queries,585;GTEx Coexpression,379	PIGU,MOCS3,CITED2,TALDO1,BRI3BP,DDOST,KLHL9,LYRM7,CHAMP1,FSCN1,GOPC,ZNF268,PDZD7,SOCS5
gene_set_query	504	SIX2	558.3	ARCHS4 Coexpression,408;Enrichr Queries,474;ReMap ChIP-seq,76;GTEx Coexpression,1275	SYT1,BCL11A,CITED2,PLEKHG5,KDM8,ATP1B1,OLFML2A,AFF2,LYRM4,BASP1,PSMC2,CHN1,NNAT,RIMBP2,FSCN1,CDH24,RAPGEF5,PDZD7,CDKL1,NECTIN1
gene_set_query	505	LHX8	558.7	ARCHS4 Coexpression,395;Enrichr Queries,1164;GTEx Coexpression,117	FZD3,CXADR,TSG101,NEGR1,PDE1B,ACSL3,ATP2B1,GRM3,CORT,GNAL,GNG2,BMPER,FKBP1B,DCX,FGF13,ANKS1B
gene_set_query	506	ZNF235	559.0	ARCHS4 Coexpression,343;Enrichr Queries,225;GTEx Coexpression,1109	INPP4A,PIGU,ZNF571,TMED9,C1QTNF1,CITED2,LYRM7,ZNF780A,AP2B1,SRSF6,DDOST,ZNF233
gene_set_query	507	SREBF1	559.5	Literature ChIP-seq,68;ARCHS4 Coexpression,1578;ENCODE ChIP-seq,57;Enrichr Queries,538;ReMap ChIP-seq,143;GTEx Coexpression,973	ACY3,PIGU,ZNF571,RGS19,MOCS3,CITED2,CEBPG,UFSP2,PLD6,ADCY1,SAMSN1,GNG2,PLS3,SLC17A7,BORCS7,ZNF268,GABRD,SOCS5,MYPOP,NANOS3,MAD2L1BP,CYBA,KLHL4,ACSL3,BRI3BP,DDOST,PGM2L1,RPIA,SQLE,SLC6A6,KBTBD6,DLG2,LYRM4,ZGLP1,SST,FKBP1B,FSCN1
gene_set_query	508	NR4A2	559.5	Literature ChIP-seq,34;ARCHS4 Coexpression,958;Enrichr Queries,1027;GTEx Coexpression,219	CADM2,CITED2,CELF4,SLA,ACSL3,ASAP2,ATP1B1,SAMSN1,AIF1,GRM3,DLG2,FRRS1L,BASP1,CHN1,LNX1,FSD1,SSBP3,ANKS1B
gene_set_query	509	PURA	559.5	ARCHS4 Coexpression,4;GTEx Coexpression,1115	STXBP1,UFSP2,ADCY1,SV2B,FRRS1L,CHN1,CHAMP1,SAMD12,GABRD,LONRF2,GPR158,GABRA1,GABBR2,SLC6A17,SYT1,PRKCB,CADM2,ATRNL1,SLC2A13,ATP2B1,ATP1B1,PEX5L,DLG2,VSNL1,RAPGEF5
gene_set_query	510	ZNF267	560.3	ARCHS4 Coexpression,283;Enrichr Queries,957;GTEx Coexpression,441	PTPRC,RGS19,IGSF6,SYK,BASP1,CMTM6,CYBB,NCKAP1L,SAMSN1,KBTBD8
gene_set_query	511	USF2	560.4	ARCHS4 Coexpression,1108;ENCODE ChIP-seq,39;Enrichr Queries,1233;ReMap ChIP-seq,149;GTEx Coexpression,273	PIGU,PCNA,MAST3,CITED2,BHLHE41,MRPL38,TM7SF3,GRM3,AMMECR1L,SLC17A7,SAMD12,NUDT14,SLC25A46,KCNH1,DDX18,TMED9,MYPOP,CADM2,NANOS3,RITA1,CYBA,ACSL3,MAPK8IP3,DDOST,ITFG1,HINFP,RAB33B,KLHL9,RPIA,SQLE,UBLCP1,CDKN2AIPNL,ZGLP1,CDK2AP2,LNX1,GOPC,SRSF6,CFAP97,KBTBD8,TNFRSF21,ZNF233
gene_set_query	512	ZBTB34	561.3	ARCHS4 Coexpression,990;Enrichr Queries,362;GTEx Coexpression,332	PIGU,IGSF6,RGS19,PRKCB,CITED2,STRBP,SLA,CYBB,SAMSN1,SLC6A6,GLT1D1,PTPRC,CPEB2
gene_set_query	513	ZSCAN30	561.5	ARCHS4 Coexpression,284;GTEx Coexpression,839	ZNF829,STK24,NEGR1,ZNF780A,FGF13,MAPK8IP3,CAPS2,HINFP
gene_set_query	514	PPARG	563.4	Literature ChIP-seq,4;ARCHS4 Coexpression,572;Enrichr Queries,1244;ReMap ChIP-seq,36;GTEx Coexpression,961	PCNA,SEMA3C,CITED2,YWHAB,STXBP1,BHLHE41,MRPL38,ASAP2,DTX4,SELENOI,HSD11B1,BAG4,C1QTNF1,GNG2,LRRC8B,PDZD7,TBC1D16,NEGR1,TALDO1,MAD2L1BP,ACSL3,EHD4,DOLPP1,CDC42EP2,PDZRN3,SSBP3,TNFRSF21,CDKL1
gene_set_query	515	ZNF827	563.7	ARCHS4 Coexpression,226;Enrichr Queries,675;GTEx Coexpression,790	PIGU,FZD3,GAP43,BCL11A,CMTM6,PART1,FSCN1,TALDO1,SORBS2,CYBA,CAPS2,RAB33B
gene_set_query	516	NKX61	565.5	ARCHS4 Coexpression,33;GTEx Coexpression,1098	FZD3,PTPRN2,TENM3,SLC2A13,CELF4,GAP43,LSM11,SST,CDH22,NNAT,KIAA1324,RIMBP2,PDZRN3,CDK5R2,TNFRSF21,PTPN3
gene_set_query	517	FEZF1	565.7	ARCHS4 Coexpression,692;Enrichr Queries,912;GTEx Coexpression,93	ZCCHC12,FZD3,PTPRN2,CXADR,SYT1,BCL11A,PCDHB15,GRIK1,SORCS3,GAP43,KBTBD6,GNG2,SST,DCX,FSD1,KIFAP3,CDK5R2
gene_set_query	518	BACH2	566.3	ARCHS4 Coexpression,132;Enrichr Queries,682;ReMap ChIP-seq,67;GTEx Coexpression,1384	ACY3,PIGU,TMED9,IGSF6,PRKCB,BCL11A,CITED2,BHLHE41,PLD5,CELF4,DDOST,AFF2,SLC6A6,GLT1D1,PTPRC,SLITRK4,LYRM7,PSMC2,DCX,ZNF385B,SLC17A7,CCDC22,CFAP97,PDZD7
gene_set_query	519	TLX3	566.7	ARCHS4 Coexpression,681;Enrichr Queries,874;GTEx Coexpression,145	AMER3,CLSTN3,BCL11A,STXBP1,CELF4,ADCY1,MAPK8IP3,BASP1,CDH22,DGCR9,FSCN1,GABRD,SSBP3,GPR158,PDZD7,CDK5R2
gene_set_query	520	TWIST2	567.0	ARCHS4 Coexpression,765;GTEx Coexpression,369	KLHL9,C1QTNF1,BMPER,OLFML3,CHAMP1,GOPC,SOCS5
gene_set_query	521	TCF3	567.7	Literature ChIP-seq,24;ARCHS4 Coexpression,1464;ENCODE ChIP-seq,70;Enrichr Queries,315;ReMap ChIP-seq,122;GTEx Coexpression,1411	GLTP,ACY3,MAST3,YWHAB,CITED2,BHLHE41,NPEPPS,HENMT1,BMPER,BASP1,NUDT14,KCNH1,KCNH3,PRKCB,NANOS3,SLC2A13,MATK,TALDO1,DYRK1B,CYBA,ACSL3,ATP1B1,SORCS3,DDOST,PGM2L1,ITFG1,RAB33B,EID2,FSCN1,KIFC3,SRSF6,PDZRN3,RGS19,PCNA,SEMA3C,PLD5,NUP85,SLC17A7,LRRC8B,BCL11A,ATP2B1,KLHL9,RPIA,SLC6A6,UBLCP1,CDKN2AIPNL,FKBP1B,RGS10,FGF13,SSBP3,CPEB2,NECTIN1
gene_set_query	522	ZNF132	568.3	ARCHS4 Coexpression,839;Enrichr Queries,371;GTEx Coexpression,495	MAP10,ZCCHC12,PTPRN2,BCL11A,STRBP,SORBS2,SORCS3,ZNF829,GOPC,ZNF780A,ZNF268,CAPS2,ZNF233
gene_set_query	523	E2F5	569.3	ARCHS4 Coexpression,642;Enrichr Queries,252;ReMap ChIP-seq,45;GTEx Coexpression,1338	FZD3,TMED9,PIGU,BCL11A,CITED2,STRBP,MAD2L1BP,HINFP,RPIA,CORT,SQLE,RRAGA,C1QTNF1,NUP85,DOLPP1,CHAMP1,SLC17A7,LRRC8B,FGF13,ZNF268,TNFRSF21
gene_set_query	524	ZNF597	570.0	ARCHS4 Coexpression,641;Enrichr Queries,626;GTEx Coexpression,443	DDX18,PIGU,ZNF571,MOCS3,PCNA,CITED2,MAD2L1BP,NIPA2,HENMT1,CHAMP1,KBTBD8,TNFRSF21,SLC25A46
gene_set_query	525	CEBPE	571.0	ARCHS4 Coexpression,721;Enrichr Queries,383;GTEx Coexpression,609	CX3CR1,GLT1D1,IGSF6,RGS19,SYK,CHAMP1,CYBB,PLD4,CYBA,AIF1
gene_set_query	526	ZFP41	572.3	ARCHS4 Coexpression,1338;Enrichr Queries,241;GTEx Coexpression,138	GABBR2,PIGU,SLC6A17,NANOS3,CELF4,AP2B1,MAPK8IP3,DDOST,SQLE,GAP43,KBTBD6,DLG2,FSCN1,FSD1,SSBP3,TBC1D16,NECTIN1
gene_set_query	527	ZNF775	572.7	ARCHS4 Coexpression,596;Enrichr Queries,961;GTEx Coexpression,161	PIGU,MAST3,MATK,ARHGEF18,MAPK8IP3,DDOST,HINFP,TMEM121,INPP4A,GLT1D1,ZGLP1,PSMC2,FSCN1,SSBP3
gene_set_query	528	TFAP2B	573.0	ARCHS4 Coexpression,140;Enrichr Queries,901;GTEx Coexpression,678	GLTP,SEMA3C,NEGR1,BCL11A,PLEKHG5,CELF4,GRIK1,ADCY1,GAP43,GNG2,STK24,BASP1,SSBP3,NECTIN1
gene_set_query	529	ZNF92	573.0	ARCHS4 Coexpression,617;Enrichr Queries,1001;ReMap ChIP-seq,31;GTEx Coexpression,643	ACY3,PIGU,PCNA,MAST3,OLFML2A,BAG4,FSD1,NUDT14,ZNF268,FZD3,TMED9,MYPOP,CXADR,BCL11A,STRBP,NANOS3,SPNS2,RITA1,CYBA,NIPA2,BRI3BP,SLC6A6,PNOC,CDC42EP2,FSCN1
gene_set_query	530	DMRTA2	573.0	ARCHS4 Coexpression,317;Enrichr Queries,904;GTEx Coexpression,498	SQLE,GAP43,FZD3,BCL11A,BASP1,STRBP,NNAT,PTPRO,CELF4,RABGGTA,SSBP3,NECTIN1
gene_set_query	531	ZFP69	573.0	ARCHS4 Coexpression,942;GTEx Coexpression,204	KLHL9,DDX18,PCNA,UBLCP1,STRBP,CHAMP1,ZNF780A,CFAP97,ZNF268,SLC25A46
gene_set_query	532	ZFHX2	573.3	ARCHS4 Coexpression,135;Enrichr Queries,63;GTEx Coexpression,1522	PIGU,FZD3,BCL11A,CITED2,CLSTN3,CELF4,SORBS2,ADCY1,ATP1B1,PGM2L1,SLC6A6,GAP43,BASP1,FSCN1,FSD1,SSBP3,CDK5R2,NECTIN1
gene_set_query	533	NFIC	573.6	ARCHS4 Coexpression,754;ENCODE ChIP-seq,67;Enrichr Queries,939;ReMap ChIP-seq,89;GTEx Coexpression,1019	PIGU,SEMA3C,CITED2,NANOS3,VPS33A,DYRK1B,UFSP2,ASAP2,NIPA2,PLD6,ATP1B1,MAPK8IP3,HSD11B1,SLC6A6,PTPRC,DLG2,C1QTNF1,NUP85,PSMC2,CDC42EP2,FSCN1,CHAMP1,PLS3,RAPGEF5
gene_set_query	534	ZNF184	573.7	ARCHS4 Coexpression,633;Enrichr Queries,1066;GTEx Coexpression,22	GABBR2,PIGU,MOCS3,MYPOP,CXADR,SLC6A17,SYT1,ATRNL1,BCL11A,CITED2,STRBP,VPS33A,ZNF829,VSNL1,SV2B,BASP1,CHN1,SLC17A7,GOPC,CCDC77,KIFAP3,SRSF6,FAM81A
gene_set_query	535	IRX2	574.7	ARCHS4 Coexpression,216;Enrichr Queries,424;GTEx Coexpression,1084	FZD3,CXADR,PTPRN2,SEMA3C,BCL11A,CITED2,CELF4,CYBA,ATP1B1,DTX4,STK24,BASP1,PDZRN3,NECTIN1
gene_set_query	536	IRF9	574.8	ARCHS4 Coexpression,482;Enrichr Queries,1316;ReMap ChIP-seq,196;GTEx Coexpression,305	RGS19,IGSF6,SYK,CLSTN3,CITED2,CYBB,MAD2L1BP,CYBA,AIF1,SLC6A6,GLT1D1,C1QTNF1,PTPRC,ZGLP1,NCR3LG1,DOLPP1,KIAA1324,NCKAP1L
gene_set_query	537	ZNF467	575.0	ARCHS4 Coexpression,696;Enrichr Queries,674;GTEx Coexpression,355	SLC6A6,GLT1D1,IGSF6,RGS19,SEMA3C,CITED2,BASP1,TALDO1,SLA,CYBA,ATP1B1
gene_set_query	538	ZNF821	575.0	ARCHS4 Coexpression,62;Enrichr Queries,239;GTEx Coexpression,1424	ZCCHC12,ZNF395,PIGU,FZD3,CXADR,CITED2,CLSTN3,STXBP1,CELF4,PLD6,DDOST,KLHL9,GAP43,KBTBD6,GNG2,FSCN1,KIFC3,FSD1,KIFAP3
gene_set_query	539	ZNF253	575.0	ARCHS4 Coexpression,172;Enrichr Queries,359;GTEx Coexpression,1194	MAP10,PIGU,FZD3,TMED9,CXADR,BCL11A,STRBP,UBE2Z,ZNF829,ZNF780A,FGF13,ZNF268,PAFAH1B2,SLC25A46
gene_set_query	540	NANOGP8	575.5	ARCHS4 Coexpression,968;GTEx Coexpression,183	BAG4,PTPRC,RGS19,CXADR,ARMT1,BASP1,CYBB,NCKAP1L,GOPC,CYBA,SAMSN1
gene_set_query	541	ZNF230	575.7	ARCHS4 Coexpression,1248;Enrichr Queries,229;GTEx Coexpression,250	PIGU,ZNF571,IGSF6,RGS19,SEMA3C,CEP19,SLA,SAMSN1,GLT1D1,ZNF829,PTPRC,ZNF780A,PDZD7,ZNF233
gene_set_query	542	ZNF484	576.3	ARCHS4 Coexpression,85;Enrichr Queries,1395;GTEx Coexpression,249	FZD3,TMED9,MCTP1,CXADR,STXBP1,TEX10,LIN7A,INPP4A,KLHL9,KBTBD6,GNG2,NCR3LG1,DCX,KIFAP3,GABRD,SOCS5
gene_set_query	543	DBP	576.3	ARCHS4 Coexpression,1006;Enrichr Queries,683;GTEx Coexpression,40	KRT222,AMER3,GPR12,BCL11A,CITED2,PLEKHG5,CELF4,BHLHE41,ATP1B1,MAPK8IP3,HINFP,DLG2,FRRS1L,CDH22,DGCR9,FSCN1,PAK6,GPR158,PDZD7,CDKL1
gene_set_query	544	ZNF676	577.0	ARCHS4 Coexpression,1319;Enrichr Queries,133;GTEx Coexpression,279	ARMT1,SYT1,NEGR1,ATRNL1,PCDHB15,SORBS2,BRI3BP,SELENOI,GAP43,C1QTNF1,DOLPP1,B3GALT2,LONRF2
gene_set_query	545	GCM1	578.7	ARCHS4 Coexpression,473;Enrichr Queries,635;GTEx Coexpression,628	GLT1D1,IGSF6,PTPRC,RGS19,C1QTNF1,SEMA3C,BASP1,SLITRK4,PLD5,CELF4,PDZD7,CDKL1
gene_set_query	546	ZBTB9	579.3	ARCHS4 Coexpression,881;Enrichr Queries,316;GTEx Coexpression,541	PIGU,MOCS3,PCNA,BCL11A,CITED2,VPS33A,DDOST,SQLE,NNAT,CHMP1A,RIMBP2,TNFRSF21,NECTIN1
gene_set_query	547	CXXC1	579.7	ARCHS4 Coexpression,655;Enrichr Queries,578;GTEx Coexpression,506	RRAGA,PIGU,NUP85,CITED2,CHMP1A,FSCN1,ARHGEF18,CYBA,SRSF6,MAPK8IP3,DDOST,HINFP
gene_set_query	548	ZKSCAN3	580.0	ARCHS4 Coexpression,562;Enrichr Queries,856;GTEx Coexpression,322	PIGU,CADM2,CITED2,CELF4,ATP1B1,DDOST,HINFP,ZNF808,ZNF829,FSD1,FGF13,ZNF268,PDZD7,ANKS1B
gene_set_query	549	MAFF	580.2	ARCHS4 Coexpression,160;ENCODE ChIP-seq,91;Enrichr Queries,1238;ReMap ChIP-seq,189;GTEx Coexpression,1223	PIGU,PCNA,MOCS3,CITED2,ADK,PLD5,CELF4,UFSP2,UBE2Z,SAMSN1,BASP1,OLFML3,SLITRK4,CHMP1A,PART1,CDH24,PAK6,NCKAP1L,PDZD7,SLC25A46,DDX18,GABBR2,TMED9,NEGR1,NANOS3,AP2B1,CWC15,RAB33B,RPS26,RPIA,CORT,RRAGA,KBTBD6,EHD4,LYRM7,PSMC2,CDC42EP2
gene_set_query	550	GLI3	580.3	ARCHS4 Coexpression,706;Enrichr Queries,629;GTEx Coexpression,406	FZD3,TENM3,SEMA3C,OLFML3,BCL11A,SORBS2,CYBA,OLFML2A,DTX4,PDZRN3,CDKL1
gene_set_query	551	SOX4	580.3	ARCHS4 Coexpression,35;Enrichr Queries,121;GTEx Coexpression,1585	FZD3,CXADR,SEMA3C,BCL11A,CITED2,PTPRO,CELF4,ATP1B1,PGM2L1,SQLE,BAG4,GAP43,GNG2,BASP1,NNAT,FSCN1,DCX,SRSF6,TNFRSF21,PAFAH1B2
gene_set_query	552	ZNF644	581.0	ARCHS4 Coexpression,578;Enrichr Queries,1330;ReMap ChIP-seq,140;GTEx Coexpression,276	DDX18,TMED9,PTPRN2,CXADR,BCL11A,MAD2L1BP,CYBA,KLHL9,SLC6A6,DOLPP1,KIAA1324,FSCN1,GOPC,LRRC8B,RAPGEF5,SRSF6,CFAP97,ZNF268,CPEB2,SSBP3,SOCS5
gene_set_query	553	POU4F3	581.3	ARCHS4 Coexpression,334;Enrichr Queries,863;GTEx Coexpression,547	LINC01197,PTPRN2,CELF4,ADCY1,SORCS3,BRI3BP,PLS3,PAK6,CDH24,CHSY3,CFAP97,LONRF2,CDK5R2
gene_set_query	554	ZNF618	581.3	ARCHS4 Coexpression,202;Enrichr Queries,1167;GTEx Coexpression,375	LINC01197,PIGU,FZD3,TENM3,SORBS2,DTX4,OLFML3,BASP1,FSCN1,PLS3,CDH24,GOPC,ZNF268,SSBP3
gene_set_query	555	ZNF133	583.0	ARCHS4 Coexpression,673;Enrichr Queries,330;GTEx Coexpression,746	PIGU,FZD3,BCL11A,CITED2,PLEKHG5,ATP1B1,MAPK8IP3,DDOST,HINFP,SLC6A6,ZNF829,KBTBD6,SRSF6
gene_set_query	556	GTF2IRD2B	584.3	ARCHS4 Coexpression,1146;Enrichr Queries,193;GTEx Coexpression,414	ZNF395,PIGU,SEMA3C,YWHAB,CITED2,DYRK1B,SORBS2,BRI3BP,PAK6,FSD1,PDZRN3,CPEB2,PDZD7,CAPS2
gene_set_query	557	LCOR	585.3	ARCHS4 Coexpression,114;Enrichr Queries,1068;GTEx Coexpression,574	PIGU,TMED9,CXADR,BCL11A,ATP2B1,ZNF808,RRAGA,BAG4,LYRM4,DCX,ZNF780A,SRSF6,FGF13,CPEB2,PAFAH1B2
gene_set_query	558	TP53	585.6	Literature ChIP-seq,28;ARCHS4 Coexpression,1224;Enrichr Queries,656;ReMap ChIP-seq,227;GTEx Coexpression,793	PCNA,YWHAB,STXBP1,UBE2Z,TM7SF3,KIAA1324,CHAMP1,PAK6,LRRC8B,SAMD12,KRT222,SYK,NEGR1,NANOS3,CSNK2A2,MAPK8IP3,RABGGTA,SQLE,CORT,RRAGA,KBTBD6,STK24,FSCN1,CPEB2,CDKL1,NECTIN1
gene_set_query	559	ZFP30	585.7	ARCHS4 Coexpression,294;Enrichr Queries,338;GTEx Coexpression,1125	PIGU,FZD3,TMED9,CXADR,BCL11A,CITED2,ATP1B1,MYO1B,ZNF829,NCR3LG1,LYRM7,FGF13,GABRD,PDZD7
gene_set_query	560	ZNF493	586.0	ARCHS4 Coexpression,849;Enrichr Queries,671;GTEx Coexpression,238	AMER3,PIGU,NEGR1,BCL11A,STXBP1,SORBS2,MAPK8IP3,PGM2L1,HINFP,CDH22,DGCR9,FGF13,GABRD,PDZD7
gene_set_query	561	MAF	587.3	ARCHS4 Coexpression,776;Enrichr Queries,442;ReMap ChIP-seq,266;GTEx Coexpression,865	GLTP,CXADR,RGS19,SEMA3C,CITED2,NANOS3,MAD2L1BP,ATP1B1,STK24,OLFML3,BASP1,LYRM7,CDK2AP2,DCX,SLC17A7,NUDT14
gene_set_query	562	ZSCAN9	588.0	ARCHS4 Coexpression,111;GTEx Coexpression,1065	SQLE,ZNF829,FZD3,GAP43,CXADR,KBTBD6,GNG2,BCL11A,PTPRO,NNAT
gene_set_query	563	ARNT	588.6	Literature ChIP-seq,2;ARCHS4 Coexpression,1525;Enrichr Queries,1206;ReMap ChIP-seq,104;GTEx Coexpression,106	MAP10,PIGU,CHRM1,SEMA3C,YWHAB,CITED2,STXBP1,DGKA,CELF4,ADK,ZNF2,LIN7A,SLC4A3,GRM3,NPEPPS,SV2B,BASP1,KIAA1324,CDH24,SLC17A7,PHACTR1,FSD1,SAMD12,PDZD7,RGS6,ANKS1B,PTPRN2,CXADR,SYK,CADM2,NANOS3,SPNS2,KLHL4,ATP1B1,SLC6A6,MYO1B,DLG2,EHD4,DCX,RGS10,ZNF710,SRSF6,CPEB2,PDZRN3,CDK5R2,NECTIN1
gene_set_query	564	CREBL2	589.0	ARCHS4 Coexpression,164;Enrichr Queries,1049;GTEx Coexpression,554	PIGU,IGSF6,CITED2,CMTM6,BHLHE41,CYBB,KLHL4,ATP1B1,UBE2Z,SLC6A6,SLITRK4,BORCS7,LONRF2,CPEB2
gene_set_query	565	KMT2B	590.0	ARCHS4 Coexpression,1117;ReMap ChIP-seq,63	ACY3,PCNA,VPS33A,ARHGEF18,AP2B1,MAPK8IP3,CORT,DLG2,CDKN2AIPNL,ZGLP1,PSMC2,KIAA1324,IDH3B,CCDC77
gene_set_query	566	ZNF697	591.0	ARCHS4 Coexpression,704;Enrichr Queries,80;GTEx Coexpression,989	BCL11A,CITED2,BHLHE41,ACSL3,UBE2Z,PGM2L1,SLC6A6,MYO1B,EHD4,BASP1,CDC42EP2,FSCN1,TNFRSF21,TBC1D16
gene_set_query	567	SIX5	591.6	ARCHS4 Coexpression,1236;ENCODE ChIP-seq,37;Enrichr Queries,466;ReMap ChIP-seq,249;GTEx Coexpression,970	PIGU,ZNF571,CITED2,ZNF2,UFSP2,UBE2Z,ZNF829,C1QTNF1,CDH24,SLC17A7,FSD1,ZNF268,TMED9,MYPOP,NANOS3,MAD2L1BP,AP2B1,DDOST,PGM2L1,RPS26,RPIA,KBTBD6,FKBP1B,FSCN1,CCDC22,PDZRN3,KBTBD8,ZNF233
gene_set_query	568	ZNF219	591.7	ARCHS4 Coexpression,462;Enrichr Queries,125;GTEx Coexpression,1188	ZNF395,PIGU,BCL11A,CITED2,BHLHE41,ATP1B1,DDOST,LSM11,FSCN1,CDH24,PDZRN3,SSBP3,TBC1D16,NECTIN1
gene_set_query	569	MYB	592.7	Literature ChIP-seq,138;ARCHS4 Coexpression,916;ENCODE ChIP-seq,117;Enrichr Queries,742;ReMap ChIP-seq,242;GTEx Coexpression,1401	ACY3,RGS19,PCNA,SEMA3C,CITED2,DGKA,STXBP1,TM7SF3,DTX4,SAMSN1,HSD11B1,AMMECR1L,NCKAP1L,SYK,BCL11A,NANOS3,STRBP,AP2B1,CWC15,ATP1B1,BRI3BP,INPP4A,RPIA,STK24,CDK2AP2
gene_set_query	570	ZNF566	593.7	ARCHS4 Coexpression,876;Enrichr Queries,59;GTEx Coexpression,846	PIGU,ZNF571,BCL11A,PGM2L1,HINFP,ZNF829,KBTBD6,CHMP1A,LYRM7,ZNF780A,ZNF268,CPEB2,PDZD7,SLC25A46,SOCS5
gene_set_query	571	NR6A1	594.0	ARCHS4 Coexpression,340;Enrichr Queries,187;GTEx Coexpression,1255	PIGU,CXADR,ARMT1,BCL11A,CITED2,STRBP,CSNK2A2,ADCY1,SLC6A6,BAG4,HENMT1,SRSF6,PAFAH1B2
gene_set_query	572	E2F6	594.2	ARCHS4 Coexpression,280;ENCODE ChIP-seq,63;Enrichr Queries,1212;ReMap ChIP-seq,190;GTEx Coexpression,1226	GLTP,PIGU,RGS19,PCNA,CITED2,YWHAB,STXBP1,UFSP2,PLD6,ZNF808,NPEPPS,BAG4,CHN1,SLC17A7,NUDT14,ZNF268,GABRD,PDZD7,SLC25A46,KCNH1,SOCS5,MYPOP,PTPRN2,SYK,MTX2,EIF1AX,NANOS3,STRBP,SPNS2,ATP1B1,MAPK8IP3,RABGGTA,HINFP,RAB33B,RPS26,SQLE,RRAGA,PTPRC,STK24,ZGLP1,PSMC2,LYRM7,FSCN1,GOPC,SRSF6,KBTBD8,PAFAH1B2
gene_set_query	573	HOXB8	594.3	ARCHS4 Coexpression,985;Enrichr Queries,725;GTEx Coexpression,73	HAGLR,BCL11A,CITED2,LANCL1,BHLHE41,KLHL4,AP2B1,DTX4,PEX5L,TF,C1QTNF1,FSCN1,CDH24,RAPGEF5,SFT2D1,PAFAH1B2,TNFRSF21
gene_set_query	574	EGR1	595.8	Literature ChIP-seq,43;ARCHS4 Coexpression,1133;ENCODE ChIP-seq,14;Enrichr Queries,984;ReMap ChIP-seq,200;GTEx Coexpression,1201	GLTP,ZNF571,CHRM1,CLSTN3,TM7SF3,OLFML2A,UBE2Z,NPEPPS,BASP1,FAM174A,NUDT14,FAM81A,KCNH1,ANKS1B,KCNH3,SLC6A17,PRKCB,NANOS3,CSNK2A2,MATK,TALDO1,DYRK1B,CYBA,ATP1B1,MAPK8IP3,INPP4A,RRAGA,EID2,FSCN1,ZNF710,SRSF6,CFAP97,ZNF395,STXBP1,TMEM121,CDH24,ZNF268,PDZD7,TBC1D16,SOCS5,PTPRN2,GPR12,CWC15,SQLE,SLC6A6,EHD4,GNAL,STK24,RCAN2,CPEB2,ZCCHC12,PIGU,CITED2,MAST3,YWHAB,ADK,BHLHE41,CELF4,GRIK1,AFF2,GRM3,CHMP1A,CHAMP1,ZNF385B,PHACTR1,TMED9,TEX10,PLEKHG5,ARHGEF18,SORCS3,RABGGTA,ITFG1,RAB33B,KIFC3,ZNF780A,PAFAH1B2,TNFRSF21,RGS19,SEMA3C,ADCY1,ASAP2,OLFML3,KIAA1324,SLC17A7,FSD1,GABRD,GABBR2,MTX2,CMTM6,AP2B1,HINFP,RPIA,KBTBD6,TSPAN13,CDKN2AIPNL,LYRM4,ZGLP1,FKBP1B,RIMBP2,GOPC,SSBP3,NECTIN1,PTPN3
gene_set_query	575	MXD4	597.0	ARCHS4 Coexpression,1048;Enrichr Queries,517;GTEx Coexpression,226	AMER3,PIGU,CITED2,STXBP1,PLEKHG5,DYRK1B,ARHGEF18,MAPK8IP3,DDOST,AFF2,CDH22,FSCN1,GABRD
gene_set_query	576	PLAGL1	597.3	ARCHS4 Coexpression,318;Enrichr Queries,696;GTEx Coexpression,778	PTPRN2,TENM3,SEMA3C,CADM2,CITED2,YWHAB,SORBS2,BASP1,NNAT,KIAA1324,RIMBP2,FSD1,SRSF6
gene_set_query	577	PLAG1	597.3	ARCHS4 Coexpression,445;Enrichr Queries,655;GTEx Coexpression,692	PIGU,TENM3,BCL11A,CITED2,BHLHE41,PLD5,KLHL9,OLFML3,SLITRK4,DCX,GOPC,PDZD7,CDKL1
gene_set_query	578	ZNF639	598.3	ARCHS4 Coexpression,847;Enrichr Queries,543;ReMap ChIP-seq,291;GTEx Coexpression,712	DDX18,PIGU,CITED2,EIF1AX,MAD2L1BP,UFSP2,AP2B1,HINFP,ZNF829,SLC17A7,SRSF6,CFAP97,PDZRN3,PDZD7
gene_set_query	579	GATA2	598.8	Literature ChIP-seq,113;ARCHS4 Coexpression,887;ENCODE ChIP-seq,43;Enrichr Queries,1232;ReMap ChIP-seq,100;GTEx Coexpression,1218	MAP10,CITED2,CLSTN3,DGKA,ADK,BHLHE41,TM7SF3,AFF2,NPEPPS,LSM11,B3GALT2,SLC25A46,KCNH1,DDX18,CXADR,PRKCB,TEX10,TALDO1,ARHGEF18,ACSL3,NIPA2,ATP1B1,DDOST,RRAGA,EID2,VSNL1,FSCN1,ZNF710,RAPGEF5,SRSF6,CFAP97,TNFRSF21,CAPS2,PCNA,TSG101,SEMA3C,ZNF829,CHN1,SLC17A7,A2M,LONRF2,PTPRN2,MAD2L1BP,SORBS2,AP2B1,ATP2B1,CDKN2AIPNL,LYRM7,PNOC,CPEB2
gene_set_query	580	GSX1	599.7	ARCHS4 Coexpression,1101;Enrichr Queries,606;GTEx Coexpression,92	ZCCHC12,PTPRN2,GPR12,BCL11A,CELF4,GRIK1,SORCS3,AFF2,GAP43,KBTBD6,GNG2,SST,CDH22,DCX,CDK5R2
gene_set_query	581	HNF4A	600.2	Literature ChIP-seq,39;ARCHS4 Coexpression,1231;ENCODE ChIP-seq,85;Enrichr Queries,1208;ReMap ChIP-seq,158;GTEx Coexpression,880	ACY3,PCNA,RGS19,TSG101,SEMA3C,CITED2,CLSTN3,CEBPG,MRPL38,LIN7A,UBE2Z,AIF1,SELENOI,CHMP1A,PART1,SLC17A7,A2M,BORCS7,NUDT14,SOCS5,TBC1D16,DDX18,CXADR,MYPOP,VPS33A,CMTM6,ACSL3,AP2B1,ATP1B1,RAB33B,INPP4A,RPS26,RRAGA,TF,PEX5L,GJB1,VSNL1,LYRM4,STK24,CDKN2AIPNL,DOLPP1,ZNF710,RAPGEF5,CFAP97,CDK5R2,CAPS2
gene_set_query	582	ZNF516	600.7	ARCHS4 Coexpression,182;Enrichr Queries,356;GTEx Coexpression,1264	PIGU,PTPRN2,SEMA3C,BCL11A,CITED2,GRIK1,SORBS2,AFF2,SLC6A6,GLT1D1,HENMT1,CPEB2,PTPN3
gene_set_query	583	ZNF524	601.0	ARCHS4 Coexpression,606;Enrichr Queries,613;GTEx Coexpression,584	RGS19,CITED2,FSCN1,RGS10,TALDO1,CYBA,ZNF710,AP2B1,CCDC22,DDOST
gene_set_query	584	ZNF527	601.3	ARCHS4 Coexpression,772;Enrichr Queries,111;GTEx Coexpression,921	ZNF808,ZNF829,PIGU,ZNF571,LYRM7,UFSP2,ZNF780A,ZNF268,PDZD7,SLC25A46,ZNF233,HINFP
gene_set_query	585	ZNF544	602.0	ARCHS4 Coexpression,643;Enrichr Queries,354;GTEx Coexpression,809	PIGU,BCL11A,CITED2,STRBP,HINFP,ZNF829,LYRM4,BASP1,PAK6,ZNF268,TNFRSF21,PDZD7,ZNF233
gene_set_query	586	TBX22	605.0	ARCHS4 Coexpression,128;Enrichr Queries,422;GTEx Coexpression,1265	DDX18,CXADR,ARMT1,ANKRD30B,KLHL4,BAG4,C1QTNF1,HENMT1,BMPER,LYRM4,DCX,PLS3,FGF13
gene_set_query	587	ZNF296	606.0	ARCHS4 Coexpression,679;Enrichr Queries,434;GTEx Coexpression,705	RGS19,SYK,BCL11A,CITED2,DGKA,PNOC,FSCN1,MRPL38,TALDO1,CYBA,CCDC22,DDOST
gene_set_query	588	ZNF616	606.0	ARCHS4 Coexpression,586;Enrichr Queries,256;GTEx Coexpression,976	KLHL9,ZNF829,PIGU,CXADR,LYRM4,BCL11A,OLFML2A,SRSF6,FGF13,ZNF268,PGM2L1
gene_set_query	589	POU4F2	606.3	ARCHS4 Coexpression,296;Enrichr Queries,623;ReMap ChIP-seq,70;GTEx Coexpression,1436	ZNF571,PCNA,MYPOP,BCL11A,BHLHE41,ADGRA1-AS1,CELF4,MAD2L1BP,DTX4,ZNF829,GAP43,GNG2,HENMT1,BASP1,CHN1,KIAA1324,SLC17A7,FAM81A,SSBP3,CDK5R2
gene_set_query	590	IRF4	606.4	ARCHS4 Coexpression,1252;ENCODE ChIP-seq,89;Enrichr Queries,380;ReMap ChIP-seq,240;GTEx Coexpression,1071	ACY3,ZNF571,PCNA,MOCS3,TSG101,CEP19,DTX4,TM7SF3,SAMSN1,ZNF808,AMMECR1L,GNG2,CHAMP1,CCDC77,DDX18,SYK,PRKCB,BCL11A,VPS33A,CYBB,CYBA,ATP1B1,RABGGTA,RAB33B,INPP4A,RPS26,RPIA,PTPRC,KBTBD6,EHD4,PNOC,SFT2D1,CAPS2
gene_set_query	591	L3MBTL3	607.0	ARCHS4 Coexpression,230;GTEx Coexpression,984	BAG4,PTPRC,CXADR,EIF1AX,SLA,SRSF6,FGF13,PAFAH1B2
gene_set_query	592	IRX1	607.0	ARCHS4 Coexpression,219;Enrichr Queries,355;GTEx Coexpression,1247	FZD3,TENM3,SEMA3C,BCL11A,CITED2,DTX4,GNG2,BMPER,BASP1,FSCN1,PDZRN3,SSBP3,TBC1D16
gene_set_query	593	ZNF551	608.3	ARCHS4 Coexpression,1129;Enrichr Queries,280;GTEx Coexpression,416	PIGU,CXADR,CITED2,PLEKHG5,MAPK8IP3,PGM2L1,HINFP,SQLE,ZNF829,NCR3LG1,SRSF6,GABRD,KBTBD8
gene_set_query	594	FOXD4L3	608.7	ARCHS4 Coexpression,938;Enrichr Queries,871;GTEx Coexpression,17	KRT222,GABRA1,GABBR2,KCNH3,PTPRN2,SLC6A17,SYT1,CADM2,PRKCB,STXBP1,CEBPG,CELF4,PLD5,ZNF2,ADCY1,DLG2,SV2B,FRRS1L,CHN1,FKBP1B,SLC17A7,FSD1,CDK5R2
gene_set_query	595	ZNF200	609.0	ARCHS4 Coexpression,423;Enrichr Queries,376;GTEx Coexpression,1028	PIGU,BCL11A,CITED2,CEP19,ACSL3,HINFP,ZNF829,HENMT1,ZNF780A,FGF13,ZNF268,PDZD7,CAPS2
gene_set_query	596	ZNF517	610.7	ARCHS4 Coexpression,1078;Enrichr Queries,339;GTEx Coexpression,415	AMER3,ZNF395,EHD4,MYPOP,MOCS3,FSCN1,DYRK1B,MAPK8IP3,CPEB2,PDZD7,DDOST
gene_set_query	597	ZBTB4	612.7	ARCHS4 Coexpression,248;Enrichr Queries,731;GTEx Coexpression,859	PIGU,SLC6A17,CITED2,CLSTN3,STXBP1,MAD2L1BP,NIPA2,ATP1B1,MAPK8IP3,RPIA,SLC17A7,CPEB2,GABRD
gene_set_query	598	CUX1	612.8	Literature ChIP-seq,71;ARCHS4 Coexpression,1546;ENCODE ChIP-seq,106;Enrichr Queries,802;ReMap ChIP-seq,230;GTEx Coexpression,922	PIGU,MOCS3,CITED2,CEP19,KDM8,PTPRO,MRPL38,ADK,LSM11,CHMP1A,PART1,KIFAP3,NUDT14,FAM81A,DDX18,PRKCB,NANOS3,TEX10,CSNK2A2,CYBB,DYRK1B,CYBA,NIPA2,ATP1B1,RABGGTA,DDOST,EID2,RRAGA,VSNL1,FSCN1,ZNF780A,KIFC3,PDZRN3,PAFAH1B2,TNFRSF21,CAPS2,RGS19,TSG101,STXBP1,ZNF2,SAMSN1,SELENOI,GNG2,CDH22,KIAA1324,LRRC8B,PDZD7,TBC1D16,MIR600HG,MYPOP,BCL11A,MTX2,PCDHB15,SORBS2,CWC15,KLHL9,RPIA,SQLE,EHD4,PTPRC,UBLCP1,STK24,DOLPP1,LNX1
gene_set_query	599	ZNF304	613.3	ARCHS4 Coexpression,723;Enrichr Queries,263;GTEx Coexpression,854	PIGU,PCNA,CITED2,PLEKHG5,CEBPG,KLHL9,ZNF829,BASP1,NCR3LG1,KIFAP3,GABRD,ZNF268,KBTBD8
gene_set_query	600	ZNF665	615.0	ARCHS4 Coexpression,870;Enrichr Queries,700;GTEx Coexpression,275	DDX18,PIGU,CITED2,ATP1B1,HINFP,KLHL9,ZNF829,OLFML3,BASP1,GOPC,CFAP97,ZNF268,PDZD7
gene_set_query	601	ZNF718	616.7	ARCHS4 Coexpression,1040;Enrichr Queries,600;GTEx Coexpression,210	DDX18,PIGU,PTPRN2,BCL11A,SORBS2,UBE2Z,MAPK8IP3,KLHL9,ZNF808,ZNF829,GOPC,ZNF780A,ZNF268
gene_set_query	602	ATF1	616.8	ARCHS4 Coexpression,448;ENCODE ChIP-seq,75;Enrichr Queries,853;ReMap ChIP-seq,204;GTEx Coexpression,1504	GLTP,PIGU,PCNA,TSG101,MAST3,CITED2,CLSTN3,STXBP1,KDM8,SAMSN1,IDH3B,SLC17A7,NCKAP1L,LRRC8B,KIFAP3,DDX18,TMED9,MTX2,EIF1AX,NANOS3,MAD2L1BP,AP2B1,NIPA2,KLHL4,ATP1B1,MAPK8IP3,RPS26,KBTBD6,DOLPP1,FSCN1,LNX1,CCDC22,CDK5R2,TNFRSF21
gene_set_query	603	NME2	617.0	ARCHS4 Coexpression,1270;ReMap ChIP-seq,52;GTEx Coexpression,529	LINC01197,CX3CR1,GABBR2,TMED9,NEGR1,BCL11A,CLSTN3,CEBPG,CELF4,UBE2Z,SORCS3,DDOST,RPS26,ZNF710,CDK5R2,SOCS5,NECTIN1
gene_set_query	604	KLF4	617.8	Literature ChIP-seq,42;ARCHS4 Coexpression,932;Enrichr Queries,763;ReMap ChIP-seq,270;GTEx Coexpression,1082	GLTP,PCNA,RGS19,SEMA3C,CITED2,DGKA,MRPL38,AIF1,NPEPPS,BASP1,NNAT,PAK6,SLC17A7,CCDC77,KCNH3,SYK,NANOS3,CMTM6,CYBB,ARHGEF18,AP2B1,ATP1B1,RABGGTA,HINFP,RPS26,MYO1B,STK24,UBLCP1,LYRM7,FSCN1,CDC42EP2,KIFC3,NECTIN1
gene_set_query	605	NFATC1	618.0	ARCHS4 Coexpression,223;ENCODE ChIP-seq,31;Enrichr Queries,1202;ReMap ChIP-seq,282;GTEx Coexpression,1352	TSG101,MRPL38,SLA,UFSP2,PLD6,UBE2Z,AIF1,BAG4,LSM11,CHAMP1,IDH3B,CDH24,NCKAP1L,CCDC77,SAMD12,SLC25A46,MIR600HG,DDX18,SYK,PRKCB,BCL11A,TEX10,VPS33A,CYBA,AP2B1,RABGGTA,RAB33B,RPS26,SLC6A6,RRAGA,PTPRC,UBLCP1,FSCN1,RGS10,SRSF6,PAFAH1B2
gene_set_query	606	THAP11	619.0	Literature ChIP-seq,107;ARCHS4 Coexpression,1073;Enrichr Queries,386;ReMap ChIP-seq,10;GTEx Coexpression,1519	PIGU,PCNA,CITED2,MRPL38,TM7SF3,SLC17A7,FSD1,SAMD12,TMED9,MYPOP,CMTM6,ADGRA1-AS1,MAD2L1BP,CYBA,ATP1B1,RABGGTA,PGM2L1,DDOST,RAB33B,RPIA,RPS26,CORT,KBTBD6,UBLCP1,FSCN1,RGS10
gene_set_query	607	ZNF519	620.3	ARCHS4 Coexpression,259;Enrichr Queries,907;GTEx Coexpression,695	AMER3,PCNA,NEGR1,BCL11A,CITED2,STXBP1,HINFP,ZNF829,CDH22,ZNF780A,FGF13,GABRD,CAPS2
gene_set_query	608	RHOXF2B	620.7	ARCHS4 Coexpression,513;Enrichr Queries,91;GTEx Coexpression,1258	ZCCHC12,CITED2,ATRNL1,PLD5,GRIK1,SAMSN1,AFF2,HENMT1,SLITRK4,ZNF385B,GABRD,PDZD7,KCNH1,CDKL1
gene_set_query	609	IRX4	621.7	ARCHS4 Coexpression,707;Enrichr Queries,707;GTEx Coexpression,451	GLTP,MYO1B,CXADR,PTPRN2,C1QTNF1,STK24,SEMA3C,BCL11A,BASP1,DGKA,FSCN1,NECTIN1
gene_set_query	610	TEAD2	622.0	ARCHS4 Coexpression,955;Enrichr Queries,975;ReMap ChIP-seq,87;GTEx Coexpression,471	CX3CR1,PCDHB15,ADK,MAD2L1BP,BRI3BP,SELENOI,HINFP,SLC6A6,BAG4,MYO1B,EHD4,C1QTNF1,BASP1,NNAT,FSCN1,CDH24,SLC17A7,LRRC8B,FGF13,PDZRN3,TBC1D16
gene_set_query	611	ZSCAN2	623.7	ARCHS4 Coexpression,381;Enrichr Queries,211;GTEx Coexpression,1279	PIGU,BCL11A,CITED2,ATP1B1,UBE2Z,PGM2L1,DDOST,HINFP,ZNF829,TSPAN13,LYRM4,KIAA1324,PDZD7
gene_set_query	612	ELF2	624.0	ARCHS4 Coexpression,890;Enrichr Queries,812;GTEx Coexpression,170	PIGU,TMED9,YWHAB,CITED2,CELF4,ATP2B1,BRI3BP,DDOST,TMEM121,GAP43,PTPRC,FKBP1B,FSD1,FAM81A,CPEB2
gene_set_query	613	PRRX1	624.7	ARCHS4 Coexpression,759;Enrichr Queries,914;GTEx Coexpression,201	LINC01197,C1QTNF1,SEMA3C,OLFML3,PLS3,GOPC,CHSY3,CFAP97,PDZRN3,SOCS5
gene_set_query	614	ZNF547	625.0	ARCHS4 Coexpression,853;Enrichr Queries,837;GTEx Coexpression,185	AMER3,PIGU,ZNF571,CITED2,STXBP1,AP2B1,MAPK8IP3,KBTBD6,LYRM4,ZGLP1,CDH22,DGCR9,GABRD,BORCS7
gene_set_query	615	ZNF17	625.3	ARCHS4 Coexpression,371;Enrichr Queries,209;GTEx Coexpression,1296	KLHL9,PIGU,ZNF571,CXADR,GNG2,ZNF780A,SRSF6,FGF13,ZNF268,KBTBD8,SLC25A46,HINFP
gene_set_query	616	ZNF211	626.7	ARCHS4 Coexpression,547;Enrichr Queries,579;GTEx Coexpression,754	PIGU,CXADR,GNG2,ZGLP1,CITED2,UFSP2,ATP1B1,SRSF6,MAPK8IP3,DDOST,TNFRSF21,HINFP
gene_set_query	617	YY1	627.2	Literature ChIP-seq,31;ARCHS4 Coexpression,1289;ENCODE ChIP-seq,12;Enrichr Queries,1103;ReMap ChIP-seq,290;GTEx Coexpression,1038	GLTP,PIGU,MOCS3,CITED2,YWHAB,KDM8,MRPL38,ADK,SLA,UFSP2,UBE2Z,LSM11,CHAMP1,IDH3B,ANKS1B,KCNH1,TMED9,EIF1AX,NANOS3,VPS33A,RABGGTA,DDOST,ITFG1,FSCN1,PCNA,TSG101,SEMA3C,LIN7A,DTX4,ZNF829,BAG4,CHN1,SLC17A7,NCKAP1L,CCDC77,ZNF268,PDZD7,SOCS5,SYT1,NEGR1,SORBS2,AP2B1,ATP2B1,RPS26,GNAL,CDKN2AIPNL,DOLPP1,LYRM7,KBTBD8
gene_set_query	618	ZNF414	627.7	ARCHS4 Coexpression,129;Enrichr Queries,1018;GTEx Coexpression,736	GABBR2,NEGR1,PLD5,CELF4,UBE2Z,DDOST,HINFP,SLITRK4,CHMP1A,FSCN1,CCDC22,SAMD12,PDZD7,CDKL1
gene_set_query	619	GFI1	628.0	ARCHS4 Coexpression,671;Enrichr Queries,857;GTEx Coexpression,356	PTPRC,SYK,BCL11A,CYBB,NCKAP1L,CYBA,ATP1B1,SAMSN1
gene_set_query	620	TGIF1	628.0	ARCHS4 Coexpression,597;Enrichr Queries,1039;GTEx Coexpression,248	KRT222,CADM2,CITED2,PRKCB,CLSTN3,STXBP1,CELF4,MAPK8IP3,AMMECR1L,FRRS1L,BASP1,FSCN1,FSD1,KIFAP3
gene_set_query	621	ZNF763	628.3	ARCHS4 Coexpression,1216;Enrichr Queries,363;GTEx Coexpression,306	PIGU,ZNF571,FZD3,IGSF6,RGS19,SYK,BCL11A,CITED2,SLA,ZNF808,GLT1D1,ZNF780A,PDZD7
gene_set_query	622	EMX2	629.0	ARCHS4 Coexpression,77;Enrichr Queries,1235;GTEx Coexpression,575	GABBR2,SEMA3C,NEGR1,BCL11A,PLD5,CELF4,TMEM121,GRM3,SLITRK4,DCX,SAMD12,LONRF2,ZNF268,PDZD7,CDKL1
gene_set_query	623	FOSL1	629.4	ARCHS4 Coexpression,622;ENCODE ChIP-seq,24;Enrichr Queries,1357;ReMap ChIP-seq,113;GTEx Coexpression,1031	SEMA3C,CITED2,NANOS3,STRBP,VPS33A,RITA1,MAD2L1BP,LIN7A,NIPA2,ACSL3,PLD6,UBE2Z,HSD11B1,SLC6A6,EHD4,CHAMP1,FSCN1,DCX,CDC42EP2,CDH24,LRRC8B,KIFC3
gene_set_query	624	ZNF331	629.7	ARCHS4 Coexpression,940;Enrichr Queries,399;GTEx Coexpression,550	LINC01197,ZNF571,BCL11A,CITED2,BASP1,NNAT,KIAA1324,PHACTR1,LONRF2,SAMSN1,AIF1
gene_set_query	625	ZFX	630.0	Literature ChIP-seq,100;ARCHS4 Coexpression,341;Enrichr Queries,1290;ReMap ChIP-seq,286;GTEx Coexpression,1133	GLTP,PIGU,TSG101,YWHAB,CEBPG,MRPL38,TM7SF3,UBE2Z,TMEM121,NPEPPS,BAG4,GLT1D1,LSM11,NUP85,FAM174A,CHMP1A,PAK6,SLC25A46,TMED9,MYPOP,EIF1AX,MTX2,NANOS3,TEX10,CSNK2A2,ARHGEF18,CYBA,ATP2B1,NIPA2,MAPK8IP3,BRI3BP,RABGGTA,ITFG1,DDOST,KLHL9,RPIA,EID2,TSPAN13,FSCN1,CDK2AP2,KIFC3,SRSF6,PAFAH1B2
gene_set_query	626	TFAP4	630.3	ARCHS4 Coexpression,272;Enrichr Queries,1095;ReMap ChIP-seq,281;GTEx Coexpression,873	RGS19,PCNA,CITED2,PLEKHG5,NANOS3,DGKA,MRPL38,PLD5,TALDO1,HINFP,ZNF829,FSCN1,CCDC22,PDZD7,CDKL1
gene_set_query	627	GATA1	630.5	Literature ChIP-seq,80;ARCHS4 Coexpression,683;ENCODE ChIP-seq,83;Enrichr Queries,1392;ReMap ChIP-seq,152;GTEx Coexpression,1393	CITED2,CLSTN3,KDM8,MRPL38,ADK,GRIK1,UBE2Z,LSM11,C1QTNF1,AMMECR1L,FAM174A,CHAMP1,PHACTR1,KIFAP3,SAMD12,FAM81A,RGS6,SYK,EIF1AX,PRKCB,VPS33A,TALDO1,ARHGEF18,CYBA,ATP1B1,RABGGTA,PGM2L1,DDOST,RAB33B,FSCN1,RAPGEF5,CX3CR1,ZNF395,RGS19,ADCY1,PLD6,SAMSN1,ZNF829,GNG2,OLFML3,KIAA1324,NCKAP1L,LRRC8B,MYPOP,PTPRN2,ATRNL1,BCL11A,CADM2,CMTM6,MAD2L1BP,AP2B1,CWC15,RPS26,RPIA,TSPAN13,PTPRC,KBTBD6,CDKN2AIPNL,STK24,ZGLP1,DOLPP1,LYRM7,RGS10,CDK2AP2,CCDC22,KBTBD8,SSBP3,PTPN3,NECTIN1
gene_set_query	628	ZNF568	630.7	ARCHS4 Coexpression,924;Enrichr Queries,118;GTEx Coexpression,850	PIGU,ZNF571,PTPRN2,PLD5,HINFP,ZNF808,ZNF829,ZNF268,PDZD7,CAPS2,SOCS5,ANKS1B,ZNF233
gene_set_query	629	NR5A1	630.7	ARCHS4 Coexpression,263;Enrichr Queries,661;GTEx Coexpression,968	HSD11B1,SQLE,PIGU,TF,GJB1,CITED2,FSCN1,KLHL4,ACSL3,A2M,BORCS7,DDOST
gene_set_query	630	NEUROG2	631.3	ARCHS4 Coexpression,119;Enrichr Queries,880;GTEx Coexpression,895	PCNA,BCL11A,BRI3BP,MAPK8IP3,GAP43,MYO1B,BASP1,PNOC,NNAT,FSCN1,PDZRN3,SSBP3,CDK5R2,TBC1D16
gene_set_query	631	ZNF83	631.5	ARCHS4 Coexpression,455;Enrichr Queries,644;ReMap ChIP-seq,117;GTEx Coexpression,1310	PIGU,TMED9,CITED2,MAD2L1BP,SORBS2,AIF1,HINFP,KBTBD6,SST,DOLPP1,CHAMP1,SLC17A7,LRRC8B,SRSF6,FGF13,CPEB2,ZNF268,PDZD7,CAPS2
gene_set_query	632	HOXD10	631.7	ARCHS4 Coexpression,550;Enrichr Queries,942;GTEx Coexpression,403	C1QTNF1,SEMA3C,BCL11A,NCR3LG1,CEBPG,CDH24,PLS3,OLFML2A,PDZRN3,CDKL1
gene_set_query	633	FOXQ1	632.0	ARCHS4 Coexpression,306;Enrichr Queries,790;GTEx Coexpression,800	GLTP,TF,MYO1B,CXADR,STK24,SEMA3C,CITED2,ATP1B1,A2M,TNFRSF21,NECTIN1
gene_set_query	634	ZNF212	632.3	ARCHS4 Coexpression,1275;Enrichr Queries,162;GTEx Coexpression,460	GLTP,PIGU,BCL11A,CITED2,DGKA,ARHGEF18,CYBA,RABGGTA,DDOST,STK24,BASP1,CHMP1A,FSCN1,TNFRSF21
gene_set_query	635	ZNF154	633.0	ARCHS4 Coexpression,279;Enrichr Queries,1065;GTEx Coexpression,555	TMED9,MOCS3,NEGR1,PRKCB,BCL11A,HINFP,INPP4A,ZNF829,LSM11,FGF13,LONRF2,PDZD7,CAPS2
gene_set_query	636	HOXB7	634.4	Literature ChIP-seq,111;ARCHS4 Coexpression,809;Enrichr Queries,751;ReMap ChIP-seq,2;GTEx Coexpression,1499	ZNF395,PIGU,IGSF6,SEMA3C,CITED2,YWHAB,CEBPG,ADK,UBE2Z,TMEM121,NPEPPS,GLT1D1,C1QTNF1,BASP1,SOCS5,SLC6A17,MTX2,VPS33A,ARHGEF18,CWC15,ACSL3,NIPA2,ATP1B1,BRI3BP,PGM2L1,PEX5L,FSCN1,ZNF710,CDK5R2
gene_set_query	637	TIGD3	635.0	ARCHS4 Coexpression,684;Enrichr Queries,829;GTEx Coexpression,392	SLC6A6,GLT1D1,IGSF6,RGS19,CEP19,NNAT,CDC42EP2,FSCN1,LIN7A,PHACTR1,CYBA
gene_set_query	638	CTCF	635.8	Literature ChIP-seq,45;ARCHS4 Coexpression,1475;ENCODE ChIP-seq,2;Enrichr Queries,758;ReMap ChIP-seq,28;GTEx Coexpression,1507	GLTP,ACY3,MOCS3,CITED2,MAST3,MRPL38,OLFML2A,TM7SF3,UBE2Z,C1QTNF1,LSM11,CHMP1A,KIFAP3,NUDT14,KCNH1,DDX18,EIF1AX,NANOS3,STRBP,PLEKHG5,LANCL1,TALDO1,ARHGEF18,ATP1B1,RABGGTA,MAPK8IP3,ITFG1,DDOST,EID2,RRAGA,FSCN1,KIFC3,SRSF6,CFAP97,TNFRSF21,RGS19,PCNA,SEMA3C,DTX4,SV2B,CDH24,PAK6,SLC17A7,ZNF268,PDZD7,SOCS5,FZD3,BCL11A,PCDHB15,RPIA,RPS26,SLC6A6,MYO1B,CDKN2AIPNL,RCAN2,RGS10,RIMBP2,NECTIN1
gene_set_query	639	MBD3	636.8	ARCHS4 Coexpression,1323;Enrichr Queries,729;ReMap ChIP-seq,61;GTEx Coexpression,434	KCNH3,MYPOP,RGS19,PCNA,NANOS3,STXBP1,CYBA,DDOST,TMEM121,SLC6A6,ZGLP1,KIAA1324,FSCN1,ZNF710,SRSF6,NUDT14,PDZD7
gene_set_query	640	SP2	637.4	ARCHS4 Coexpression,1222;ENCODE ChIP-seq,45;Enrichr Queries,741;ReMap ChIP-seq,105;GTEx Coexpression,1074	GLTP,PIGU,RGS19,CITED2,CLSTN3,CEBPG,UBE2Z,SELENOI,BAG4,GLT1D1,AMMECR1L,SLC17A7,NCKAP1L,FSD1,KIFAP3,PDZD7,SOCS5,DDX18,STRBP,VPS33A,CSNK2A2,RITA1,ARHGEF18,AP2B1,CWC15,MAPK8IP3,RABGGTA,DDOST,HINFP,SLC6A6,SQLE,EHD4,CDKN2AIPNL,DOLPP1,CDK2AP2,CCDC22,SRSF6,SSBP3,PAFAH1B2,CDK5R2
gene_set_query	641	NR0B1	637.5	Literature ChIP-seq,62;ARCHS4 Coexpression,206;Enrichr Queries,1327;GTEx Coexpression,955	CITED2,PLD4,ADCY1,OLFML2A,BASP1,FAM174A,NNAT,KIAA1324,CDH24,PHACTR1,A2M,BORCS7,KRT222,KCNH3,PTPRN2,GPR12,SLC2A13,NANOS3,PLEKHG5,KLHL4,ATP1B1,HINFP,RPS26,SLC6A6,SST,RIMBP2,FSCN1,CDK2AP2,KIFC3,CDK5R2,PTPN3,NECTIN1
gene_set_query	642	ARID2	638.8	ARCHS4 Coexpression,241;Enrichr Queries,1081;ReMap ChIP-seq,26;GTEx Coexpression,1207	PIGU,TMED9,PCNA,MYPOP,RGS19,CXADR,CITED2,CSNK2A2,MRPL38,CYBA,LIN7A,ACSL3,ATP2B1,HINFP,SQLE,BAG4,VSNL1,STK24,FKBP1B,CHMP1A,SRSF6,PDZD7,PAFAH1B2
gene_set_query	643	MESP2	639.0	ARCHS4 Coexpression,1082;Enrichr Queries,804;GTEx Coexpression,31	KRT222,GABBR2,CHRM1,SEMA3C,YWHAB,CELF4,AP2B1,TMEM121,BAG4,GAP43,DLG2,C1QTNF1,BMPER,CHN1,FKBP1B,DCX,FSCN1,FSD1,FAM81A,CDK5R2,PDZD7
gene_set_query	644	BRF2	639.0	ARCHS4 Coexpression,511;ReMap ChIP-seq,62;GTEx Coexpression,1344	ZNF395,TMED9,PTPRN2,MRPL38,RITA1,UBE2Z,INPP4A,LSM11,NUP85,FRRS1L,DOLPP1,PSMC2,SLC17A7,CCDC22,FSD1,LRRC8B,PDZD7
gene_set_query	645	ZNF594	639.3	ARCHS4 Coexpression,159;Enrichr Queries,389;GTEx Coexpression,1370	PIGU,FZD3,TMED9,BCL11A,CITED2,CYBA,DDOST,ZNF829,LYRM7,ZNF780A,FGF13,ZNF268,PDZD7,CAPS2
gene_set_query	646	FOXM1	639.8	Literature ChIP-seq,32;ARCHS4 Coexpression,925;ENCODE ChIP-seq,79;Enrichr Queries,1386;ReMap ChIP-seq,237;GTEx Coexpression,1180	MAP10,CITED2,KDM8,PTPRO,MRPL38,ADK,BHLHE41,SLC4A3,LSM11,BMPER,BASP1,IDH3B,PART1,PLS3,PHACTR1,KIFAP3,RGS6,SLC25A46,DDX18,CXADR,NANOS3,PLEKHG5,DYRK1B,GAP43,FSCN1,CDC42EP2,ZNF780A,TNFRSF21,CDKL1,ZNF395,PCNA,SEMA3C,PLD4,ASAP2,PLD6,BAG4,KIAA1324,CDH24,CCDC77,ZNF268,GPR12,BCL11A,CMTM6,MAD2L1BP,AP2B1,RPS26,RPIA,SLC6A6,MYO1B,KBTBD6,GNAL,GOPC,SSBP3
gene_set_query	647	MAFK	640.6	ARCHS4 Coexpression,861;ENCODE ChIP-seq,46;Enrichr Queries,1365;ReMap ChIP-seq,106;GTEx Coexpression,825	PIGU,PCNA,SEMA3C,CITED2,CEP19,MRPL38,UFSP2,ASAP2,UBE2Z,TM7SF3,BASP1,CHN1,CCDC77,SAMD12,RFPL1S,SOCS5,DDX18,TMED9,ARHGEF18,CWC15,BRI3BP,RABGGTA,MAPK8IP3,RPS26,EID2,EHD4,KBTBD6,GNAL,CDKN2AIPNL,DOLPP1,LYRM7,PSMC2,CDC42EP2,CCDC22,KIFC3,SRSF6,PDZRN3,CDK5R2,TNFRSF21,CAPS2
gene_set_query	648	HIVEP3	641.3	ARCHS4 Coexpression,918;Enrichr Queries,793;GTEx Coexpression,213	GLTP,CXADR,BCL11A,PRKCB,PLEKHG5,BHLHE41,PLD4,SORBS2,AIF1,SELENOI,BASP1,PAK6,NECTIN1
gene_set_query	649	ZNF528	642.0	ARCHS4 Coexpression,532;Enrichr Queries,334;GTEx Coexpression,1060	ZNF808,ZNF829,PIGU,OLFML3,ADCY1,SRSF6,FGF13,MAPK8IP3,GABRD,TNFRSF21,PDZD7,CAPS2
gene_set_query	650	ZNF224	642.7	ARCHS4 Coexpression,277;Enrichr Queries,994;GTEx Coexpression,657	KLHL9,ZNF808,PIGU,TMED9,LYRM7,CHAMP1,ZNF780A,FGF13,MAPK8IP3,CAPS2,ZNF233
gene_set_query	651	BARX2	642.7	ARCHS4 Coexpression,698;Enrichr Queries,524;GTEx Coexpression,706	GLTP,C1QTNF1,SEMA3C,BCL11A,CITED2,DGKA,SPNS2,RABGGTA,PDZRN3,NECTIN1,PTPN3
gene_set_query	652	ZNF221	643.0	ARCHS4 Coexpression,1321;Enrichr Queries,318;GTEx Coexpression,290	KLHL9,ZNF829,PIGU,ZNF571,NCR3LG1,CHAMP1,GOPC,ZNF780A,ZNF268,PDZD7,SOCS5,ZNF233
gene_set_query	653	ZNF177	643.7	ARCHS4 Coexpression,893;Enrichr Queries,259;GTEx Coexpression,779	PIGU,FZD3,PTPRN2,CXADR,KBTBD6,BCL11A,BHLHE41,AP2B1,PLD6,OLFML2A,MAPK8IP3,TNFRSF21
gene_set_query	654	ZNF606	644.3	ARCHS4 Coexpression,265;Enrichr Queries,365;GTEx Coexpression,1303	ZNF829,PIGU,ZNF571,FZD3,CXADR,GNG2,BCL11A,CITED2,SRSF6,UBE2Z,FGF13,ZNF268
gene_set_query	655	NEUROD4	646.0	ARCHS4 Coexpression,1071;Enrichr Queries,60;GTEx Coexpression,807	PTPRN2,SYT1,BCL11A,CLSTN3,CELF4,GAP43,C1QTNF1,SST,NNAT,RIMBP2,DCX,NUDT14,SSBP3,CDK5R2
gene_set_query	656	RFX5	646.2	ARCHS4 Coexpression,1477;ENCODE ChIP-seq,42;Enrichr Queries,841;ReMap ChIP-seq,188;GTEx Coexpression,683	PIGU,PCNA,MAST3,STXBP1,MRPL38,NUP85,BASP1,CDH24,NCKAP1L,KIFAP3,PDZD7,FZD3,SYK,NANOS3,VPS33A,DYRK1B,TALDO1,AP2B1,ATP1B1,RABGGTA,BRI3BP,DDOST,RPS26,SQLE,EID2,GNAL,LYRM4,UBLCP1,CDKN2AIPNL,DOLPP1,PNOC,LYRM7,RGS10,CDK2AP2,CDC42EP2,ZNF780A,CCDC22,SRSF6,ZNF233
gene_set_query	657	KLF11	646.3	ARCHS4 Coexpression,305;Enrichr Queries,1176;GTEx Coexpression,458	PIGU,PLGLB1,CADM2,CITED2,CYBB,TMEM121,KBTBD6,AMMECR1L,HENMT1,KIAA1324,SAMD12,CPEB2,SLC25A46
gene_set_query	658	DUX4	646.5	ARCHS4 Coexpression,1174;ReMap ChIP-seq,119	MIR600HG,ARMT1,NCR3LG1,SLITRK4,STRBP,LANCL1,CMTM6,AP2B1,CWC15,FGF13,SLC25A46,SOCS5
gene_set_query	659	ZNF337	646.7	ARCHS4 Coexpression,1212;Enrichr Queries,393;GTEx Coexpression,335	AMER3,PIGU,BCL11A,STXBP1,DGKA,PTPRO,MAPK8IP3,DDOST,DLG2,NCR3LG1,CDH22,SRSF6,GABRD
gene_set_query	660	ZNF146	647.0	ARCHS4 Coexpression,919;Enrichr Queries,724;GTEx Coexpression,298	KLHL9,DDX18,PCNA,CXADR,EIF1AX,BASP1,CHAMP1,PLS3,GOPC,SLC25A46
gene_set_query	661	ZNF625	647.3	ARCHS4 Coexpression,822;Enrichr Queries,718;GTEx Coexpression,402	KLHL9,DDX18,ZNF808,ZNF829,PIGU,FZD3,PCNA,CXADR,LYRM4,CHAMP1,ZNF268,ZNF233
gene_set_query	662	ZNF316	648.0	ARCHS4 Coexpression,810;Enrichr Queries,554;GTEx Coexpression,580	SYK,CLSTN3,FSCN1,ARHGEF18,CYBA,CCDC22,KIFC3,ZNF710,KIFAP3,MAPK8IP3,DDOST
gene_set_query	663	STAT4	649.0	Literature ChIP-seq,149;ARCHS4 Coexpression,1001;Enrichr Queries,528;GTEx Coexpression,918	PCNA,PRKCB,DGKA,CMTM6,MATK,CYBB,SLA,CYBA,SAMSN1,AIF1,PGM2L1,PTPRC,LSM11,HENMT1,BMPER,UBLCP1,BASP1,PAK6,PHACTR1
gene_set_query	664	NR5A2	649.0	ARCHS4 Coexpression,1159;Enrichr Queries,668;ReMap ChIP-seq,120;GTEx Coexpression,649	GLTP,TMED9,CHRM1,SLC6A17,SEMA3C,BCL11A,STXBP1,MAD2L1BP,TM7SF3,ATP1B1,BRI3BP,HSD11B1,SLC6A6,MYO1B,GJB1,EHD4,ZNF710,RAPGEF5,NUDT14
gene_set_query	665	MAZ	649.4	ARCHS4 Coexpression,1557;ENCODE ChIP-seq,9;Enrichr Queries,1189;ReMap ChIP-seq,269;GTEx Coexpression,223	RGS19,MAST3,STXBP1,MRPL38,NPEPPS,GLT1D1,NUP85,B3GALT2,CHN1,SLC17A7,FSD1,CCDC77,PDZD7,SLC25A46,SOCS5,FZD3,MYPOP,PTPRN2,VPS33A,NANOS3,RITA1,MAD2L1BP,TALDO1,CYBA,CWC15,MAPK8IP3,DDOST,PGM2L1,RAB33B,RPS26,RRAGA,EID2,KBTBD6,GNAL,VSNL1,CDKN2AIPNL,FKBP1B,FSCN1,CCDC22,KIFC3,KBTBD8,TNFRSF21,ZNF233
gene_set_query	666	TBX21	649.5	ARCHS4 Coexpression,435;Enrichr Queries,860;ReMap ChIP-seq,148;GTEx Coexpression,1155	CX3CR1,ZNF395,RGS19,PRKCB,MAST3,NANOS3,RITA1,MATK,CYBA,INPP4A,GLT1D1,PTPRC,SLC17A7
gene_set_query	667	ZNF860	649.5	ARCHS4 Coexpression,420;GTEx Coexpression,879	BAG4,CXADR,STK24,DGKA,SRSF6,RABGGTA,MAPK8IP3,PAFAH1B2
gene_set_query	668	ZNF830	649.7	ARCHS4 Coexpression,1119;Enrichr Queries,550;GTEx Coexpression,280	DDX18,PIGU,MOCS3,PCNA,SYK,CITED2,MAD2L1BP,NIPA2,CWC15,MAPK8IP3,DDOST,CHAMP1,ZNF780A
gene_set_query	669	HMGN3	649.8	ARCHS4 Coexpression,1577;ENCODE ChIP-seq,94;ReMap ChIP-seq,201;GTEx Coexpression,727	ZCCHC12,RGS19,UFSP2,SLC4A3,SELENOI,SLC17A7,FSD1,LRRC8B,BORCS7,FZD3,CXADR,PTPRN2,NANOS3,TALDO1,MAD2L1BP,CYBA,CWC15,MAPK8IP3,DDOST,HINFP,SLC6A6,SQLE,RRAGA,TF,UBLCP1,ZGLP1,DOLPP1,FSCN1,CDK2AP2,CDK5R2,CAPS2
gene_set_query	670	ZNF804B	650.0	ARCHS4 Coexpression,476;Enrichr Queries,7;GTEx Coexpression,1467	GABBR2,PTPRN2,SYT1,NEGR1,CADM2,ATRNL1,PLD5,SORBS2,ADCY1,SORCS3,AFF2,GRM3,DLG2,ZNF385B,PHACTR1,FGF13,PDZRN3,GPR158,ANKS1B,CAPS2
gene_set_query	671	DR1	650.7	ARCHS4 Coexpression,227;Enrichr Queries,835;GTEx Coexpression,890	MOCS3,PCNA,CITED2,YWHAB,TEX10,CSNK2A2,DDOST,BAG4,RGS10,SRSF6,ZNF268,PAFAH1B2,CDKL1
gene_set_query	672	PHOX2A	650.7	ARCHS4 Coexpression,298;Enrichr Queries,1129;GTEx Coexpression,525	C1QTNF1,CLSTN3,RIMBP2,FSCN1,CDH24,GRIK1,KLHL4,FSD1,LONRF2,CDK5R2,TBC1D16
gene_set_query	673	ZNF326	651.0	ARCHS4 Coexpression,432;Enrichr Queries,847;GTEx Coexpression,674	PEX5L,PIGU,MYO1B,TMED9,BASP1,LANCL1,CHMP1A,ARHGEF18,CYBA,RAPGEF5,DTX4,SRSF6
gene_set_query	674	NHLH1	651.0	ARCHS4 Coexpression,668;Enrichr Queries,672;GTEx Coexpression,613	GLT1D1,GAP43,IGSF6,RGS19,BCL11A,BASP1,CEP19,NNAT,DCX,FSCN1,SSBP3
gene_set_query	675	ZNF577	651.3	ARCHS4 Coexpression,598;Enrichr Queries,116;GTEx Coexpression,1240	ZNF808,ZNF829,PIGU,ZNF571,TMED9,PTPRN2,BCL11A,SORBS2,SRSF6,FGF13,ZNF268,ZNF233
gene_set_query	676	POU2F3	651.3	ARCHS4 Coexpression,373;Enrichr Queries,737;GTEx Coexpression,844	GLTP,ZNF829,CXADR,C1QTNF1,STK24,BCL11A,CITED2,SAMD12,PDZD7,NECTIN1,HINFP,CDKL1
gene_set_query	677	BATF2	651.7	ARCHS4 Coexpression,479;Enrichr Queries,1166;GTEx Coexpression,310	GLT1D1,IGSF6,RGS19,SYK,CDC42EP2,ARHGEF18,CYBB,CYBA,AIF1
gene_set_query	678	ANKZF1	651.7	ARCHS4 Coexpression,1047;Enrichr Queries,394;GTEx Coexpression,514	RRAGA,ZNF395,PIGU,PTPRC,NUP85,CITED2,DGKA,MAPK8IP3,DDOST,HINFP
gene_set_query	679	TBX18	653.0	ARCHS4 Coexpression,781;Enrichr Queries,654;GTEx Coexpression,524	LINC01197,MYO1B,BMPER,SEMA3C,OLFML3,PLS3,CHSY3,CFAP97,PDZRN3
gene_set_query	680	ZFP28	654.3	ARCHS4 Coexpression,11;Enrichr Queries,1023;GTEx Coexpression,929	PIGU,STXBP1,PTPRO,CELF4,GNG2,BASP1,FRRS1L,KIFAP3,LONRF2,FZD3,CXADR,NEGR1,SYT1,CADM2,CYBA,AP2B1,PGM2L1,RPIA,KLHL9,GAP43,KBTBD6,DLG2,RCAN2,RIMBP2,DCX
gene_set_query	681	KLF8	656.3	ARCHS4 Coexpression,842;Enrichr Queries,468;GTEx Coexpression,659	GLTP,PIGU,GNAL,STK24,BCL11A,CITED2,DGKA,ZNF780A,FGF13,NECTIN1,CAPS2
gene_set_query	682	THAP1	657.0	ARCHS4 Coexpression,1495;ENCODE ChIP-seq,81;Enrichr Queries,1203;ReMap ChIP-seq,162;GTEx Coexpression,344	MAP10,GLTP,PIGU,MOCS3,RGS19,CITED2,CEP19,ADK,ZNF2,CHAMP1,LRRC8B,SOCS5,ARMT1,MYPOP,MTX2,NANOS3,PLEKHG5,VPS33A,MAD2L1BP,TALDO1,CYBA,NIPA2,AP2B1,MAPK8IP3,HINFP,GON7,RPS26,SLC6A6,ZGLP1,DOLPP1,CDK2AP2,CDC42EP2,GOPC
gene_set_query	683	ZNF121	657.7	ARCHS4 Coexpression,235;Enrichr Queries,1401;GTEx Coexpression,337	GLTP,TMED9,BAG4,CXADR,STK24,DGKA,SRSF6,FGF13,ITFG1,SELENOI,PAFAH1B2,NECTIN1
gene_set_query	684	ATF6	657.7	ARCHS4 Coexpression,672;Enrichr Queries,851;GTEx Coexpression,450	IGSF6,RGS19,CITED2,CMTM6,SLA,ATP2B1,ATP1B1,SAMSN1,PTPRC,SAMD12,PAFAH1B2,PDZD7,CDKL1
gene_set_query	685	EBF3	659.0	ARCHS4 Coexpression,134;Enrichr Queries,300;GTEx Coexpression,1543	FZD3,BCL11A,CELF4,PGM2L1,GAP43,GNG2,BMPER,OLFML3,BASP1,NNAT,DCX,PDZRN3,SSBP3
gene_set_query	686	E2F1	659.2	Literature ChIP-seq,109;ARCHS4 Coexpression,1239;ENCODE ChIP-seq,55;Enrichr Queries,1387;ReMap ChIP-seq,263;GTEx Coexpression,902	CEP19,MRPL38,TM7SF3,UBE2Z,HENMT1,CHMP1A,IDH3B,FAM81A,CXADR,EIF1AX,NANOS3,STRBP,SLC2A13,MATK,TALDO1,DYRK1B,ARHGEF18,RAB33B,DCX,KIFC3,SRSF6,CFAP97,PAFAH1B2,CAPS2,PCNA,TSG101,SEMA3C,PDE1B,STXBP1,CEBPG,ASAP2,GNG2,SV2B,NUP85,SLITRK4,CHN1,CDH24,SLC17A7,CCDC77,LRRC8B,MAD2L1BP,KLHL4,BRI3BP,HINFP,SLC6A6,SQLE,KBTBD6,DLG2,STK24,PNOC,LYRM7,PTPN3
gene_set_query	687	SOX15	659.7	ARCHS4 Coexpression,1000;Enrichr Queries,490;GTEx Coexpression,489	GLTP,PCNA,STK24,VSNL1,BCL11A,OLFML3,DGKA,NANOS3,NNAT,FSCN1,RABGGTA,NECTIN1
gene_set_query	688	TFAP2E	660.0	ARCHS4 Coexpression,1062;Enrichr Queries,816;GTEx Coexpression,102	AMER3,PTPRN2,RGS19,CLSTN3,BCL11A,STXBP1,PLEKHG5,MAPK8IP3,AIF1,C1QTNF1,CDH22,DGCR9,GABRD,GPR158,PDZD7,CDK5R2
gene_set_query	689	ZNF226	661.7	ARCHS4 Coexpression,555;Enrichr Queries,156;GTEx Coexpression,1274	PIGU,FZD3,CXADR,CITED2,SORBS2,UBE2Z,PGM2L1,DDOST,ZNF829,GOPC,ZNF780A,SRSF6,ZNF268
gene_set_query	690	ZNF780B	661.7	ARCHS4 Coexpression,394;Enrichr Queries,375;GTEx Coexpression,1216	PIGU,ZNF829,TMED9,SEMA3C,LYRM7,ZNF780A,FGF13,ZNF268,PGM2L1,CAPS2
gene_set_query	691	ZNF502	662.7	ARCHS4 Coexpression,720;Enrichr Queries,686;GTEx Coexpression,582	ZNF829,ZNF571,LSM11,HENMT1,MAST3,BCL11A,TEX10,MATK,LIN7A,SRSF6,ZNF268,PAFAH1B2
gene_set_query	692	ZNF799	663.7	ARCHS4 Coexpression,752;Enrichr Queries,947;GTEx Coexpression,292	PIGU,ZNF829,IGSF6,RGS19,CITED2,CMTM6,FSCN1,ZNF780A,AP2B1,SAMSN1,PGM2L1,RAB33B
gene_set_query	693	ZNF583	666.3	ARCHS4 Coexpression,950;Enrichr Queries,182;GTEx Coexpression,867	ZNF829,PIGU,ZNF571,KBTBD6,STK24,NEGR1,CITED2,DGKA,LYRM7,ZNF780A,ZNF268,LONRF2
gene_set_query	694	ZNF354C	667.3	ARCHS4 Coexpression,399;Enrichr Queries,1007;GTEx Coexpression,596	KLHL9,PIGU,FZD3,TENM3,GNG2,SEMA3C,OLFML3,GOPC,CYBA,FGF13,ZNF268,SOCS5
gene_set_query	695	HLX	668.0	ARCHS4 Coexpression,149;Enrichr Queries,993;GTEx Coexpression,862	SLC6A6,GLT1D1,IGSF6,RGS19,CITED2,BASP1,FSCN1,TALDO1,CYBB,CYBA,AIF1
gene_set_query	696	SPDEF	668.0	ARCHS4 Coexpression,941;Enrichr Queries,511;GTEx Coexpression,552	CHRM1,PTPRN2,TSPAN13,SEMA3C,CITED2,KIAA1324,PART1,ACSL3,ATP1B1
gene_set_query	697	STAT2	668.2	ARCHS4 Coexpression,1022;ENCODE ChIP-seq,104;Enrichr Queries,1326;ReMap ChIP-seq,168;GTEx Coexpression,721	IGSF6,PRKCB,CITED2,MRPL38,MAD2L1BP,CYBB,AP2B1,ITFG1,HINFP,GLT1D1,PTPRC,EHD4,CDKN2AIPNL,FAM174A,KIAA1324,SRSF6,SSBP3
gene_set_query	698	HMG20B	668.3	ARCHS4 Coexpression,956;Enrichr Queries,813;GTEx Coexpression,236	AMER3,TMED9,CITED2,CELF4,ATP1B1,DDOST,KBTBD6,FRRS1L,FSCN1,FSD1,KIFC3,KIFAP3,GPR158,TBC1D16
gene_set_query	699	ZNF385A	669.3	ARCHS4 Coexpression,286;Enrichr Queries,1071;GTEx Coexpression,651	GLTP,IGSF6,SYK,BCL11A,CITED2,CYBB,CYBA,SLC6A6,BASP1,FSCN1,PAK6,ZNF710,NECTIN1
gene_set_query	700	HES7	669.7	ARCHS4 Coexpression,1171;Enrichr Queries,486;GTEx Coexpression,352	AMER3,CLSTN3,BCL11A,CITED2,STXBP1,BHLHE41,MAPK8IP3,C1QTNF1,CDH22,FSCN1,SAMD12,GABRD,CDKL1
gene_set_query	701	MSC	670.0	ARCHS4 Coexpression,715;Enrichr Queries,759;GTEx Coexpression,536	DDX18,EHD4,C1QTNF1,BASP1,BHLHE41,FSCN1,CDC42EP2,TALDO1,UBE2Z,CFAP97,SAMSN1
gene_set_query	702	PRDM6	670.7	ARCHS4 Coexpression,758;Enrichr Queries,659;GTEx Coexpression,595	C1QTNF1,BMPER,SEMA3C,BCL11A,RCAN2,DGKA,PLD5,PLS3,CHSY3,PDZRN3
gene_set_query	703	NCOA3	670.8	ARCHS4 Coexpression,868;Enrichr Queries,438;ReMap ChIP-seq,37;GTEx Coexpression,1340	DDX18,PIGU,MOCS3,ARMT1,SEMA3C,CITED2,STXBP1,STRBP,DGKA,NANOS3,UBE2Z,ATP1B1,BRI3BP,DDOST,SQLE,OLFML3,BASP1,PSMC2,FSCN1,SAMD12,ANKS1B
gene_set_query	704	ZNF14	671.3	ARCHS4 Coexpression,1086;Enrichr Queries,406;GTEx Coexpression,522	KLHL9,CXADR,CDKN2AIPNL,CITED2,CEP19,LIN7A,ZNF780A,ATP1B1,SRSF6,ZNF268,TNFRSF21
gene_set_query	705	PRDM4	671.7	ARCHS4 Coexpression,1046;Enrichr Queries,345;GTEx Coexpression,624	KLHL9,DDX18,PIGU,CITED2,CEBPG,CHAMP1,ATP2B1,AP2B1,ATP1B1,UBE2Z,CPEB2
gene_set_query	706	ZNF44	671.7	ARCHS4 Coexpression,1084;Enrichr Queries,361;GTEx Coexpression,570	RRAGA,EID2,PIGU,ZNF571,ZNF829,NUP85,CADM2,BCL11A,CITED2,FSCN1,SORBS2,ZNF268
gene_set_query	707	YY2	671.7	ARCHS4 Coexpression,233;Enrichr Queries,1349;GTEx Coexpression,433	KLHL9,DDX18,PCNA,HENMT1,CLSTN3,EIF1AX,CHAMP1,BHLHE41,GOPC,CYBA,CFAP97,MAPK8IP3
gene_set_query	708	NR1D1	672.3	ARCHS4 Coexpression,68;Enrichr Queries,454;GTEx Coexpression,1495	PTPRN2,SLC6A17,CITED2,CLSTN3,STXBP1,BHLHE41,ATP1B1,MAPK8IP3,SLC6A6,RCAN2,CDH22,FSCN1,SLC17A7,GABRD,CDK5R2
gene_set_query	709	ZNF69	672.7	ARCHS4 Coexpression,574;Enrichr Queries,164;GTEx Coexpression,1280	PIGU,ZNF829,FZD3,CXADR,CDKN2AIPNL,BCL11A,BASP1,CEP19,UBE2Z,DDOST,PGM2L1,TNFRSF21
gene_set_query	710	ZNF648	673.0	ARCHS4 Coexpression,1096;Enrichr Queries,90;GTEx Coexpression,833	SEMA3C,NEGR1,BCL11A,KDM8,PLD5,SORBS2,SORCS3,HSD11B1,GJB1,BMPER,PHACTR1,ANKS1B,KCNH1,CAPS2
gene_set_query	711	ZNF135	673.3	ARCHS4 Coexpression,335;Enrichr Queries,138;GTEx Coexpression,1547	PIGU,TMED9,PTPRN2,NEGR1,BCL11A,SORBS2,GRIK1,OLFML2A,ZNF829,BASP1,RCAN2,SRSF6,FGF13
gene_set_query	712	SIX6	673.7	ARCHS4 Coexpression,332;Enrichr Queries,875;GTEx Coexpression,814	ZCCHC12,BAG4,PTPRN2,C1QTNF1,CXADR,MTX2,DOLPP1,NNAT,RIMBP2,FSD1,NUDT14,CDK5R2
gene_set_query	713	ZBTB24	675.3	ARCHS4 Coexpression,751;Enrichr Queries,476;GTEx Coexpression,799	DDX18,PIGU,PTPRC,BCL11A,CITED2,CHAMP1,NIPA2,ATP2B1,ATP1B1
gene_set_query	714	EPAS1	675.5	ARCHS4 Coexpression,869;Enrichr Queries,691;ReMap ChIP-seq,24;GTEx Coexpression,1118	ZNF395,PTPRN2,MCTP1,SYK,SEMA3C,CITED2,STXBP1,SPNS2,BHLHE41,ATP1B1,MAPK8IP3,RABGGTA,MYO1B,C1QTNF1,ZGLP1,ZNF710,A2M,CDK5R2,PDZD7
gene_set_query	715	ZNF510	675.7	ARCHS4 Coexpression,1462;Enrichr Queries,245;GTEx Coexpression,320	AMER3,PIGU,ZNF571,KBTBD6,FRRS1L,STXBP1,LANCL1,ZNF780A,AP2B1,ZNF268,GPR158,SLC25A46
gene_set_query	716	SP1	676.0	ARCHS4 Coexpression,1448;ENCODE ChIP-seq,78;Enrichr Queries,1261;ReMap ChIP-seq,265;GTEx Coexpression,328	PIGU,PCNA,DGKA,MRPL38,UFSP2,TM7SF3,NPEPPS,IDH3B,SLC17A7,KIFAP3,ZNF268,PDZD7,ANKS1B,MYPOP,CADM2,NANOS3,TEX10,VPS33A,CMTM6,RITA1,ARHGEF18,NIPA2,KLHL4,CWC15,DDOST,RPS26,SLC6A6,STK24,UBLCP1,CDKN2AIPNL,FSCN1,CDC42EP2,SRSF6,TNFRSF21,ZNF233
gene_set_query	717	ELF5	676.8	Literature ChIP-seq,106;ARCHS4 Coexpression,1315;Enrichr Queries,955;ReMap ChIP-seq,65;GTEx Coexpression,943	MOCS3,CHRM1,SEMA3C,YWHAB,BCL11A,PRKCB,ACSL3,ATP1B1,DDOST,HINFP,TSPAN13,STK24,KIAA1324,RIMBP2,LNX1,PHACTR1,CCDC77,ZNF710,PDZD7,PTPN3
gene_set_query	718	ZNF439	677.7	ARCHS4 Coexpression,627;Enrichr Queries,646;GTEx Coexpression,760	PIGU,ZNF829,NEGR1,BCL11A,PLEKHG5,LYRM7,ATP1B1,MAPK8IP3,PDZD7,HINFP
gene_set_query	719	RHOXF1	678.3	ARCHS4 Coexpression,1273;Enrichr Queries,584;GTEx Coexpression,178	AMER3,STXBP1,GRIK1,PLD6,MAPK8IP3,HINFP,HSD11B1,HENMT1,CDH22,NNAT,DGCR9,DCX,FGF13,GABRD,PTPN3
gene_set_query	720	ZNF681	678.7	ARCHS4 Coexpression,1029;Enrichr Queries,551;GTEx Coexpression,456	AMER3,PIGU,ZNF571,TMED9,PCNA,SYT1,BCL11A,CITED2,BRI3BP,ZNF829,LYRM4,CDH22,GABRD
gene_set_query	721	FOXP3	679.0	Literature ChIP-seq,83;ARCHS4 Coexpression,396;Enrichr Queries,1299;GTEx Coexpression,938	RGS19,PTPRC,STK24,DGKA,RGS10,CYBB,SLA,CYBA,CCDC22
gene_set_query	722	ZNF576	679.3	ARCHS4 Coexpression,1465;Enrichr Queries,498;GTEx Coexpression,75	KRT222,AMER3,PIGU,MYPOP,CITED2,STXBP1,RITA1,DDOST,HINFP,EID2,KBTBD6,LYRM4,FRRS1L,DGCR9,FSCN1,GPR158,PDZD7
gene_set_query	723	ZNF774	679.7	ARCHS4 Coexpression,570;Enrichr Queries,143;GTEx Coexpression,1326	PIGU,BCL11A,STXBP1,BHLHE41,SORBS2,ATP1B1,PGM2L1,HINFP,ZNF829,CDKN2AIPNL,SAMD12,FGF13,PDZD7
gene_set_query	724	HEY2	679.7	ARCHS4 Coexpression,1542;Enrichr Queries,208;GTEx Coexpression,289	LINC01197,SEMA3C,BCL11A,CITED2,SORBS2,UFSP2,ADCY1,OLFML2A,RCAN2,PLS3,CHSY3,PDZRN3
gene_set_query	725	ZNF506	680.7	ARCHS4 Coexpression,1145;Enrichr Queries,335;GTEx Coexpression,562	ZNF808,ZNF829,PIGU,ZNF571,ZGLP1,BCL11A,PSMC2,MAPK8IP3,ZNF268,HINFP
gene_set_query	726	ZBTB2	680.7	ARCHS4 Coexpression,183;Enrichr Queries,1252;GTEx Coexpression,607	DDX18,PIGU,ARMT1,PCNA,PTPRC,CITED2,FRRS1L,STXBP1,CMTM6,CHAMP1,MAD2L1BP,NIPA2
gene_set_query	727	ZNF347	681.3	ARCHS4 Coexpression,880;Enrichr Queries,92;GTEx Coexpression,1072	PIGU,ZNF571,NEGR1,BCL11A,PCDHB15,HINFP,ZNF808,ZNF829,LYRM7,ZNF780A,ZNF268,PDZD7,SOCS5
gene_set_query	728	SETDB1	682.3	Literature ChIP-seq,81;ARCHS4 Coexpression,1586;ENCODE ChIP-seq,84;Enrichr Queries,1006;ReMap ChIP-seq,51;GTEx Coexpression,1286	ACY3,PIGU,CITED2,CEP19,DGKA,MRPL38,ADK,TM7SF3,UBE2Z,NPEPPS,GLT1D1,BMPER,CHMP1A,CHAMP1,KIFAP3,SLC25A46,KCNH1,DDX18,TMED9,SYK,TEX10,VPS33A,CSNK2A2,MATK,TALDO1,DYRK1B,CYBA,NIPA2,DDOST,PGM2L1,RAB33B,CORT,EID2,FSCN1,ZNF780A,KIFC3,CFAP97,RGS19,STXBP1,DTX4,NUP85,OLFML3,NCR3LG1,NNAT,LRRC8B,ZNF268,LONRF2,NEGR1,MTX2,BCL11A,PCDHB15,ATP2B1,AP2B1,CWC15,RPIA,KLHL9,SQLE,SLC6A6,KBTBD6,GNAL,UBLCP1,CDKN2AIPNL,ZGLP1,RCAN2,LYRM7,GOPC
gene_set_query	729	ZNF22	682.7	ARCHS4 Coexpression,1379;Enrichr Queries,104;GTEx Coexpression,565	PIGU,PCNA,CITED2,ATP1B1,MAPK8IP3,DDOST,KLHL9,MYO1B,TSPAN13,BASP1,CHMP1A,PAK6,SRSF6
gene_set_query	730	NR1H3	683.2	Literature ChIP-seq,38;ARCHS4 Coexpression,493;Enrichr Queries,1091;ReMap ChIP-seq,277;GTEx Coexpression,1517	IGSF6,PCNA,CHRM1,RGS19,CITED2,CSNK2A2,CEBPG,CMTM6,CYBB,CYBA,ACSL3,AIF1,HSD11B1,SLC6A6,MYO1B,BASP1,PNOC,NCKAP1L,FSD1,FAM81A,SSBP3,TNFRSF21
gene_set_query	731	ZNF384	683.6	ARCHS4 Coexpression,1617;ENCODE ChIP-seq,23;Enrichr Queries,1277;ReMap ChIP-seq,75;GTEx Coexpression,426	PIGU,TENM3,MAST3,RTF2,CELF4,TM7SF3,GRM3,BAG4,LSM11,GNG2,NUP85,KIAA1324,CHN1,CCDC77,ANKS1B,KCNH1,KRT222,TMED9,MYPOP,CADM2,NANOS3,RITA1,MATK,MAD2L1BP,CYBA,ACSL3,CWC15,MAPK8IP3,DDOST,PGM2L1,RPS26,EID2,LYRM4,UBLCP1,ZGLP1,RCAN2,LYRM7,FSCN1,CCDC22,SRSF6,FGF13,CPEB2,PAFAH1B2,TNFRSF21,PTPN3
gene_set_query	732	ZNF43	683.7	ARCHS4 Coexpression,353;Enrichr Queries,413;GTEx Coexpression,1285	ZNF829,PIGU,FZD3,TMED9,CXADR,SYT1,NEGR1,BCL11A,ATP1B1,UBE2Z,FGF13
gene_set_query	733	ZNF740	683.8	ARCHS4 Coexpression,875;Enrichr Queries,1045;ReMap ChIP-seq,64;GTEx Coexpression,751	CX3CR1,ZNF395,PIGU,MOCS3,MTX2,CITED2,CLSTN3,NANOS3,ARHGEF18,UBE2Z,DDOST,INPP4A,FAM174A,FSCN1,ZNF780A,NUDT14,SFT2D1,SSBP3,CDK5R2,PDZD7
gene_set_query	734	ZSCAN32	685.5	ARCHS4 Coexpression,1155;GTEx Coexpression,216	RPIA,GLT1D1,IGSF6,RGS19,CEP19,DOLPP1,RTF2,ZNF780A,SFT2D1
gene_set_query	735	PTF1A	686.3	ARCHS4 Coexpression,1148;Enrichr Queries,242;GTEx Coexpression,669	TMED9,ZNF395,BCL11A,KIAA1324,CDH22,CELF4,LNX1,ZNF710,TM7SF3,SORCS3,GPR158,CDK5R2
gene_set_query	736	ZFHX3	687.0	ARCHS4 Coexpression,1257;Enrichr Queries,510;GTEx Coexpression,294	LINC01197,PIGU,BCL11A,CITED2,CELF4,SORBS2,ATP1B1,C1QTNF1,BASP1,PLS3,CHSY3,RAPGEF5,CFAP97
gene_set_query	737	CENPT	687.3	ARCHS4 Coexpression,871;Enrichr Queries,913;GTEx Coexpression,278	ARMT1,PCNA,NUP85,PLEKHG5,CSNK2A2,FSCN1,RGS10,MAPK8IP3,DDOST,RGS6,HINFP
gene_set_query	738	SIM2	688.0	ARCHS4 Coexpression,636;Enrichr Queries,739;GTEx Coexpression,689	NPEPPS,ZNF829,C1QTNF1,BMPER,BCL11A,SPNS2,FGF13,RABGGTA,PDZD7,NECTIN1,HINFP,PTPN3
gene_set_query	739	ZNF33A	688.0	ARCHS4 Coexpression,177;Enrichr Queries,928;GTEx Coexpression,959	PIGU,FZD3,TMED9,CXADR,GNG2,BCL11A,KIAA1324,ZNF780A,UBE2Z,FGF13,ZNF268,DDOST
gene_set_query	740	ZNF197	688.0	ARCHS4 Coexpression,87;Enrichr Queries,1168;ReMap ChIP-seq,66;GTEx Coexpression,1431	PIGU,FZD3,TMED9,PTPRN2,RGS19,CXADR,MAD2L1BP,CYBA,ASAP2,PGM2L1,HINFP,RPS26,KLHL9,C1QTNF1,AMMECR1L,KBTBD6,GNG2,NUP85,DOLPP1,FSD1,SRSF6,FGF13,ZNF268,SLC25A46
gene_set_query	741	MYC	688.8	Literature ChIP-seq,48;ARCHS4 Coexpression,1581;ENCODE ChIP-seq,11;Enrichr Queries,1177;ReMap ChIP-seq,219;GTEx Coexpression,1097	GLTP,ZNF571,ACY3,MOCS3,CITED2,CLSTN3,YWHAB,KDM8,MRPL38,ADK,UFSP2,AMMECR1L,FAM174A,ANKS1B,SLC25A46,SYK,EIF1AX,NANOS3,PLEKHG5,SPNS2,ARHGEF18,CYBA,NIPA2,MAPK8IP3,ITFG1,RAB33B,FSCN1,CDC42EP2,ZNF395,RGS19,PCNA,STXBP1,PLD4,SAMSN1,BAG4,SLC17A7,NCKAP1L,LRRC8B,PDZD7,BCL11A,MAD2L1BP,HINFP,SQLE,SLC6A6,GNAL,PTPRC,STK24,LYRM4,ZGLP1,LYRM7,RGS10,CCDC22
gene_set_query	742	ZNF732	689.0	ARCHS4 Coexpression,733;GTEx Coexpression,645	BAG4,CXADR,ARMT1,STXBP1,MAPK8IP3,GABRD,PAFAH1B2,HINFP
gene_set_query	743	MYNN	689.3	ARCHS4 Coexpression,366;Enrichr Queries,834;ReMap ChIP-seq,129;GTEx Coexpression,1428	PIGU,CLSTN3,CITED2,NANOS3,MAD2L1BP,TALDO1,CYBA,ATP2B1,ATP1B1,AIF1,MAPK8IP3,BAG4,ZGLP1,PSMC2,CDC42EP2,FSCN1,SRSF6,PDZD7
gene_set_query	744	ZBED1	690.5	ARCHS4 Coexpression,897;Enrichr Queries,602;ReMap ChIP-seq,275;GTEx Coexpression,988	CITED2,ARHGEF18,CYBA,ATP1B1,AIF1,DDOST,ZGLP1,BASP1,PSMC2,FSCN1,IDH3B,ZNF710,PTPN3
gene_set_query	745	FOSL2	691.0	ARCHS4 Coexpression,1415;ENCODE ChIP-seq,64;Enrichr Queries,1251;ReMap ChIP-seq,279;GTEx Coexpression,446	SEMA3C,PLGLB1,CADM2,CITED2,NANOS3,VPS33A,AP2B1,ATP1B1,SELENOI,SLC6A6,TF,KBTBD6,STK24,BASP1,FSD1,PDZD7,SOCS5,ZNF233
gene_set_query	746	ZNF771	691.3	ARCHS4 Coexpression,676;Enrichr Queries,1321;GTEx Coexpression,77	KCNH3,MYPOP,CADM2,NANOS3,CELF4,ADK,PLD6,TMEM121,SLC6A6,EID2,ZNF829,FKBP1B,FSD1,FGF13,CDK5R2,PDZD7
gene_set_query	747	ETS2	691.5	Literature ChIP-seq,98;ARCHS4 Coexpression,1020;Enrichr Queries,483;GTEx Coexpression,1165	KBTBD6,STK24,SYK,CITED2,BASP1,FSCN1,ATP1B1,A2M,AIF1,TNFRSF21,CAPS2,PTPN3
gene_set_query	748	ZNF233	692.0	ARCHS4 Coexpression,441;Enrichr Queries,62;GTEx Coexpression,1573	PIGU,ZNF571,SEMA3C,CITED2,ATRNL1,HINFP,ZNF829,KIAA1324,ZNF780A,FGF13,LONRF2,GPR158,PDZD7,CAPS2
gene_set_query	749	FOXD4L1	692.3	ARCHS4 Coexpression,1088;Enrichr Queries,923;GTEx Coexpression,66	AMER3,CLSTN3,STXBP1,PLD6,MAPK8IP3,BRI3BP,HINFP,C1QTNF1,ZGLP1,CDH22,DGCR9,ZNF385B,GABRD,LONRF2,GPR158,PDZD7,RGS6
gene_set_query	750	ZBTB22	692.3	ARCHS4 Coexpression,850;Enrichr Queries,341;GTEx Coexpression,886	SQLE,PIGU,BCL11A,CITED2,DGKA,DYRK1B,ARHGEF18,CWC15,ATP1B1,UBE2Z,MAPK8IP3,DDOST
gene_set_query	751	BHLHE41	693.0	ARCHS4 Coexpression,986;GTEx Coexpression,400	CX3CR1,PEX5L,CADM2,LANCL1,PLD4,RAPGEF5,A2M,ANKS1B
gene_set_query	752	ZNF845	693.3	ARCHS4 Coexpression,747;Enrichr Queries,652;GTEx Coexpression,681	KLHL9,DDX18,ZNF808,PIGU,BAG4,CHAMP1,NIPA2,SRSF6,ZNF268,MAPK8IP3,PGM2L1
gene_set_query	753	ZNF878	693.5	ARCHS4 Coexpression,205;GTEx Coexpression,1182	BAG4,PCNA,CXADR,ARMT1,STRBP,PNOC,CSNK2A2,SRSF6
gene_set_query	754	SKOR1	695.0	ARCHS4 Coexpression,1281;GTEx Coexpression,109	AMER3,PCNA,HENMT1,CLSTN3,STXBP1,NCR3LG1,PLEKHG5,CDH22,DGCR9,MAPK8IP3,GABRD,PDZD7
gene_set_query	755	CREB5	695.0	ARCHS4 Coexpression,933;Enrichr Queries,920;GTEx Coexpression,232	SLC6A6,GLT1D1,IGSF6,PTPRC,RGS19,SEMA3C,BASP1,CEP19,SLA,SORBS2,SAMSN1
gene_set_query	756	ZNF716	695.0	ARCHS4 Coexpression,545;Enrichr Queries,235;GTEx Coexpression,1305	PIGU,ZNF829,PTPRN2,HENMT1,LYRM4,BCL11A,PLD5,PAK6,SORCS3,DDOST,PDZD7,HINFP
gene_set_query	757	ZNF433	695.3	ARCHS4 Coexpression,238;Enrichr Queries,271;GTEx Coexpression,1577	ZNF829,PIGU,ZNF571,TMED9,CXADR,CITED2,BCL11A,ATP1B1,SRSF6,FGF13,DDOST
gene_set_query	758	KLF9	696.0	ARCHS4 Coexpression,542;Enrichr Queries,1230;ReMap ChIP-seq,97;GTEx Coexpression,915	RGS19,BCL11A,CITED2,NANOS3,TALDO1,CYBA,ATP1B1,BRI3BP,MAPK8IP3,HINFP,C1QTNF1,ZGLP1,DOLPP1,CHMP1A,FSCN1,SLC17A7,RAPGEF5,NUDT14,GABRD,PDZD7
gene_set_query	759	THAP9	696.7	ARCHS4 Coexpression,173;Enrichr Queries,946;GTEx Coexpression,971	PIGU,ZNF829,TMED9,BAG4,CXADR,BCL11A,DYRK1B,ARHGEF18,CWC15,SRSF6,KBTBD8,PAFAH1B2
gene_set_query	760	ETV3	698.3	ARCHS4 Coexpression,321;Enrichr Queries,850;GTEx Coexpression,924	GLTP,SLC6A6,STK24,CITED2,CMTM6,CYBB,ATP2B1,UBE2Z,CPEB2,SAMSN1,NECTIN1
gene_set_query	761	SOX8	698.3	ARCHS4 Coexpression,1034;Enrichr Queries,789;GTEx Coexpression,272	GRM3,PEX5L,GAP43,CADM2,BCL11A,LANCL1,NNAT,FSCN1,MAPK8IP3,ANKS1B,TMEM121
gene_set_query	762	MSANTD1	698.5	ARCHS4 Coexpression,1301;GTEx Coexpression,96	PTPRN2,GNAL,PRKCB,PDE1B,FRRS1L,KIAA1324,CELF4,DCX,SORCS3,CDK5R2,ANKS1B
gene_set_query	763	TFDP3	699.7	ARCHS4 Coexpression,702;Enrichr Queries,148;GTEx Coexpression,1249	PTPRN2,C1QTNF1,PTPRC,HENMT1,MTX2,STRBP,DCX,PHACTR1,FGF13,KIFAP3,KCNH1,AFF2
gene_set_query	764	GLI4	700.0	ARCHS4 Coexpression,884;GTEx Coexpression,516	DDX18,ZGLP1,CHMP1A,ARHGEF18,CYBA,CFAP97,MAPK8IP3
gene_set_query	765	ZNF215	700.3	ARCHS4 Coexpression,852;Enrichr Queries,1054;GTEx Coexpression,195	DDX18,TMED9,PCNA,BCL11A,NIPA2,UBE2Z,DDOST,KLHL9,VSNL1,HENMT1,CHN1,CHAMP1,CCDC77
gene_set_query	766	TRPS1	700.7	ARCHS4 Coexpression,790;Enrichr Queries,321;GTEx Coexpression,991	PIGU,TSPAN13,STK24,CDKN2AIPNL,SEMA3C,CITED2,BASP1,ATP2B1,ATP1B1,SAMD12
gene_set_query	767	RUNX1	700.8	Literature ChIP-seq,27;ARCHS4 Coexpression,1192;Enrichr Queries,679;ReMap ChIP-seq,114;GTEx Coexpression,1492	PIGU,ACY3,MOCS3,CITED2,CLSTN3,YWHAB,DGKA,KDM8,ADK,CELF4,SLA,UFSP2,UBE2Z,BASP1,IDH3B,PHACTR1,KIFAP3,SAMD12,FAM81A,RGS6,SLC25A46,KCNH1,TMED9,SYK,PRKCB,NANOS3,TEX10,STRBP,VPS33A,MATK,CYBB,TALDO1,ARHGEF18,ACSL3,ATP1B1,MAPK8IP3,RAB33B,RRAGA,EID2,FSCN1,ZNF710,SRSF6,SFT2D1,CX3CR1,ZNF395,RGS19,PCNA,TSG101,SEMA3C,ADCY1,PLD6,TMEM121,HSD11B1,ZNF829,OLFML3,CDH22,SLC17A7,NCKAP1L,LRRC8B,A2M,PDZD7,GABBR2,PTPRN2,MYPOP,GPR12,BCL11A,MAD2L1BP,BRI3BP,HINFP,RPS26,RPIA,SLC6A6,SQLE,PTPRC,KBTBD6,GNAL,UBLCP1,STK24,CDKN2AIPNL,ZGLP1,FKBP1B,LNX1,RGS10,GOPC,CPEB2,NECTIN1
gene_set_query	768	ZBTB1	701.0	ARCHS4 Coexpression,1120;Enrichr Queries,565;GTEx Coexpression,418	KLHL9,DDX18,ZNF808,PIGU,PTPRC,CITED2,GOPC,NCKAP1L,ACSL3,ATP2B1,UBE2Z,CPEB2
gene_set_query	769	ELK3	701.0	Literature ChIP-seq,134;ARCHS4 Coexpression,964;Enrichr Queries,992;GTEx Coexpression,714	SEMA3C,CITED2,MAST3,UBE2Z,TMEM121,OLFML3,RGS6,GPR158,TBC1D16,GABBR2,MYPOP,NEGR1,PLEKHG5,MAD2L1BP,NIPA2,DDOST,MYO1B,EHD4,FKBP1B,FSCN1,RGS10,CDC42EP2,CDK2AP2,GOPC,CPEB2,SSBP3,NECTIN1
gene_set_query	770	HES5	701.0	ARCHS4 Coexpression,1207;Enrichr Queries,507;GTEx Coexpression,389	GRM3,FZD3,DLG2,CADM2,PRKCB,BCL11A,OLFML3,NNAT,DCX,SORCS3,DTX4
gene_set_query	771	ZNF124	701.7	ARCHS4 Coexpression,895;Enrichr Queries,557;GTEx Coexpression,653	MOCS3,PCNA,CXADR,SEMA3C,BCL11A,NIPA2,CCDC77,ATP2B1,ZNF780A,FGF13,TNFRSF21,CAPS2
gene_set_query	772	ZNF426	701.7	ARCHS4 Coexpression,388;Enrichr Queries,794;GTEx Coexpression,923	NPEPPS,PIGU,ZNF829,CITED2,LNX1,ATP1B1,UBE2Z,FGF13,RABGGTA,ZNF268,PDZD7,HINFP
gene_set_query	773	TIGD1	702.5	ARCHS4 Coexpression,599;GTEx Coexpression,806	NEGR1,ZGLP1,CWC15,ZNF780A,FGF13,HINFP,CAPS2
gene_set_query	774	FOXO1	703.4	Literature ChIP-seq,119;ARCHS4 Coexpression,1346;Enrichr Queries,477;ReMap ChIP-seq,98;GTEx Coexpression,1477	ZNF395,PIGU,IGSF6,CITED2,PRKCB,BCL11A,MAST3,RITA1,MAD2L1BP,SLA,ATP1B1,SLC4A3,GLT1D1,LSM11,PTPRC,LNX1,PDZRN3,PAFAH1B2,CDKL1,SOCS5
gene_set_query	775	ZNF543	704.0	ARCHS4 Coexpression,536;Enrichr Queries,738;GTEx Coexpression,838	ZNF808,PIGU,ZNF829,MOCS3,BCL11A,TEX10,LYRM7,CCDC77,ZNF780A,FGF13,PDZD7
gene_set_query	776	CTCFL	704.4	ARCHS4 Coexpression,1083;ENCODE ChIP-seq,36;Enrichr Queries,927;ReMap ChIP-seq,181;GTEx Coexpression,1295	GLTP,PIGU,PCNA,MCTP1,CEBPG,MRPL38,ADK,ASAP2,OLFML2A,TM7SF3,UBE2Z,ZNF808,LSM11,HENMT1,OLFML3,CDH24,SLC17A7,FSD1,KIFAP3,NUDT14,ZNF268,PDZD7,KCNH1,DDX18,MYPOP,BCL11A,NANOS3,VPS33A,CSNK2A2,TALDO1,MAPK8IP3,RABGGTA,DDOST,RAB33B,EID2,EHD4,STK24,CDKN2AIPNL,LYRM7,FSCN1,RGS10,GOPC,FGF13,CDK5R2
gene_set_query	777	ZNF165	704.8	ARCHS4 Coexpression,459;Enrichr Queries,784;ReMap ChIP-seq,9;GTEx Coexpression,1567	ANKRD30B,CITED2,CEBPG,MRPL38,TALDO1,ATP1B1,DDOST,SQLE,BAG4,KIAA1324,SRSF6,TNFRSF21,PTPN3
gene_set_query	778	GFI1B	705.0	Literature ChIP-seq,144;ARCHS4 Coexpression,770;Enrichr Queries,1293;ReMap ChIP-seq,211;GTEx Coexpression,1107	PIGU,IGSF6,RGS19,MOCS3,CITED2,MRPL38,ADK,PLD4,DTX4,FAM174A,CHAMP1,SLC17A7,LRRC8B,KIFAP3,RGS6,MYPOP,MTX2,NANOS3,CWC15,DDOST,HINFP,RAB33B,SLC6A6,CDKN2AIPNL,ZGLP1,RCAN2,FSCN1,RGS10,SSBP3,SFT2D1,TNFRSF21
gene_set_query	779	ZFP14	705.0	ARCHS4 Coexpression,436;Enrichr Queries,521;GTEx Coexpression,1158	PIGU,ZNF829,TMED9,SEMA3C,CITED2,LANCL1,BHLHE41,OLFML2A,FGF13,PGM2L1,PDZD7,HINFP
gene_set_query	780	ZNF552	706.0	ARCHS4 Coexpression,1037;Enrichr Queries,820;GTEx Coexpression,261	GLT1D1,PIGU,IGSF6,RGS19,ARMT1,SYK,SEMA3C,KIAA1324,FSCN1,TALDO1,SLA,SAMSN1
gene_set_query	781	NR4A3	706.0	ARCHS4 Coexpression,209;Enrichr Queries,740;GTEx Coexpression,1169	IGSF6,CITED2,BHLHE41,SLA,PLD4,UFSP2,ATP1B1,SAMSN1,AIF1,BASP1,DOLPP1,FSCN1,KBTBD8
gene_set_query	782	SP8	706.3	ARCHS4 Coexpression,1023;Enrichr Queries,254;GTEx Coexpression,842	GAP43,FZD3,CXADR,TENM3,SYT1,BCL11A,CITED2,CELF4,DCX,PAK6,PDZRN3
gene_set_query	783	ZNF626	706.7	ARCHS4 Coexpression,930;Enrichr Queries,425;GTEx Coexpression,765	KLHL9,PIGU,ZNF829,NEGR1,BCL11A,BASP1,UBE2Z,ZNF268,BORCS7,PGM2L1,PDZD7
gene_set_query	784	ZNF175	706.8	ARCHS4 Coexpression,634;Enrichr Queries,512;ReMap ChIP-seq,228;GTEx Coexpression,1453	PIGU,TMED9,MYPOP,RGS19,SEMA3C,CITED2,PRKCB,NANOS3,BHLHE41,MAD2L1BP,ZGLP1,CHMP1A,LYRM7,FSCN1,PDZD7
gene_set_query	785	MYBL2	706.8	Literature ChIP-seq,103;ARCHS4 Coexpression,1498;ENCODE ChIP-seq,115;Enrichr Queries,1377;ReMap ChIP-seq,42;GTEx Coexpression,1106	PCNA,CITED2,DGKA,KDM8,MRPL38,ASAP2,TM7SF3,AIF1,LSM11,NUP85,NNAT,PART1,IDH3B,SLC17A7,PHACTR1,CCDC77,A2M,ZNF268,CXADR,PTPRN2,EIF1AX,BCL11A,TEX10,CMTM6,ACSL3,CWC15,AP2B1,HINFP,RPS26,TF,EID2,KBTBD6,VSNL1,UBLCP1,PNOC,LYRM7,KIFC3,RAPGEF5,CFAP97,SSBP3,TNFRSF21,CAPS2,PTPN3
gene_set_query	786	ZNF561	707.0	ARCHS4 Coexpression,425;Enrichr Queries,440;GTEx Coexpression,1256	PIGU,BAG4,STK24,CITED2,DGKA,CHMP1A,CYBA,TM7SF3,SRSF6,CPEB2,MAPK8IP3
gene_set_query	787	ZNF600	707.3	ARCHS4 Coexpression,716;Enrichr Queries,614;GTEx Coexpression,792	ZNF808,PIGU,PTPRC,NUP85,BCL11A,CITED2,DGKA,AP2B1,KIFAP3,SAMSN1
gene_set_query	788	KIN	708.3	ARCHS4 Coexpression,587;Enrichr Queries,593;GTEx Coexpression,945	ZNF808,DDX18,PIGU,ZNF829,PCNA,LYRM4,CITED2,ZNF780A,SRSF6,PDZD7,RAB33B,HINFP
gene_set_query	789	ETV3L	709.3	ARCHS4 Coexpression,953;Enrichr Queries,320;GTEx Coexpression,855	PCNA,C1QTNF1,SEMA3C,BCL11A,PNOC,BHLHE41,CDC42EP2,FSCN1,TALDO1,BRI3BP,SAMSN1
gene_set_query	790	ZNF581	709.3	ARCHS4 Coexpression,911;Enrichr Queries,607;GTEx Coexpression,610	RPIA,RGS19,CITED2,CEBPG,RGS10,MRPL38,CDK2AP2,TALDO1,CCDC22,NUDT14,DDOST
gene_set_query	791	ZNF48	709.3	ARCHS4 Coexpression,710;Enrichr Queries,1358;GTEx Coexpression,60	GABRA1,AMER3,MYPOP,SLC6A17,STXBP1,ADCY1,INPP4A,EID2,LSM11,SV2B,BASP1,CDH22,DGCR9,FSCN1,CDH24,SSBP3
gene_set_query	792	ZBTB7C	710.3	ARCHS4 Coexpression,1476;Enrichr Queries,192;GTEx Coexpression,463	GLTP,STK24,BMPER,DGKA,SPNS2,BHLHE41,ADCY1,DTX4,RABGGTA,PDZRN3,NECTIN1
gene_set_query	793	PHF21A	711.0	ARCHS4 Coexpression,987;Enrichr Queries,822;GTEx Coexpression,324	SLC6A6,GLT1D1,PIGU,IGSF6,PTPRC,RGS19,BCL11A,CITED2,SLA,ATP1B1,SAMSN1
gene_set_query	794	ZBTB45	711.3	ARCHS4 Coexpression,966;Enrichr Queries,767;GTEx Coexpression,401	RRAGA,PIGU,MYPOP,CITED2,CHMP1A,RTF2,RITA1,FSCN1,MRPL38,CCDC22,DDOST
gene_set_query	795	SP7	711.3	ARCHS4 Coexpression,1061;Enrichr Queries,954;GTEx Coexpression,119	LANCL1,BHLHE41,AP2B1,OLFML2A,GRM3,PEX5L,MYO1B,DLG2,C1QTNF1,OLFML3,LRRC8B,PAFAH1B2,ANKS1B
gene_set_query	796	CC2D1A	711.5	ARCHS4 Coexpression,1058;GTEx Coexpression,365	CLSTN3,PLEKHG5,DOLPP1,MAPK8IP3,CFAP97,HINFP
gene_set_query	797	PPARD	712.3	Literature ChIP-seq,64;ARCHS4 Coexpression,1376;Enrichr Queries,310;GTEx Coexpression,1099	GLTP,PIGU,CITED2,CELF4,SLC4A3,BMPER,BASP1,B3GALT2,PART1,PLS3,ZNF385B,SAMD12,PRKCB,PLEKHG5,SPNS2,LANCL1,TALDO1,ACSL3,MAPK8IP3,RABGGTA,DDOST,RRAGA,FSCN1,DCX,KIFC3,RAPGEF5,SRSF6,TNFRSF21,PCNA,SEMA3C,STXBP1,LIN7A,SAMSN1,SELENOI,TMEM121,GNG2,SV2B,LONRF2,GPR158,PTPRN2,SYT1,NEGR1,BCL11A,CADM2,SORBS2,SLC6A6,MYO1B,GNAL,CDKN2AIPNL,RGS10,SSBP3,NECTIN1
gene_set_query	798	SMAD4	712.6	Literature ChIP-seq,8;ARCHS4 Coexpression,1519;Enrichr Queries,1092;ReMap ChIP-seq,18;GTEx Coexpression,926	MAP10,ZCCHC12,PIGU,MAST3,CITED2,KDM8,BHLHE41,ADK,CELF4,GRIK1,GLT1D1,LSM11,BMPER,BASP1,B3GALT2,PHACTR1,ANKS1B,SLC25A46,KCNH1,SLC6A17,PRKCB,MATK,SORCS3,ATP1B1,RAB33B,INPP4A,GAP43,FSCN1,ZNF395,PCNA,PLD5,LIN7A,HSD11B1,SV2B,CHN1,KIAA1324,CDH24,CHSY3,LRRC8B,SOCS5,GABRA1,GABBR2,PTPRN2,GPR12,SYT1,BCL11A,ATRNL1,CADM2,AP2B1,CWC15,ATP2B1,RPIA,MYO1B,GNAL,DLG2,PTPRC,RCAN2,PNOC,CPEB2,CDK5R2,NECTIN1
gene_set_query	799	HES2	712.7	ARCHS4 Coexpression,1012;Enrichr Queries,788;GTEx Coexpression,338	GLTP,SQLE,ZNF829,C1QTNF1,STK24,BCL11A,DGKA,FSCN1,RABGGTA,PDZD7,NECTIN1,HINFP
gene_set_query	800	EGR3	713.7	ARCHS4 Coexpression,475;Enrichr Queries,509;GTEx Coexpression,1157	GLTP,CX3CR1,BCL11A,PRKCB,CITED2,BASP1,PDE1B,FSCN1,BHLHE41,PLD4,ATP1B1,A2M
gene_set_query	801	ZNF790	714.3	ARCHS4 Coexpression,1284;Enrichr Queries,230;GTEx Coexpression,629	MAP10,ZNF829,PIGU,ZNF571,CITED2,BASP1,CHAMP1,ZNF780A,ZNF268,CPEB2,PDZD7,SLC25A46
gene_set_query	802	LMX1B	714.7	ARCHS4 Coexpression,477;Enrichr Queries,173;GTEx Coexpression,1494	GAP43,PTPRN2,C1QTNF1,BCL11A,BASP1,CDH22,CELF4,ADCY1,CDK5R2,PGM2L1
gene_set_query	803	GRHL1	715.3	ARCHS4 Coexpression,798;Enrichr Queries,728;GTEx Coexpression,620	GLTP,PIGU,CXADR,STK24,CITED2,DGKA,RGS10,ATP1B1,RGS6,NECTIN1
gene_set_query	804	BATF3	715.7	ARCHS4 Coexpression,926;Enrichr Queries,346;GTEx Coexpression,875	MCTP1,PTPRC,BASP1,PNOC,FSCN1,RGS10,NCKAP1L,SAMSN1,AIF1,TMEM121
gene_set_query	805	FOXO6	715.7	ARCHS4 Coexpression,1003;Enrichr Queries,136;GTEx Coexpression,1008	KCNH3,PIGU,BCL11A,SPNS2,BHLHE41,DYRK1B,ADCY1,NNAT,RIMBP2,FSCN1,CDH24,CDK5R2,NECTIN1
gene_set_query	806	NR4A1	716.0	ARCHS4 Coexpression,415;Enrichr Queries,1226;ReMap ChIP-seq,14;GTEx Coexpression,1209	LINC01197,PCNA,RGS19,PRKCB,CITED2,MAST3,NANOS3,BHLHE41,MAD2L1BP,SLA,CYBB,PLD4,ATP1B1,INPP4A,RPS26,SLC6A6,PSMC2,LNX1,LRRC8B,KIFC3,A2M,PDZD7
gene_set_query	807	ZNF28	716.3	ARCHS4 Coexpression,1054;Enrichr Queries,828;GTEx Coexpression,267	KLHL9,DDX18,ZNF808,PIGU,CHAMP1,NIPA2,UBE2Z,SRSF6,ZNF268,MAPK8IP3,PGM2L1
gene_set_query	808	RAX	716.3	ARCHS4 Coexpression,584;Enrichr Queries,1123;GTEx Coexpression,442	FZD3,TENM3,C1QTNF1,NNAT,CDH24,SRSF6,DTX4,LONRF2,SSBP3,CDK5R2,PDZD7
gene_set_query	809	HNF4G	716.8	ARCHS4 Coexpression,1549;ENCODE ChIP-seq,101;Enrichr Queries,734;ReMap ChIP-seq,154;GTEx Coexpression,1046	ACY3,PIGU,CXADR,MYPOP,RGS19,CITED2,CLSTN3,BCL11A,MRPL38,SORBS2,ATP1B1,RPS26,TF,STK24,DOLPP1,A2M,PDZD7,TBC1D16
gene_set_query	810	ZSCAN5C	717.0	ARCHS4 Coexpression,1492;Enrichr Queries,219;GTEx Coexpression,440	ARMT1,PCNA,PTPRN2,PLEKHG5,RITA1,CYBA,NIPA2,GON7,NPEPPS,PTPRC,BASP1,PHACTR1,GPR158
gene_set_query	811	ZNF776	717.3	ARCHS4 Coexpression,900;Enrichr Queries,317;GTEx Coexpression,935	ZNF829,PIGU,TMED9,LSM11,LIN7A,ZNF780A,SRSF6,FGF13,ZNF268,PGM2L1,HINFP
gene_set_query	812	ZNF611	717.3	ARCHS4 Coexpression,623;Enrichr Queries,1270;GTEx Coexpression,259	ZNF808,PIGU,ZNF829,PTPRC,RGS19,SLA,NCKAP1L,ZNF780A,FGF13,SAMSN1,PDZD7,HINFP
gene_set_query	813	ZNF440	718.7	ARCHS4 Coexpression,1355;Enrichr Queries,308;GTEx Coexpression,493	GLTP,ZNF808,ZNF829,PIGU,CXADR,STK24,SEMA3C,DGKA,ZNF780A,ZNF268,NECTIN1,CAPS2
gene_set_query	814	ZNF750	718.8	ARCHS4 Coexpression,963;Enrichr Queries,1026;ReMap ChIP-seq,43;GTEx Coexpression,843	GLTP,SEMA3C,BCL11A,DGKA,NANOS3,SPNS2,MRPL38,CYBA,ACSL3,ASAP2,ATP1B1,MAPK8IP3,RABGGTA,CORT,STK24,VSNL1,CHMP1A,ZNF710,SFT2D1,NECTIN1
gene_set_query	815	ZNF585A	719.7	ARCHS4 Coexpression,830;Enrichr Queries,446;GTEx Coexpression,883	ZNF829,PIGU,ZNF571,PLD6,ZNF780A,FGF13,ZNF268,CAPS2,ZNF233
gene_set_query	816	SOX21	720.0	ARCHS4 Coexpression,730;Enrichr Queries,1187;GTEx Coexpression,243	GLTP,GAP43,FZD3,CXADR,TENM3,BCL11A,PAK6,DTX4,CPEB2,SSBP3,SELENOI,NECTIN1
gene_set_query	817	ZFP64	721.3	ARCHS4 Coexpression,568;Enrichr Queries,573;GTEx Coexpression,1023	SLC6A6,PIGU,ZNF829,PCNA,BCL11A,CITED2,FSCN1,UBE2Z,PDZD7,NECTIN1,HINFP
gene_set_query	818	TBXT	721.5	ARCHS4 Coexpression,509;Enrichr Queries,1312;ReMap ChIP-seq,49;GTEx Coexpression,1016	HAGLR,ACY3,PCNA,TENM3,BCL11A,BHLHE41,MAD2L1BP,NIPA2,OLFML2A,SELENOI,SLC6A6,BMPER,PNOC,NNAT,FSCN1,CDH24,KIFC3,SSBP3,NECTIN1
gene_set_query	819	KLF16	722.0	ARCHS4 Coexpression,872;Enrichr Queries,1281;GTEx Coexpression,13	KCNH3,PTPRN2,CHRM1,PRKCB,PDE1B,MAST3,CITED2,MATK,ARHGEF18,ATP2B1,SORCS3,MAPK8IP3,TMEM121,GRM3,CORT,GNAL,DLG2,FKBP1B,DCX,FSCN1,CDK5R2,ANKS1B
gene_set_query	820	ZNF143	722.0	ARCHS4 Coexpression,1312;ENCODE ChIP-seq,4;Enrichr Queries,965;ReMap ChIP-seq,157;GTEx Coexpression,1172	PIGU,IGSF6,RGS19,CITED2,STXBP1,CEP19,CEBPG,MRPL38,ADK,OLFML2A,TM7SF3,UBE2Z,BAG4,CHN1,CDH24,PLS3,SLC17A7,FSD1,KIFAP3,PDZD7,SLC25A46,TMED9,MYPOP,NANOS3,TEX10,VPS33A,CMTM6,MAD2L1BP,TALDO1,ARHGEF18,CWC15,RABGGTA,MAPK8IP3,RAB33B,RPS26,RPIA,EID2,GNAL,LYRM4,STK24,CDKN2AIPNL,LYRM7,CCDC22,SRSF6,TNFRSF21,ZNF233
gene_set_query	821	MNX1	722.5	Literature ChIP-seq,110;ARCHS4 Coexpression,1185;Enrichr Queries,1133;GTEx Coexpression,462	CHRM1,CITED2,ASAP2,TM7SF3,UBE2Z,TMEM121,C1QTNF1,BASP1,KIAA1324,IDH3B,TMED9,PTPRN2,SYT1,PLEKHG5,SPNS2,DDOST,INPP4A,SQLE,RRAGA,GAP43,VSNL1,UBLCP1,LYRM7,RIMBP2,ZNF710,CDK5R2,TNFRSF21
gene_set_query	822	KAT7	723.0	ARCHS4 Coexpression,123;GTEx Coexpression,1323	ZNF829,ZNF395,SST,SLITRK4,PLD5,CELF4,ZNF268,PDZD7,ANKS1B
gene_set_query	823	PAX2	723.3	ARCHS4 Coexpression,1274;Enrichr Queries,249;GTEx Coexpression,647	ACY3,PTPRN2,BCL11A,PTPRO,CDH22,BHLHE41,CELF4,DYRK1B,CDH24,KIFC3,ADCY1,ATP1B1
gene_set_query	824	SALL4	723.8	Literature ChIP-seq,17;ARCHS4 Coexpression,461;Enrichr Queries,1397;GTEx Coexpression,1020	CITED2,NPEPPS,BAG4,BMPER,BASP1,A2M,CXADR,ARMT1,PRKCB,SLC2A13,PLEKHG5,CSNK2A2,ARHGEF18,SLC6A6,CORT,FSCN1,RGS10,KIFC3,SRSF6,FGF13,CPEB2,PDZRN3,SSBP3,PAFAH1B2,NECTIN1
gene_set_query	825	HSF1	723.8	Literature ChIP-seq,160;ARCHS4 Coexpression,1616;ENCODE ChIP-seq,118;ReMap ChIP-seq,250;GTEx Coexpression,1475	NANOS3,MRPL38,MATK,FSCN1,CYBA,TM7SF3,NUDT14
gene_set_query	826	EN1	724.0	ARCHS4 Coexpression,148;Enrichr Queries,617;GTEx Coexpression,1407	FZD3,GAP43,BMPER,BCL11A,BASP1,PSMC2,PTPRO,NNAT,CELF4,PDZRN3,PGM2L1
gene_set_query	827	ZNF394	727.3	ARCHS4 Coexpression,628;Enrichr Queries,391;GTEx Coexpression,1163	PIGU,RGS19,IGSF6,PTPRC,CDKN2AIPNL,CITED2,CEP19,AP2B1,ATP1B1,SAMSN1,DDOST
gene_set_query	828	CBX2	727.6	ARCHS4 Coexpression,1026;ENCODE ChIP-seq,33;Enrichr Queries,1097;ReMap ChIP-seq,21;GTEx Coexpression,1461	ACY3,PIGU,PCNA,MCTP1,PDE1B,BHLHE41,UFSP2,TMEM121,HSD11B1,GLT1D1,C1QTNF1,GNG2,SV2B,CHN1,KIAA1324,DGCR9,ZNF385B,CDH24,SLC17A7,A2M,GABRD,LONRF2,TBC1D16,ANKS1B,KRT222,HAGLR,KCNH3,FZD3,CXADR,PTPRN2,BCL11A,MATK,EID2,GNAL,VSNL1,PNOC,FKBP1B,FSCN1,LNX1,KIFC3,CPEB2,NECTIN1,PTPN3
gene_set_query	829	ZNF662	727.7	ARCHS4 Coexpression,774;Enrichr Queries,67;GTEx Coexpression,1342	PIGU,ZNF829,SEMA3C,NEGR1,BCL11A,CITED2,RCAN2,SORBS2,SRSF6,OLFML2A,FGF13,PDZD7
gene_set_query	830	TBX19	728.0	ARCHS4 Coexpression,860;Enrichr Queries,735;GTEx Coexpression,589	ZNF571,PIGU,PTPRC,BCL11A,NNAT,RIMBP2,AP2B1,ATP1B1,NUDT14,ZNF233,CDKL1
gene_set_query	831	ONECUT1	728.5	ARCHS4 Coexpression,323;Enrichr Queries,1156;ReMap ChIP-seq,27;GTEx Coexpression,1408	MAP10,KRT222,ZCCHC12,ARMT1,BCL11A,CITED2,NANOS3,LIN7A,SORBS2,TM7SF3,ATP1B1,DTX4,TF,GAP43,GJB1,DLG2,VSNL1,ZNF710,KIFC3,A2M,FAM81A
gene_set_query	832	ZNF3	730.3	ARCHS4 Coexpression,1576;Enrichr Queries,319;GTEx Coexpression,296	PIGU,CADM2,BCL11A,CITED2,STRBP,CELF4,DDOST,GAP43,CHN1,FSD1,KIFAP3,SRSF6
gene_set_query	833	TRAFD1	731.3	ARCHS4 Coexpression,903;Enrichr Queries,827;GTEx Coexpression,464	PIGU,GLT1D1,RGS19,SYK,CITED2,BASP1,DGKA,CMTM6,RGS10,NCKAP1L,CYBA,DDOST
gene_set_query	834	HIC1	732.0	ARCHS4 Coexpression,854;Enrichr Queries,958;GTEx Coexpression,384	C1QTNF1,EHD4,SEMA3C,OLFML3,FSCN1,PAK6,OLFML2A,SELENOI
gene_set_query	835	RARG	732.5	Literature ChIP-seq,104;ARCHS4 Coexpression,983;Enrichr Queries,1227;GTEx Coexpression,616	GLTP,C1QTNF1,STK24,SEMA3C,CITED2,DGKA,CHMP1A,FSCN1,IDH3B,UBE2Z,OLFML2A,NECTIN1
gene_set_query	836	GRHL3	732.7	ARCHS4 Coexpression,929;Enrichr Queries,770;GTEx Coexpression,499	GLTP,STK24,SEMA3C,CITED2,DGKA,SPNS2,ATP1B1,RABGGTA,NECTIN1
gene_set_query	837	ZNF469	733.0	ARCHS4 Coexpression,1320;GTEx Coexpression,146	KLHL9,TENM3,BMPER,OLFML3,CHAMP1,FSCN1,GOPC,TMEM121
gene_set_query	838	FOXS1	733.0	ARCHS4 Coexpression,799;Enrichr Queries,896;GTEx Coexpression,504	LINC01197,MYO1B,C1QTNF1,OLFML3,RCAN2,FSCN1,PLS3,CHSY3,OLFML2A
gene_set_query	839	HOXB1	733.3	ARCHS4 Coexpression,687;Enrichr Queries,1160;GTEx Coexpression,353	GLTP,SQLE,C1QTNF1,TENM3,STK24,BCL11A,DGKA,KLHL4,DTX4,RABGGTA,PDZRN3,NECTIN1
gene_set_query	840	NR2C1	733.7	ARCHS4 Coexpression,255;Enrichr Queries,542;GTEx Coexpression,1404	PIGU,MYO1B,TMED9,BAG4,CXADR,BCL11A,CITED2,ATP1B1,UBE2Z,SRSF6,FGF13,CAPS2
gene_set_query	841	ZNF2	734.0	ARCHS4 Coexpression,906;Enrichr Queries,562	PIGU,ZNF829,BCL11A,CITED2,ATP1B1,DDOST,PDZD7,HINFP
gene_set_query	842	HEYL	735.0	ARCHS4 Coexpression,959;Enrichr Queries,1037;GTEx Coexpression,209	LINC01197,MYO1B,C1QTNF1,OLFML3,RCAN2,PCDHB15,PLS3,SORBS2,CHSY3,OLFML2A
gene_set_query	843	ZNF208	735.3	ARCHS4 Coexpression,905;Enrichr Queries,558;GTEx Coexpression,743	ZNF829,PTPRN2,NEGR1,ATRNL1,KIAA1324,PCDHB15,SORBS2,SLC4A3,FGF13,PDZD7,HINFP
gene_set_query	844	UBP1	736.0	ARCHS4 Coexpression,1221;Enrichr Queries,366;GTEx Coexpression,621	DDX18,LSM11,CITED2,BASP1,YWHAB,AP2B1,ATP1B1,SRSF6,UBE2Z,CFAP97,PDZRN3,DDOST
gene_set_query	845	ZNF880	736.5	ARCHS4 Coexpression,1103;GTEx Coexpression,370	DDX18,DOLPP1,AP2B1,SRSF6,CFAP97,ZNF268,SOCS5
gene_set_query	846	ZNF471	737.0	ARCHS4 Coexpression,610;Enrichr Queries,202;GTEx Coexpression,1399	RPIA,PIGU,SEMA3C,NEGR1,BCL11A,LNX1,SORBS2,ZNF780A,OLFML2A,FGF13,CAPS2
gene_set_query	847	SRF	737.3	Literature ChIP-seq,131;ARCHS4 Coexpression,1470;ENCODE ChIP-seq,86;Enrichr Queries,1234;ReMap ChIP-seq,278;GTEx Coexpression,1225	PIGU,PCNA,CITED2,DGKA,KDM8,ADK,UBE2Z,GNG2,KIAA1324,IDH3B,A2M,NUDT14,RGS6,SLC25A46,DDX18,NANOS3,TEX10,VPS33A,MAD2L1BP,AP2B1,RAB33B,KLHL9,KBTBD6,GNAL,PSMC2,LYRM7,FSCN1,PDZRN3
gene_set_query	848	ZNF570	738.7	ARCHS4 Coexpression,1056;Enrichr Queries,488;GTEx Coexpression,672	ZNF829,PIGU,ZNF571,MOCS3,CCDC77,CFAP97,ZNF268,LONRF2,PDZD7
gene_set_query	849	FOXD4L4	739.0	ARCHS4 Coexpression,1183;GTEx Coexpression,295	AMER3,BAG4,SV2B,STXBP1,CEP19,LIN7A,RGS6,TBC1D16
gene_set_query	850	ZNF225	739.5	ARCHS4 Coexpression,1255;GTEx Coexpression,224	MAP10,KLHL9,GRM3,ZNF829,CHAMP1,GOPC,ZNF780A,ZNF268,SOCS5
gene_set_query	851	POU5F1	740.2	Literature ChIP-seq,55;ARCHS4 Coexpression,1460;Enrichr Queries,1220;ReMap ChIP-seq,191;GTEx Coexpression,775	ACY3,CITED2,DGKA,MRPL38,ADK,OLFML2A,TM7SF3,NPEPPS,GLT1D1,SAMD12,KRT222,DDX18,TMED9,SYK,NANOS3,PLEKHG5,ARHGEF18,ACSL3,MAPK8IP3,RABGGTA,DDOST,RAB33B,FSCN1,ZNF710,KIFC3,RAPGEF5,SRSF6,PDE1B,PLD4,ADCY1,AIF1,TMEM121,HSD11B1,OLFML3,KIAA1324,CHN1,NNAT,SLC17A7,CCDC77,LONRF2,PDZD7,HAGLR,FZD3,MYPOP,BCL11A,ATRNL1,HINFP,RPS26,RPIA,SLC6A6,LYRM7,LNX1,KBTBD8,SSBP3,CDK5R2,NECTIN1,PTPN3
gene_set_query	852	ZNF586	741.7	ARCHS4 Coexpression,1057;Enrichr Queries,818;GTEx Coexpression,350	RPIA,IGSF6,PTPRC,RGS19,SYK,CHN1,FSCN1,SLA,CCDC22,SAMSN1
gene_set_query	853	BCL6B	742.0	ARCHS4 Coexpression,232;Enrichr Queries,941;GTEx Coexpression,1053	EHD4,OLFML3,VPS33A,NANOS3,SPNS2,FSCN1,PLS3,KLHL4,A2M,RAPGEF5
gene_set_query	854	BSX	742.0	ARCHS4 Coexpression,1296;Enrichr Queries,867;GTEx Coexpression,63	ZCCHC12,CLSTN3,PLEKHG5,CELF4,GRIK1,SORCS3,TM7SF3,PGM2L1,GAP43,KBTBD6,GNG2,SST,CDH22,DCX,KIFAP3,CDK5R2
gene_set_query	855	ZNF7	743.0	ARCHS4 Coexpression,591;Enrichr Queries,998;GTEx Coexpression,640	PIGU,ZNF829,NUP85,CITED2,TEX10,SLC2A13,LYRM7,TNFRSF21,PDZD7,HINFP
gene_set_query	856	ZNF770	743.0	ARCHS4 Coexpression,400;Enrichr Queries,910;GTEx Coexpression,919	NPEPPS,PIGU,CXADR,ARMT1,UBLCP1,EIF1AX,ADK,CYBA,ACSL3,ATP2B1,SELENOI
gene_set_query	857	ZNF710	743.3	ARCHS4 Coexpression,669;Enrichr Queries,552;GTEx Coexpression,1009	SLC6A6,TMED9,PIGU,GLT1D1,CITED2,FSCN1,CYBB,CYBA,TM7SF3,CPEB2
gene_set_query	858	CREM	743.4	Literature ChIP-seq,69;ARCHS4 Coexpression,739;Enrichr Queries,1171;ReMap ChIP-seq,173;GTEx Coexpression,1565	CITED2,CLSTN3,MRPL38,ADK,SLA,UFSP2,UBE2Z,LSM11,FAM174A,IDH3B,FAM81A,SLC25A46,TMED9,CXADR,SLC6A17,PRKCB,NANOS3,TEX10,VPS33A,LANCL1,MATK,DYRK1B,CYBA,ACSL3,NIPA2,SORCS3,MAPK8IP3,PGM2L1,ITFG1,DDOST,RAB33B,INPP4A,RRAGA,EID2,FSCN1,SRSF6,PDZRN3,SFT2D1,PAFAH1B2,RGS19,PCNA,TSG101,STXBP1,CEBPG,PLD6,SAMSN1,AIF1,BAG4,CHN1,CDH22,SLC17A7,LRRC8B,GABRD,PDZD7,SOCS5,FZD3,MYPOP,BCL11A,ATRNL1,CMTM6,AP2B1,ATP2B1,BRI3BP,HINFP,RPS26,KLHL9,SLC6A6,SQLE,EHD4,LYRM4,UBLCP1,ZGLP1,DOLPP1,LYRM7,RIMBP2,CDK2AP2,CPEB2,KBTBD8,SSBP3,NECTIN1
gene_set_query	859	HSF2	745.7	ARCHS4 Coexpression,440;Enrichr Queries,216;GTEx Coexpression,1581	SQLE,PIGU,FZD3,CXADR,KBTBD6,GNG2,BCL11A,CITED2,CEBPG,KIFAP3,ATP1B1
gene_set_query	860	ZNF140	746.0	ARCHS4 Coexpression,773;Enrichr Queries,750;GTEx Coexpression,715	ZNF571,PIGU,CXADR,CITED2,SRSF6,FGF13,ZNF268
gene_set_query	861	ZNF264	746.3	ARCHS4 Coexpression,406;Enrichr Queries,1269;GTEx Coexpression,564	DDX18,PIGU,ZNF829,TMED9,MOCS3,CHAMP1,NIPA2,FGF13,PGM2L1,PDZD7,HINFP
gene_set_query	862	FLYWCH1	746.5	ARCHS4 Coexpression,1074;GTEx Coexpression,419	CLSTN3,PLEKHG5,NIPA2,MAPK8IP3,GABRD,PDZD7
gene_set_query	863	CREB3L4	747.0	ARCHS4 Coexpression,1201;Enrichr Queries,332;GTEx Coexpression,708	PIGU,TSPAN13,CITED2,KIAA1324,PART1,SRSF6,ATP1B1,DDOST
gene_set_query	864	NCOA2	748.0	ARCHS4 Coexpression,397;Enrichr Queries,1275;ReMap ChIP-seq,174;GTEx Coexpression,1146	GLTP,PIGU,PTPRN2,SYK,CITED2,DGKA,NANOS3,CMTM6,SPNS2,INPP4A,SLC6A6,GLT1D1,PTPRC,STK24,OLFML3,KIAA1324,NCKAP1L
gene_set_query	865	ZHX3	748.3	ARCHS4 Coexpression,603;Enrichr Queries,1055;GTEx Coexpression,587	RPIA,SLC6A6,PIGU,LSM11,NEGR1,SLC6A17,CITED2,STXBP1,RAPGEF5,PDZRN3,GPR158
gene_set_query	866	TOPORS	748.5	ARCHS4 Coexpression,766;GTEx Coexpression,731	ZNF829,TMED9,MOCS3,CXADR,CCDC77,SRSF6
gene_set_query	867	NR2E3	749.5	ARCHS4 Coexpression,1044;Enrichr Queries,455	PTPRN2,C1QTNF1,BMPER,BCL11A,STRBP,ADCY1,FGF13
gene_set_query	868	CREB3L1	749.8	ARCHS4 Coexpression,1627;Enrichr Queries,433;ReMap ChIP-seq,169;GTEx Coexpression,770	TMED9,MYPOP,SEMA3C,CITED2,NANOS3,MAD2L1BP,AP2B1,DDOST,SLC6A6,ZGLP1,OLFML3,BASP1,KIAA1324,FSCN1,SLC17A7
gene_set_query	869	ZNF652	751.0	Literature ChIP-seq,141;ARCHS4 Coexpression,503;Enrichr Queries,1236;GTEx Coexpression,1124	SLC6A6,PIGU,TMED9,CSNK2A2,CELF4,ATP1B1,SAMD12,CPEB2,DDOST,CDKL1
gene_set_query	870	XPA	751.3	ARCHS4 Coexpression,691;Enrichr Queries,499;GTEx Coexpression,1064	SLC6A6,PIGU,PCNA,CITED2,UFSP2,AP2B1,CWC15,ATP1B1,UBE2Z,PDZRN3,DDOST
gene_set_query	871	ZNF534	751.5	ARCHS4 Coexpression,1416;GTEx Coexpression,87	KRT222,AMER3,GPR12,HENMT1,CADM2,FRRS1L,STXBP1,CELF4,DGCR9,GABRD,GPR158,PDZD7
gene_set_query	872	ZNF77	752.0	ARCHS4 Coexpression,560;Enrichr Queries,553;GTEx Coexpression,1143	PIGU,PCNA,HENMT1,BCL11A,MTX2,TEX10,CHAMP1,FSCN1,SRSF6,DDOST,TNFRSF21
gene_set_query	873	PROP1	752.3	ARCHS4 Coexpression,382;Enrichr Queries,870;GTEx Coexpression,1005	PEX5L,C1QTNF1,DLG2,NNAT,RIMBP2,LNX1,FGF13,CDK5R2,CAPS2
gene_set_query	874	VSX1	753.0	ARCHS4 Coexpression,1244;Enrichr Queries,888;GTEx Coexpression,127	AMER3,ZNF829,PTPRN2,CLSTN3,STXBP1,CDH22,DGCR9,CELF4,MAPK8IP3,GABRD,GPR158,PDZD7
gene_set_query	875	ZNF621	753.3	ARCHS4 Coexpression,656;Enrichr Queries,1296;GTEx Coexpression,308	KLHL9,PIGU,ZNF829,TSG101,CITED2,OLFML3,GOPC,ZNF780A,FGF13,ZNF268,CPEB2,CAPS2
gene_set_query	876	ZNF205	754.0	ARCHS4 Coexpression,1211;Enrichr Queries,730;GTEx Coexpression,321	PTPRC,HENMT1,FSCN1,CYBB,CDH24,NCKAP1L,KIFC3,SAMSN1,KBTBD8,MAPK8IP3,DDOST
gene_set_query	877	ZNF780A	754.0	ARCHS4 Coexpression,832;Enrichr Queries,653;GTEx Coexpression,777	PIGU,IGSF6,RGS19,SYK,NEGR1,LYRM7,GOPC,FGF13,ZNF268,CAPS2
gene_set_query	878	PAX8	754.0	ARCHS4 Coexpression,401;Enrichr Queries,1086;ReMap ChIP-seq,38;GTEx Coexpression,1491	ZCCHC12,PTPRN2,MAST3,CEP19,SPNS2,RTF2,BHLHE41,SLA,ZNF2,SORBS2,UBE2Z,ATP1B1,C1QTNF1,NUP85,PNOC,KIAA1324,CHAMP1,IDH3B,LNX1,KIFC3,SRSF6,NECTIN1
gene_set_query	879	TFE3	754.7	ARCHS4 Coexpression,937;Enrichr Queries,840;GTEx Coexpression,487	SLC6A6,GLT1D1,IGSF6,RGS19,MTX2,CITED2,BASP1,CDC42EP2,FSCN1,SLA,ARHGEF18
gene_set_query	880	MYBL1	755.3	Literature ChIP-seq,145;ARCHS4 Coexpression,565;Enrichr Queries,1192;GTEx Coexpression,1119	PTPRC,PCNA,SEMA3C,ARHGEF18,NCKAP1L,LIN7A,TM7SF3,UBE2Z
gene_set_query	881	NFATC2	755.7	ARCHS4 Coexpression,886;Enrichr Queries,305;GTEx Coexpression,1076	SLC6A6,PIGU,PTPRC,PRKCB,BCL11A,CITED2,RGS10,CYBB,NCKAP1L
gene_set_query	882	ZNF761	755.7	ARCHS4 Coexpression,652;Enrichr Queries,415;GTEx Coexpression,1200	SLC6A6,SQLE,ZNF808,PIGU,ZNF829,BAG4,ZNF780A,SRSF6,PAFAH1B2
gene_set_query	883	HAND2	756.3	ARCHS4 Coexpression,304;Enrichr Queries,918;GTEx Coexpression,1047	MYO1B,SEMA3C,BMPER,OLFML3,RIMBP2,FSCN1,CDH24,FSD1,PDZRN3,TBC1D16
gene_set_query	884	HOXC5	757.0	ARCHS4 Coexpression,988;Enrichr Queries,916;GTEx Coexpression,367	LINC01197,C1QTNF1,SEMA3C,OLFML3,FSCN1,RITA1,CDH24,GOPC,CFAP97,PDZRN3,SOCS5
gene_set_query	885	ZBTB37	758.0	ARCHS4 Coexpression,409;Enrichr Queries,1267;GTEx Coexpression,598	ZNF808,EID2,PIGU,TMED9,PTPRC,SLA,ZNF780A,ATP1B1,FGF13,DDOST,CAPS2
gene_set_query	886	ZNF358	758.3	ARCHS4 Coexpression,367;Enrichr Queries,705;GTEx Coexpression,1203	CITED2,CLSTN3,CMTM6,FSCN1,SLC17A7,NUDT14,MAPK8IP3,DDOST,CDK5R2
gene_set_query	887	ZBTB49	758.5	ARCHS4 Coexpression,817;GTEx Coexpression,700	RGS19,PTPRC,HENMT1,VPS33A,NNAT,CMTM6,CCDC22
gene_set_query	888	ZFY	758.7	ARCHS4 Coexpression,980;Enrichr Queries,872;GTEx Coexpression,424	KLHL9,TMED9,MOCS3,SEMA3C,EIF1AX,BCL11A,CITED2,CHAMP1,CFAP97,SAMSN1,SLC25A46
gene_set_query	889	VAX1	758.7	ARCHS4 Coexpression,1458;Enrichr Queries,616;GTEx Coexpression,202	GRM3,CORT,FZD3,GNAL,PTPRN2,PDE1B,BCL11A,FKBP1B,DCX,CELF4,CDK5R2,ANKS1B
gene_set_query	890	CEBPZ	758.8	ARCHS4 Coexpression,1204;ENCODE ChIP-seq,95;Enrichr Queries,1075;ReMap ChIP-seq,225;GTEx Coexpression,1195	DDX18,MOCS3,PCNA,EIF1AX,KDM8,UBE2Z,MAPK8IP3,DDOST,HINFP,RPIA,GNG2,VSNL1,DOLPP1,PSMC2,FKBP1B,CHN1,CDK2AP2,SRSF6
gene_set_query	891	VDR	759.6	Literature ChIP-seq,29;ARCHS4 Coexpression,1555;Enrichr Queries,1019;ReMap ChIP-seq,285;GTEx Coexpression,910	NEGR1,CITED2,DGKA,NANOS3,AP2B1,ASAP2,ATP1B1,HSD11B1,INPP4A,STK24,DOLPP1,CDC42EP2,CDK2AP2,FSCN1,SFT2D1,PDZD7
gene_set_query	892	ZNF239	759.7	ARCHS4 Coexpression,708;Enrichr Queries,1028;GTEx Coexpression,543	ZNF829,MOCS3,CXADR,PCNA,CITED2,EIF1AX,CHAMP1,ATP1B1,CFAP97,TNFRSF21,PAFAH1B2
gene_set_query	893	ZNF808	759.7	ARCHS4 Coexpression,892;Enrichr Queries,962;GTEx Coexpression,425	PIGU,ZNF571,ZNF829,TMED9,DLG2,SEMA3C,CADM2,CELF4,FSD1,ANKS1B,HINFP
gene_set_query	894	ZBTB7B	761.3	ARCHS4 Coexpression,514;Enrichr Queries,1106;GTEx Coexpression,664	GLTP,SLC6A6,GLT1D1,RGS19,STK24,CITED2,DGKA,ARHGEF18,CYBA,ATP1B1,DDOST,NECTIN1
gene_set_query	895	ZNF844	761.5	ARCHS4 Coexpression,848;GTEx Coexpression,675	ZNF808,ZNF829,MATK,UFSP2,ZNF268,PDZD7,HINFP
gene_set_query	896	ZNF836	763.0	ARCHS4 Coexpression,743;Enrichr Queries,324;GTEx Coexpression,1222	ZNF808,ZNF571,ZNF829,PIGU,CITED2,PLD5,SORBS2,OLFML2A,PDZD7,CDKL1
gene_set_query	897	PREB	764.0	ARCHS4 Coexpression,469;Enrichr Queries,390;GTEx Coexpression,1433	PIGU,TMED9,PCNA,CHMP1A,MRPL38,CDK2AP2,ATP1B1,DDOST
gene_set_query	898	PURB	764.5	ARCHS4 Coexpression,1184;GTEx Coexpression,345	AMER3,LSM11,STXBP1,NCR3LG1,CDH22,AP2B1,UBE2Z,GABRD
gene_set_query	899	RBCK1	765.0	ARCHS4 Coexpression,812;GTEx Coexpression,718	RGS19,ZGLP1,ARHGEF18,CYBA,SRSF6,HINFP
gene_set_query	900	ZNF548	766.7	ARCHS4 Coexpression,1123;Enrichr Queries,135;GTEx Coexpression,1042	ZNF808,ZNF829,PIGU,ZNF571,PTPRN2,CITED2,CEBPG,FGF13,ZNF268,PGM2L1,ZNF233
gene_set_query	901	ATOH8	766.7	ARCHS4 Coexpression,1318;Enrichr Queries,292;GTEx Coexpression,690	LINC01197,C1QTNF1,BMPER,SEMA3C,CITED2,RCAN2,PLS3,SORBS2,BRI3BP
gene_set_query	902	ZNF454	768.3	ARCHS4 Coexpression,1278;Enrichr Queries,233;GTEx Coexpression,794	ZNF829,PTPRN2,NEGR1,NNAT,PCDHB15,PAK6,GOPC,SORCS3,GPR158,PDZD7,SOCS5
gene_set_query	903	KLF2	768.5	Literature ChIP-seq,137;ARCHS4 Coexpression,648;Enrichr Queries,1022;GTEx Coexpression,1267	GLT1D1,RGS19,GJB1,MTX2,CITED2,ARHGEF18,CYBA,ATP1B1
gene_set_query	904	BNC2	768.7	ARCHS4 Coexpression,1091;Enrichr Queries,609;GTEx Coexpression,606	SEMA3C,NEGR1,OLFML3,OLFML2A,PDZRN3
gene_set_query	905	ZNF66	769.0	ARCHS4 Coexpression,152;GTEx Coexpression,1386	BAG4,PCNA,CELF4,SAMD12,ZNF268,PDZD7,ANKS1B,HINFP,CDKL1
gene_set_query	906	NR2E1	769.0	ARCHS4 Coexpression,1041;Enrichr Queries,892;GTEx Coexpression,374	GRM3,KCNH3,FZD3,PTPRN2,CADM2,BCL11A,DGKA,FKBP1B,DCX,SORCS3
gene_set_query	907	TSHZ3	769.3	ARCHS4 Coexpression,1132;Enrichr Queries,636;GTEx Coexpression,540	GLT1D1,SEMA3C,BMPER,OLFML3,BCL11A,BASP1,OLFML2A,PDZRN3,KCNH1
gene_set_query	908	ELK4	769.4	ARCHS4 Coexpression,1348;ENCODE ChIP-seq,29;Enrichr Queries,1262;ReMap ChIP-seq,274;GTEx Coexpression,934	GLTP,PIGU,MOCS3,MRPL38,TM7SF3,UBE2Z,FAM174A,CHMP1A,CHAMP1,IDH3B,FSD1,CCDC77,SLC25A46,SOCS5,TMED9,CXADR,NANOS3,TEX10,VPS33A,ARHGEF18,NIPA2,AP2B1,CWC15,ATP1B1,RABGGTA,ITFG1,DDOST,GON7,RPS26,RPIA,EID2,RRAGA,PTPRC,CDKN2AIPNL,CDK2AP2,CCDC22,PAFAH1B2,ZNF233
gene_set_query	909	NR3C2	769.7	ARCHS4 Coexpression,915;Enrichr Queries,49;GTEx Coexpression,1345	PIGU,SYT1,SEMA3C,NEGR1,PRKCB,BCL11A,CITED2,BHLHE41,SORBS2,ATP1B1,RCAN2,RAPGEF5,PTPN3
gene_set_query	910	SPIC	769.7	ARCHS4 Coexpression,1293;Enrichr Queries,88;GTEx Coexpression,928	CX3CR1,IGSF6,PTPRC,ARMT1,FSCN1,ARHGEF18,CYBB,PLD4,CYBA,ATP1B1,AIF1,SAMSN1
gene_set_query	911	E2F3	769.7	ARCHS4 Coexpression,1173;Enrichr Queries,960;GTEx Coexpression,176	SLC6A6,GLT1D1,PIGU,IGSF6,PTPRC,RGS19,PCNA,UBLCP1,BASP1,SLA,NIPA2,SAMSN1
gene_set_query	912	REL	769.7	ARCHS4 Coexpression,882;Enrichr Queries,586;GTEx Coexpression,841	PTPRC,SYK,PRKCB,CITED2,NCKAP1L,FGF13,SAMSN1,CAPS2
gene_set_query	913	GSX2	770.0	ARCHS4 Coexpression,427;Enrichr Queries,1122;GTEx Coexpression,761	GRM3,SQLE,FZD3,CADM2,BCL11A,FSCN1,UFSP2,PDZRN3,CDK5R2,AFF2
gene_set_query	914	PAX4	770.3	ARCHS4 Coexpression,825;Enrichr Queries,81;GTEx Coexpression,1405	HAGLR,PTPRN2,NEGR1,RAB33B,HINFP,GAP43,C1QTNF1,SST,B3GALT2,DCX,FGF13,CDK5R2,KCNH1
gene_set_query	915	RFX1	771.0	ARCHS4 Coexpression,1187;Enrichr Queries,360;ReMap ChIP-seq,6;GTEx Coexpression,1531	PIGU,MAST3,CITED2,UFSP2,SLC4A3,UBE2Z,TMEM121,GLT1D1,FAM174A,CHMP1A,GABRD,BORCS7,PDZD7,SLC25A46,NANOS3,CYBA,ATP1B1,MAPK8IP3,DDOST,HINFP,SQLE,CORT,GJB1,CDK2AP2,FSCN1
gene_set_query	916	ZNF875	771.7	ARCHS4 Coexpression,727;Enrichr Queries,590;GTEx Coexpression,998	ZNF829,PIGU,ZNF571,SORBS2,SRSF6,OLFML2A,DDOST,PDZD7,HINFP
gene_set_query	917	TEAD4	771.8	Literature ChIP-seq,56;ARCHS4 Coexpression,1429;ENCODE ChIP-seq,77;Enrichr Queries,1399;ReMap ChIP-seq,206;GTEx Coexpression,1464	PIGU,SEMA3C,CITED2,YWHAB,PTPRO,ADK,BHLHE41,ASAP2,GRM3,LSM11,BMPER,NUP85,CHN1,CDH22,CHSY3,KIFAP3,RGS6,ANKS1B,FZD3,NEGR1,PRKCB,ATRNL1,MTX2,NANOS3,SLC2A13,MAD2L1BP,ACSL3,AP2B1,ITFG1,INPP4A,SLC6A6,EHD4,LYRM4,STK24,FSCN1,PDZRN3
gene_set_query	918	HOXD13	772.0	Literature ChIP-seq,96;ARCHS4 Coexpression,1195;Enrichr Queries,1318;GTEx Coexpression,479	PCNA,GNG2,SEMA3C,BCL11A,NCR3LG1,RGS10,PLS3,SORBS2,OLFML2A,PDZRN3,CDKL1
gene_set_query	919	ZBTB8A	772.0	ARCHS4 Coexpression,579;GTEx Coexpression,965	ZNF829,LYRM4,CFAP97,PDZD7,SOCS5,HINFP
gene_set_query	920	ZNF532	772.3	ARCHS4 Coexpression,484;Enrichr Queries,471;GTEx Coexpression,1362	PIGU,FZD3,CXADR,TENM3,SEMA3C,BCL11A,BASP1,PLD5,TALDO1,SORBS2,CYBA
gene_set_query	921	ZMAT1	773.0	ARCHS4 Coexpression,468;Enrichr Queries,544;GTEx Coexpression,1307	PIGU,FZD3,TMED9,NEGR1,CITED2,FRRS1L,RCAN2,SORBS2,SRSF6,DDOST,ANKS1B
gene_set_query	922	ZNF350	773.3	ARCHS4 Coexpression,1005;Enrichr Queries,647;GTEx Coexpression,668	SQLE,GLT1D1,PIGU,IGSF6,RGS19,PTPRC,BCL11A,CITED2,FSCN1,SLA,AP2B1
gene_set_query	923	SMAD9	773.3	ARCHS4 Coexpression,187;Enrichr Queries,643;GTEx Coexpression,1490	FZD3,TMED9,CXADR,SEMA3C,BCL11A,RCAN2,BHLHE41,ARHGEF18,SORBS2,CYBA,SRSF6
gene_set_query	924	ZNF564	773.3	ARCHS4 Coexpression,1566;Enrichr Queries,357;GTEx Coexpression,397	ZNF808,ZNF395,PIGU,IGSF6,RGS19,SEMA3C,CITED2,ZNF780A,CCDC22,CPEB2,DDOST
gene_set_query	925	ZNF19	774.0	ARCHS4 Coexpression,390;Enrichr Queries,469;GTEx Coexpression,1463	PIGU,ZNF829,CITED2,BHLHE41,SORBS2,FGF13,DDOST,PDZD7,CAPS2,HINFP
gene_set_query	926	ZNF831	774.3	ARCHS4 Coexpression,874;Enrichr Queries,1126;GTEx Coexpression,323	INPP4A,PTPRC,RGS19,SYK,PRKCB,SLA,CYBB,ARHGEF18,CYBA
gene_set_query	927	ZNF620	775.0	ARCHS4 Coexpression,650;Enrichr Queries,572;GTEx Coexpression,1103	GLTP,DDX18,PIGU,ZNF829,SEMA3C,LYRM4,BCL11A,STRBP,KBTBD8,PDZD7,HINFP
gene_set_query	928	FAM200B	775.0	ARCHS4 Coexpression,1426;GTEx Coexpression,124	GRM3,KBTBD6,DLG2,CADM2,FRRS1L,FKBP1B,CELF4,CWC15,SORCS3,ANKS1B
gene_set_query	929	ZNF701	775.7	ARCHS4 Coexpression,1302;Enrichr Queries,810;GTEx Coexpression,215	ZNF808,PIGU,IGSF6,RGS19,SYK,CMTM6,FSCN1,SLA,ZNF780A,ZNF268,PGM2L1
gene_set_query	930	HSFY2	776.5	ARCHS4 Coexpression,1521;GTEx Coexpression,32	KRT222,GABRA1,AMER3,CLSTN3,STXBP1,CELF4,ADCY1,MAPK8IP3,SV2B,CDH22,DGCR9,GABRD,GPR158,PDZD7,KCNH1
gene_set_query	931	KLF6	777.8	ARCHS4 Coexpression,510;Enrichr Queries,974;ReMap ChIP-seq,231;GTEx Coexpression,1396	SYK,CITED2,NANOS3,SPNS2,BHLHE41,SLA,ATP1B1,SAMSN1,AIF1,KBTBD6,C1QTNF1,PTPRC,BASP1,FSCN1,PDZD7
gene_set_query	932	ISL2	778.0	ARCHS4 Coexpression,1098;Enrichr Queries,882;GTEx Coexpression,354	IGSF6,RGS19,BCL11A,RGS10,FSCN1,RITA1,CDK2AP2,TALDO1,NCKAP1L,ZNF780A
gene_set_query	933	HOXD8	778.0	ARCHS4 Coexpression,1050;Enrichr Queries,902;GTEx Coexpression,382	MIR600HG,AMMECR1L,C1QTNF1,SEMA3C,OLFML3,ASAP2,SAMD12,ATP1B1,CFAP97,PDZRN3
gene_set_query	934	MLX	779.0	ARCHS4 Coexpression,504;Enrichr Queries,1272;GTEx Coexpression,561	GON7,RPIA,TSG101,CITED2,CADM2,MAD2L1BP,TALDO1,CYBA,NIPA2,RAPGEF5,DDOST
gene_set_query	935	BNC1	779.3	ARCHS4 Coexpression,527;Enrichr Queries,1339;GTEx Coexpression,472	GLTP,SQLE,MYO1B,SEMA3C,TEX10,CSNK2A2,FSCN1,TNFRSF21,NECTIN1
gene_set_query	936	NR2F6	780.0	ARCHS4 Coexpression,1466;Enrichr Queries,485;ReMap ChIP-seq,22;GTEx Coexpression,1147	PIGU,CXADR,PCNA,RGS19,CITED2,NANOS3,CEBPG,CYBA,ASAP2,ATP1B1,DDOST,BAG4,GJB1,CDKN2AIPNL,BASP1,DOLPP1,FSCN1,KIFC3,RAPGEF5,PDZD7
gene_set_query	937	ZNF766	780.3	ARCHS4 Coexpression,834;Enrichr Queries,1384;ReMap ChIP-seq,7;GTEx Coexpression,896	PIGU,MOCS3,RGS19,CSNK2A2,RITA1,HINFP,INPP4A,SQLE,CORT,ZNF829,BAG4,C1QTNF1,AMMECR1L,UBLCP1,NUP85,SST,FSD1,PDZD7
gene_set_query	938	PROX2	780.7	ARCHS4 Coexpression,1147;Enrichr Queries,367;GTEx Coexpression,828	KLHL9,ZNF808,IGSF6,C1QTNF1,NNAT,GOPC,PHACTR1,SAMD12,FGF13,ANKS1B,HINFP
gene_set_query	939	DPF3	781.0	ARCHS4 Coexpression,1206;Enrichr Queries,74;GTEx Coexpression,1063	PIGU,NEGR1,BCL11A,CITED2,DYRK1B,SORBS2,ATP1B1,CDKN2AIPNL,BMPER,LYRM7,PDZRN3,RGS6,CDKL1
gene_set_query	940	MTF2	781.3	Literature ChIP-seq,13;ARCHS4 Coexpression,1049;GTEx Coexpression,1282	CHRM1,MCTP1,PTPRO,BHLHE41,CELF4,GRIK1,UBE2Z,AFF2,GRM3,BMPER,RGS6,KCNH1,KCNH3,CXADR,SLC6A17,PRKCB,SLC2A13,NANOS3,MATK,SORCS3,RRAGA,EID2,FSCN1,PDZRN3,TNFRSF21,SEMA3C,PDE1B,PLD5,LIN7A,ADCY1,ASAP2,DTX4,SV2B,SLITRK4,CDH22,SLC17A7,CHSY3,GABRD,GPR158,GABRA1,GABBR2,FZD3,GPR12,NEGR1,BCL11A,CADM2,ATP2B1,GNAL,RGS10,FGF13,CPEB2,CDK5R2,NECTIN1
gene_set_query	941	ZNF749	781.7	ARCHS4 Coexpression,815;Enrichr Queries,531;GTEx Coexpression,999	PIGU,PCNA,BCL11A,CHAMP1,CDK2AP2,NIPA2,KBTBD8,MAPK8IP3,PGM2L1,TNFRSF21
gene_set_query	942	SOX18	783.7	ARCHS4 Coexpression,541;Enrichr Queries,1029;GTEx Coexpression,781	EHD4,C1QTNF1,OLFML3,NANOS3,SPNS2,CDC42EP2,FSCN1
gene_set_query	943	ZNF546	783.7	ARCHS4 Coexpression,858;Enrichr Queries,234;GTEx Coexpression,1259	ZNF829,PIGU,NEGR1,CITED2,B3GALT2,SORBS2,ZNF780A,PDZD7,ZNF233,CDKL1
gene_set_query	944	ZNF410	784.0	ARCHS4 Coexpression,374;Enrichr Queries,1229;GTEx Coexpression,749	CADM2,YWHAB,BASP1,CMTM6,SAMD12,SRSF6,MAPK8IP3,SAMSN1,SSBP3,DDOST
gene_set_query	945	ZNF275	784.0	ARCHS4 Coexpression,1102;Enrichr Queries,267;GTEx Coexpression,983	SQLE,PIGU,CITED2,BASP1,PLS3,KLHL4,AP2B1,ATP1B1,BORCS7,MAPK8IP3
gene_set_query	946	TFDP2	785.0	ARCHS4 Coexpression,421;Enrichr Queries,732;GTEx Coexpression,1202	ZNF829,PIGU,FZD3,TMED9,LYRM4,BCL11A,CITED2,PLD5,UBE2Z,PGM2L1
gene_set_query	947	ZNF250	785.7	ARCHS4 Coexpression,651;Enrichr Queries,744;GTEx Coexpression,962	SQLE,PIGU,ZNF829,BCL11A,CITED2,PLEKHG5,FGF13,PDZD7,HINFP
gene_set_query	948	FOXD4L6	786.0	ARCHS4 Coexpression,1328;Enrichr Queries,244	GRM3,PTPRN2,ANKRD30B,NEGR1,PRKCB,BCL11A,CELF4
gene_set_query	949	NRF1	786.2	ARCHS4 Coexpression,1343;ENCODE ChIP-seq,7;Enrichr Queries,1174;ReMap ChIP-seq,217;GTEx Coexpression,1190	PIGU,ZNF571,RGS19,CITED2,MAST3,CEP19,CEBPG,LIN7A,ZNF808,NPEPPS,BAG4,LSM11,ZNF385B,SLC17A7,FAM81A,PDZD7,DDX18,FZD3,TMED9,MYPOP,CXADR,MTX2,NANOS3,TEX10,TALDO1,ARHGEF18,CYBA,BRI3BP,RABGGTA,RAB33B,INPP4A,KLHL9,RPIA,SLC6A6,SQLE,MYO1B,PTPRC,UBLCP1,ZGLP1,DOLPP1,CDK2AP2,CCDC22,KIFC3,CDK5R2,PTPN3
gene_set_query	950	ZNF585B	786.3	ARCHS4 Coexpression,997;Enrichr Queries,336;GTEx Coexpression,1026	ZNF808,ZNF829,PIGU,ZNF571,NEGR1,CITED2,GOPC,FGF13,ZNF268,CAPS2
gene_set_query	951	ZNF169	787.3	ARCHS4 Coexpression,1028;Enrichr Queries,667;GTEx Coexpression,667	INPP4A,PIGU,ZNF829,BASP1,BCL11A,LIN7A,SORBS2,PHACTR1,ZNF780A,PDZD7,HINFP
gene_set_query	952	SOX13	788.3	ARCHS4 Coexpression,952;Enrichr Queries,754;ReMap ChIP-seq,177;GTEx Coexpression,1270	LINC01197,HAGLR,PIGU,CXADR,MYPOP,CITED2,PRKCB,ATP1B1,TF,KIAA1324,FSCN1,A2M,RAPGEF5,TBC1D16,NECTIN1
gene_set_query	953	ERG	788.8	Literature ChIP-seq,125;ARCHS4 Coexpression,1623;Enrichr Queries,1320;ReMap ChIP-seq,150;GTEx Coexpression,726	GLTP,ACY3,MCTP1,PLD4,C1QTNF1,AMMECR1L,FAM174A,IDH3B,PLS3,CHSY3,SLC17A7,LRRC8B,PDZD7,TMED9,MYPOP,BCL11A,MTX2,NANOS3,TALDO1,AP2B1,CWC15,PGM2L1,DDOST,RAB33B,SQLE,CDKN2AIPNL,CDC42EP2,FSCN1,CDK2AP2,SRSF6,CPEB2,KBTBD8
gene_set_query	954	ZNF587	789.3	ARCHS4 Coexpression,419;Enrichr Queries,1346;GTEx Coexpression,603	ZNF808,ZNF829,KIAA1324,LYRM7,SRSF6,FGF13,DDOST,PDZD7,HINFP
gene_set_query	955	DMRT1	790.0	Literature ChIP-seq,94;ARCHS4 Coexpression,690;Enrichr Queries,1134;GTEx Coexpression,1242	YWHAB,SLC4A3,C1QTNF1,HENMT1,BASP1,RGS6,PTPRN2,MYPOP,BCL11A,CADM2,ATRNL1,NANOS3,PLEKHG5,SPNS2,LANCL1,ATP1B1,BRI3BP,RAB33B,INPP4A,RPIA,SLC6A6,CORT,GNAL,TSPAN13,UBLCP1,CDK2AP2,KIFC3,RAPGEF5,PTPN3,NECTIN1
gene_set_query	956	ZNF526	790.3	ARCHS4 Coexpression,755;Enrichr Queries,845;GTEx Coexpression,771	RPIA,ZNF829,CITED2,FSCN1,MAD2L1BP,CCDC22,MAPK8IP3,DDOST,PDZD7,HINFP
gene_set_query	957	POGK	790.7	ARCHS4 Coexpression,1116;Enrichr Queries,723;GTEx Coexpression,533	GRM3,PEX5L,PIGU,CITED2,LANCL1,AP2B1,RAPGEF5,ATP1B1,DDOST,SELENOI
gene_set_query	958	MAFG	790.8	ARCHS4 Coexpression,1018;Enrichr Queries,721;ReMap ChIP-seq,92;GTEx Coexpression,1332	MYPOP,PRKCB,CITED2,CEBPG,ATP1B1,UBE2Z,INPP4A,HSD11B1,SLC6A6,LYRM7,PSMC2,KIAA1324,GOPC,KIFC3,CDK5R2,RFPL1S
gene_set_query	959	IRX5	791.3	ARCHS4 Coexpression,961;Enrichr Queries,515;GTEx Coexpression,898	GLTP,TSPAN13,STK24,SEMA3C,BCL11A,CITED2,BHLHE41,ATP1B1,DTX4,NECTIN1
gene_set_query	960	ZNF18	791.7	ARCHS4 Coexpression,1089;Enrichr Queries,344;GTEx Coexpression,942	GLT1D1,PIGU,IGSF6,RGS19,BCL11A,CITED2,BASP1,BHLHE41,FSCN1,AP2B1,DDOST
gene_set_query	961	ZNF131	791.7	ARCHS4 Coexpression,1313;Enrichr Queries,587;GTEx Coexpression,475	ZNF829,PIGU,TMED9,MOCS3,AMMECR1L,PCNA,TEX10,CCDC77,ATP1B1,SRSF6,DDOST
gene_set_query	962	ZNF579	793.0	ARCHS4 Coexpression,745;Enrichr Queries,627;GTEx Coexpression,1007	CDKN2AIPNL,CITED2,BASP1,MRPL38,FSCN1,CDH24,CYBA,SSBP3,DDOST
gene_set_query	963	ZNF442	794.3	ARCHS4 Coexpression,1051;Enrichr Queries,956;GTEx Coexpression,376	LINC01197,DDX18,ZNF395,PIGU,ZNF571,ZNF829,CITED2,CFAP97,ZNF268,PDZD7
gene_set_query	964	ZNF107	794.7	ARCHS4 Coexpression,577;Enrichr Queries,1215;GTEx Coexpression,592	ZNF808,PIGU,TMED9,SYK,BCL11A,DGKA,STRBP,PNOC,NCKAP1L,SRSF6
gene_set_query	965	TET3	795.3	ARCHS4 Coexpression,1404;ReMap ChIP-seq,296;GTEx Coexpression,686	GLTP,SLC6A6,STK24,DGKA,NECTIN1
gene_set_query	966	ZNF843	795.7	ARCHS4 Coexpression,816;Enrichr Queries,1011;GTEx Coexpression,560	MAP10,ZNF829,C1QTNF1,CDKN2AIPNL,LYRM7,CDH22,SLC17A7,PDZD7,SLC25A46,HINFP
gene_set_query	967	ZNF660	796.7	ARCHS4 Coexpression,1017;Enrichr Queries,119;GTEx Coexpression,1254	PIGU,ZNF829,GNG2,NEGR1,PRKCB,RCAN2,SLITRK4,PCDHB15,SORBS2,LIN7A,FGF13,HINFP
gene_set_query	968	ZNF430	797.0	ARCHS4 Coexpression,851;Enrichr Queries,634;GTEx Coexpression,906	GLTP,PIGU,ZNF829,STK24,CDKN2AIPNL,BCL11A,DGKA,CEP19,PDZD7,HINFP
gene_set_query	969	ZNF669	798.0	ARCHS4 Coexpression,1066;Enrichr Queries,713;GTEx Coexpression,615	DDX18,PIGU,ZNF829,CITED2,CEP19,CHAMP1,MAD2L1BP,NIPA2,ATP1B1,PDZD7
gene_set_query	970	NOTO	798.7	ARCHS4 Coexpression,1011;Enrichr Queries,862;GTEx Coexpression,523	AMER3,ZNF829,C1QTNF1,CLSTN3,BCL11A,CELF4,GABRD,PDZD7,HINFP
gene_set_query	971	ZNF773	798.7	ARCHS4 Coexpression,449;Enrichr Queries,1096;GTEx Coexpression,851	PIGU,ZNF829,CITED2,TEX10,CHAMP1,FGF13,DDOST,PDZD7,CAPS2,HINFP
gene_set_query	972	ZNF320	800.7	ARCHS4 Coexpression,604;Enrichr Queries,783;GTEx Coexpression,1015	ZNF808,PIGU,ZNF571,ZNF829,GOPC,SRSF6,DDOST,PDZD7,HINFP,CDKL1
gene_set_query	973	WT1	800.8	Literature ChIP-seq,41;ARCHS4 Coexpression,1136;Enrichr Queries,977;GTEx Coexpression,1049	ZCCHC12,CITED2,DGKA,PTPRO,ADK,SLC4A3,OLFML2A,BMPER,PHACTR1,KIFAP3,SAMD12,NUDT14,FAM81A,RGS6,ANKS1B,KCNH1,KCNH3,PRKCB,TEX10,SPNS2,DYRK1B,ARHGEF18,ATP1B1,INPP4A,DCX,RAPGEF5,PDZRN3,AMER3,CEBPG,ADCY1,ASAP2,DTX4,SAMSN1,GNG2,SV2B,CDH22,LONRF2,TBC1D16,GABBR2,PTPRN2,BCL11A,ATRNL1,PCDHB15,RPS26,RPIA,SLC6A6,PEX5L,DOLPP1,LNX1,CPEB2,SSBP3,NECTIN1,PTPN3
gene_set_query	974	ETV4	801.5	ARCHS4 Coexpression,904;Enrichr Queries,1225;ReMap ChIP-seq,254;GTEx Coexpression,823	TMED9,PCNA,MYPOP,RGS19,NANOS3,ACSL3,UBE2Z,TF,FSCN1,SLC17A7,A2M,PDZD7,TNFRSF21
gene_set_query	975	DRAP1	801.7	ARCHS4 Coexpression,689;Enrichr Queries,704;GTEx Coexpression,1012	ZNF829,TMED9,PCNA,CHMP1A,FSCN1,TALDO1,CYBA,CWC15,DDOST
gene_set_query	976	RAG1	801.7	ARCHS4 Coexpression,902;Enrichr Queries,564;GTEx Coexpression,939	PIGU,PTPRC,PCNA,SYK,PRKCB,BCL11A,GOPC,SRSF6,BORCS7,DDOST
gene_set_query	977	NR1D2	802.3	ARCHS4 Coexpression,1019;Enrichr Queries,452;GTEx Coexpression,936	PIGU,SLC6A17,SV2B,CITED2,STXBP1,BHLHE41,ATP2B1,ATP1B1,RAPGEF5,CAPS2
gene_set_query	978	ZFPM1	803.0	ARCHS4 Coexpression,1353;Enrichr Queries,151;GTEx Coexpression,905	TMED9,PIGU,CITED2,KIAA1324,SPNS2,FSCN1,ATP1B1,SSBP3,MAPK8IP3,DDOST,NECTIN1
gene_set_query	979	LHX1	803.0	ARCHS4 Coexpression,470;Enrichr Queries,1136	FZD3,GAP43,BCL11A,BASP1,CELF4,SSBP3
gene_set_query	980	ATF4	803.5	ARCHS4 Coexpression,1527;Enrichr Queries,990;ReMap ChIP-seq,121;GTEx Coexpression,576	GLTP,PIGU,MYPOP,PCNA,SEMA3C,CEBPG,MAD2L1BP,DDOST,HSD11B1,RPS26,FRRS1L,SST,NNAT,PAK6,FSD1,ZNF780A,PDZRN3
gene_set_query	981	SHOX	803.7	ARCHS4 Coexpression,429;Enrichr Queries,681;GTEx Coexpression,1301	PTPRN2,NEGR1,BCL11A,SLITRK4,PLD5,CHSY3,SORCS3,PDZD7,AFF2,CDKL1
gene_set_query	982	ZNF837	804.3	ARCHS4 Coexpression,718;Enrichr Queries,397;GTEx Coexpression,1298	KDM8,CHMP1A,FSCN1,CDK2AP2,MRPL38,TALDO1,CYBA,SRSF6,CDK5R2,DDOST
gene_set_query	983	ZKSCAN7	805.5	ARCHS4 Coexpression,1202;GTEx Coexpression,409	KLHL9,ZNF829,CEP19,LIN7A,ZNF780A,ZNF268,PDZD7
gene_set_query	984	DBX1	806.3	ARCHS4 Coexpression,1009;Enrichr Queries,409;GTEx Coexpression,1001	SQLE,FZD3,PTPRN2,BCL11A,NNAT,RIMBP2,CELF4,SORCS3,DTX4,CDK5R2
gene_set_query	985	SOX3	807.7	ARCHS4 Coexpression,991;Enrichr Queries,703;GTEx Coexpression,729	GAP43,FZD3,PTPRN2,KBTBD6,BCL11A,NNAT,SORCS3,FGF13,DTX4,SSBP3
gene_set_query	986	FOS	808.6	ARCHS4 Coexpression,1510;ENCODE ChIP-seq,73;Enrichr Queries,1021;ReMap ChIP-seq,146;GTEx Coexpression,1293	MAP10,PIGU,MOCS3,CITED2,MRPL38,UFSP2,TM7SF3,UBE2Z,BASP1,KIFAP3,TMED9,CXADR,SLC6A17,NANOS3,TEX10,VPS33A,LANCL1,DYRK1B,ACSL3,NIPA2,ATP1B1,MAPK8IP3,RABGGTA,DDOST,RRAGA,VSNL1,FSCN1,KIFC3,ZNF780A,SRSF6,CFAP97,TNFRSF21,ZNF233,ZNF395,PCNA,TSG101,SEMA3C,CEBPG,SELENOI,HSD11B1,OLFML3,PAK6,CCDC77,PDZD7,SOCS5,FZD3,AP2B1,KLHL4,CWC15,RPS26,KBTBD6,GNAL,CDKN2AIPNL,GOPC,CCDC22
gene_set_query	987	LIN54	809.0	ARCHS4 Coexpression,564;GTEx Coexpression,1054	TMED9,UBLCP1,LYRM7,CCDC77,SRSF6,MAPK8IP3
gene_set_query	988	SMYD3	809.5	ARCHS4 Coexpression,1595;GTEx Coexpression,24	KRT222,GABRA1,GABBR2,TENM3,SYT1,CELF4,ATP2B1,ITFG1,INPP4A,EID2,BAG4,KBTBD6,FRRS1L,FSD1,GPR158,KCNH1
gene_set_query	989	IRF6	809.7	ARCHS4 Coexpression,978;Enrichr Queries,1003;GTEx Coexpression,448	GLTP,MYO1B,CXADR,TSPAN13,STK24,DGKA,ATP1B1,TNFRSF21,NECTIN1
gene_set_query	990	POU2F1	809.8	ARCHS4 Coexpression,1008;Enrichr Queries,1101;ReMap ChIP-seq,25;GTEx Coexpression,1105	MIR600HG,PIGU,FZD3,TMED9,BCL11A,STRBP,RITA1,MAD2L1BP,ACSL3,ASAP2,ATP1B1,MAPK8IP3,LSM11,EHD4,C1QTNF1,KBTBD6,TSPAN13,FKBP1B,PSMC2,NNAT,GABRD,SLC25A46
gene_set_query	991	THYN1	810.0	ARCHS4 Coexpression,1487;GTEx Coexpression,133	KRT222,FZD3,CADM2,FRRS1L,CELF4,FSD1,CWC15,KIFAP3,SORCS3,CDK5R2
gene_set_query	992	ADNP2	810.3	ARCHS4 Coexpression,951;Enrichr Queries,1059;GTEx Coexpression,421	PIGU,AMMECR1L,MYPOP,PCNA,STK24,CITED2,TEX10,CSNK2A2,LANCL1,ATP2B1,CPEB2
gene_set_query	993	RBPJL	810.7	ARCHS4 Coexpression,654;Enrichr Queries,1143;GTEx Coexpression,635	TMED9,ZNF395,PTPRN2,C1QTNF1,KIAA1324,LNX1,ZNF710,TM7SF3
gene_set_query	994	ZNF446	811.0	ARCHS4 Coexpression,1441;Enrichr Queries,206;GTEx Coexpression,786	NPEPPS,CITED2,PLEKHG5,FSCN1,DYRK1B,MAPK8IP3,NUDT14,DDOST,HINFP
gene_set_query	995	ZNF596	811.0	ARCHS4 Coexpression,1455;Enrichr Queries,87;GTEx Coexpression,891	PIGU,SEMA3C,NEGR1,BCL11A,CITED2,SORBS2,PLD6,OLFML2A,ZNF829,ZNF268,CPEB2,PDZD7,ZNF233
gene_set_query	996	ZNF254	811.3	ARCHS4 Coexpression,169;Enrichr Queries,1214;GTEx Coexpression,1051	RRAGA,PIGU,FZD3,TMED9,CXADR,GNG2,ZNF780A,UBE2Z,SRSF6,FGF13,CPEB2
gene_set_query	997	TIGD2	812.3	ARCHS4 Coexpression,624;Enrichr Queries,726;GTEx Coexpression,1087	HSD11B1,PIGU,PCNA,CITED2,BASP1,FRRS1L,KDM8,ACSL3,ATP1B1,SELENOI
gene_set_query	998	ZNF57	812.3	ARCHS4 Coexpression,896;Enrichr Queries,883;GTEx Coexpression,658	GLTP,PIGU,CXADR,PCNA,STK24,CITED2,CSNK2A2,MAD2L1BP,ATP1B1,MAPK8IP3
gene_set_query	999	ZNF584	813.5	ARCHS4 Coexpression,693;Enrichr Queries,1390;ReMap ChIP-seq,82;GTEx Coexpression,1089	CX3CR1,MOCS3,PRKCB,MATK,MAD2L1BP,ITFG1,HINFP,HSD11B1,SLC6A6,RRAGA,ZNF829,C1QTNF1,DOLPP1,PSMC2,FSCN1,SRSF6,GABRD,PDZD7
gene_set_query	1000	GTF2IRD2	814.7	ARCHS4 Coexpression,823;Enrichr Queries,838;GTEx Coexpression,783	PIGU,ZNF829,SEMA3C,YWHAB,CITED2,SORBS2,BRI3BP,PDZRN3,PDZD7,HINFP
gene_set_query	1001	RAX2	814.7	ARCHS4 Coexpression,1505;Enrichr Queries,172;GTEx Coexpression,767	ANKRD30B,CDKN2AIPNL,BCL11A,CITED2,CEP19,NNAT,RIMBP2,MATK,NUDT14,DDOST,PDZD7
gene_set_query	1002	ZBTB6	815.0	ARCHS4 Coexpression,936;Enrichr Queries,1200;GTEx Coexpression,309	MAP10,PIGU,MOCS3,CMTM6,CHAMP1,MAD2L1BP,NIPA2,UBE2Z,PGM2L1,SELENOI,SLC25A46
gene_set_query	1003	ZNF615	815.3	ARCHS4 Coexpression,611;Enrichr Queries,329;GTEx Coexpression,1506	ZNF829,PIGU,ZNF571,TMED9,BCL11A,CITED2,ZNF268,PDZD7,HINFP
gene_set_query	1004	MESP1	816.7	ARCHS4 Coexpression,889;Enrichr Queries,1151;GTEx Coexpression,410	RPS26,CHRM1,MYPOP,CDKN2AIPNL,SLITRK4,LYRM7,NNAT,BHLHE41,ZNF385B,KCNH1
gene_set_query	1005	ZNF571	818.0	ARCHS4 Coexpression,608;Enrichr Queries,540;GTEx Coexpression,1306	ZNF829,PIGU,BAG4,ARMT1,BCL11A,CITED2,NNAT,FGF13,ZNF268,CAPS2
gene_set_query	1006	ZHX2	819.3	ARCHS4 Coexpression,1286;Enrichr Queries,374;ReMap ChIP-seq,134;GTEx Coexpression,1483	PIGU,PCNA,MYPOP,RGS19,SEMA3C,SYK,BCL11A,CITED2,NANOS3,MRPL38,TALDO1,OLFML2A,ATP1B1,TMEM121,ZGLP1,BASP1,ZNF710,PDZD7
gene_set_query	1007	TFCP2	819.7	ARCHS4 Coexpression,1573;Enrichr Queries,583;GTEx Coexpression,303	MAP10,KLHL9,PIGU,CITED2,BASP1,LYRM7,FSCN1,GOPC,KIFC3,DDOST,SLC25A46
gene_set_query	1008	ZNF677	820.0	ARCHS4 Coexpression,665;Enrichr Queries,580;GTEx Coexpression,1215	ZNF829,FZD3,NEGR1,PRKCB,BCL11A,PCDHB15,UBE2Z,PDZD7
gene_set_query	1009	FOXI2	820.0	ARCHS4 Coexpression,878;Enrichr Queries,894;GTEx Coexpression,688	PTPRN2,C1QTNF1,BMPER,DGKA,SPNS2,LNX1,CELF4,SORCS3,RABGGTA,NECTIN1
gene_set_query	1010	ZSCAN26	821.0	ARCHS4 Coexpression,198;GTEx Coexpression,1444	FZD3,CXADR,GNG2,STK24,DCX,KIFAP3,ITFG1,PAFAH1B2
gene_set_query	1011	E4F1	821.5	Literature ChIP-seq,163;ARCHS4 Coexpression,1509;Enrichr Queries,1107;GTEx Coexpression,507	NUP85,CITED2,PLEKHG5,MAPK8IP3,DDOST,HINFP
gene_set_query	1012	ZNF785	821.5	ARCHS4 Coexpression,552;GTEx Coexpression,1091	ZNF829,LYRM7,MAPK8IP3,PDZD7,HINFP
gene_set_query	1013	ZNF699	821.7	ARCHS4 Coexpression,1461;Enrichr Queries,459;GTEx Coexpression,545	KLHL9,DDX18,PTPRC,SEMA3C,SLC2A13,NCR3LG1,CHAMP1,BHLHE41,FGF13,CFAP97
gene_set_query	1014	ZNF345	822.3	ARCHS4 Coexpression,836;Enrichr Queries,327;GTEx Coexpression,1304	EID2,ZNF829,PIGU,ZNF571,CXADR,BCL11A,ZNF268,PDZD7,HINFP
gene_set_query	1015	ZNF333	824.3	ARCHS4 Coexpression,275;Enrichr Queries,1278;GTEx Coexpression,920	PIGU,NEGR1,NUP85,MTX2,PLD5,FGF13,NUDT14,MAPK8IP3,PDZD7,HINFP,CDKL1
gene_set_query	1016	MSX2	825.0	ARCHS4 Coexpression,711;Enrichr Queries,772;GTEx Coexpression,992	ARMT1,TENM3,BMPER,SEMA3C,CITED2,BASP1,PLS3,CHSY3,CFAP97
gene_set_query	1017	REPIN1	825.7	ARCHS4 Coexpression,1601;Enrichr Queries,480;GTEx Coexpression,396	GON7,PIGU,CDKN2AIPNL,CITED2,MRPL38,RITA1,FSCN1,PLS3,ATP1B1,DDOST
gene_set_query	1018	TGIF2	825.8	ARCHS4 Coexpression,972;Enrichr Queries,639;ReMap ChIP-seq,255;GTEx Coexpression,1437	PIGU,PCNA,MYPOP,BCL11A,CITED2,STXBP1,MAD2L1BP,MYO1B,BAG4,C1QTNF1,FKBP1B,FSCN1,NCKAP1L,SRSF6
gene_set_query	1019	DMRTA1	826.0	ARCHS4 Coexpression,1345;Enrichr Queries,331;GTEx Coexpression,802	HSD11B1,FZD3,GJB1,BMPER,SYT1,SEMA3C,NEGR1,BCL11A,CITED2,KDM8
gene_set_query	1020	FOXC1	826.0	ARCHS4 Coexpression,1452;Enrichr Queries,755;GTEx Coexpression,271	LINC01197,SEMA3C,CITED2,OLFML3,RCAN2,PLD5,PLS3,CHSY3,ATP1B1,CFAP97
gene_set_query	1021	SETDB2	826.0	ARCHS4 Coexpression,422;Enrichr Queries,848;GTEx Coexpression,1208	PIGU,PTPRC,PRKCB,CITED2,FSCN1,NCKAP1L,AP2B1,SRSF6,HINFP
gene_set_query	1022	TCF23	826.7	ARCHS4 Coexpression,785;Enrichr Queries,1337;GTEx Coexpression,358	ZNF829,C1QTNF1,OLFML3,PCDHB15,PDZRN3,LONRF2,PDZD7,CDKL1,HINFP
gene_set_query	1023	ZNF629	826.7	ARCHS4 Coexpression,1230;Enrichr Queries,194;GTEx Coexpression,1056	SLC6A6,ZNF395,PIGU,BCL11A,PSMC2,FSCN1,CDH24,ATP1B1,SLC25A46,TBC1D16
gene_set_query	1024	SCX	827.0	ARCHS4 Coexpression,827	MYPOP,SLITRK4,CDH24
gene_set_query	1025	NFKB1	827.0	ARCHS4 Coexpression,738;Enrichr Queries,1369;ReMap ChIP-seq,284;GTEx Coexpression,917	DDX18,EHD4,BCL11A,PRKCB,NANOS3,FSCN1,CDK2AP2,CYBB,NIPA2,UBE2Z,SAMSN1
gene_set_query	1026	ZNF346	827.0	ARCHS4 Coexpression,1360;Enrichr Queries,814;GTEx Coexpression,307	GLT1D1,PIGU,ZGLP1,CITED2,CEP19,LIN7A,CCDC22,FGF13,CPEB2,DDOST,HINFP
gene_set_query	1027	PATZ1	827.0	ARCHS4 Coexpression,965;Enrichr Queries,312;GTEx Coexpression,1204	PIGU,BCL11A,CITED2,FSCN1,CDH24,SRSF6,DTX4,SSBP3,DDOST
gene_set_query	1028	MNT	827.3	ARCHS4 Coexpression,1259;Enrichr Queries,1276;ReMap ChIP-seq,163;GTEx Coexpression,611	IGSF6,RGS19,CITED2,NANOS3,CYBA,ASAP2,MAPK8IP3,SLC6A6,GLT1D1,LYRM7,FSCN1,CDH24,NUDT14,PDZD7,SLC25A46
gene_set_query	1029	ZNF700	827.7	ARCHS4 Coexpression,361;Enrichr Queries,1072;GTEx Coexpression,1050	RRAGA,PIGU,TMED9,BCL11A,CEP19,FSCN1,KIFAP3,SRSF6,ZNF268,AIF1
gene_set_query	1030	ESRRA	828.4	ARCHS4 Coexpression,1603;ENCODE ChIP-seq,112;Enrichr Queries,1115;ReMap ChIP-seq,137;GTEx Coexpression,1175	PIGU,MYPOP,SEMA3C,MAST3,NANOS3,SPNS2,MRPL38,RITA1,CYBA,ACSL3,ATP1B1,MAPK8IP3,DDOST,SLC6A6,IDH3B,FSCN1,SLC17A7,RAPGEF5,CAPS2
gene_set_query	1031	NFYA	828.6	ARCHS4 Coexpression,1554;ENCODE ChIP-seq,71;Enrichr Queries,1012;ReMap ChIP-seq,130;GTEx Coexpression,1376	GLTP,PIGU,PCNA,MAST3,CITED2,CLSTN3,YWHAB,CEBPG,SELENOI,BAG4,HENMT1,SLC17A7,NCKAP1L,LRRC8B,PDZD7,SOCS5,CADM2,NANOS3,LANCL1,RITA1,DYRK1B,DDOST,HINFP,EHD4,DOLPP1,LYRM7,CDK2AP2,DCX,SRSF6,KBTBD8,SSBP3,CDK5R2
gene_set_query	1032	ZNF550	828.7	ARCHS4 Coexpression,618;Enrichr Queries,503;GTEx Coexpression,1365	ZNF808,PIGU,ZNF571,ZNF829,TMED9,CXADR,TEX10,SRSF6,ZNF268
gene_set_query	1033	TCF24	829.0	ARCHS4 Coexpression,1330;Enrichr Queries,322;GTEx Coexpression,835	C1QTNF1,BMPER,MTX2,B3GALT2,RCAN2,IDH3B,ADCY1,SLC4A3,PDZRN3,FAM81A
gene_set_query	1034	CASZ1	830.3	ARCHS4 Coexpression,1223;Enrichr Queries,154;GTEx Coexpression,1114	GLTP,PIGU,PTPRN2,STK24,BCL11A,CITED2,DYRK1B,SORBS2,ATP1B1,PDZRN3,NECTIN1
gene_set_query	1035	EGR2	831.7	ARCHS4 Coexpression,141;Enrichr Queries,1015;GTEx Coexpression,1339	CX3CR1,IGSF6,CITED2,OLFML3,BASP1,BHLHE41,SLA,PLD4,LRRC8B,A2M,AIF1,KBTBD8
gene_set_query	1036	ZNF34	833.0	ARCHS4 Coexpression,960;Enrichr Queries,478;GTEx Coexpression,1061	LINC01197,SQLE,ZNF395,PIGU,CXADR,GNG2,CITED2,TEX10,PLD5,SORBS2
gene_set_query	1037	ZBTB43	834.3	ARCHS4 Coexpression,1043;Enrichr Queries,506;GTEx Coexpression,954	SLC6A6,PIGU,ZNF829,CITED2,PSMC2,AP2B1,ATP1B1,CPEB2,PTPN3
gene_set_query	1038	MYOD1	835.0	ARCHS4 Coexpression,1170;ENCODE ChIP-seq,17;Enrichr Queries,1400;ReMap ChIP-seq,35;GTEx Coexpression,1553	GLTP,MCTP1,CITED2,CLSTN3,YWHAB,DGKA,KDM8,MRPL38,BHLHE41,OLFML2A,SLC4A3,UBE2Z,NPEPPS,AMMECR1L,FAM174A,SAMD12,NUDT14,KCNH1,TMED9,PRKCB,EIF1AX,NANOS3,PLEKHG5,VPS33A,SPNS2,LANCL1,TALDO1,DYRK1B,ACSL3,RABGGTA,PGM2L1,DDOST,CDC42EP2,FSCN1,KIFC3,SRSF6,PDZRN3,ZNF395,SEMA3C,PLD6,ASAP2,NUP85,CHN1,LRRC8B,PDZD7,TBC1D16,FZD3,ATP2B1,HINFP,EHD4,LYRM4,CDK2AP2,CPEB2,SSBP3,CDK5R2,PTPN3
gene_set_query	1039	ZNF432	835.3	ARCHS4 Coexpression,660;Enrichr Queries,489;GTEx Coexpression,1357	PIGU,ZNF571,ZNF829,CITED2,KIAA1324,ATP2B1,FGF13,ZNF268,PDZD7,HINFP
gene_set_query	1040	ZNF672	835.7	ARCHS4 Coexpression,508;Enrichr Queries,1035;GTEx Coexpression,964	RGS19,SYK,CITED2,CHMP1A,MRPL38,FSCN1,TALDO1,CYBA,CCDC22,DDOST
gene_set_query	1041	ZNF691	836.0	ARCHS4 Coexpression,1251;Enrichr Queries,145;GTEx Coexpression,1112	PIGU,CXADR,BCL11A,CITED2,OLFML3,KDM8,FSCN1,ZNF780A,ATP1B1,SSBP3,DDOST
gene_set_query	1042	ZNF599	836.3	ARCHS4 Coexpression,973;Enrichr Queries,561;GTEx Coexpression,975	ZNF829,PIGU,ZNF571,PTPRN2,GNAL,GNG2,ASAP2,PDZD7,HINFP
gene_set_query	1043	TBX10	836.3	ARCHS4 Coexpression,1220;Enrichr Queries,279;GTEx Coexpression,1010	ACY3,PTPRN2,C1QTNF1,GJB1,BCL11A,DOLPP1,CDK2AP2,PDZRN3
gene_set_query	1044	VEZF1	838.0	ARCHS4 Coexpression,1024;Enrichr Queries,597;GTEx Coexpression,893	KLHL9,PIGU,FZD3,CITED2,PAK6,UFSP2,CYBA,ATP1B1,SRSF6,PDZRN3,DDOST
gene_set_query	1045	ZNF557	838.3	ARCHS4 Coexpression,819;Enrichr Queries,1288;GTEx Coexpression,408	PIGU,ZNF829,MOCS3,BCL11A,CHAMP1,MAD2L1BP,NIPA2,ZNF780A,PDZD7,HINFP
gene_set_query	1046	ZBTB21	838.5	ARCHS4 Coexpression,1105;GTEx Coexpression,572	DDX18,ZNF571,AMMECR1L,NCR3LG1,CEBPG,CFAP97
gene_set_query	1047	HES4	839.0	ARCHS4 Coexpression,1381;Enrichr Queries,868;GTEx Coexpression,268	LINC01197,C1QTNF1,CITED2,BASP1,RCAN2,FSCN1,PLS3,CDH24,SORBS2,CHSY3
gene_set_query	1048	ONECUT3	840.0	ARCHS4 Coexpression,454;Enrichr Queries,660;GTEx Coexpression,1406	ZNF829,PTPRN2,HENMT1,LYRM4,BCL11A,CELF4,PLD5,CDK5R2,PDZD7,HINFP
gene_set_query	1049	ZNF787	840.3	ARCHS4 Coexpression,998;Enrichr Queries,1196;GTEx Coexpression,327	GLT1D1,IGSF6,RGS19,FSCN1,MAD2L1BP,ARHGEF18,CYBA,CCDC22,DDOST
gene_set_query	1050	TCF20	841.0	ARCHS4 Coexpression,1471;Enrichr Queries,817;GTEx Coexpression,235	GLTP,SQLE,SLC6A6,PIGU,STK24,BCL11A,STRBP,DGKA,CSNK2A2,ATP2B1,AP2B1,NECTIN1
gene_set_query	1051	SHOX2	843.0	ARCHS4 Coexpression,1514;Enrichr Queries,632;GTEx Coexpression,383	LINC01197,BMPER,SEMA3C,BCL11A,BASP1,GOPC,CHSY3,CFAP97,SOCS5
gene_set_query	1052	ZNF850	843.5	ARCHS4 Coexpression,595;GTEx Coexpression,1092	DDX18,ZNF829,LYRM4,CHAMP1,PDZD7,HINFP
gene_set_query	1053	CRX	843.5	Literature ChIP-seq,128;ARCHS4 Coexpression,778;Enrichr Queries,1331;GTEx Coexpression,1137	KDM8,GRIK1,CWC15,HINFP,HSD11B1,ZNF829,C1QTNF1,CDKN2AIPNL,LYRM7,CHSY3,PDZD7,SLC25A46,KCNH1
gene_set_query	1054	ZNF589	843.5	ARCHS4 Coexpression,1178;Enrichr Queries,963;ReMap ChIP-seq,80;GTEx Coexpression,1153	CX3CR1,CXADR,SYK,PRKCB,BCL11A,STRBP,ARHGEF18,MAD2L1BP,AP2B1,HSD11B1,RPS26,SLC6A6,MYO1B,C1QTNF1,DOLPP1,KIAA1324,LRRC8B,LONRF2
gene_set_query	1055	MECOM	843.7	Literature ChIP-seq,49;ARCHS4 Coexpression,1246;GTEx Coexpression,1236	IGSF6,CLSTN3,DGKA,SLA,SAMSN1,GNG2,KIAA1324,NCKAP1L,CCDC77,SAMD12,SYK,SPNS2,TALDO1,CYBA,ATP2B1,BRI3BP,PGM2L1,INPP4A,SLC6A6,RRAGA,PTPRC,UBLCP1,FKBP1B,PSMC2,CDC42EP2,KIFC3,CPEB2,PAFAH1B2,TNFRSF21,CAPS2
gene_set_query	1056	TCFL5	844.0	ARCHS4 Coexpression,1039;Enrichr Queries,306;GTEx Coexpression,1187	HAGLR,SQLE,HENMT1,CITED2,BASP1,MTX2,FSCN1,ATP1B1,TNFRSF21,TBC1D16
gene_set_query	1057	ZNF45	844.3	ARCHS4 Coexpression,1398;Enrichr Queries,666;GTEx Coexpression,469	KLHL9,DDX18,PIGU,ZNF571,PCNA,CHAMP1,NIPA2,ZNF780A,ZNF268
gene_set_query	1058	GLI2	844.3	ARCHS4 Coexpression,677;Enrichr Queries,1329;GTEx Coexpression,527	LINC01197,TENM3,SEMA3C,OLFML3,FSCN1,CDH24,DTX4,PDZRN3
gene_set_query	1059	MEF2D	845.0	ARCHS4 Coexpression,631;Enrichr Queries,574;GTEx Coexpression,1330	SLC6A6,PIGU,CITED2,CLSTN3,FSCN1,ARHGEF18,UFSP2,ZNF710,ATP1B1,MAPK8IP3
gene_set_query	1060	TP73	847.3	ARCHS4 Coexpression,1190;Enrichr Queries,948;GTEx Coexpression,404	GLTP,SQLE,PTPRN2,PCNA,BCL11A,PLEKHG5,CDH24,SELENOI,NECTIN1
gene_set_query	1061	ZNF100	847.3	ARCHS4 Coexpression,174;Enrichr Queries,1333;GTEx Coexpression,1035	ZNF829,PIGU,TMED9,LYRM7,CCDC77,ZNF268,PDZD7,HINFP,CDKL1
gene_set_query	1062	ZNF256	848.0	ARCHS4 Coexpression,1304;Enrichr Queries,129;GTEx Coexpression,1111	ZNF829,PIGU,ZNF571,BAG4,PTPRN2,CXADR,BCL11A,CITED2,BASP1,TEX10,ATP1B1
gene_set_query	1063	ZNF335	848.3	ARCHS4 Coexpression,828;Enrichr Queries,1294;ReMap ChIP-seq,297;GTEx Coexpression,974	NUP85,CITED2,ARHGEF18,CYBA,MAPK8IP3,HINFP
gene_set_query	1064	HOXD3	848.3	ARCHS4 Coexpression,621;Enrichr Queries,1161;GTEx Coexpression,763	AMMECR1L,C1QTNF1,OLFML3,DCX,CDH24,PDZRN3,CDKL1,TBC1D16
gene_set_query	1065	POU1F1	848.7	ARCHS4 Coexpression,558;Enrichr Queries,1185;GTEx Coexpression,803	MAP10,KRT222,C1QTNF1,OLFML3,B3GALT2,TEX10,NNAT,RIMBP2,NUDT14
gene_set_query	1066	ZNF619	848.7	ARCHS4 Coexpression,632;Enrichr Queries,1013;GTEx Coexpression,901	MAP10,PIGU,ZNF829,CITED2,LYRM7,CHAMP1,NIPA2,OLFML2A,PDZD7,HINFP
gene_set_query	1067	ZNF343	849.3	ARCHS4 Coexpression,717;Enrichr Queries,382;GTEx Coexpression,1449	ZNF395,PIGU,ZNF829,PTPRN2,LSM11,SEMA3C,LYRM7,PHACTR1,KIFC3,ZNF268,HINFP
gene_set_query	1068	CHAMP1	851.0	ARCHS4 Coexpression,1280;GTEx Coexpression,422	MAP10,KLHL9,DDX18,MOCS3,PCNA,FSCN1,NIPA2
gene_set_query	1069	GLYR1	851.3	ARCHS4 Coexpression,1327;ReMap ChIP-seq,83;GTEx Coexpression,1144	DDX18,MOCS3,VPS33A,CSNK2A2,ADK,AP2B1,UBE2Z,RRAGA,LSM11,NUP85,PSMC2,PAK6,PDZRN3
gene_set_query	1070	KLF1	851.4	Literature ChIP-seq,37;ARCHS4 Coexpression,1225;Enrichr Queries,1292;ReMap ChIP-seq,288;GTEx Coexpression,1415	GLTP,ZNF395,RGS19,PCNA,CITED2,YWHAB,CELF4,CHAMP1,PAK6,KRT222,SYT1,ATRNL1,NANOS3,STRBP,SLC2A13,CSNK2A2,TALDO1,KLHL4,MAPK8IP3,HINFP,RPIA,PEX5L,ZGLP1,RGS10,CDC42EP2,TNFRSF21
gene_set_query	1071	TCF7L1	851.7	ARCHS4 Coexpression,1565;Enrichr Queries,482;GTEx Coexpression,508	LINC01197,PIGU,BCL11A,CITED2,OLFML3,FSCN1,PLS3,BRI3BP,PDZRN3
gene_set_query	1072	ZNF93	853.0	ARCHS4 Coexpression,588;Enrichr Queries,1063;GTEx Coexpression,908	PIGU,BAG4,PCNA,CXADR,BCL11A,PNOC,NIPA2,SRSF6,TNFRSF21,PAFAH1B2
gene_set_query	1073	MXD1	853.3	ARCHS4 Coexpression,416;Enrichr Queries,1250;GTEx Coexpression,894	SLC6A6,GLT1D1,PTPRC,IGSF6,RGS19,CITED2,BASP1,SLA,SAMSN1
gene_set_query	1074	E2F7	853.8	Literature ChIP-seq,108;ARCHS4 Coexpression,1344;Enrichr Queries,1347;ReMap ChIP-seq,123;GTEx Coexpression,1347	PCNA,MOCS3,NEGR1,CITED2,OLFML3,NANOS3,FSCN1,MAD2L1BP,PLD4,CPEB2
gene_set_query	1075	ZNF558	854.0	ARCHS4 Coexpression,879;Enrichr Queries,314;GTEx Coexpression,1369	ZNF395,PIGU,ZNF829,MCTP1,NEGR1,BCL11A,CITED2,SRSF6,PDZD7,HINFP
gene_set_query	1076	THAP6	854.0	ARCHS4 Coexpression,630;Enrichr Queries,761;GTEx Coexpression,1171	PIGU,ZNF829,MOCS3,CITED2,UFSP2,GOPC,DDOST,PDZD7,RAB33B,HINFP
gene_set_query	1077	CDX4	855.0	ARCHS4 Coexpression,463;Enrichr Queries,1169;GTEx Coexpression,933	GLTP,CXADR,C1QTNF1,ARMT1,BCL11A,PSMC2,PLS3,KLHL4,FGF13
gene_set_query	1078	ZNF565	855.3	ARCHS4 Coexpression,1591;Enrichr Queries,115;GTEx Coexpression,860	ZNF829,PIGU,ZNF571,MOCS3,PTPRN2,SEMA3C,CITED2,ADK,CWC15,CPEB2,DDOST
gene_set_query	1079	GPBP1	855.5	ARCHS4 Coexpression,625;GTEx Coexpression,1086	TMED9,BAG4,CXADR,HENMT1,PLD6,SRSF6
gene_set_query	1080	HOXA2	855.5	Literature ChIP-seq,162;ARCHS4 Coexpression,1127;Enrichr Queries,921;GTEx Coexpression,1212	SEMA3C,BCL11A,OLFML3,CDH24,DTX4,PDZRN3
gene_set_query	1081	ZNF852	856.0	ARCHS4 Coexpression,1035;GTEx Coexpression,677	DDX18,ZNF808,FZD3,FSCN1,NIPA2,ZNF780A
gene_set_query	1082	HOXB5	856.0	ARCHS4 Coexpression,626;Enrichr Queries,457;GTEx Coexpression,1485	SEMA3C,CITED2,OLFML3,NNAT,FSCN1,DCX,CDH24,AP2B1,ATP1B1
gene_set_query	1083	HOXA9	856.5	ARCHS4 Coexpression,784;Enrichr Queries,1153;ReMap ChIP-seq,57;GTEx Coexpression,1432	ZNF395,FZD3,ACY3,CXADR,ARMT1,IGSF6,SYK,BCL11A,KDM8,TM7SF3,AIF1,GNG2,STK24,BASP1,CPEB2,FAM81A,SFT2D1,PAFAH1B2
gene_set_query	1084	NFX1	857.3	ARCHS4 Coexpression,607;Enrichr Queries,1112;GTEx Coexpression,853	PIGU,NEGR1,TEX10,STRBP,PSMC2,ZNF780A,SRSF6,FGF13,PTPN3,CAPS2
gene_set_query	1085	PAX3	858.0	ARCHS4 Coexpression,204;Enrichr Queries,1197;GTEx Coexpression,1173	SQLE,FZD3,TENM3,GNG2,BCL11A,BASP1,PSMC2,DTX4,PDZRN3,SLC25A46,TBC1D16
gene_set_query	1086	TBX5	858.5	Literature ChIP-seq,116;ARCHS4 Coexpression,1053;Enrichr Queries,1222;GTEx Coexpression,1043	CITED2,CEBPG,SLC4A3,TMEM121,C1QTNF1,BMPER,B3GALT2,FAM174A,LRRC8B,KIFAP3,DDX18,PTPRN2,ATRNL1,MTX2,VPS33A,PLEKHG5,SORBS2,CWC15,MAPK8IP3,ITFG1,DDOST,TSPAN13,VSNL1,RCAN2,GOPC,SSBP3
gene_set_query	1087	FOXH1	858.7	ARCHS4 Coexpression,492;Enrichr Queries,1070;GTEx Coexpression,1014	GAP43,BCL11A,CITED2,DOLPP1,STRBP,SLITRK4,FSCN1,CELF4,BRI3BP,SSBP3
gene_set_query	1088	FOXO4	859.3	ARCHS4 Coexpression,1134;Enrichr Queries,706;GTEx Coexpression,738	GRM3,SLC6A6,PEX5L,PIGU,GLT1D1,CITED2,RTF2,ATP1B1,DDOST
gene_set_query	1089	FOXD1	859.5	ARCHS4 Coexpression,1334;GTEx Coexpression,385	KLHL9,TENM3,CITED2,CHAMP1,FSCN1,GOPC
gene_set_query	1090	DBX2	860.0	ARCHS4 Coexpression,1299;Enrichr Queries,747;GTEx Coexpression,534	GRM3,DLG2,CADM2,NANOS3,CDH22,NNAT,GRIK1,SORCS3
gene_set_query	1091	SP140L	860.0	ARCHS4 Coexpression,1290;GTEx Coexpression,430	PTPRC,SYK,CYBB,NCKAP1L,CYBA,AP2B1
gene_set_query	1092	PRDM14	860.4	Literature ChIP-seq,153;ARCHS4 Coexpression,1365;Enrichr Queries,1323;ReMap ChIP-seq,139;GTEx Coexpression,1322	ACY3,CHRM1,RGS19,CLSTN3,MRPL38,ASAP2,SLC4A3,OLFML2A,NPEPPS,HENMT1,PLS3,GABRD,LONRF2,GPR158,HAGLR,CXADR,BCL11A,PLEKHG5,NIPA2,ATP1B1,RABGGTA,INPP4A,SLC6A6,CDK2AP2,FSCN1,TNFRSF21,NECTIN1,PTPN3
gene_set_query	1093	SON	861.5	ARCHS4 Coexpression,1446;GTEx Coexpression,277	DDX18,MYPOP,FKBP1B,MATK,TALDO1,FSD1,SRSF6
gene_set_query	1094	ZNF280D	863.0	ARCHS4 Coexpression,387;Enrichr Queries,978;GTEx Coexpression,1224	PIGU,TMED9,NEGR1,BCL11A,CITED2,MAD2L1BP,ZNF780A,FGF13,CAPS2
gene_set_query	1095	MZF1	863.0	ARCHS4 Coexpression,1357;Enrichr Queries,714;GTEx Coexpression,518	ZGLP1,BCL11A,CITED2,SRSF6,MAPK8IP3,DDOST,HINFP
gene_set_query	1096	TBX3	864.0	Literature ChIP-seq,148;ARCHS4 Coexpression,1598;Enrichr Queries,999;GTEx Coexpression,711	SEMA3C,NEGR1,CITED2,PRKCB,MTX2,ADK,KLHL4,MYO1B,C1QTNF1,FSCN1,SRSF6,BORCS7,KCNH1,PTPN3
gene_set_query	1097	SNAPC5	865.5	ARCHS4 Coexpression,975;GTEx Coexpression,756	EID2,CDKN2AIPNL,LYRM7,PSMC2,CDK2AP2,CWC15
gene_set_query	1098	ZNF136	866.3	ARCHS4 Coexpression,1431;Enrichr Queries,435;GTEx Coexpression,733	DDX18,ZNF808,ZNF829,PIGU,ZNF571,CFAP97,NUDT14,ZNF268,PGM2L1
gene_set_query	1099	ZNF485	866.7	ARCHS4 Coexpression,659;Enrichr Queries,919;GTEx Coexpression,1022	MAP10,ZNF808,BCL11A,CITED2,CEP19,LYRM7,CHAMP1,PLD6,MAPK8IP3
gene_set_query	1100	GMEB1	866.7	ARCHS4 Coexpression,645;Enrichr Queries,1259;GTEx Coexpression,696	RPIA,PIGU,ZNF829,RGS19,LYRM4,LYRM7,MAD2L1BP,CCDC22,DDOST,HINFP
gene_set_query	1101	SOX17	867.3	Literature ChIP-seq,139;ARCHS4 Coexpression,786;Enrichr Queries,1010;GTEx Coexpression,1534	ARMT1,CITED2,NANOS3,VPS33A,ADK,PLD5,SLA,AP2B1,ATP1B1,RPS26,SQLE,MYO1B,BMPER,SV2B,OLFML3,FSCN1,PLS3,KIFC3,SSBP3,PDZD7,TNFRSF21
gene_set_query	1102	SNAPC2	868.5	ARCHS4 Coexpression,700;GTEx Coexpression,1037	TMED9,LSM11,CHMP1A,MRPL38,FSCN1,PDZRN3
gene_set_query	1103	ZNF562	870.3	ARCHS4 Coexpression,410;Enrichr Queries,1093;GTEx Coexpression,1108	DDX18,PIGU,NEGR1,CITED2,DGKA,ZNF780A,FGF13,RABGGTA,CAPS2,HINFP
gene_set_query	1104	NEUROG1	871.7	ARCHS4 Coexpression,451;Enrichr Queries,877;GTEx Coexpression,1287	BASP1,CDH22,MRPL38,CELF4,FSCN1,CDH24,SSBP3,CDK5R2,TBC1D16
gene_set_query	1105	ZNF207	872.0	ARCHS4 Coexpression,1389;Enrichr Queries,846;ReMap ChIP-seq,247;GTEx Coexpression,1006	GLT1D1,PCNA,RGS19,NUP85,MAST3,YWHAB,NANOS3,SRSF6,AIF1,DDOST
gene_set_query	1106	CEBPG	872.3	ARCHS4 Coexpression,741;Enrichr Queries,1157;ReMap ChIP-seq,193;GTEx Coexpression,1398	CX3CR1,MOCS3,PCNA,CITED2,KDM8,CEBPG,MAD2L1BP,AP2B1,SQLE,DLG2,DOLPP1,KIFC3,KBTBD8,PTPN3
gene_set_query	1107	ZNF664	872.7	ARCHS4 Coexpression,1373;Enrichr Queries,858;GTEx Coexpression,387	PEX5L,CITED2,LANCL1,BHLHE41,ATP2B1,AP2B1,RAPGEF5,ATP1B1,PAFAH1B2,DDOST
gene_set_query	1108	TIGD4	872.7	ARCHS4 Coexpression,350;Enrichr Queries,662;GTEx Coexpression,1606	GABBR2,FZD3,PTPRC,MCTP1,CXADR,B3GALT2,CYBA,UFSP2,SRSF6
gene_set_query	1109	ZNF789	873.0	ARCHS4 Coexpression,649;Enrichr Queries,983;GTEx Coexpression,987	PIGU,ZNF829,CITED2,LYRM7,MAPK8IP3,DDOST,PDZD7,HINFP
gene_set_query	1110	ZBTB40	873.3	ARCHS4 Coexpression,1215;Enrichr Queries,743;GTEx Coexpression,662	BAG4,PIGU,MYO1B,CADM2,CITED2,ARHGEF18,SRSF6,MAPK8IP3,DDOST
gene_set_query	1111	ATF5	874.7	ARCHS4 Coexpression,1013;Enrichr Queries,501;GTEx Coexpression,1110	HSD11B1,SQLE,GJB1,CITED2,BASP1,KDM8,FSCN1,ATP1B1,UBE2Z
gene_set_query	1112	GLI1	875.5	Literature ChIP-seq,117;ARCHS4 Coexpression,1197;Enrichr Queries,940;GTEx Coexpression,1248	SLC6A6,GLT1D1,C1QTNF1,ANKRD30B,BCL11A,OLFML3,GOPC
gene_set_query	1113	MXD3	876.3	ARCHS4 Coexpression,1007;Enrichr Queries,1371;GTEx Coexpression,251	RPS26,GLT1D1,IGSF6,RGS19,PCNA,SYK,TALDO1,SLA,CYBA
gene_set_query	1114	ALX1	878.0	ARCHS4 Coexpression,917;Enrichr Queries,1149;GTEx Coexpression,568	SYT1,SEMA3C,CITED2,OLFML3,PSMC2,CDK2AP2,GOPC,PHACTR1,UBE2Z
gene_set_query	1115	NFE2L1	878.5	ARCHS4 Coexpression,1154;Enrichr Queries,987;ReMap ChIP-seq,81;GTEx Coexpression,1292	MAP10,CX3CR1,PRKCB,CITED2,KLHL4,AP2B1,ATP1B1,UBE2Z,DDOST,CORT,PSMC2,FKBP1B,LYRM7,PART1,BORCS7,CDK5R2
gene_set_query	1116	ZNF696	879.0	ARCHS4 Coexpression,1489;Enrichr Queries,855;GTEx Coexpression,293	MAP10,KLHL9,EID2,PIGU,FZD3,KBTBD6,CITED2,CHAMP1,RITA1,FSCN1,DDOST
gene_set_query	1117	ZNF76	879.7	ARCHS4 Coexpression,891;Enrichr Queries,549;GTEx Coexpression,1199	PIGU,CITED2,EIF1AX,FSCN1,DYRK1B,SRSF6,SSBP3,MAPK8IP3,DDOST
gene_set_query	1118	PRDM2	879.7	ARCHS4 Coexpression,486;Enrichr Queries,1074;GTEx Coexpression,1079	MIR600HG,TMED9,PIGU,PTPRC,SYK,PRKCB,NCKAP1L,ATP2B1,DDOST
gene_set_query	1119	ZBED2	880.0	ARCHS4 Coexpression,467;Enrichr Queries,689;GTEx Coexpression,1484	SQLE,ZNF395,EHD4,PTPRC,VSNL1,SEMA3C,SLA,SAMSN1,TNFRSF21
gene_set_query	1120	ZNF692	880.7	ARCHS4 Coexpression,1384;Enrichr Queries,526;GTEx Coexpression,732	PIGU,ZGLP1,CITED2,FSCN1,MAPK8IP3,DDOST,HINFP
gene_set_query	1121	ZBTB20	881.3	ARCHS4 Coexpression,95;Enrichr Queries,949;GTEx Coexpression,1600	PIGU,TMED9,NEGR1,SLITRK4,PLD5,CELF4,SORBS2,ATP1B1,SAMD12,PDZD7,ANKS1B,CDKL1
gene_set_query	1122	SRY	881.8	Literature ChIP-seq,90;ARCHS4 Coexpression,1444;Enrichr Queries,1144;GTEx Coexpression,849	GLTP,PIGU,ACY3,CITED2,BHLHE41,UBE2Z,DTX4,TMEM121,AFF2,GLT1D1,C1QTNF1,CDH22,NNAT,GABRD,GPR158,RGS6,FZD3,PRKCB,BCL11A,CADM2,VPS33A,PLEKHG5,CSNK2A2,TALDO1,CYBA,ATP1B1,MAPK8IP3,BRI3BP,RABGGTA,LYRM4,CDKN2AIPNL,RCAN2,PNOC,LYRM7,CDC42EP2,FSCN1,FGF13,SFT2D1,SSBP3,NECTIN1
gene_set_query	1123	ZSCAN31	883.5	ARCHS4 Coexpression,644;GTEx Coexpression,1123	ZNF829,KIAA1324,ARHGEF18,CYBA,ZNF233,PTPN3
gene_set_query	1124	ESRRB	884.3	Literature ChIP-seq,19;ARCHS4 Coexpression,995;Enrichr Queries,1162;GTEx Coexpression,1361	YWHAB,MRPL38,CELF4,PLD5,BASP1,SLITRK4,IDH3B,PHACTR1,GABRD,PDZD7,SLC25A46,SOCS5,SLC6A17,GPR12,BCL11A,CADM2,ATRNL1,MTX2,STRBP,MATK,ATP2B1,ATP1B1,MAPK8IP3,BRI3BP,RAB33B,KLHL9,LYRM4,LYRM7,FSCN1,PAFAH1B2,PTPN3
gene_set_query	1125	ZNF778	884.3	ARCHS4 Coexpression,544;Enrichr Queries,1042;GTEx Coexpression,1067	SLC6A6,ZNF829,MOCS3,CITED2,PSMC2,FSCN1,PDZD7,HINFP,CDKL1
gene_set_query	1126	TSHZ2	884.7	ARCHS4 Coexpression,444;Enrichr Queries,972;GTEx Coexpression,1238	SEMA3C,NEGR1,CELF4,SORBS2,FGF13,PDZRN3,PGM2L1,DDOST
gene_set_query	1127	JRKL	886.3	ARCHS4 Coexpression,1556;Enrichr Queries,839;GTEx Coexpression,264	KLHL9,ZNF829,MOCS3,STK24,BCL11A,CITED2,GOPC,ASAP2,CFAP97
gene_set_query	1128	BARX1	887.3	ARCHS4 Coexpression,1325;Enrichr Queries,603;GTEx Coexpression,734	C1QTNF1,BMPER,BCL11A,BASP1,FSCN1,PDZRN3,TNFRSF21,CDK5R2
gene_set_query	1129	ZNF280C	887.3	ARCHS4 Coexpression,559;Enrichr Queries,1366;GTEx Coexpression,737	ZNF829,PIGU,FZD3,TMED9,CXADR,TEX10,CYBA,CFAP97
gene_set_query	1130	ZNF202	887.3	ARCHS4 Coexpression,1172;Enrichr Queries,924;GTEx Coexpression,566	DDX18,PIGU,AMMECR1L,PCNA,NUP85,BCL11A,TEX10,SRSF6,TNFRSF21
gene_set_query	1131	ZHX1	888.3	ARCHS4 Coexpression,923;Enrichr Queries,1056;ReMap ChIP-seq,283;GTEx Coexpression,1291	PIGU,SEMA3C,CITED2,STXBP1,NANOS3,LNX1,CDC42EP2,CDK2AP2,TALDO1,CYBA,PDZD7,SLC25A46
gene_set_query	1132	TLX2	888.3	ARCHS4 Coexpression,524;Enrichr Queries,1124;GTEx Coexpression,1017	MYO1B,C1QTNF1,FSCN1,ARHGEF18,CDH24,GRIK1,FSD1,CDK5R2,TBC1D16
gene_set_query	1133	ZNF75A	889.3	ARCHS4 Coexpression,1408;Enrichr Queries,473;GTEx Coexpression,787	ZGLP1,BCL11A,CITED2,SRSF6,ZNF268,MAPK8IP3,CPEB2,CDKL1
gene_set_query	1134	ZNF395	890.7	ARCHS4 Coexpression,1347;Enrichr Queries,348;GTEx Coexpression,977	SLC6A6,PIGU,KBTBD6,STK24,CITED2,PSMC2,FSCN1,ATP1B1,TNFRSF21
gene_set_query	1135	NR2C2	891.4	ARCHS4 Coexpression,1419;ENCODE ChIP-seq,72;Enrichr Queries,1372;ReMap ChIP-seq,108;GTEx Coexpression,1486	PIGU,PCNA,DGKA,KDM8,MAD2L1BP,AP2B1,CWC15,MAPK8IP3,DDOST,SELENOI,RPS26,ZGLP1,PSMC2,CCDC77,SRSF6
gene_set_query	1136	FOXK1	891.5	ARCHS4 Coexpression,1512;Enrichr Queries,1105;ReMap ChIP-seq,33;GTEx Coexpression,916	DDX18,ZNF395,ZNF571,PIGU,ARMT1,MOCS3,CITED2,VPS33A,TALDO1,DYRK1B,MAPK8IP3,SQLE,ZNF829,RIMBP2,IDH3B,FSCN1,CCDC77,SFT2D1,ZNF268,ZNF233,NECTIN1
gene_set_query	1137	LEUTX	891.7	ARCHS4 Coexpression,1380;Enrichr Queries,484;GTEx Coexpression,811	PCNA,C1QTNF1,BMPER,BCL11A,PNOC,BHLHE41,PAK6,MAD2L1BP,NIPA2
gene_set_query	1138	FOXD3	891.7	ARCHS4 Coexpression,947;Enrichr Queries,1131;GTEx Coexpression,597	MIR4500HG,PCNA,NEGR1,VSNL1,BCL11A,LRRC8B,OLFML2A,TBC1D16
gene_set_query	1139	CDX2	891.8	Literature ChIP-seq,58;ARCHS4 Coexpression,1558;Enrichr Queries,1325;ReMap ChIP-seq,58;GTEx Coexpression,1460	CXADR,PTPRN2,SEMA3C,CITED2,BCL11A,NANOS3,KDM8,PLD5,ARHGEF18,ASAP2,ATP1B1,RPS26,MYO1B,EHD4,TSPAN13,NNAT,KIAA1324,PHACTR1,RAPGEF5,NECTIN1,TBC1D16
gene_set_query	1140	IRF7	892.7	ARCHS4 Coexpression,934;Enrichr Queries,1047;GTEx Coexpression,697	GLT1D1,RGS19,PTPRC,SYK,CYBB,NCKAP1L,CYBA
gene_set_query	1141	RORA	892.7	ARCHS4 Coexpression,593;Enrichr Queries,717;GTEx Coexpression,1368	GLTP,PIGU,PTPRC,PRKCB,BCL11A,CITED2,DGKA,SLA
gene_set_query	1142	ZNF684	895.3	ARCHS4 Coexpression,616;Enrichr Queries,1025;GTEx Coexpression,1045	HSD11B1,PIGU,ZNF829,KDM8,BHLHE41,AP2B1,DDOST,PDZD7,HINFP
gene_set_query	1143	FOXB2	895.3	ARCHS4 Coexpression,1524;Enrichr Queries,1119;GTEx Coexpression,43	ZCCHC12,PTPRN2,CLSTN3,BCL11A,PTPRO,GRIK1,SORCS3,PGM2L1,GAP43,KBTBD6,GNG2,SST,DCX,KIFAP3
gene_set_query	1144	TBX4	896.3	ARCHS4 Coexpression,1242;Enrichr Queries,642;GTEx Coexpression,805	MYO1B,ZNF829,PTPRN2,C1QTNF1,BMPER,BCL11A,A2M,HINFP
gene_set_query	1145	CDC5L	896.3	ARCHS4 Coexpression,1068;Enrichr Queries,495;GTEx Coexpression,1126	DDX18,PCNA,YWHAB,PSMC2,UFSP2,CYBA,SRSF6,CDKL1
gene_set_query	1146	ZNF486	896.3	ARCHS4 Coexpression,898;Enrichr Queries,401;GTEx Coexpression,1390	ZNF808,ZNF829,CDKN2AIPNL,CITED2,BASP1,CEP19,TNFRSF21,PDZD7,HINFP
gene_set_query	1147	HOXB2	896.7	ARCHS4 Coexpression,1560;Enrichr Queries,465;GTEx Coexpression,665	LSM11,SEMA3C,CITED2,OLFML3,BASP1,SAMD12,ATP1B1,PDZRN3
gene_set_query	1148	FOXL1	896.7	ARCHS4 Coexpression,1624;Enrichr Queries,534;GTEx Coexpression,532	C1QTNF1,BMPER,SEMA3C,BCL11A,RCAN2,FSCN1,PLS3,CHSY3,CFAP97
gene_set_query	1149	MKX	897.0	ARCHS4 Coexpression,796;Enrichr Queries,943;GTEx Coexpression,952	BMPER,SEMA3C,NEGR1,CITED2,CFAP97,PDZRN3,SOCS5
gene_set_query	1150	ZNF16	897.3	ARCHS4 Coexpression,1288;Enrichr Queries,282;GTEx Coexpression,1122	SQLE,PIGU,ZNF829,BCL11A,CITED2,UFSP2,SRSF6,ZNF268,PDZD7,PTPN3
gene_set_query	1151	HIF3A	897.3	ARCHS4 Coexpression,993;Enrichr Queries,688;GTEx Coexpression,1011	PIGU,LSM11,PRKCB,BCL11A,SLITRK4,PLD5,SORBS2,PDZRN3,PDZD7
gene_set_query	1152	ZNF318	897.5	ARCHS4 Coexpression,1516;Enrichr Queries,1111;ReMap ChIP-seq,194;GTEx Coexpression,769	PIGU,PCNA,BCL11A,STRBP,MAD2L1BP,AP2B1,ATP1B1,AIF1,ITFG1,RPS26,SLC6A6,PNOC,SSBP3
gene_set_query	1153	ZNF398	899.3	ARCHS4 Coexpression,1467;Enrichr Queries,370;GTEx Coexpression,861	SLC6A6,PIGU,MOCS3,BCL11A,CITED2,VPS33A,STRBP,CSNK2A2,ADCY1,FGF13
gene_set_query	1154	NKX21	899.5	ARCHS4 Coexpression,289;GTEx Coexpression,1510	ZCCHC12,CXADR,TSPAN13,PLS3,ZNF385B,AFF2
gene_set_query	1155	ZNF714	901.3	ARCHS4 Coexpression,229;Enrichr Queries,1398;GTEx Coexpression,1077	ZNF829,TMED9,PCNA,CXADR,LYRM4,NCR3LG1,UBE2Z,FGF13
gene_set_query	1156	FOXR2	901.7	ARCHS4 Coexpression,1143;Enrichr Queries,243;GTEx Coexpression,1319	C1QTNF1,HENMT1,ANKRD30B,BASP1,DCX,GRIK1,SORBS2,A2M,DDOST
gene_set_query	1157	ZSCAN5A	902.3	ARCHS4 Coexpression,846;Enrichr Queries,302;GTEx Coexpression,1559	SQLE,SEMA3C,LYRM4,BCL11A,CITED2,BASP1,SORBS2,PDZD7,HINFP
gene_set_query	1158	POU5F2	902.5	ARCHS4 Coexpression,273;GTEx Coexpression,1532	ZNF829,ZNF780A,FGF13,PDZD7,CAPS2,HINFP
gene_set_query	1159	ARGFX	902.7	ARCHS4 Coexpression,1341;Enrichr Queries,569;GTEx Coexpression,798	CDKN2AIPNL,VSNL1,SYT1,SV2B,HENMT1,MTX2,LYRM7,SAMD12,OLFML2A
gene_set_query	1160	ZNF792	903.0	ARCHS4 Coexpression,661;Enrichr Queries,1000;GTEx Coexpression,1048	EHD4,DLG2,PTPRC,BCL11A,CITED2,PRKCB,RGS10,GOPC,TNFRSF21
gene_set_query	1161	GZF1	904.7	ARCHS4 Coexpression,1548;Enrichr Queries,378;GTEx Coexpression,788	SLC6A6,PIGU,CITED2,RTF2,MATK,PHACTR1,ATP2B1,ATP1B1,CPEB2
gene_set_query	1162	MSANTD3	905.0	ARCHS4 Coexpression,582;GTEx Coexpression,1228	ZGLP1,PSMC2,RGS10,KIFC3,RGS6
gene_set_query	1163	BHLHA15	905.0	ARCHS4 Coexpression,1164;GTEx Coexpression,646	TMED9,PLEKHG5,KIAA1324,ZNF710,TM7SF3
gene_set_query	1164	ZXDA	906.7	ARCHS4 Coexpression,1162;Enrichr Queries,205;GTEx Coexpression,1353	KLHL9,PIGU,PTPRC,SEMA3C,BCL11A,CITED2,BASP1,ARHGEF18,CPEB2,AFF2
gene_set_query	1165	ZNF227	907.3	ARCHS4 Coexpression,549;Enrichr Queries,628;GTEx Coexpression,1545	PIGU,ZNF571,ZNF829,CXADR,PCNA,CEBPG,ZNF780A,ZNF268
gene_set_query	1166	ZNF559	907.3	ARCHS4 Coexpression,1469;Enrichr Queries,201;GTEx Coexpression,1052	LINC01197,PIGU,ZNF829,SYT1,PRKCB,BCL11A,STXBP1,PCDHB15,ATP1B1,ZNF268
gene_set_query	1167	NKX25	908.0	ARCHS4 Coexpression,1075;GTEx Coexpression,741	B3GALT2,IDH3B,SORBS2,SLC4A3
gene_set_query	1168	ZNF512B	908.0	ARCHS4 Coexpression,1336;Enrichr Queries,158;GTEx Coexpression,1230	PIGU,MYO1B,CITED2,OLFML3,FSCN1,SRSF6,ATP1B1,MAPK8IP3,DDOST
gene_set_query	1169	DMBX1	908.7	ARCHS4 Coexpression,1374;Enrichr Queries,624;GTEx Coexpression,728	ZNF571,BCL11A,OLFML3,NNAT,RIMBP2,BHLHE41,OLFML2A,PDZD7
gene_set_query	1170	EBF2	909.0	ARCHS4 Coexpression,518;GTEx Coexpression,1300	LINC01197,FZD3,GAP43,GNG2,BASP1,SSBP3
gene_set_query	1171	ZBTB5	909.7	ARCHS4 Coexpression,1305;Enrichr Queries,944;GTEx Coexpression,480	GLTP,PIGU,STK24,BCL11A,CITED2,DGKA,AP2B1,RABGGTA,NECTIN1
gene_set_query	1172	FIZ1	910.3	ARCHS4 Coexpression,1372;Enrichr Queries,849;GTEx Coexpression,510	AMER3,PIGU,MYPOP,ZGLP1,CITED2,FSCN1,FSD1,MAPK8IP3,DDOST
gene_set_query	1173	RBAK	911.0	ARCHS4 Coexpression,1303;Enrichr Queries,799;GTEx Coexpression,631	PIGU,CITED2,RTF2,CHAMP1,SRSF6,ZNF268,PGM2L1,SELENOI,SLC25A46
gene_set_query	1174	HOXD1	911.0	ARCHS4 Coexpression,1493;Enrichr Queries,1142;GTEx Coexpression,98	HAGLR,PEX5L,TF,GJB1,C1QTNF1,PCNA,LANCL1,RAPGEF5,DTX4,SFT2D1,PAFAH1B2,TNFRSF21
gene_set_query	1175	ZSCAN20	911.0	ARCHS4 Coexpression,1543;Enrichr Queries,599;GTEx Coexpression,591	KLHL9,DDX18,PIGU,MYO1B,CHAMP1,GOPC,SORBS2,SSBP3,DDOST
gene_set_query	1176	HOXA1	911.3	ARCHS4 Coexpression,921;Enrichr Queries,1188;GTEx Coexpression,625	GLTP,PCNA,STK24,SEMA3C,BCL11A,DGKA,PLS3,DDOST,NECTIN1
gene_set_query	1177	ZBTB16	912.5	ARCHS4 Coexpression,1193;Enrichr Queries,911;ReMap ChIP-seq,19;GTEx Coexpression,1527	MAP10,CITED2,UBE2Z,ATP1B1,BRI3BP,RAB33B,HSD11B1,RRAGA,ZNF829,KBTBD6,DOLPP1,CHMP1A,LYRM7,CDK2AP2,PLS3,SLC17A7,CCDC77,PDZD7
gene_set_query	1178	ZNF141	912.7	ARCHS4 Coexpression,750;Enrichr Queries,567;GTEx Coexpression,1421	ZNF808,ZNF571,PIGU,ZNF829,TMED9,BCL11A,STRBP,FGF13,ZNF268
gene_set_query	1179	FOXJ2	912.8	ARCHS4 Coexpression,1370;Enrichr Queries,836;ReMap ChIP-seq,29;GTEx Coexpression,1416	KRT222,CX3CR1,ZNF395,PIGU,PTPRN2,MOCS3,CITED2,BCL11A,SLC2A13,NANOS3,UFSP2,UBE2Z,ATP1B1,DDOST,SLC6A6,KIAA1324,RAPGEF5,SSBP3,TBC1D16
gene_set_query	1180	CREB3L2	913.3	ARCHS4 Coexpression,1076;Enrichr Queries,708;GTEx Coexpression,956	SLC6A6,PIGU,CITED2,KIAA1324,PLS3,CFAP97,TNFRSF21
gene_set_query	1181	OSR2	914.7	ARCHS4 Coexpression,1394;Enrichr Queries,633;GTEx Coexpression,717	AMMECR1L,C1QTNF1,SEMA3C,OLFML3,CITED2,CDC42EP2,CDKL1
gene_set_query	1182	OVOL2	915.0	ARCHS4 Coexpression,1535;Enrichr Queries,930;ReMap ChIP-seq,295;GTEx Coexpression,900	GLTP,CXADR,STK24,BCL11A,NNAT,PAK6
gene_set_query	1183	ZBTB11	915.3	ARCHS4 Coexpression,1366;Enrichr Queries,1289;ReMap ChIP-seq,125;GTEx Coexpression,881	TMED9,PIGU,NANOS3,MAD2L1BP,NIPA2,AP2B1,ATP2B1,AIF1,HINFP,PTPRC,PSMC2,KIAA1324,CHAMP1,SLC17A7,CCDC22,SLC25A46
gene_set_query	1184	ATMIN	915.7	ARCHS4 Coexpression,434;Enrichr Queries,757;GTEx Coexpression,1556	PIGU,MYO1B,SEMA3C,CITED2,ACSL3,AP2B1,ATP1B1,UBE2Z,SELENOI
gene_set_query	1185	NFXL1	916.0	ARCHS4 Coexpression,859;Enrichr Queries,575;GTEx Coexpression,1314	PIGU,MOCS3,TSG101,CITED2,MTX2,STRBP,ATP2B1,MAPK8IP3,TNFRSF21
gene_set_query	1186	NKX26	916.5	ARCHS4 Coexpression,789;GTEx Coexpression,1044	BMPER,B3GALT2,FSCN1,SORBS2,SLC4A3
gene_set_query	1187	ZNF273	916.7	ARCHS4 Coexpression,1139;Enrichr Queries,1295;GTEx Coexpression,316	GLTP,PIGU,ZNF829,BCL11A,PLEKHG5,PAK6,SELENOI,NECTIN1,HINFP
gene_set_query	1188	RFX4	918.3	ARCHS4 Coexpression,1168;Enrichr Queries,105;GTEx Coexpression,1482	GABBR2,GAP43,FZD3,PTPRN2,SYT1,BCL11A,CELF4,SORCS3,DTX4,ANKS1B
gene_set_query	1189	ZNF816	918.5	ARCHS4 Coexpression,1036;GTEx Coexpression,801	KLHL9,CHAMP1,ZNF780A,AP2B1,MAPK8IP3
gene_set_query	1190	ZBTB14	918.5	ARCHS4 Coexpression,749;GTEx Coexpression,1088	KLHL9,PTPRC,RGS10,SFT2D1,RGS6
gene_set_query	1191	HMBOX1	920.8	ARCHS4 Coexpression,1130;Enrichr Queries,1354;ReMap ChIP-seq,167;GTEx Coexpression,1032	PIGU,TMED9,CITED2,MAD2L1BP,KLHL4,ACSL3,AP2B1,OLFML2A,UBE2Z,RRAGA,PTPRC,KIAA1324,LRRC8B,KBTBD8
gene_set_query	1192	ZNF563	921.0	ARCHS4 Coexpression,1482;Enrichr Queries,75;GTEx Coexpression,1206	ZNF829,PIGU,ZNF571,SEMA3C,CITED2,BASP1,BHLHE41,SORBS2,LONRF2
gene_set_query	1193	GPBP1L1	921.0	ARCHS4 Coexpression,1496;GTEx Coexpression,346	SLC6A6,RRAGA,EID2,AMMECR1L,STK24,CSNK2A2,TMEM121
gene_set_query	1194	CENPB	922.3	ARCHS4 Coexpression,1316;Enrichr Queries,253;GTEx Coexpression,1198	PEX5L,PIGU,FSCN1,CYBA,ATP1B1,SRSF6,UBE2Z,DDOST
gene_set_query	1195	ZFP2	923.0	ARCHS4 Coexpression,1121;Enrichr Queries,112;GTEx Coexpression,1536	PIGU,ZNF829,SEMA3C,BCL11A,CITED2,OLFML3,RCAN2,NNAT,PHACTR1,KIFAP3
gene_set_query	1196	NR1I2	923.5	Literature ChIP-seq,14;ARCHS4 Coexpression,1504;Enrichr Queries,1024;GTEx Coexpression,1152	PRKCB,ATRNL1,KDM8,ADK,ARHGEF18,ATP2B1,ATP1B1,DTX4,BRI3BP,INPP4A,GLT1D1,MYO1B,GJB1,C1QTNF1,LYRM4,BMPER,PHACTR1,PDZRN3,RGS6,ANKS1B,PTPN3
gene_set_query	1197	MAFA	923.7	ARCHS4 Coexpression,491;Enrichr Queries,722;GTEx Coexpression,1558	SLC2A13,CDH22,KIAA1324,BHLHE41,FSCN1,DYRK1B,CDK5R2,PTPN3
gene_set_query	1198	FOXC2	924.3	ARCHS4 Coexpression,1309;Enrichr Queries,1194;GTEx Coexpression,270	LINC01197,C1QTNF1,OLFML3,RCAN2,PLD5,FSCN1,PLS3,CHSY3,CFAP97
gene_set_query	1199	ZNF592	925.0	ARCHS4 Coexpression,935;Enrichr Queries,1279;ReMap ChIP-seq,192;GTEx Coexpression,1294	SLC6A6,PIGU,ARHGEF18,SLC17A7,CCDC22,ADCY1,ZNF710,DDOST
gene_set_query	1200	HOXA5	925.7	ARCHS4 Coexpression,821;Enrichr Queries,1243;GTEx Coexpression,713	ZNF571,OLFML3,SLITRK4,PLD5,KLHL4,ATP1B1,BORCS7,PDZD7
gene_set_query	1201	ZBTB47	925.7	ARCHS4 Coexpression,1081;Enrichr Queries,461;GTEx Coexpression,1235	PIGU,CITED2,RCAN2,LYRM7,DYRK1B,OLFML2A,MAPK8IP3,TBC1D16
gene_set_query	1202	KMT2A	927.3	ARCHS4 Coexpression,1488;ReMap ChIP-seq,23;GTEx Coexpression,1271	ZNF395,SYT1,NEGR1,BCL11A,CITED2,ATRNL1,ADK,ASAP2,ATP2B1,MAPK8IP3,SQLE,RRAGA,DLG2,NUP85,PSMC2,PNOC,CPEB2
gene_set_query	1203	ZNF20	928.3	ARCHS4 Coexpression,1176;Enrichr Queries,568;GTEx Coexpression,1041	ZNF829,PIGU,HENMT1,LYRM4,BCL11A,CITED2,DDOST,PDZD7
gene_set_query	1204	ZNF687	928.3	ARCHS4 Coexpression,1494;Enrichr Queries,859;GTEx Coexpression,432	GLT1D1,PIGU,IGSF6,RGS19,SYK,CHAMP1,SLA,CYBA,SRSF6,DDOST
gene_set_query	1205	TAL2	929.3	ARCHS4 Coexpression,615;Enrichr Queries,773;GTEx Coexpression,1400	FZD3,C1QTNF1,CXADR,SEMA3C,BCL11A,B3GALT2,LYRM7,SRSF6,PAFAH1B2
gene_set_query	1206	ZNF500	929.3	ARCHS4 Coexpression,806;Enrichr Queries,502;GTEx Coexpression,1480	PIGU,ZNF829,CITED2,FSCN1,MAPK8IP3,PDZD7,TBC1D16,HINFP
gene_set_query	1207	ZFP62	929.7	ARCHS4 Coexpression,176;Enrichr Queries,1247;GTEx Coexpression,1366	KLHL9,PIGU,BAG4,CXADR,STRBP,CYBA,SRSF6,CFAP97,PAFAH1B2
gene_set_query	1208	SP5	930.7	ARCHS4 Coexpression,653;Enrichr Queries,736;GTEx Coexpression,1403	TF,GJB1,STK24,BMPER,BCL11A,OLFML3,ACSL3,A2M,PDZRN3
gene_set_query	1209	ATF7	930.8	ARCHS4 Coexpression,1614;Enrichr Queries,1383;ReMap ChIP-seq,132;GTEx Coexpression,594	PIGU,PTPRN2,PRKCB,CLSTN3,MAST3,NANOS3,SLC6A6,EID2,ZGLP1,FSCN1,PLS3,CDH24,SLC17A7,NUDT14,KBTBD8
gene_set_query	1210	ZNF705A	932.3	ARCHS4 Coexpression,1490;Enrichr Queries,93;GTEx Coexpression,1214	CX3CR1,IGSF6,HENMT1,PRKCB,OLFML3,FRRS1L,CYBB,PLD4,NCKAP1L,AIF1
gene_set_query	1211	SKOR2	932.5	ARCHS4 Coexpression,1388;GTEx Coexpression,477	CDH22,DGCR9,PLD6,ADCY1,MAPK8IP3,GABRD
gene_set_query	1212	NFIL3	933.0	ARCHS4 Coexpression,688;Enrichr Queries,1017;GTEx Coexpression,1094	SLC6A6,GLT1D1,IGSF6,CITED2,BASP1,SAMD12,ATP1B1,SAMSN1,AIF1
gene_set_query	1213	SNAPC4	934.0	ARCHS4 Coexpression,1295;Enrichr Queries,953;ReMap ChIP-seq,12;GTEx Coexpression,1476	TMED9,PTPRN2,PCNA,MYPOP,NEGR1,VPS33A,PLD6,UBE2Z,MAPK8IP3,PGM2L1,DDOST,SLC6A6,LSM11,UBLCP1,CDKN2AIPNL,NUP85,FSCN1,SLC17A7,SRSF6,TBC1D16
gene_set_query	1214	ZSCAN21	934.0	ARCHS4 Coexpression,1104;Enrichr Queries,347;GTEx Coexpression,1351	PIGU,CXADR,PCNA,TSG101,CITED2,PSMC2,SRSF6,DDOST
gene_set_query	1215	CGGBP1	935.0	ARCHS4 Coexpression,1508;GTEx Coexpression,362	KLHL9,FAM174A,RGS10,PAK6,GOPC,SOCS5
gene_set_query	1216	HOXB4	935.3	Literature ChIP-seq,65;ARCHS4 Coexpression,1531;Enrichr Queries,1246;GTEx Coexpression,899	SEMA3C,CITED2,SAMSN1,LSM11,C1QTNF1,NCKAP1L,LRRC8B,KIFAP3,DDX18,SYK,MAD2L1BP,ACSL3,NIPA2,AP2B1,RPS26,RPIA,RRAGA,PTPRC,CDK2AP2,RGS10,GOPC,CCDC22,RAPGEF5,PDZRN3,SSBP3,PAFAH1B2
gene_set_query	1217	ZNF85	935.3	ARCHS4 Coexpression,181;Enrichr Queries,1304;GTEx Coexpression,1321	ZNF829,TMED9,BAG4,CXADR,BCL11A,UBE2Z,SRSF6,FGF13
gene_set_query	1218	MIXL1	937.3	ARCHS4 Coexpression,1010;Enrichr Queries,905;GTEx Coexpression,897	PCNA,C1QTNF1,SLITRK4,PNOC,PLD5,BRI3BP,PDZRN3,CDK5R2,PDZD7
gene_set_query	1219	RXRG	937.7	ARCHS4 Coexpression,1478;Enrichr Queries,197;GTEx Coexpression,1138	GAP43,PDE1B,B3GALT2,LYRM7,NNAT,DYRK1B,SORBS2,ADCY1,KCNH1
gene_set_query	1220	HOXC4	938.3	ARCHS4 Coexpression,1418;Enrichr Queries,1034;GTEx Coexpression,363	LINC01197,PTPRN2,C1QTNF1,OLFML3,BCL11A,CDH24,GOPC,CHSY3,CFAP97
gene_set_query	1221	ZNF90	938.7	ARCHS4 Coexpression,662;Enrichr Queries,1336;GTEx Coexpression,818	ZNF808,ZNF829,PCNA,LYRM4,BCL11A,UBE2Z,PDZD7,HINFP
gene_set_query	1222	PRDM15	939.7	ARCHS4 Coexpression,1604;Enrichr Queries,381;GTEx Coexpression,834	RPIA,PIGU,PTPRN2,BCL11A,CITED2,TEX10,SORBS2,MAPK8IP3,ITFG1
gene_set_query	1223	HOXB13	940.3	ARCHS4 Coexpression,1395;Enrichr Queries,1322;ReMap ChIP-seq,86;GTEx Coexpression,958	MAP10,GLTP,CHRM1,CITED2,KDM8,SORBS2,LIN7A,TSPAN13,C1QTNF1,PART1,SAMD12,CFAP97,GPR158,CDKL1
gene_set_query	1224	TBX20	940.7	ARCHS4 Coexpression,1038;Enrichr Queries,620;GTEx Coexpression,1164	BMPER,BCL11A,B3GALT2,SORBS2,SLC4A3,PDZRN3
gene_set_query	1225	FOXD4	941.3	ARCHS4 Coexpression,1564;Enrichr Queries,1130;GTEx Coexpression,130	AMER3,C1QTNF1,CLSTN3,BCL11A,STXBP1,CDH22,DGCR9,MAPK8IP3,GABRD,GPR158,PDZD7
gene_set_query	1226	ZNF24	941.8	ARCHS4 Coexpression,1367;Enrichr Queries,1266;ReMap ChIP-seq,171;GTEx Coexpression,963	PIGU,MAST3,NANOS3,MAD2L1BP,SELENOI,HINFP,HSD11B1,SLC6A6,PEX5L,CDH22,FSCN1,LRRC8B,RAPGEF5,SRSF6
gene_set_query	1227	OSR1	942.0	ARCHS4 Coexpression,1298;GTEx Coexpression,586	C1QTNF1,PLS3,CHSY3,CFAP97,PDZRN3
gene_set_query	1228	VAX2	943.0	ARCHS4 Coexpression,1368;Enrichr Queries,1319;GTEx Coexpression,142	AMER3,FZD3,C1QTNF1,CLSTN3,STXBP1,CDH22,DGCR9,MAPK8IP3,GABRD,GPR158,PDZD7
gene_set_query	1229	ZGPAT	945.0	ARCHS4 Coexpression,466;Enrichr Queries,1301;GTEx Coexpression,1068	HSD11B1,TMED9,RGS19,KDM8,CHMP1A,ARHGEF18,CYBA,MAPK8IP3,DDOST
gene_set_query	1230	ZNF706	946.3	ARCHS4 Coexpression,1362;Enrichr Queries,806;GTEx Coexpression,671	RPS26,CXADR,CITED2,YWHAB,PAK6,TM7SF3,SFT2D1,SELENOI,DDOST
gene_set_query	1231	ZNF451	946.7	ARCHS4 Coexpression,347;Enrichr Queries,1224;GTEx Coexpression,1269	ZNF829,PIGU,TMED9,BAG4,CYBA,ATP2B1,SRSF6,PAFAH1B2
gene_set_query	1232	OTX1	946.7	ARCHS4 Coexpression,522;Enrichr Queries,1127;GTEx Coexpression,1191	GLTP,FZD3,TENM3,BCL11A,CITED2,NNAT,DTX4,SSBP3
gene_set_query	1233	MECP2	947.3	ARCHS4 Coexpression,788;Enrichr Queries,1378;GTEx Coexpression,676	INPP4A,SQLE,CLSTN3,STXBP1,ADK,MAPK8IP3,AFF2
gene_set_query	1234	ZNF75D	948.7	ARCHS4 Coexpression,635;Enrichr Queries,893;GTEx Coexpression,1318	INPP4A,SLC6A6,PIGU,PTPRC,BCL11A,PLS3,CYBB,SRSF6
gene_set_query	1235	HOXD9	949.3	ARCHS4 Coexpression,1158;Enrichr Queries,1141;GTEx Coexpression,549	C1QTNF1,OLFML3,FSCN1,CDH24,OLFML2A,PDZRN3,CDKL1
gene_set_query	1236	RELB	950.0	ARCHS4 Coexpression,1435;Enrichr Queries,1361;ReMap ChIP-seq,53;GTEx Coexpression,951	RGS19,TENM3,PCNA,SYT1,BCL11A,NANOS3,CYBA,TM7SF3,OLFML2A,UBE2Z,CDH22,CDC42EP2,FSCN1,NCKAP1L,ZNF710
gene_set_query	1237	ZNF678	950.3	ARCHS4 Coexpression,369;Enrichr Queries,1382;GTEx Coexpression,1100	ZNF808,PIGU,FZD3,TMED9,CXADR,PAK6,CYBA,FGF13
gene_set_query	1238	ZNF213	951.0	ARCHS4 Coexpression,912;Enrichr Queries,556;GTEx Coexpression,1385	PIGU,GLT1D1,HENMT1,CITED2,FSCN1,DYRK1B,MAPK8IP3,DDOST
gene_set_query	1239	HOXA4	951.3	ARCHS4 Coexpression,1450;Enrichr Queries,414;GTEx Coexpression,990	LSM11,C1QTNF1,SEMA3C,BCL11A,NNAT,BHLHE41,CDH24,PDZRN3
gene_set_query	1240	ZNF610	952.3	ARCHS4 Coexpression,1377;Enrichr Queries,598;GTEx Coexpression,882	ZNF829,PIGU,ZNF571,NEGR1,BCL11A,CITED2,AP2B1,PDZD7,ZNF233
gene_set_query	1241	ZNF782	952.7	ARCHS4 Coexpression,1087;Enrichr Queries,462;GTEx Coexpression,1309	PIGU,ZNF571,TMED9,SEMA3C,NUP85,CITED2,ZNF268,CAPS2
gene_set_query	1242	ZNF496	954.7	ARCHS4 Coexpression,1282;Enrichr Queries,798;GTEx Coexpression,784	PIGU,YWHAB,BCL11A,DOLPP1,PCDHB15,FSCN1,CDH24,DDOST
gene_set_query	1243	ZNF525	955.0	ARCHS4 Coexpression,1100;GTEx Coexpression,810	ZNF829,TEX10,SLC2A13,CSNK2A2,PDZD7
gene_set_query	1244	PPARA	955.7	ARCHS4 Coexpression,124;Enrichr Queries,1205;GTEx Coexpression,1538	PIGU,NEGR1,SLITRK4,PLD5,CELF4,ATP1B1,ZNF268,PDZD7,ANKS1B,CDKL1
gene_set_query	1245	ERF	956.0	ARCHS4 Coexpression,1483;Enrichr Queries,768;GTEx Coexpression,617	PIGU,CDKN2AIPNL,MTX2,CITED2,LYRM7,FSCN1,DDOST,SLC25A46
gene_set_query	1246	THAP7	957.0	ARCHS4 Coexpression,948;Enrichr Queries,1051;GTEx Coexpression,872	YWHAB,CITED2,MRPL38,CDK2AP2,RITA1,DYRK1B,DDOST
gene_set_query	1247	ZNF829	958.0	ARCHS4 Coexpression,814;Enrichr Queries,494;GTEx Coexpression,1566	PIGU,ZNF571,LYRM7,ZNF780A,ZNF268,KBTBD8,PDZD7,HINFP
gene_set_query	1248	ZXDC	958.0	ARCHS4 Coexpression,1025;Enrichr Queries,809;GTEx Coexpression,1040	SLC6A6,PIGU,GLT1D1,ARHGEF18,AP2B1,CPEB2,DDOST,PTPN3
gene_set_query	1249	ZNF117	958.0	ARCHS4 Coexpression,685;Enrichr Queries,621;GTEx Coexpression,1568	PIGU,FZD3,TMED9,CXADR,SEMA3C,CITED2,FGF13,PGM2L1
gene_set_query	1250	ZNF726	958.5	ARCHS4 Coexpression,761;GTEx Coexpression,1156	ZNF829,PCNA,BRI3BP,PDZD7,HINFP
gene_set_query	1251	ZBTB44	958.7	ARCHS4 Coexpression,447;Enrichr Queries,1098;GTEx Coexpression,1331	PIGU,TMED9,BAG4,BCL11A,CHMP1A,DYRK1B,ATP2B1,SRSF6,PAFAH1B2
gene_set_query	1252	ZNF655	959.0	ARCHS4 Coexpression,1142;Enrichr Queries,701;GTEx Coexpression,1034	PIGU,PTPRC,CITED2,LYRM7,SRSF6,CPEB2,SAMSN1,DDOST
gene_set_query	1253	GATAD2A	959.7	ARCHS4 Coexpression,1391;Enrichr Queries,1060;GTEx Coexpression,428	DGKA,CSNK2A2,CHMP1A,CMTM6,FSCN1,SRSF6,DDOST,CAPS2
gene_set_query	1254	PBX4	960.3	ARCHS4 Coexpression,529;Enrichr Queries,854;GTEx Coexpression,1498	PTPRC,BCL11A,BASP1,CITED2,FSCN1,RGS10,DTX4,SAMSN1,RGS6
gene_set_query	1255	SNAI1	961.3	ARCHS4 Coexpression,1422;Enrichr Queries,680;GTEx Coexpression,782	EHD4,C1QTNF1,CITED2,OLFML3,BASP1,CDC42EP2,FSCN1
gene_set_query	1256	ZFP42	962.5	Literature ChIP-seq,157;ARCHS4 Coexpression,883;Enrichr Queries,1249;GTEx Coexpression,1561	PIGU,CXADR,ARMT1,BCL11A,CITED2,DGKA,AP2B1,ATP1B1,ITFG1,BAG4,BASP1,NNAT,CCDC77,PAFAH1B2
gene_set_query	1257	TMF1	965.0	ARCHS4 Coexpression,977;GTEx Coexpression,953	ZNF829,KIAA1324,FSCN1,SORCS3,CFAP97
gene_set_query	1258	BBX	965.0	ARCHS4 Coexpression,748;Enrichr Queries,937;GTEx Coexpression,1210	ZNF829,PIGU,CITED2,CHMP1A,TALDO1,CYBA,ATP2B1
gene_set_query	1259	FOXK2	965.3	ARCHS4 Coexpression,1574;Enrichr Queries,1109;ReMap ChIP-seq,183;GTEx Coexpression,995	PIGU,MYPOP,ADK,MAD2L1BP,DYRK1B,AIF1,DDOST,HINFP,ZGLP1,FAM174A,PSMC2,KIAA1324,FSCN1,SLC17A7
gene_set_query	1260	HOXC9	966.8	Literature ChIP-seq,105;ARCHS4 Coexpression,1177;Enrichr Queries,1173;GTEx Coexpression,1412	PCNA,SEMA3C,CLSTN3,KDM8,C1QTNF1,CHN1,IDH3B,PAK6,ZNF268,KCNH1,SYT1,EIF1AX,LANCL1,DYRK1B,ACSL3,RABGGTA,DDOST,HINFP,RPS26,EID2,KBTBD6,CDKN2AIPNL,PSMC2,GOPC,ZNF780A,CPEB2,ZNF233
gene_set_query	1261	REXO4	967.5	ARCHS4 Coexpression,1188;GTEx Coexpression,747	TMED9,MOCS3,MRPL38,RITA1,FSCN1
gene_set_query	1262	ZNF530	968.3	ARCHS4 Coexpression,537;Enrichr Queries,1183;GTEx Coexpression,1185	ZNF829,PIGU,CHAMP1,PDZD7,SLC25A46,ZNF233,HINFP
gene_set_query	1263	ASH1L	969.7	ARCHS4 Coexpression,458;Enrichr Queries,1102;GTEx Coexpression,1349	DLG2,SV2B,BCL11A,ATRNL1,CYBA,ATP2B1,ATP1B1,RAPGEF5,LONRF2
gene_set_query	1264	ZNF383	970.0	ARCHS4 Coexpression,824;Enrichr Queries,546;GTEx Coexpression,1540	ZNF829,PIGU,ZNF571,CITED2,ZNF780A,PDZD7,HINFP
gene_set_query	1265	MYF5	970.7	ARCHS4 Coexpression,699;Enrichr Queries,669;GTEx Coexpression,1544	C1QTNF1,CITED2,OLFML3,B3GALT2,ASAP2,ATP2B1,FGF13
gene_set_query	1266	AKAP8L	970.7	ARCHS4 Coexpression,1359;Enrichr Queries,823;GTEx Coexpression,730	PLD6,ATP1B1,SRSF6,MAPK8IP3,DDOST,HINFP
gene_set_query	1267	ZBTB25	973.7	ARCHS4 Coexpression,557;Enrichr Queries,997;GTEx Coexpression,1367	ZNF808,PIGU,ZNF829,CITED2,LYRM7,ATP1B1,PDZD7,HINFP
gene_set_query	1268	RREB1	974.3	ARCHS4 Coexpression,1200;Enrichr Queries,1043;GTEx Coexpression,680	INPP4A,SLC6A6,PIGU,STK24,CADM2,CITED2,SAMD12,RABGGTA,CDKL1
gene_set_query	1269	ZNF257	975.3	ARCHS4 Coexpression,833;Enrichr Queries,1090;GTEx Coexpression,1003	ZNF829,PCNA,SYT1,LYRM4,PNOC,FGF13,PDZRN3,PDZD7
gene_set_query	1270	ASCL4	975.3	ARCHS4 Coexpression,1097;Enrichr Queries,410;GTEx Coexpression,1419	CXADR,PTPRN2,BASP1,PHACTR1,SORCS3,PDZRN3,PDZD7,ANKS1B
gene_set_query	1271	TFCP2L1	976.0	ARCHS4 Coexpression,500;Enrichr Queries,969;GTEx Coexpression,1459	MYO1B,SEMA3C,SORBS2,ATP1B1,TNFRSF21,NECTIN1,PTPN3
gene_set_query	1272	ZNF730	977.0	ARCHS4 Coexpression,583;GTEx Coexpression,1371	ZNF829,FZD3,CXADR,TEX10,ZNF780A
gene_set_query	1273	ZIC5	977.7	ARCHS4 Coexpression,1402;Enrichr Queries,1340;GTEx Coexpression,191	AMER3,FZD3,BCL11A,STXBP1,CDH22,DGCR9,MAPK8IP3,GABRD,GPR158,PDZD7
gene_set_query	1274	FOXE3	978.0	ARCHS4 Coexpression,1473;Enrichr Queries,861;GTEx Coexpression,600	CORT,PTPRN2,PLS3,LRRC8B,SORCS3,GABRD,GPR158,CDK5R2
gene_set_query	1275	LIN28B	978.0	ARCHS4 Coexpression,1409;Enrichr Queries,284;GTEx Coexpression,1241	GAP43,CXADR,HENMT1,SYT1,PRKCB,BCL11A,CITED2,DCX
gene_set_query	1276	JRK	978.5	ARCHS4 Coexpression,1534;GTEx Coexpression,423	MAP10,NCR3LG1,CHAMP1,ZNF780A,HINFP
gene_set_query	1277	BPTF	978.5	ARCHS4 Coexpression,713;GTEx Coexpression,1244	TMED9,PLEKHG5,STRBP,CYBA,AFF2
gene_set_query	1278	ZIM3	979.0	ARCHS4 Coexpression,944;Enrichr Queries,514;GTEx Coexpression,1479	ZNF829,C1QTNF1,NNAT,PCDHB15,PLD5,SORBS2,PDZD7,HINFP
gene_set_query	1279	FOXE1	980.3	ARCHS4 Coexpression,530;Enrichr Queries,945;GTEx Coexpression,1466	ZCCHC12,C1QTNF1,BCL11A,SLA,SORBS2,UBE2Z,CDK5R2,NECTIN1
gene_set_query	1280	ZNF555	980.7	ARCHS4 Coexpression,1506;Enrichr Queries,379;GTEx Coexpression,1057	ZNF829,PIGU,ZNF571,CITED2,ZNF780A,ZNF268,DDOST,ZNF233
gene_set_query	1281	SCMH1	981.0	ARCHS4 Coexpression,1436;GTEx Coexpression,526	LSM11,PCDHB15,DYRK1B,UFSP2,PDZRN3
gene_set_query	1282	MTERF2	981.5	ARCHS4 Coexpression,383;GTEx Coexpression,1580	KIAA1324,CYBA,UFSP2,UBE2Z,SRSF6
gene_set_query	1283	ZNF354B	982.0	ARCHS4 Coexpression,456;Enrichr Queries,933;GTEx Coexpression,1557	PIGU,DLG2,SEMA3C,SV2B,CITED2,ATRNL1,SAMD12,RAPGEF5
gene_set_query	1284	ZBTB38	984.3	ARCHS4 Coexpression,1515;Enrichr Queries,716;GTEx Coexpression,722	PIGU,CITED2,CHAMP1,ATP2B1,ATP1B1,SOCS5
gene_set_query	1285	DMRT2	984.7	ARCHS4 Coexpression,1403;Enrichr Queries,496;GTEx Coexpression,1055	ACY3,C1QTNF1,BMPER,BCL11A,PTPRO,NNAT,LNX1,FGF13
gene_set_query	1286	NFKB2	985.8	ARCHS4 Coexpression,1265;Enrichr Queries,1350;ReMap ChIP-seq,207;GTEx Coexpression,1121	INPP4A,TENM3,GNG2,BCL11A,NANOS3,RGS10,FSCN1,CDH24,NCKAP1L,CYBA,OLFML2A,UBE2Z
gene_set_query	1287	LTF	986.0	ARCHS4 Coexpression,976;GTEx Coexpression,996	GLT1D1,SYK,CYBB,CCDC22
gene_set_query	1288	ZNF560	986.7	ARCHS4 Coexpression,640;Enrichr Queries,833;GTEx Coexpression,1487	ZNF571,PTPRN2,C1QTNF1,PCNA,BMPER,EIF1AX,FGF13,SRSF6
gene_set_query	1289	TLX1	987.0	ARCHS4 Coexpression,1217;Enrichr Queries,873;GTEx Coexpression,871	C1QTNF1,PCNA,BCL11A,ARHGEF18,ZNF385B,CYBA,AIF1,CDK5R2
gene_set_query	1290	HOXC6	987.7	ARCHS4 Coexpression,1427;Enrichr Queries,777;GTEx Coexpression,759	C1QTNF1,TSPAN13,SEMA3C,OLFML3,CDH24,GOPC,SOCS5
gene_set_query	1291	MSX1	988.3	ARCHS4 Coexpression,1016;Enrichr Queries,989;GTEx Coexpression,960	GLTP,C1QTNF1,LYRM4,SEMA3C,CITED2,SLITRK4,FSCN1,CDKL1
gene_set_query	1292	ZNF613	988.3	ARCHS4 Coexpression,779;Enrichr Queries,830;GTEx Coexpression,1356	ZNF829,CITED2,BASP1,ZNF780A,AP2B1,ZNF268,MAPK8IP3
gene_set_query	1293	IRX6	989.7	ARCHS4 Coexpression,753;Enrichr Queries,887;GTEx Coexpression,1329	C1QTNF1,STK24,NANOS3,ADCY1,PDZRN3,TBC1D16
gene_set_query	1294	FOXA3	991.0	ARCHS4 Coexpression,1228;Enrichr Queries,1085;GTEx Coexpression,660	ACY3,TMED9,TF,GJB1,C1QTNF1,KIAA1324,ATP1B1
gene_set_query	1295	MSGN1	992.3	ARCHS4 Coexpression,795;Enrichr Queries,1255;GTEx Coexpression,927	NPEPPS,ZNF571,SEMA3C,BCL11A,PLS3,KLHL4,RABGGTA,NECTIN1
gene_set_query	1296	ZNF480	995.7	ARCHS4 Coexpression,767;Enrichr Queries,780;GTEx Coexpression,1440	GON7,PIGU,BASP1,ZNF780A,SRSF6,FGF13,ZNF268,CAPS2
gene_set_query	1297	ZNF800	996.0	ARCHS4 Coexpression,1306;Enrichr Queries,1089;GTEx Coexpression,593	PIGU,AMMECR1L,PTPRC,CADM2,CMTM6,ATP2B1,KIFAP3,CPEB2
gene_set_query	1298	ZBTB17	996.0	ARCHS4 Coexpression,1021;Enrichr Queries,392;GTEx Coexpression,1575	PIGU,CITED2,CHMP1A,FSCN1,ARHGEF18,CYBA,MAPK8IP3,SSBP3,DDOST
gene_set_query	1299	SOHLH2	996.7	ARCHS4 Coexpression,1077;Enrichr Queries,337;GTEx Coexpression,1576	PIGU,PCNA,VSNL1,HENMT1,BCL11A,SORBS2,A2M,FGF13
gene_set_query	1300	ZNF846	997.0	ARCHS4 Coexpression,1393;Enrichr Queries,505;GTEx Coexpression,1093	ZNF829,PIGU,SEMA3C,CITED2,FSCN1,ASAP2,AP2B1,DDOST
gene_set_query	1301	ZNF595	997.5	ARCHS4 Coexpression,856;Enrichr Queries,1139	PIGU,MCTP1,LYRM7,ARHGEF18,UBE2Z
gene_set_query	1302	EBF4	998.3	ARCHS4 Coexpression,769;Enrichr Queries,693;GTEx Coexpression,1533	PTPRN2,C1QTNF1,CLSTN3,CDH24,ADCY1,OLFML2A,MAPK8IP3
gene_set_query	1303	SAFB	998.5	ARCHS4 Coexpression,1392;GTEx Coexpression,605	NUP85,TEX10,FSCN1,ITFG1,HINFP
gene_set_query	1304	RFX2	998.5	ARCHS4 Coexpression,1186;Enrichr Queries,1240;ReMap ChIP-seq,5;GTEx Coexpression,1563	FZD3,PIGU,PTPRN2,MOCS3,MYPOP,RGS19,NANOS3,ADGRA1-AS1,DYRK1B,UFSP2,SLC4A3,PGM2L1,HINFP,SLC6A6,LSM11,FAM174A,NNAT,KIAA1324,CDK2AP2,SLC25A46,TBC1D16,CAPS2
gene_set_query	1305	ZNF80	1001.0	ARCHS4 Coexpression,999;Enrichr Queries,922;GTEx Coexpression,1081	PTPRC,HENMT1,BCL11A,B3GALT2,CYBB,SAMSN1,HINFP
gene_set_query	1306	HMX1	1001.0	ARCHS4 Coexpression,1375;Enrichr Queries,1120;GTEx Coexpression,509	GRM3,MYPOP,CADM2,NANOS3,CDH22,CELF4,ANKS1B
gene_set_query	1307	ELF3	1004.0	ARCHS4 Coexpression,1454;Enrichr Queries,1009;ReMap ChIP-seq,175;GTEx Coexpression,1378	CXADR,CITED2,DGKA,ASAP2,ATP1B1,HSD11B1,EHD4,DOLPP1,CDC42EP2,CDH24,PDZD7,TNFRSF21
gene_set_query	1308	TBX2	1004.0	ARCHS4 Coexpression,974;Enrichr Queries,1002;GTEx Coexpression,1036	C1QTNF1,SEMA3C,OLFML3,FAM174A,PLS3,A2M,TMEM121,TBC1D16
gene_set_query	1309	ZNF630	1004.0	ARCHS4 Coexpression,1263;GTEx Coexpression,745	ZNF808,ZNF829,ZNF780A,PDZD7,RAB33B
gene_set_query	1310	IRX3	1004.0	ARCHS4 Coexpression,1553;Enrichr Queries,787;GTEx Coexpression,673	GLTP,CXADR,STK24,SEMA3C,CITED2,BASP1,ATP1B1,NECTIN1
gene_set_query	1311	FOXI3	1005.0	ARCHS4 Coexpression,1153;GTEx Coexpression,856	ZNF829,CXADR,STK24,LYRM4,BCL11A
gene_set_query	1312	ANHX	1005.0	ARCHS4 Coexpression,666;GTEx Coexpression,1343	TSG101,HENMT1,ZGLP1,NANOS3
gene_set_query	1313	L3MBTL4	1007.0	ARCHS4 Coexpression,1064;GTEx Coexpression,949	ZNF829,CXADR,CSNK2A2,KIFC3,CAPS2
gene_set_query	1314	PRDM13	1007.0	ARCHS4 Coexpression,1430;Enrichr Queries,658;GTEx Coexpression,932	PCNA,PTPRN2,BCL11A,PNOC,CELF4,SORCS3,BRI3BP,TMEM121
gene_set_query	1315	HOXA7	1007.0	ARCHS4 Coexpression,402;Enrichr Queries,1181;GTEx Coexpression,1438	PCNA,HENMT1,PSMC2,FSCN1,MRPL38,CDK2AP2,TALDO1,PDZRN3
gene_set_query	1316	ZNF703	1009.0	ARCHS4 Coexpression,1396;Enrichr Queries,479;GTEx Coexpression,1151	SEMA3C,CITED2,BASP1,PSMC2,FSCN1,DYRK1B,ATP1B1,PAFAH1B2
gene_set_query	1317	KLF10	1010.0	ARCHS4 Coexpression,813;Enrichr Queries,1040;GTEx Coexpression,1176	CITED2,BASP1,PSMC2,KIAA1324,ATP1B1,SSBP3,PAFAH1B2
gene_set_query	1318	ZFAT	1010.0	ARCHS4 Coexpression,1434;Enrichr Queries,577;GTEx Coexpression,1018	PIGU,PCNA,PTPRN2,BCL11A,CITED2,PNOC,NECTIN1,CAPS2
gene_set_query	1319	ZNF507	1010.0	ARCHS4 Coexpression,1126;Enrichr Queries,899;GTEx Coexpression,1004	PIGU,CXADR,BCL11A,TEX10,STRBP,SELENOI,SLC25A46
gene_set_query	1320	ZUP1	1010.0	ARCHS4 Coexpression,364;Enrichr Queries,1303;GTEx Coexpression,1364	PIGU,BAG4,CXADR,TSG101,UBLCP1,CITED2,NIPA2,PAFAH1B2
gene_set_query	1321	ZBTB42	1012.0	ARCHS4 Coexpression,943;GTEx Coexpression,1080	TMED9,SEMA3C,KIAA1324,CHMP1A,UBE2Z
gene_set_query	1322	CIC	1012.0	ARCHS4 Coexpression,791;Enrichr Queries,1110;GTEx Coexpression,1135	CLSTN3,FSCN1,ARHGEF18,PLD6,MAPK8IP3,DDOST
gene_set_query	1323	MTERF4	1013.0	ARCHS4 Coexpression,1267;GTEx Coexpression,758	PTPRC,ZGLP1,RGS10,MAPK8IP3,HINFP
gene_set_query	1324	MYOG	1013.0	ARCHS4 Coexpression,1277;ENCODE ChIP-seq,69;Enrichr Queries,1216;GTEx Coexpression,1489	PTPRC,RGS19,CITED2,SLC2A13,NNAT,LRRC8B,OLFML2A,CDKL1
gene_set_query	1325	ZNF417	1015.0	ARCHS4 Coexpression,928;Enrichr Queries,1032;GTEx Coexpression,1085	ZNF808,PIGU,ZNF829,TMED9,ZNF780A,HINFP
gene_set_query	1326	ARID5A	1018.0	ARCHS4 Coexpression,939;GTEx Coexpression,1096	RGS19,NCKAP1L,CYBA,SAMSN1
gene_set_query	1327	ZNF266	1018.0	ARCHS4 Coexpression,1052;Enrichr Queries,622;GTEx Coexpression,1380	PIGU,PTPRC,NUP85,BASP1,SRSF6,DDOST,HINFP
gene_set_query	1328	ZNF689	1019.0	ARCHS4 Coexpression,697;Enrichr Queries,1076;GTEx Coexpression,1283	ZNF829,BAG4,CXADR,PCNA,CITED2,CEBPG,PNOC,DDOST
gene_set_query	1329	TBX6	1019.0	ARCHS4 Coexpression,1241;Enrichr Queries,1116;GTEx Coexpression,699	GLTP,PIGU,ZNF829,C1QTNF1,DGKA,RABGGTA,DDOST,PDZD7,NECTIN1
gene_set_query	1330	ZNF865	1019.0	ARCHS4 Coexpression,845;GTEx Coexpression,1193	MRPL38,ARHGEF18,CYBA,CCDC22,MAPK8IP3
gene_set_query	1331	ZNF37A	1019.0	ARCHS4 Coexpression,285;Enrichr Queries,1284;GTEx Coexpression,1488	ZNF829,NEGR1,LYRM7,ZNF780A,FGF13,ZNF268,PGM2L1,CAPS2
gene_set_query	1332	BAZ2B	1019.0	ARCHS4 Coexpression,737;Enrichr Queries,803;GTEx Coexpression,1518	PIGU,FZD3,TMED9,BCL11A,SORBS2,ATP2B1,UBE2Z,FGF13
gene_set_query	1333	ZNF12	1020.0	ARCHS4 Coexpression,1118;Enrichr Queries,665;GTEx Coexpression,1278	KLHL9,PIGU,CITED2,STRBP,MATK,SRSF6,ZNF268
gene_set_query	1334	NAIF1	1022.0	ARCHS4 Coexpression,1584;GTEx Coexpression,459	GLT1D1,IGSF6,RGS19,TALDO1,MAD2L1BP
gene_set_query	1335	TFDP1	1022.0	ARCHS4 Coexpression,1411;Enrichr Queries,1274;ReMap ChIP-seq,226;GTEx Coexpression,1178	SQLE,PCNA,NUP85,ZGLP1,NANOS3,CHMP1A,MAD2L1BP,SLC17A7,NIPA2,RAB33B
gene_set_query	1336	ZBED3	1022.0	ARCHS4 Coexpression,1619;Enrichr Queries,481;GTEx Coexpression,967	PIGU,C1QTNF1,BCL11A,CITED2,FSCN1,DDOST,TBC1D16
gene_set_query	1337	ARID3B	1023.0	ARCHS4 Coexpression,1227;GTEx Coexpression,819	RGS19,HENMT1,SEMA3C,SAMSN1,SSBP3
gene_set_query	1338	ZNF646	1023.0	ARCHS4 Coexpression,701;Enrichr Queries,980;GTEx Coexpression,1388	SLC6A6,GLT1D1,HENMT1,CITED2,ARHGEF18,ZNF710,MAPK8IP3
gene_set_query	1339	OVOL1	1023.0	ARCHS4 Coexpression,1194;Enrichr Queries,1376;GTEx Coexpression,500	GLTP,STK24,BCL11A,DGKA,CSNK2A2,NECTIN1
gene_set_query	1340	HMX2	1025.0	ARCHS4 Coexpression,1014;Enrichr Queries,1125;GTEx Coexpression,937	PCNA,BCL11A,PNOC,CHAMP1,BRI3BP,CDK5R2
gene_set_query	1341	NR1H4	1025.0	ARCHS4 Coexpression,981;Enrichr Queries,964;GTEx Coexpression,1131	HSD11B1,TF,GJB1,C1QTNF1,KDM8,CDK2AP2,ATP1B1
gene_set_query	1342	HOXD11	1026.0	ARCHS4 Coexpression,1249;Enrichr Queries,1128;GTEx Coexpression,701	C1QTNF1,SEMA3C,BCL11A,PLS3,CDH24,OLFML2A,PDZRN3,CDKL1
gene_set_query	1343	ZNF668	1027.0	ARCHS4 Coexpression,946;Enrichr Queries,1370;GTEx Coexpression,764	TMED9,MOCS3,VPS33A,CHMP1A,FSCN1,MAD2L1BP
gene_set_query	1344	PITX1	1027.0	ARCHS4 Coexpression,1203;Enrichr Queries,1005;GTEx Coexpression,874	NPEPPS,BCL11A,CITED2,FSCN1,PLD5,RABGGTA,NECTIN1,CDKL1
gene_set_query	1345	MBD6	1029.0	ARCHS4 Coexpression,844;GTEx Coexpression,1213	SLC6A6,GLT1D1,ARHGEF18,SRSF6
gene_set_query	1346	ZNF71	1029.0	ARCHS4 Coexpression,994;Enrichr Queries,821;GTEx Coexpression,1273	PIGU,FZD3,GNG2,FSCN1,DYRK1B,FSD1,PDZRN3,DDOST
gene_set_query	1347	ZNF416	1029.0	ARCHS4 Coexpression,855;Enrichr Queries,981;GTEx Coexpression,1252	PIGU,MOCS3,PCNA,CITED2,MTX2,PSMC2,ZNF268
gene_set_query	1348	GBX1	1030.0	ARCHS4 Coexpression,1439;Enrichr Queries,876;GTEx Coexpression,776	C1QTNF1,CDH22,MRPL38,DYRK1B,CWC15,CDK5R2
gene_set_query	1349	AKAP8	1032.0	ARCHS4 Coexpression,1559;Enrichr Queries,1297;GTEx Coexpression,239	GRM3,KBTBD6,DLG2,PCNA,CADM2,FSD1,KIFAP3,SRSF6,ANKS1B
gene_set_query	1350	ZNF784	1032.0	ARCHS4 Coexpression,1124;Enrichr Queries,612;GTEx Coexpression,1360	PIGU,CITED2,MRPL38,FSCN1,DYRK1B,DDOST,AFF2
gene_set_query	1351	HSFX1	1033.0	ARCHS4 Coexpression,1218;GTEx Coexpression,848	RCAN2,LYRM7,DYRK1B,SORBS2,MAPK8IP3
gene_set_query	1352	DLX4	1035.0	Literature ChIP-seq,164;ARCHS4 Coexpression,1530;Enrichr Queries,1324;GTEx Coexpression,1120	GLTP,C1QTNF1,STK24
gene_set_query	1353	DUXA	1035.0	ARCHS4 Coexpression,1613;Enrichr Queries,1228;GTEx Coexpression,263	LINC01197,PTPRN2,BCL11A,RCAN2,PLD5,PLS3,CHSY3,CFAP97
gene_set_query	1354	ZNF182	1038.0	ARCHS4 Coexpression,894;Enrichr Queries,1263;GTEx Coexpression,957	PIGU,GLT1D1,PTPRC,CITED2,CMTM6,ZNF780A,HINFP
gene_set_query	1355	HMX3	1039.0	ARCHS4 Coexpression,1182;Enrichr Queries,869;GTEx Coexpression,1066	PCNA,C1QTNF1,BCL11A,PNOC,CHAMP1,FSCN1,CDK5R2
gene_set_query	1356	HNF1A	1041.0	ARCHS4 Coexpression,1272;Enrichr Queries,982;GTEx Coexpression,868	ACY3,TF,GJB1,C1QTNF1,KDM8,ATP1B1
gene_set_query	1357	ALX3	1042.0	ARCHS4 Coexpression,1585;Enrichr Queries,1315;GTEx Coexpression,225	KCNH3,PTPRN2,C1QTNF1,SLC6A17,NNAT,RIMBP2,LONRF2,CDK5R2
gene_set_query	1358	SAFB2	1042.0	ARCHS4 Coexpression,1349;GTEx Coexpression,735	ZGLP1,MAPK8IP3,HINFP
gene_set_query	1359	ZNF445	1042.0	ARCHS4 Coexpression,831;Enrichr Queries,1385;GTEx Coexpression,911	INPP4A,PIGU,LIN7A,FGF13,MAPK8IP3,CAPS2,HINFP
gene_set_query	1360	ZNF695	1043.0	ARCHS4 Coexpression,355;Enrichr Queries,1332;GTEx Coexpression,1441	PCNA,CXADR,ARHGEF18,SRSF6,FGF13,MAPK8IP3
gene_set_query	1361	HOXC11	1044.0	ARCHS4 Coexpression,1266;Enrichr Queries,1147;ReMap ChIP-seq,294;GTEx Coexpression,1468	SEMA3C,BCL11A,FSCN1,UBE2Z
gene_set_query	1362	NR1I3	1044.0	ARCHS4 Coexpression,1261;Enrichr Queries,1014;GTEx Coexpression,857	HSD11B1,GJB1,C1QTNF1,KDM8,AP2B1,PDZD7
gene_set_query	1363	FOXO3	1045.0	Literature ChIP-seq,112;ARCHS4 Coexpression,1551;Enrichr Queries,1016;GTEx Coexpression,1500	GLTP,PIGU,TSG101,CITED2,YWHAB,CEBPG,DTX4,NUP85,BASP1,LRRC8B,VPS33A,CSNK2A2,CMTM6,ATP1B1,ITFG1,RAB33B,HINFP,KLHL9,RRAGA,UBLCP1,CDKN2AIPNL,GOPC,SRSF6,CPEB2,PTPN3
gene_set_query	1364	PRMT3	1045.0	ARCHS4 Coexpression,829;Enrichr Queries,1286;GTEx Coexpression,1021	DDX18,PCNA,EIF1AX,PSMC2,SLC25A46
gene_set_query	1365	ZBED5	1046.0	ARCHS4 Coexpression,674;GTEx Coexpression,1418	FZD3,TMED9,GNG2,SRSF6,DDOST
gene_set_query	1366	GLIS3	1046.0	ARCHS4 Coexpression,609;Enrichr Queries,1195;GTEx Coexpression,1335	MYO1B,TENM3,SEMA3C,SORBS2,CFAP97,TNFRSF21,PTPN3
gene_set_query	1367	ZNF514	1048.0	ARCHS4 Coexpression,967;Enrichr Queries,649;GTEx Coexpression,1529	PIGU,TMED9,BCL11A,LYRM7,ZNF2,ATP1B1,DDOST
gene_set_query	1368	ARID3C	1050.0	ARCHS4 Coexpression,1253;GTEx Coexpression,847	HSD11B1,GJB1,KDM8
gene_set_query	1369	ETV2	1053.0	Literature ChIP-seq,156;ARCHS4 Coexpression,1569;Enrichr Queries,934;GTEx Coexpression,1554	RPS26,ZNF395,FZD3,GAP43,C1QTNF1,BCL11A,FSCN1,CELF4,ZNF780A,RAB33B
gene_set_query	1370	ZNF32	1054.0	ARCHS4 Coexpression,1271;Enrichr Queries,657;GTEx Coexpression,1234	SLC6A6,PIGU,GNG2,CDKN2AIPNL,CITED2,ATP1B1,DDOST
gene_set_query	1371	ZNF341	1055.0	ARCHS4 Coexpression,1205;Enrichr Queries,1305;GTEx Coexpression,655	GLT1D1,PIGU,IGSF6,RGS19,SORBS2,CCDC22,PDZD7,HINFP
gene_set_query	1372	FOXR1	1055.0	ARCHS4 Coexpression,1364;Enrichr Queries,405;GTEx Coexpression,1397	MYO1B,PCNA,HENMT1,PRKCB,OLFML3,ZGLP1,CHAMP1
gene_set_query	1373	TCF21	1056.0	Literature ChIP-seq,151;ARCHS4 Coexpression,1326;Enrichr Queries,1338;GTEx Coexpression,1409	STXBP1,SLC2A13,CSNK2A2,BHLHE41,UFSP2,ACSL3,OLFML2A,SLC6A6,C1QTNF1,AMMECR1L,OLFML3,CHAMP1,CDC42EP2,FSCN1,SLC17A7,A2M,PDZRN3,CDK5R2,TBC1D16
gene_set_query	1374	LBX2	1056.0	ARCHS4 Coexpression,1232;Enrichr Queries,776;GTEx Coexpression,1160	HSD11B1,TF,C1QTNF1,GJB1,KDM8,FSCN1,RGS10,DDOST
gene_set_query	1375	HOXC8	1056.0	ARCHS4 Coexpression,1481;Enrichr Queries,1170;GTEx Coexpression,517	C1QTNF1,SEMA3C,CITED2,OLFML3,EIF1AX,CHAMP1,GOPC
gene_set_query	1376	HOXA11	1057.0	ARCHS4 Coexpression,1567;Enrichr Queries,1239;GTEx Coexpression,364	SEMA3C,OLFML3,BCL11A,OLFML2A,PDZRN3,CDKL1
gene_set_query	1377	ZNF788P	1057.0	ARCHS4 Coexpression,862;Enrichr Queries,1148;GTEx Coexpression,1162	PIGU,ZNF829,BASP1,FGF13,GABRD,HINFP
gene_set_query	1378	FOXP4	1057.0	ARCHS4 Coexpression,1615;Enrichr Queries,340;GTEx Coexpression,1217	PIGU,BCL11A,CITED2,KIAA1324,FSCN1,SSBP3,NECTIN1
gene_set_query	1379	ZNF727	1058.0	ARCHS4 Coexpression,1308;GTEx Coexpression,808	LINC01197,CHRM1,PCDHB15,PDZRN3
gene_set_query	1380	ZBED6	1059.0	ARCHS4 Coexpression,1059	SEMA3C,SELENOI
gene_set_query	1381	ZNF317	1060.0	ARCHS4 Coexpression,945;Enrichr Queries,771;GTEx Coexpression,1465	PIGU,PTPRC,BCL11A,CITED2,CEBPG,NCKAP1L,SAMSN1
gene_set_query	1382	ZNF277	1061.0	ARCHS4 Coexpression,1314;Enrichr Queries,532;GTEx Coexpression,1336	SQLE,PIGU,CITED2,RGS10,ATP1B1,MAPK8IP3,TNFRSF21
gene_set_query	1383	ZNF232	1061.0	ARCHS4 Coexpression,1250;Enrichr Queries,418;GTEx Coexpression,1515	CXADR,PCNA,BCL11A,CEBPG,PLD6,CWC15
gene_set_query	1384	ZNF491	1062.0	ARCHS4 Coexpression,996;Enrichr Queries,1064;GTEx Coexpression,1127	PIGU,FZD3,GNG2,CITED2,BCL11A,GOPC,LONRF2,SOCS5
gene_set_query	1385	PAX9	1064.0	ARCHS4 Coexpression,1407;Enrichr Queries,1159;GTEx Coexpression,627	NPEPPS,C1QTNF1,BCL11A,SPNS2,RABGGTA,NECTIN1
gene_set_query	1386	PRR12	1065.0	ARCHS4 Coexpression,1111;Enrichr Queries,1058;GTEx Coexpression,1025	MAST3,PLEKHG5,FSCN1,ARHGEF18,MAPK8IP3
gene_set_query	1387	ZNF556	1065.0	ARCHS4 Coexpression,760;Enrichr Queries,938;GTEx Coexpression,1497	ZNF829,PRKCB,SLITRK4,PLD6,PDZD7,HINFP
gene_set_query	1388	ZNF70	1066.0	ARCHS4 Coexpression,571;Enrichr Queries,1273;GTEx Coexpression,1354	PIGU,ZNF829,SLC2A13,UFSP2,PDZD7,HINFP,CDKL1
gene_set_query	1389	ZIM2	1067.0	ARCHS4 Coexpression,1561;Enrichr Queries,34;GTEx Coexpression,1607	PIGU,PTPRN2,PRKCB,ATRNL1,SORBS2,ADCY1,C1QTNF1,RIMBP2,PAK6,GPR158,ANKS1B,KCNH1
gene_set_query	1390	ZNF518A	1067.0	ARCHS4 Coexpression,804;Enrichr Queries,1193;GTEx Coexpression,1205	PIGU,TMED9,CXADR,BCL11A,SRSF6
gene_set_query	1391	MEOX2	1069.0	ARCHS4 Coexpression,1032;Enrichr Queries,897;GTEx Coexpression,1277	LINC01197,C1QTNF1,OLFML3,SORBS2,FGF13,PDZRN3
gene_set_query	1392	TGIF2LX	1070.0	ARCHS4 Coexpression,1254;Enrichr Queries,351;GTEx Coexpression,1604	PEX5L,HENMT1,BCL11A,CELF4,KLHL4,FGF13,SAMD12,AFF2
gene_set_query	1393	FOXN3	1070.0	ARCHS4 Coexpression,1210;Enrichr Queries,1053;GTEx Coexpression,947	PIGU,PTPRN2,PTPRC,CITED2,SORBS2,NCKAP1L,PDZRN3,NUDT14
gene_set_query	1394	ZNF764	1070.0	ARCHS4 Coexpression,1414;Enrichr Queries,1343;GTEx Coexpression,454	RPIA,ZNF808,DLG2,OLFML3,MAD2L1BP,ZNF780A,HINFP
gene_set_query	1395	ZNF148	1071.0	ARCHS4 Coexpression,1317;Enrichr Queries,1375;GTEx Coexpression,520	ZNF808,TMED9,ARMT1,ATP2B1,CFAP97,ZNF268
gene_set_query	1396	AEBP1	1071.0	ARCHS4 Coexpression,1385;GTEx Coexpression,757	C1QTNF1,PLS3,CHSY3,CFAP97
gene_set_query	1397	ZNF683	1072.0	ARCHS4 Coexpression,1233;Enrichr Queries,395;GTEx Coexpression,1588	CX3CR1,IGSF6,PTPRC,MATK,SAMSN1
gene_set_query	1398	ZNF282	1074.0	ARCHS4 Coexpression,1440;Enrichr Queries,1079;GTEx Coexpression,703	PIGU,CITED2,FSCN1,AP2B1,CCDC22,KIFAP3,ITFG1
gene_set_query	1399	MLXIPL	1076.0	ARCHS4 Coexpression,744;Enrichr Queries,1344;GTEx Coexpression,1139	HSD11B1,TF,GJB1,KDM8,ATP1B1,A2M
gene_set_query	1400	DMRTB1	1076.0	ARCHS4 Coexpression,1291;Enrichr Queries,423;GTEx Coexpression,1514	C1QTNF1,PCNA,HENMT1,CDH22,NNAT,SORCS3,KCNH1
gene_set_query	1401	EEA1	1077.0	ARCHS4 Coexpression,820;Enrichr Queries,1282;GTEx Coexpression,1128	PIGU,BAG4,CHMP1A,GOPC,CYBA,ATP2B1,CFAP97
gene_set_query	1402	TIGD5	1077.0	ARCHS4 Coexpression,1590;Enrichr Queries,1062;GTEx Coexpression,579	PIGU,MOCS3,CITED2,CHAMP1,RITA1,FSCN1,MAD2L1BP
gene_set_query	1403	CBLL2	1078.0	ARCHS4 Coexpression,1491;Enrichr Queries,139;GTEx Coexpression,1605	GABBR2,SLC6A17,VSNL1,SYT1,SV2B,CITED2,SORCS3,KCNH1,CAPS2
gene_set_query	1404	CARF	1079.0	ARCHS4 Coexpression,619;GTEx Coexpression,1539	TMED9,FGF13,PDZD7,CAPS2
gene_set_query	1405	ZNF707	1080.0	ARCHS4 Coexpression,1196;Enrichr Queries,826;GTEx Coexpression,1219	HENMT1,CITED2,ARHGEF18,MAPK8IP3,DDOST,PDZD7,HINFP
gene_set_query	1406	ZNF79	1081.0	ARCHS4 Coexpression,1399;Enrichr Queries,1257;GTEx Coexpression,588	PIGU,MOCS3,CITED2,CHAMP1,MAD2L1BP,NIPA2,DDOST
gene_set_query	1407	DMTF1	1082.0	ARCHS4 Coexpression,1169;Enrichr Queries,487;GTEx Coexpression,1590	PIGU,TMED9,PTPRC,SEMA3C,ATP2B1,ATP1B1,SRSF6
gene_set_query	1408	DLX3	1082.0	ARCHS4 Coexpression,1397;Enrichr Queries,774;GTEx Coexpression,1075	GLTP,C1QTNF1,STK24,BCL11A,CITED2,OLFML2A,NECTIN1
gene_set_query	1409	ZNF783	1083.0	ARCHS4 Coexpression,1502;Enrichr Queries,313;GTEx Coexpression,1435	PIGU,PTPRN2,NUP85,BCL11A,DGKA,MAPK8IP3,DDOST,TNFRSF21
gene_set_query	1410	HOXD4	1084.0	ARCHS4 Coexpression,1115;Enrichr Queries,1150;GTEx Coexpression,986	C1QTNF1,OLFML3,CDH24,PDZRN3,CDKL1,TBC1D16
gene_set_query	1411	THAP4	1086.0	ARCHS4 Coexpression,1285;Enrichr Queries,991;GTEx Coexpression,982	PIGU,CDKN2AIPNL,MRPL38,FSCN1,ATP1B1,DDOST
gene_set_query	1412	ZBED4	1086.0	ARCHS4 Coexpression,1511;Enrichr Queries,1104;GTEx Coexpression,644	RPIA,PIGU,PCNA,CITED2,CHAMP1,FSCN1,NIPA2,TNFRSF21
gene_set_query	1413	NKX32	1087.0	ARCHS4 Coexpression,1540;GTEx Coexpression,633	SEMA3C,RGS10,OLFML2A,PDZRN3
gene_set_query	1414	PAX7	1088.0	ARCHS4 Coexpression,1294;Enrichr Queries,645;GTEx Coexpression,1325	FZD3,PTPRN2,CDKN2AIPNL,BCL11A,CDH22,CELF4,SSBP3
gene_set_query	1415	ATF6B	1089.0	ARCHS4 Coexpression,1386;GTEx Coexpression,791	DGKA,LYRM7,CYBA,SRSF6
gene_set_query	1416	ZNF503	1089.0	ARCHS4 Coexpression,1550;Enrichr Queries,687;GTEx Coexpression,1030	LSM11,SEMA3C,CITED2,OLFML3,ATP1B1,PDZRN3
gene_set_query	1417	ARHGAP35	1091.0	ARCHS4 Coexpression,594;GTEx Coexpression,1587	CLSTN3,ADCY1,AP2B1,MAPK8IP3
gene_set_query	1418	TBPL2	1092.0	ARCHS4 Coexpression,1067;GTEx Coexpression,1117	CXADR,CSNK2A2,RGS10,RGS6
gene_set_query	1419	E2F2	1092.0	ARCHS4 Coexpression,1245;Enrichr Queries,1380;GTEx Coexpression,652	RGS19,PCNA,SYK,TALDO1,CYBA,BRI3BP
gene_set_query	1420	HOXB3	1092.0	ARCHS4 Coexpression,1474;Enrichr Queries,915;GTEx Coexpression,888	C1QTNF1,SEMA3C,BCL11A,CDH24,OLFML2A,PDZRN3
gene_set_query	1421	ETV7	1092.0	ARCHS4 Coexpression,927;Enrichr Queries,1404;GTEx Coexpression,946	GLTP,GLT1D1,IGSF6,STK24,DGKA,CYBA
gene_set_query	1422	ZNF511	1093.0	ARCHS4 Coexpression,1004;Enrichr Queries,1138;GTEx Coexpression,1136	PCNA,MRPL38,IDH3B,RITA1,CDK2AP2,DDOST
gene_set_query	1423	CREB3L3	1093.0	ARCHS4 Coexpression,1421;Enrichr Queries,746;GTEx Coexpression,1113	HSD11B1,ACY3,GJB1,C1QTNF1,KDM8
gene_set_query	1424	ZNF385C	1093.0	ARCHS4 Coexpression,818;Enrichr Queries,1099;GTEx Coexpression,1363	PIGU,ZNF829,C1QTNF1,PRKCB,PLD6,PDZD7,HINFP
gene_set_query	1425	NFE2L3	1095.0	ARCHS4 Coexpression,1451;Enrichr Queries,522;GTEx Coexpression,1313	SEMA3C,CITED2,BASP1,CMTM6,FSCN1,ATP1B1,UBE2Z
gene_set_query	1426	ZNF367	1102.0	ARCHS4 Coexpression,807;Enrichr Queries,1334;GTEx Coexpression,1166	PCNA,RGS10,CCDC77,RGS6
gene_set_query	1427	SLC2A4RG	1103.0	ARCHS4 Coexpression,1596;Enrichr Queries,1132;GTEx Coexpression,581	KDM8,FSCN1,AP2B1,SAMD12,PAFAH1B2,DDOST
gene_set_query	1428	PRRX2	1104.0	ARCHS4 Coexpression,1625;Enrichr Queries,968;GTEx Coexpression,719	C1QTNF1,OLFML3,BASP1,PLS3,CHSY3,CFAP97
gene_set_query	1429	HMGA2	1109.0	ARCHS4 Coexpression,1125;Enrichr Queries,1223;GTEx Coexpression,979	TENM3,SEMA3C,CHAMP1,FSCN1,GOPC
gene_set_query	1430	ZNF492	1111.0	ARCHS4 Coexpression,805;GTEx Coexpression,1417	ZNF829,PCNA,PDZD7,HINFP
gene_set_query	1431	PCGF6	1111.0	ARCHS4 Coexpression,877;Enrichr Queries,1287;GTEx Coexpression,1170	PIGU,PCNA,PSMC2,GOPC,MAPK8IP3,SLC25A46
gene_set_query	1432	DOT1L	1112.0	ARCHS4 Coexpression,1443;Enrichr Queries,384;GTEx Coexpression,1508	SLC6A6,PIGU,BCL11A,FSCN1,ATP1B1,MAPK8IP3
gene_set_query	1433	FOXB1	1113.0	ARCHS4 Coexpression,726;Enrichr Queries,1311;GTEx Coexpression,1302	RPS26,FZD3,BCL11A,CWC15,PAFAH1B2,CDKL1
gene_set_query	1434	IKZF2	1117.0	ARCHS4 Coexpression,1405;Enrichr Queries,843;GTEx Coexpression,1102	PIGU,PCNA,BCL11A,CITED2,PNOC,NCKAP1L,ATP1B1
gene_set_query	1435	ZNF688	1117.0	ARCHS4 Coexpression,533;Enrichr Queries,1314;GTEx Coexpression,1505	SLITRK4,PLD5,DDOST,PDZD7,ANKS1B,CDKL1
gene_set_query	1436	ZSCAN4	1118.0	ARCHS4 Coexpression,1363;Enrichr Queries,900;GTEx Coexpression,1090	CXADR,C1QTNF1,STK24,BCL11A,BHLHE41,MAD2L1BP
gene_set_query	1437	ZNF736	1118.0	ARCHS4 Coexpression,1015;GTEx Coexpression,1221	CSNK2A2,ZNF780A,FGF13,CAPS2
gene_set_query	1438	ZNF513	1118.0	ARCHS4 Coexpression,1425;Enrichr Queries,702;GTEx Coexpression,1227	CITED2,PLEKHG5,CHMP1A,CEBPG,MAPK8IP3,DDOST
gene_set_query	1439	IKZF5	1118.0	ARCHS4 Coexpression,811;Enrichr Queries,1082;GTEx Coexpression,1462	PIGU,PTPRC,CITED2,FSCN1,CPEB2,TBC1D16
gene_set_query	1440	HOXA13	1126.0	ARCHS4 Coexpression,1438;Enrichr Queries,1145;GTEx Coexpression,795	SEMA3C,BCL11A,NCR3LG1,PDZRN3,CDKL1
gene_set_query	1441	HOXA6	1126.0	ARCHS4 Coexpression,1337;Enrichr Queries,1152;GTEx Coexpression,889	C1QTNF1,OLFML3,BCL11A,RITA1,GOPC,CDKL1
gene_set_query	1442	NFATC3	1127.0	ARCHS4 Coexpression,1079;Enrichr Queries,1052;GTEx Coexpression,1251	PIGU,MOCS3,PTPRC,PRKCB,NCKAP1L
gene_set_query	1443	CENPX	1130.0	GTEx Coexpression,1130	PLGLB1,DOLPP1
gene_set_query	1444	MGA	1130.0	ARCHS4 Coexpression,1060;Enrichr Queries,1353;GTEx Coexpression,978	ZNF829,TMED9,TEX10,CHMP1A,ATP2B1
gene_set_query	1445	TBX15	1132.0	ARCHS4 Coexpression,1420;Enrichr Queries,678;GTEx Coexpression,1297	SEMA3C,OLFML3,PSMC2,DYRK1B,SORBS2,PDZRN3
gene_set_query	1446	SP6	1133.0	ARCHS4 Coexpression,1140;Enrichr Queries,1351;GTEx Coexpression,909	GLTP,C1QTNF1,STK24,TNFRSF21,NECTIN1
gene_set_query	1447	GLIS2	1135.0	ARCHS4 Coexpression,1063;Enrichr Queries,1348;GTEx Coexpression,993	PCDHB15,FSCN1,PLS3,CDH24
gene_set_query	1448	WIZ	1135.0	ARCHS4 Coexpression,843;Enrichr Queries,1036;GTEx Coexpression,1526	FSCN1,CDH24,MAPK8IP3,DDOST
gene_set_query	1449	ZBTB39	1136.0	ARCHS4 Coexpression,1417;Enrichr Queries,1083;GTEx Coexpression,907	SLC6A6,ZNF829,PIGU,MOCS3,AMMECR1L,PCNA,CITED2
gene_set_query	1450	HOXA3	1137.0	ARCHS4 Coexpression,969;Enrichr Queries,1158;GTEx Coexpression,1284	GNG2,SEMA3C,BCL11A,PRKCB,SAMD12,PDZRN3
gene_set_query	1451	ZNF41	1137.0	ARCHS4 Coexpression,1544;Enrichr Queries,1050;GTEx Coexpression,817	PIGU,CDKN2AIPNL,SEMA3C,LYRM7,ZNF268,SLC25A46
gene_set_query	1452	ZNF292	1138.0	ARCHS4 Coexpression,505;Enrichr Queries,1368;GTEx Coexpression,1542	FZD3,TMED9,CXADR,GNG2,ATP2B1,FGF13
gene_set_query	1453	FOXD2	1138.0	ARCHS4 Coexpression,724;Enrichr Queries,1241;GTEx Coexpression,1450	LINC01197,C1QTNF1,BCL11A,SLITRK4,PLD5,PDZD7,CDKL1
gene_set_query	1454	GTF3A	1139.0	ARCHS4 Coexpression,909;Enrichr Queries,1080;GTEx Coexpression,1429	RPS26,PCNA,CDKN2AIPNL,IDH3B,CDK2AP2,CYBA,DDOST
gene_set_query	1455	HIVEP1	1141.0	ARCHS4 Coexpression,1605;Enrichr Queries,748;GTEx Coexpression,1070	DDX18,EHD4,CITED2,BASP1,ATP2B1,CPEB2
gene_set_query	1456	ZNF768	1145.0	ARCHS4 Coexpression,1572;Enrichr Queries,631;GTEx Coexpression,1232	TMED9,CEBPG,MRPL38,FSCN1,DDOST
gene_set_query	1457	ZNF444	1146.0	ARCHS4 Coexpression,1311;Enrichr Queries,952;GTEx Coexpression,1174	GJB1,ZGLP1,FSCN1,CDK2AP2,MAPK8IP3,DDOST
gene_set_query	1458	ZNF791	1146.0	ARCHS4 Coexpression,837;Enrichr Queries,1179;GTEx Coexpression,1423	ZNF808,PIGU,ZNF829,LYRM7,DDOST,HINFP
gene_set_query	1459	ZNF705D	1146.0	ARCHS4 Coexpression,1356;Enrichr Queries,523;GTEx Coexpression,1560	C1QTNF1,NEGR1,BCL11A,PLEKHG5,SORBS2,ANKS1B
gene_set_query	1460	HSF5	1147.0	ARCHS4 Coexpression,1552;Enrichr Queries,299;GTEx Coexpression,1591	PIGU,C1QTNF1,BMPER,PRKCB,BCL11A,SORCS3
gene_set_query	1461	AHCTF1	1147.0	ARCHS4 Coexpression,1378;Enrichr Queries,825;GTEx Coexpression,1239	DDX18,ZNF829,PIGU,ATP2B1,SRSF6,SELENOI
gene_set_query	1462	GLMP	1150.0	ARCHS4 Coexpression,949;GTEx Coexpression,1350	TMED9,GJB1,CMTM6,DDOST
gene_set_query	1463	SP100	1150.0	ARCHS4 Coexpression,841;Enrichr Queries,1254;GTEx Coexpression,1355	PTPRC,CYBB,NCKAP1L,SAMSN1
gene_set_query	1464	ZNF777	1150.0	ARCHS4 Coexpression,1387;Enrichr Queries,591;GTEx Coexpression,1473	PIGU,CITED2,FSCN1,MAPK8IP3,DDOST
gene_set_query	1465	TERB1	1151.0	ARCHS4 Coexpression,801;GTEx Coexpression,1501	ZNF829,PDZD7,HINFP
gene_set_query	1466	SIX4	1151.0	ARCHS4 Coexpression,703;Enrichr Queries,1198;GTEx Coexpression,1552	CITED2,PRKCB,NCKAP1L,CYBA,ATP1B1,PTPN3
gene_set_query	1467	ZNF747	1154.0	ARCHS4 Coexpression,863;Enrichr Queries,1328;GTEx Coexpression,1272	ZNF829,PRKCB,AP2B1,PDZRN3,PDZD7
gene_set_query	1468	CENPA	1155.0	ARCHS4 Coexpression,1209;GTEx Coexpression,1101	PCNA,TEX10,NIPA2
gene_set_query	1469	PRDM9	1156.0	ARCHS4 Coexpression,1361;Enrichr Queries,819;GTEx Coexpression,1289	C1QTNF1,HENMT1,BCL11A,CITED2,BASP1,PLS3
gene_set_query	1470	KDM2B	1157.0	ARCHS4 Coexpression,1437;GTEx Coexpression,877	GLTP,BCL11A,DGKA,NCKAP1L
gene_set_query	1471	FAM170A	1160.0	ARCHS4 Coexpression,1390;Enrichr Queries,518;GTEx Coexpression,1571	C1QTNF1,HENMT1,BCL11A,B3GALT2,SORCS3,PDZRN3
gene_set_query	1472	HELT	1163.0	ARCHS4 Coexpression,1447;Enrichr Queries,865;GTEx Coexpression,1177	GLTP,TENM3,STK24,BCL11A,CELF4,CDK5R2
gene_set_query	1473	ZNF280A	1164.0	ARCHS4 Coexpression,1587;Enrichr Queries,932;GTEx Coexpression,972	C1QTNF1,SEMA3C,CITED2,KLHL4,BORCS7
gene_set_query	1474	MEOX1	1164.0	ARCHS4 Coexpression,1297;Enrichr Queries,895;GTEx Coexpression,1299	EHD4,C1QTNF1,SEMA3C,OLFML3
gene_set_query	1475	MLXIP	1164.0	ARCHS4 Coexpression,1331;Enrichr Queries,1088;GTEx Coexpression,1073	SLC6A6,PIGU,CITED2,FSCN1,DYRK1B,PAFAH1B2
gene_set_query	1476	CREBZF	1166.0	ARCHS4 Coexpression,1537;Enrichr Queries,844;GTEx Coexpression,1116	PIGU,CITED2,RTF2,SRSF6,ATP1B1
gene_set_query	1477	ASCL2	1166.0	ARCHS4 Coexpression,931;Enrichr Queries,1280;GTEx Coexpression,1288	RGS19,SYK,CITED2,DGKA,FSCN1,CYBA
gene_set_query	1478	ALX4	1166.0	ARCHS4 Coexpression,1332;Enrichr Queries,1140;GTEx Coexpression,1027	C1QTNF1,BMPER,OLFML3,CDK2AP2,FSCN1
gene_set_query	1479	RFX7	1166.0	ARCHS4 Coexpression,1503;Enrichr Queries,807;GTEx Coexpression,1189	PIGU,BCL11A,TEX10,STXBP1,ATP1B1,SLC25A46,AFF2
gene_set_query	1480	HIC2	1167.0	ARCHS4 Coexpression,1276;Enrichr Queries,779;GTEx Coexpression,1446	SLC6A6,PIGU,HENMT1,CITED2,FSCN1,SSBP3
gene_set_query	1481	ZNF460	1167.0	ARCHS4 Coexpression,1072;Enrichr Queries,1396;GTEx Coexpression,1033	RPIA,KLHL9,ZNF808,TMED9
gene_set_query	1482	MTERF3	1168.0	ARCHS4 Coexpression,1151;GTEx Coexpression,1184	GON7,PCNA,PSMC2,MAPK8IP3
gene_set_query	1483	THAP3	1169.0	ARCHS4 Coexpression,1541;Enrichr Queries,733;GTEx Coexpression,1233	PIGU,PLEKHG5,CDK2AP2,CCDC22,DDOST
gene_set_query	1484	SOX7	1169.0	ARCHS4 Coexpression,1335;Enrichr Queries,1341;GTEx Coexpression,832	GLTP,STK24,NANOS3,SPNS2
gene_set_query	1485	FOXN1	1170.0	ARCHS4 Coexpression,1226;Enrichr Queries,1342;GTEx Coexpression,941	GLTP,C1QTNF1,STK24,NECTIN1
gene_set_query	1486	HOXD12	1170.0	ARCHS4 Coexpression,1620;Enrichr Queries,1402;GTEx Coexpression,488	SEMA3C,RGS10,OLFML2A,PDZRN3,CDKL1
gene_set_query	1487	ZBTB26	1170.0	ARCHS4 Coexpression,864;Enrichr Queries,1077;GTEx Coexpression,1570	KLHL9,PIGU,FZD3,GNG2,CITED2,STRBP
gene_set_query	1488	CPXCR1	1172.0	ARCHS4 Coexpression,1538;Enrichr Queries,385;GTEx Coexpression,1594	PEX5L,PTPRN2,CADM2,B3GALT2,PLD5,KLHL4
gene_set_query	1489	HSFY1	1173.0	ARCHS4 Coexpression,1532;GTEx Coexpression,813	KIAA1324,ACSL3,ATP1B1
gene_set_query	1490	FOXN4	1174.0	ARCHS4 Coexpression,989;Enrichr Queries,1008;GTEx Coexpression,1524	C1QTNF1,BCL11A,FSCN1,CDH24,CCDC77,SSBP3
gene_set_query	1491	YBX1	1174.0	ARCHS4 Coexpression,1499;Enrichr Queries,811;GTEx Coexpression,1211	RPS26,ZNF829,PCNA,YWHAB,FSCN1,DDOST
gene_set_query	1492	ARID5B	1175.0	ARCHS4 Coexpression,1094;Enrichr Queries,959;GTEx Coexpression,1472	SEMA3C,CITED2,ATP1B1,SRSF6,PDZD7
gene_set_query	1493	NFATC4	1175.0	ARCHS4 Coexpression,1342;Enrichr Queries,1362;GTEx Coexpression,822	OLFML3,PCDHB15,FSCN1,BRI3BP,PDZRN3
gene_set_query	1494	ZNF236	1185.0	ARCHS4 Coexpression,1181;Enrichr Queries,1379;GTEx Coexpression,994	INPP4A,PIGU,TMED9,TEX10,PLD6
gene_set_query	1495	ZNF724	1186.0	ARCHS4 Coexpression,979;GTEx Coexpression,1392	ZNF829,PCNA,PDZD7,HINFP
gene_set_query	1496	ZNF407	1187.0	ARCHS4 Coexpression,1033;Enrichr Queries,1073;GTEx Coexpression,1455	INPP4A,PIGU,PTPRC,BCL11A,SORBS2
gene_set_query	1497	PITX2	1187.0	ARCHS4 Coexpression,1279;Enrichr Queries,769;GTEx Coexpression,1513	ARMT1,SEMA3C,BCL11A,CITED2,PLS3,PDZRN3
gene_set_query	1498	KLF15	1189.0	ARCHS4 Coexpression,1166;Enrichr Queries,1204;GTEx Coexpression,1197	GRM3,GJB1,CITED2,DGKA,ATP1B1
gene_set_query	1499	BAZ2A	1190.0	ARCHS4 Coexpression,1165;Enrichr Queries,1391;GTEx Coexpression,1013	SLC6A6,RRAGA,EID2,PIGU,ARHGEF18
gene_set_query	1500	ZNF142	1191.0	ARCHS4 Coexpression,1358;Enrichr Queries,1265;GTEx Coexpression,950	INPP4A,PIGU,LSM11,MAPK8IP3,DDOST,HINFP
gene_set_query	1501	HESX1	1193.0	ARCHS4 Coexpression,1292;Enrichr Queries,1100;GTEx Coexpression,1186	PCNA,C1QTNF1,CXADR,BCL11A,EIF1AX,CHAMP1,FGF13
gene_set_query	1502	ZNF729	1195.0	ARCHS4 Coexpression,1128;GTEx Coexpression,1262	LSM11,ARMT1,HENMT1
gene_set_query	1503	ZNF81	1195.0	ARCHS4 Coexpression,800;Enrichr Queries,1364;GTEx Coexpression,1422	INPP4A,ZNF808,PIGU,TMED9,FGF13
gene_set_query	1504	USF3	1196.0	ARCHS4 Coexpression,1131;GTEx Coexpression,1260	TMED9,DDOST,SLC25A46
gene_set_query	1505	CENPS	1196.0	ARCHS4 Coexpression,920;GTEx Coexpression,1471	PCNA,EIF1AX,PSMC2
gene_set_query	1506	TEAD3	1196.0	ARCHS4 Coexpression,1588;Enrichr Queries,684;GTEx Coexpression,1316	PIGU,SEMA3C,CITED2,FSCN1,PDZRN3
gene_set_query	1507	ZNF628	1199.0	ARCHS4 Coexpression,1486;Enrichr Queries,589;GTEx Coexpression,1521	PIGU,CITED2,FSCN1,DYRK1B,DDOST
gene_set_query	1508	NKX28	1199.0	ARCHS4 Coexpression,1264;GTEx Coexpression,1134	HAGLR,HENMT1,FKBP1B,MRPL38
gene_set_query	1509	FOXL2	1200.0	ARCHS4 Coexpression,1406;Enrichr Queries,610;GTEx Coexpression,1584	PTPRN2,C1QTNF1,BCL11A,FSCN1
gene_set_query	1510	RHOXF2	1201.0	ARCHS4 Coexpression,1283;Enrichr Queries,986;GTEx Coexpression,1333	HENMT1,CITED2,PRKCB,DCX,A2M,SAMSN1
gene_set_query	1511	ZNF679	1201.0	ARCHS4 Coexpression,1602;Enrichr Queries,419;GTEx Coexpression,1583	SYK,SEMA3C,BCL11A,BASP1,SAMSN1
gene_set_query	1512	ZNF174	1202.0	ARCHS4 Coexpression,1189;Enrichr Queries,1237;GTEx Coexpression,1181	PIGU,VPS33A,RTF2,MRPL38,RITA1,CPEB2
gene_set_query	1513	ZNF841	1202.0	ARCHS4 Coexpression,1085;Enrichr Queries,1210;GTEx Coexpression,1312	ZNF808,ZNF829,NUP85,TNFRSF21,ANKS1B
gene_set_query	1514	SEBOX	1205.0	ARCHS4 Coexpression,1594;Enrichr Queries,815	C1QTNF1,B3GALT2,NNAT,A2M
gene_set_query	1515	PHF20	1207.0	ARCHS4 Coexpression,763;Enrichr Queries,1302;GTEx Coexpression,1555	PIGU,BAG4,ATP1B1,SRSF6,PAFAH1B2
gene_set_query	1516	GTF2I	1208.0	ARCHS4 Coexpression,1208	FSCN1,AP2B1
gene_set_query	1517	PITX3	1209.0	ARCHS4 Coexpression,1167;Enrichr Queries,889;GTEx Coexpression,1572	C1QTNF1,MCTP1,BHLHE41,DYRK1B,CDK5R2
gene_set_query	1518	ZNF574	1209.0	ARCHS4 Coexpression,1219;Enrichr Queries,967;GTEx Coexpression,1442	ZNF829,PIGU,CHMP1A,FSCN1,MRPL38,DDOST
gene_set_query	1519	HOXB9	1210.0	ARCHS4 Coexpression,1237;Enrichr Queries,936;GTEx Coexpression,1458	C1QTNF1,SEMA3C,NCR3LG1,FSCN1,AP2B1
gene_set_query	1520	ZNF598	1213.0	ARCHS4 Coexpression,1468;Enrichr Queries,1094;GTEx Coexpression,1078	AMMECR1L,STK24,FSCN1,MAPK8IP3,DDOST
gene_set_query	1521	ZNF474	1214.0	ARCHS4 Coexpression,1413;Enrichr Queries,630;GTEx Coexpression,1598	C1QTNF1,SEMA3C,OLFML2A,FGF13,CAPS2
gene_set_query	1522	ZNF99	1215.0	ARCHS4 Coexpression,787;Enrichr Queries,1389;GTEx Coexpression,1469	ZNF829,NEGR1,PDZD7,HINFP
gene_set_query	1523	PLAGL2	1215.0	ARCHS4 Coexpression,1432;Enrichr Queries,842;GTEx Coexpression,1372	SLC6A6,PIGU,PCNA,CITED2,STRBP,ATP1B1
gene_set_query	1524	KDM2A	1216.0	ARCHS4 Coexpression,1095;GTEx Coexpression,1337	SLC6A6,CSNK2A2,ARHGEF18
gene_set_query	1525	POU5F1B	1216.0	ARCHS4 Coexpression,1179;GTEx Coexpression,1253	RPS26,DDX18,KIFAP3
gene_set_query	1526	TBX1	1217.0	ARCHS4 Coexpression,1501;Enrichr Queries,903;GTEx Coexpression,1246	C1QTNF1,BCL11A,FSCN1,DYRK1B
gene_set_query	1527	ZSCAN22	1217.0	ARCHS4 Coexpression,1113;Enrichr Queries,1211;GTEx Coexpression,1328	PIGU,ZNF829,CITED2,CHAMP1,PDZD7
gene_set_query	1528	ZNF479	1220.0	ARCHS4 Coexpression,1621;Enrichr Queries,448;GTEx Coexpression,1592	PTPRN2,BCL11A,PCDHB15,ZNF385B,SORBS2
gene_set_query	1529	ZNF160	1221.0	ARCHS4 Coexpression,1412;Enrichr Queries,935;GTEx Coexpression,1317	ZNF395,PIGU,SRSF6,SFT2D1,DDOST
gene_set_query	1530	ZNF366	1224.0	ARCHS4 Coexpression,1240;Enrichr Queries,908;GTEx Coexpression,1523	PTPRC,IGSF6,AP2B1,A2M,ATP1B1
gene_set_query	1531	GMEB2	1225.0	ARCHS4 Coexpression,1352;Enrichr Queries,1061;GTEx Coexpression,1261	PIGU,SYK,CITED2,FSCN1,ARHGEF18
gene_set_query	1532	NKX24	1230.0	ARCHS4 Coexpression,1459;GTEx Coexpression,1000	ZCCHC12,HENMT1,CDH22
gene_set_query	1533	FOXF1	1234.0	ARCHS4 Coexpression,1618;Enrichr Queries,1201;GTEx Coexpression,884	LSM11,SEMA3C,OLFML3,PDZRN3
gene_set_query	1534	ZSCAN10	1236.0	ARCHS4 Coexpression,1547;Enrichr Queries,719;GTEx Coexpression,1443	BCL11A,OLFML3,NNAT,MATK,GABRD
gene_set_query	1535	ZNF114	1239.0	ARCHS4 Coexpression,888;Enrichr Queries,1359;GTEx Coexpression,1470	ZNF829,SYT1,LYRM4,PDZD7
gene_set_query	1536	ASCL3	1239.0	ARCHS4 Coexpression,1517;Enrichr Queries,1356;GTEx Coexpression,845	TSPAN13,C1QTNF1,KIAA1324,ACSL3
gene_set_query	1537	SIX1	1240.0	ARCHS4 Coexpression,1442;Enrichr Queries,775;GTEx Coexpression,1502	SEMA3C,CITED2,OLFML3,DYRK1B,ATP1B1
gene_set_query	1538	SP3	1241.0	ARCHS4 Coexpression,1106;Enrichr Queries,1355;GTEx Coexpression,1263	PTPRC,CITED2,CMTM6,CFAP97
gene_set_query	1539	ZFP91	1242.0	ARCHS4 Coexpression,1198;Enrichr Queries,1298;GTEx Coexpression,1231	ZNF829,ADK,ATP2B1,AP2B1,UBE2Z
gene_set_query	1540	ZNF473	1246.0	ARCHS4 Coexpression,1568;Enrichr Queries,641;GTEx Coexpression,1530	PIGU,PCNA,CITED2,CEBPG
gene_set_query	1541	DDIT3	1247.0	ARCHS4 Coexpression,1141;Enrichr Queries,1253;GTEx Coexpression,1348	CITED2,CEBPG,CDK2AP2,AP2B1
gene_set_query	1542	ZNF735	1248.0	ARCHS4 Coexpression,1593;GTEx Coexpression,903	HENMT1,VPS33A,PHACTR1
gene_set_query	1543	ZNF654	1250.0	ARCHS4 Coexpression,1031;Enrichr Queries,1199;GTEx Coexpression,1520	GNG2,ACSL3,CPEB2,SLC25A46
gene_set_query	1544	KLF14	1255.0	ARCHS4 Coexpression,1539;Enrichr Queries,970	C1QTNF1,BCL11A,BHLHE41
gene_set_query	1545	TPRX1	1259.0	ARCHS4 Coexpression,1606;Enrichr Queries,720;GTEx Coexpression,1451	C1QTNF1,HENMT1,SEMA3C,DCX,SLC17A7
gene_set_query	1546	POU2AF1	1260.0	ARCHS4 Coexpression,1371;GTEx Coexpression,1149	PCNA,PNOC,CAPS2
gene_set_query	1547	DMRTC2	1260.0	ARCHS4 Coexpression,1191;Enrichr Queries,1165;GTEx Coexpression,1425	ACY3,C1QTNF1,HENMT1,GRIK1
gene_set_query	1548	RXRB	1261.0	ARCHS4 Coexpression,1135;Enrichr Queries,1046;GTEx Coexpression,1603	PIGU,CITED2,ARHGEF18,MAPK8IP3,DDOST
gene_set_query	1549	NOBOX	1263.0	ARCHS4 Coexpression,1238;Enrichr Queries,1163;GTEx Coexpression,1387	C1QTNF1,HENMT1,STRBP,KCNH1
gene_set_query	1550	ESX1	1264.0	ARCHS4 Coexpression,1628;Enrichr Queries,884;GTEx Coexpression,1281	C1QTNF1,HENMT1,FGF13,AFF2
gene_set_query	1551	GSC2	1266.0	ARCHS4 Coexpression,1428;Enrichr Queries,1121;GTEx Coexpression,1250	CORT,C1QTNF1,HENMT1,CDK5R2
gene_set_query	1552	MBD1	1267.0	ARCHS4 Coexpression,1099;Enrichr Queries,1245;GTEx Coexpression,1456	PIGU,ARHGEF18,MAPK8IP3,DDOST
gene_set_query	1553	ZSCAN29	1269.0	ARCHS4 Coexpression,1093;Enrichr Queries,1300;GTEx Coexpression,1413	ZNF829,PIGU,CITED2,STRBP,CHAMP1
gene_set_query	1554	ZNF805	1270.0	ARCHS4 Coexpression,1456;Enrichr Queries,1213;GTEx Coexpression,1140	PIGU,CHAMP1,NIPA2,SSBP3,PGM2L1
gene_set_query	1555	BHLHE23	1277.0	ARCHS4 Coexpression,1424;GTEx Coexpression,1129	PCNA,DOLPP1,PNOC
gene_set_query	1556	KCMF1	1279.0	ARCHS4 Coexpression,1433;Enrichr Queries,808;GTEx Coexpression,1596	PIGU,CITED2,BASP1,ATP1B1,UBE2Z
gene_set_query	1557	THAP12	1280.0	ARCHS4 Coexpression,1612;GTEx Coexpression,948	MAP10,CHAMP1,DDOST
gene_set_query	1558	TGIF2LY	1282.0	ARCHS4 Coexpression,1149;Enrichr Queries,1118;GTEx Coexpression,1578	C1QTNF1,HENMT1,PHACTR1,PTPN3
gene_set_query	1559	TTF1	1282.0	ARCHS4 Coexpression,1137;GTEx Coexpression,1427	DDX18,UFSP2,CWC15
gene_set_query	1560	TCF15	1286.0	ARCHS4 Coexpression,1234;Enrichr Queries,1030;GTEx Coexpression,1593	RPS26,EIF1AX,NNAT,FSCN1,PDZRN3
gene_set_query	1561	ATOH1	1288.0	ARCHS4 Coexpression,1423;Enrichr Queries,890;GTEx Coexpression,1551	MYO1B,PTPRN2,BCL11A,PDZRN3
gene_set_query	1562	HOXC13	1290.0	ARCHS4 Coexpression,1262;Enrichr Queries,1155;GTEx Coexpression,1454	SEMA3C,BCL11A,CITED2,UBE2Z
gene_set_query	1563	NFAT5	1291.0	ARCHS4 Coexpression,1520;Enrichr Queries,1352;GTEx Coexpression,1002	ZNF808,MYPOP,ATP2B1
gene_set_query	1564	FOXF2	1292.0	ARCHS4 Coexpression,1545;Enrichr Queries,1182;GTEx Coexpression,1150	LSM11,SEMA3C,FGF13,PDZRN3
gene_set_query	1565	HOXB6	1295.0	ARCHS4 Coexpression,1445;Enrichr Queries,931;GTEx Coexpression,1509	C1QTNF1,SEMA3C,FSCN1,CDH24
gene_set_query	1566	ZNF580	1297.0	ARCHS4 Coexpression,1339;Enrichr Queries,973;GTEx Coexpression,1579	CITED2,FSCN1,CYBA,DDOST
gene_set_query	1567	MYF6	1302.0	ARCHS4 Coexpression,1453;Enrichr Queries,1178;GTEx Coexpression,1276	CITED2,PSMC2,DYRK1B,ATP1B1
gene_set_query	1568	HMGA1	1305.0	ARCHS4 Coexpression,1500;Enrichr Queries,1231;GTEx Coexpression,1183	PCNA,FSCN1,NIPA2
gene_set_query	1569	C11ORF95	1308.0	GTEx Coexpression,1308	PCDHB15
gene_set_query	1570	ZNF728	1308.0	ARCHS4 Coexpression,1350;GTEx Coexpression,1266	ZNF829,LRRC8B
gene_set_query	1571	GATAD2B	1313.0	ARCHS4 Coexpression,1199;Enrichr Queries,1393;GTEx Coexpression,1346	INPP4A,PIGU,CCDC22,SSBP3
gene_set_query	1572	RORC	1316.0	ARCHS4 Coexpression,1513;Enrichr Queries,1256;GTEx Coexpression,1179	GJB1,RCAN2,MRPL38,ATP1B1,PTPN3
gene_set_query	1573	SRCAP	1318.0	ARCHS4 Coexpression,1410;Enrichr Queries,1306;GTEx Coexpression,1237	PIGU,SRSF6,ATP1B1,MAPK8IP3
gene_set_query	1574	ZNF324	1318.0	ARCHS4 Coexpression,1354;Enrichr Queries,1108;GTEx Coexpression,1493	PIGU,CITED2,FSCN1,MAPK8IP3
gene_set_query	1575	PHF1	1319.0	ARCHS4 Coexpression,1090;GTEx Coexpression,1548	ARHGEF18,MAPK8IP3
gene_set_query	1576	YBX3	1323.0	ARCHS4 Coexpression,1400;GTEx Coexpression,1245	PSMC2,DYRK1B
gene_set_query	1577	NKX11	1324.0	ARCHS4 Coexpression,1608;GTEx Coexpression,1039	ZNF571,NNAT
gene_set_query	1578	RLF	1325.0	ARCHS4 Coexpression,1626;Enrichr Queries,852;GTEx Coexpression,1496	PIGU,CITED2,ATP2B1,ATP1B1
gene_set_query	1579	FIGLA	1325.0	ARCHS4 Coexpression,1112;Enrichr Queries,1313;GTEx Coexpression,1549	C1QTNF1,PCNA,HENMT1
gene_set_query	1580	AHRR	1326.0	ARCHS4 Coexpression,1260;GTEx Coexpression,1391	PCNA,FSCN1,UBE2Z
gene_set_query	1581	DNMT1	1327.0	ARCHS4 Coexpression,1214;GTEx Coexpression,1439	PCNA,HENMT1
gene_set_query	1582	FOXI1	1327.0	ARCHS4 Coexpression,1484;Enrichr Queries,1335;GTEx Coexpression,1161	ACY3,C1QTNF1,PTPRO,ZNF385B
gene_set_query	1583	SPEN	1329.0	ARCHS4 Coexpression,1333;GTEx Coexpression,1324	MTX2,NCR3LG1
gene_set_query	1584	ASCL5	1332.0	ARCHS4 Coexpression,1580;GTEx Coexpression,1083	CDKN2AIPNL,ZNF710
gene_set_query	1585	DMRT3	1332.0	ARCHS4 Coexpression,1144;Enrichr Queries,1310;GTEx Coexpression,1541	FZD3,BCL11A
gene_set_query	1586	SOX30	1335.0	ARCHS4 Coexpression,1563;Enrichr Queries,881;GTEx Coexpression,1562	C1QTNF1,BCL11A,ANKS1B
gene_set_query	1587	GSC	1338.0	ARCHS4 Coexpression,1161;Enrichr Queries,1317;GTEx Coexpression,1535	ZNF571,C1QTNF1,PCNA
gene_set_query	1588	CSRNP1	1340.0	ARCHS4 Coexpression,1163;GTEx Coexpression,1516	CYBA,SAMSN1
gene_set_query	1589	ZNF98	1340.0	ARCHS4 Coexpression,1610;Enrichr Queries,1268;GTEx Coexpression,1141	ZNF710,TM7SF3,FGF13,GPR158
gene_set_query	1590	FOXJ1	1348.0	ARCHS4 Coexpression,1457;Enrichr Queries,1209;GTEx Coexpression,1377	C1QTNF1,FAM174A,NNAT,CAPS2
gene_set_query	1591	HOXC10	1351.0	ARCHS4 Coexpression,1497;Enrichr Queries,1184;GTEx Coexpression,1373	C1QTNF1,SEMA3C,PSMC2,DYRK1B
gene_set_query	1592	PRDM10	1357.0	ARCHS4 Coexpression,1351;Enrichr Queries,1271;GTEx Coexpression,1448	NPEPPS,PIGU,PCNA,ATP2B1
gene_set_query	1593	ZKSCAN8	1361.0	ARCHS4 Coexpression,1287;GTEx Coexpression,1434	MYPOP,NCR3LG1,AP2B1
gene_set_query	1594	CHCHD3	1363.0	ARCHS4 Coexpression,1247;GTEx Coexpression,1478	RPS26,CWC15
gene_set_query	1595	GATA5	1363.0	ARCHS4 Coexpression,1600;Enrichr Queries,886;GTEx Coexpression,1602	C1QTNF1,BMPER,NNAT
gene_set_query	1596	NANOGNB	1370.0	ARCHS4 Coexpression,1449;GTEx Coexpression,1290	HENMT1,PDZD7
gene_set_query	1597	ZNF609	1374.0	ARCHS4 Coexpression,1401;Enrichr Queries,1388;GTEx Coexpression,1334	ZNF829,PIGU,AP2B1
gene_set_query	1598	DPRX	1374.0	ARCHS4 Coexpression,1622;Enrichr Queries,906;GTEx Coexpression,1595	CEBPG,CELF4,ZNF385B
gene_set_query	1599	ZNF705B	1381.0	ARCHS4 Coexpression,1175;GTEx Coexpression,1586	HENMT1,ASAP2
gene_set_query	1600	RFX8	1381.0	ARCHS4 Coexpression,1533;GTEx Coexpression,1229	GOPC
gene_set_query	1601	ISX	1383.0	ARCHS4 Coexpression,1579;Enrichr Queries,1113;GTEx Coexpression,1457	PTPRN2,C1QTNF1,BMPER
gene_set_query	1602	FOSB	1389.0	ARCHS4 Coexpression,1611;Enrichr Queries,1242;GTEx Coexpression,1315	AMMECR1L,CITED2,BASP1
gene_set_query	1603	ZBED9	1390.0	ARCHS4 Coexpression,1268;GTEx Coexpression,1511	SAMD12,CDKL1
gene_set_query	1604	ZBTB32	1393.0	ARCHS4 Coexpression,1529;Enrichr Queries,1291;GTEx Coexpression,1358	ZNF829,BCL11A,FSCN1
gene_set_query	1605	MYRFL	1395.0	ARCHS4 Coexpression,1522;GTEx Coexpression,1268	ACY3
gene_set_query	1606	ZNF487	1400.0	ARCHS4 Coexpression,1382;Enrichr Queries,1218;GTEx Coexpression,1601	BHLHE41,DDOST,PDZD7
gene_set_query	1607	E2F8	1404.0	ARCHS4 Coexpression,1463;Enrichr Queries,1367;GTEx Coexpression,1381	RPIA,PCNA
gene_set_query	1608	ZNF879	1405.0	ARCHS4 Coexpression,1307;GTEx Coexpression,1503	ZNF829
gene_set_query	1609	HOMEZ	1407.0	ARCHS4 Coexpression,1575;Enrichr Queries,1078;GTEx Coexpression,1569	PIGU,CITED2,DDOST
gene_set_query	1610	HOXC12	1411.0	ARCHS4 Coexpression,1383;Enrichr Queries,1403;GTEx Coexpression,1447	STK24,AP2B1
gene_set_query	1611	FOXJ3	1413.0	ARCHS4 Coexpression,1472;Enrichr Queries,1373;GTEx Coexpression,1394	AP2B1,ATP1B1,SLC25A46
gene_set_query	1612	ZNF705G	1416.0	ARCHS4 Coexpression,1243;GTEx Coexpression,1589	FGF13,CAPS2
gene_set_query	1613	TBPL1	1416.0	ARCHS4 Coexpression,1258;GTEx Coexpression,1574	CXADR,RGS10
gene_set_query	1614	ZSCAN5B	1417.0	ARCHS4 Coexpression,1607;Enrichr Queries,1260;GTEx Coexpression,1383	C1QTNF1,HENMT1,A2M
gene_set_query	1615	CDX1	1420.0	ARCHS4 Coexpression,1562;Enrichr Queries,1217;GTEx Coexpression,1481	C1QTNF1,ATP1B1
gene_set_query	1616	ZNF541	1426.0	ARCHS4 Coexpression,1582;Enrichr Queries,1221;GTEx Coexpression,1474	PTPRN2,C1QTNF1
gene_set_query	1617	HOXA10	1436.0	ARCHS4 Coexpression,1369;Enrichr Queries,1394;GTEx Coexpression,1546	DYRK1B
gene_set_query	1618	PA2G4	1441.0	ARCHS4 Coexpression,1507;GTEx Coexpression,1374	PCNA
gene_set_query	1619	ZNF324B	1444.0	ARCHS4 Coexpression,1528;GTEx Coexpression,1359	MOCS3
gene_set_query	1620	LBX1	1446.0	ARCHS4 Coexpression,1480;Enrichr Queries,1308;GTEx Coexpression,1550	C1QTNF1,DYRK1B
gene_set_query	1621	KLF17	1448.0	ARCHS4 Coexpression,1589;Enrichr Queries,1172;GTEx Coexpression,1582	C1QTNF1,NEGR1
gene_set_query	1622	MYSM1	1453.0	ARCHS4 Coexpression,1609;Enrichr Queries,1360;GTEx Coexpression,1389	MYPOP,ATP2B1
gene_set_query	1623	CCDC17	1462.0	ARCHS4 Coexpression,1479;GTEx Coexpression,1445	FAM174A,A2M
gene_set_query	1624	ZNF705E	1475.0	ARCHS4 Coexpression,1571;GTEx Coexpression,1379	ZNF395
gene_set_query	1625	EVX1	1476.0	ARCHS4 Coexpression,1523;Enrichr Queries,1307;GTEx Coexpression,1597	BCL11A
gene_set_query	1626	YBX2	1497.0	ARCHS4 Coexpression,1599;Enrichr Queries,1363;GTEx Coexpression,1528	ATP1B1
gene_set_query	1627	EVX2	1500.0	ARCHS4 Coexpression,1592;Enrichr Queries,1309;GTEx Coexpression,1599	BCL11A
gene_set_query	1628	LIN28A	1532.0	ARCHS4 Coexpression,1526;GTEx Coexpression,1537	
gene_set_query	1629	SPZ1	1550.0	ARCHS4 Coexpression,1536;GTEx Coexpression,1564	
gene_set_query	1630	OVOL3	1555.0	ARCHS4 Coexpression,1597;GTEx Coexpression,1512	
gene_set_query	1631	HSFX2	1570.0	ARCHS4 Coexpression,1570	
gene_set_query	1632	CCDC169SOHLH2	1583.0	ARCHS4 Coexpression,1583	
