Query Name	Rank	TF	Score	Library	Overlapping_Genes
gene_set_query	1	NACC2	9.0	ARCHS4 Coexpression,9;GTEx Coexpression,9	ARHGEF26-AS1,CTNND2,FAM107A,ATN1,SCRN1,MPRIP,CAPNS1,KIF5B,PEA15,KIF5A,PHACTR3,HABP4,KIF1C,BCAS1,APC2,PAQR6,COBL,MAPK8IP2,MTURN,BCAN,TOM1L2,DYNC1LI2,ASPHD1,PKP4,LINC00641,RAPGEF4,ADCYAP1R1,ZBTB47,NDRG2,ZBTB4,ABR,FAM168B,TP53INP2,GPC1,MBP,MAP4,MAPK4,SPTBN1,GDF11,DTNA,NORAD,SMOX,KCNJ9,IGIP,PTPN11,HIPK2,PINK1,VAC14-AS1,PLEKHM2,POLR3H,PNPLA6,BCL2L2
gene_set_query	2	ZNF853	12.5	ARCHS4 Coexpression,11;GTEx Coexpression,14	ARHGEF26-AS1,UBE2D4,CTNND2,FAM107A,ATN1,RIMS3,SCRN1,KIF5B,PEA15,RNPEP,KIF5A,PHACTR3,HABP4,KIF1C,PPFIA3,SNTA1,FBXW4,APC2,SEMA6C,PAQR6,COBL,MAPK8IP2,MTURN,RGMA,BCAN,PPP1R3F,TOM1L2,ASPHD1,LINC00641,RTN2,ADCYAP1R1,ZBTB47,CCDC106,NDRG2,DLL3,ABR,FAM171A2,FAM168B,TP53INP2,GPC1,MAP4,RAB11FIP3,GDF11,DTNA,NORAD,KCNJ9,IGIP,PTPN11,HIPK2,PINK1,CASTOR3,POLR3H
gene_set_query	3	SCX	21.0	ARCHS4 Coexpression,21	RTN2,LAMA5,ATN1,HSPB1,CCDC106,FAM171A2,ARVCF,SNRNP70,KIF5C,ZMIZ2,GPC1,MACROD1,TNKS1BP1,D2HGDH,ZNF787,APC2,SEMA6C,PPP1R14B,PCGF2,PPP1R16A,ANO8,RTN4RL2,PPP1R3F,SMTN,CASTOR3,MAFK,RPL28,PLEC
gene_set_query	4	NKX62	36.0	ARCHS4 Coexpression,36;GTEx Coexpression,36	KCNC1,CTNND2,FAM107A,NDRG2,TRAK2,RIMS3,KIF5C,TP53INP2,KIF5B,PEA15,KIF5A,PHACTR3,PHF24,MBP,MAP4,RAB11FIP4,BCAS1,MAP4K4,FBXW4,APC2,GDF11,PAQR6,KCNJ9,IGIP,COBL,PTPN11,GAB2,MAPK8IP2,MTURN,HIPK2,GNG13,PTP4A2,DYNC1LI2,PINK1,RPS28,ASPHD1,WNK1,RPL37A,TYRO3,PKP4,RAPGEF4
gene_set_query	5	KLF9	36.0	ARCHS4 Coexpression,18;Enrichr Queries,44;ReMap ChIP-seq,20;GTEx Coexpression,62	CAPNS1,MPRIP,CSKMT,FTH1,GJA4,RPL36,MACROD1,ARL6IP4,MAP3K6,PPFIA3,TGM2,TLE1,ENTPD2,DGAT1,PPP1R16A,MTURN,BCAN,TOM1L2,CRISPLD2,DMWD,RAB34,CDC37,TYRO3,S100A6,TAGLN2,NUPR1,RPL29,RPL28,FKBP5,FTL,RTN2,SET,NECAB3,KLC1,NDRG2,ZBTB4,UBC,SERPINH1,MAP4,SPTBN1,PLXNA3,WWTR1,CRTAP,ICMT,CAV2,GADD45A,ZBTB16,CAV1,SIAH1,PYCR1,NR1D1,GADD45G,TBL3,BCL6,MAFF,TRIP6,FNDC10,PLEKHM2,MAFK,BCL2L2,SNED1,HSPB6,HSPB1,ARHGEF10L,PEAR1,CHD2,TIMP3,RPLP2,RAC3,KIF1C,EMILIN1,SNTA1,APC2,ANXA2,ITGA3,TSC22D3,ITGA1,VPS13D,ANO8,ARNT,EMP1,COBL,MED24,SLCO4A1,IRF1,CRY2,ITGA7,PAFAH1B3,PLEC,LAMA5,PLEKHH3,CEBPD,RPL10,SMIM29,ZBTB47,NEDD9,PBXIP1,CCDC106,WDR24,APOLD1,DNAJB1,PDLIM2,MFN2,RPS2,RPL18,GDF11,SEC24B,PPP1R14B,KCNJ9,PDE4DIP,RPL23A,HIPK3,PER1,PINK1,PNPLA6,MSRB1,FAM50A
gene_set_query	6	ATOH8	52.67	ARCHS4 Coexpression,8;Enrichr Queries,94;GTEx Coexpression,56	BCAR3,SNED1,HSPB6,GALNT18,FAM107A,ATN1,HSPB1,PEAR1,SHE,HEY1,MPRIP,GJA4,TIMP3,TNKS1BP1,KIF1C,EMILIN1,MAP3K6,TGM2,SNTA1,ACVR1,ITGA3,TSC22D3,EMP1,TOM1L2,MMP14,CRISPLD2,ITGA7,FKBP9,PAFAH1B3,FKBP5,YAP1,CEBPD,SMIM29,ZBTB47,ADCY4,NEDD9,PRELP,ZBTB4,CYTH3,GPC1,PLXNA2,SERPINH1,MAP4,REPS1,CRTAP,CAV2,ZBTB16,CAV1,PARVA,LAMB1,HIPK3,VASN,GADD45G,NFATC4,PER1,BMP2,SMTN,BCL6,COL5A2,GPR19
gene_set_query	7	SOX18	55.33	ARCHS4 Coexpression,26;Enrichr Queries,81;GTEx Coexpression,59	DOCK6,FLT1,CEBPD,SMIM29,ZBTB47,HSPB6,ADCY4,ATN1,NEDD9,HSPB1,ADIRF,PEAR1,APOLD1,SHE,CDH5,HEY1,CAPNS1,TMEM44,AIFM2,GJA4,CA4,SERPINH1,PLXNA2,TIMP3,TNKS1BP1,KIF1C,TIMP1,MAP3K6,JAM2,SPTBN1,TGM2,WWTR1,CAV2,CAV1,CIDEA,EMP1,LAMB1,LYVE1,HIPK3,GADD45G,SMTN,SLCO4A1,CRISPLD2,CDC37,RHOJ,COL5A2,ITGA7
gene_set_query	8	CENPB	65.0	ARCHS4 Coexpression,156;Enrichr Queries,34;GTEx Coexpression,5	ARHGEF26-AS1,ATN1,HSPB1,CCND3,CAPNS1,RPS19,MPRIP,SNRNP70,KIF5B,FTH1,ZMIZ2,PEA15,PHACTR3,RPL36,KIF1C,TNKS1BP1,ZNF326,RAC1,TIMP1,FGFBP3,BCAS1,FBXW4,PAQR6,RPS9,ANXA2,RPS5,COBL,RPL13A,MOGS,GAB2,MTURN,EEF1A1,BCAN,PTP4A2,DYNC1LI2,ASPHD1,S100A6,PKP4,TAGLN2,NSRP1,PLEC,LRRC59,SET,ZBTB47,SMIM29,RPL12,NDRG2,TRAK2,APH1A,FAM168B,IRAK1,TP53INP2,GPC1,SERPINH1,RPS3,PLXNA1,MBP,MAP4,RPS2,ZNF787,RPL18,RAB11FIP4,MAP4K4,GDF11,PPP1R14B,DTNA,IGIP,PTPN11,SNHG6,HIPK2,WNK1,PLEKHM2,POLR3H,MAFK,PNPLA6,BCL2L2
gene_set_query	9	JUN	67.33	Literature ChIP-seq,117;ARCHS4 Coexpression,49;ENCODE ChIP-seq,32;Enrichr Queries,27;ReMap ChIP-seq,104;GTEx Coexpression,75	RPL3,LINC01354,UBE2D4,POP4,PITPNA,ATN1,CASC3,METRNL,PVR,GPATCH8,CDC14B,TOMM22,CDH5,FBL,LAPTM4A,RPS16,CAPNS1,KIF5C,FTH1,KIF5B,ZMIZ2,KIF5A,SCMH1,RPL36,SLC16A6,RPL35,ZNF844,EIF2D,NUDT16,SBF2,PPFIA3,TGM2,RPS12,PPP1R16A,CSNK1D,SDCBP2,LZTFL1,SYTL2,EEF1A1,TMEM135,SNHG12,ASPHD1,RAB34,CD109,CDC37,SNHG10,S100A6,SRSF4,TAGLN2,PKP4,FKBP9,NUPR1,RPL29,FTL,RTN2,LRRC59,KMT2D,TBC1D19,SET,GSTCD,AKAP17A,KLC1,ZBTB4,ABR,UBC,SERPINH1,MBP,MAP4,MYH7B,WWTR1,DTNA,FOXF2,CAV2,GADD45A,CAV1,SIAH1,PCIF1,OGA,PYCR1,NBEAL2,SNHG6,NR1D1,INHBA,SNHG5,ACADSB,GADD45G,MARCH2,BMP2,TBL3,RPS28,SMTN,RPS27,BCL6,LAS1L,ATG16L1,WNK1,MAFF,TRIP6,BCL2,ECHDC2,MAFK,GTF2IRD1,NOL12,GSTM5,DOCK6,USP35,SERPINA3,SNED1,FLT1,KCNC1,SETD6,ZFAND2A,CITED4,CLTB,HMGB2,HSPB1,PEAR1,CHD2,RND1,HEY1,SNRNP70,RARS,GDAP1L1,FLOT1,TIMP3,RPLP2,TIMP1,RNF150,ARIH1,RAC1,FGFBP3,METTL17,APC2,PLA2G12A,CERS6,ANXA2,TSC22D3,ITGA1,ANO8,EMP1,MYRIP,QRSL1,TOMM40L,EEF1G,PTP4A2,NDUFS8,IRF1,RHOJ,IER3-AS1,DNASE2,PAFAH1B3,RAPGEF4,PLEC,YAP1,LAMA5,RPL10,SMIM29,CEBPD,SLC43A2,ADCY4,NEDD9,BPHL,APOLD1,FOXRED1,TM9SF4,DNAJB1,TAF1D,ELMSAN1,EPCAM,TP53INP2,GPC1,D2HGDH,E2F6,APBB3,ATP9B,EIF4B,SEC24B,PPP1R14B,SMOX,SQOR,PDE4DIP,RPL23A,SOD2,PER1,SLC25A37,PC,EIF3F,EIF3D,TPT1,NECTIN2
gene_set_query	10	ZNF428	69.33	ARCHS4 Coexpression,76;Enrichr Queries,17;GTEx Coexpression,115	ARHGEF26-AS1,CTNND2,TMEM200C,HSPB1,RPL8,RPL9,FBL,RPS16,RPS19,KIF5C,FTH1,PEA15,GDAP1L1,PHACTR3,HABP4,RPL36,RPL35,RPLP2,RPL38,TIMP1,RPS11,APC2,RPS9,RPS5,ANO8,RPL13A,RGMA,BCAN,PPP1R3F,NDUFS8,ASPHD1,MMP17,RPL37A,S100A6,LINC00641,UBA52,PAFAH1B3,PFDN5,ADCYAP1R1,SET,SMIM29,RPL12,RPL36A,CCDC106,NDRG2,DLL3,FAM171A2,ARVCF,RPL13,RPS2,RPL18,GDF11,PPP1R14B,PCGF2,GADD45G,RPS28,RPL27A,POLR3H,RPS20,ANP32B
gene_set_query	11	THRA	69.5	Literature ChIP-seq,147;ARCHS4 Coexpression,16;Enrichr Queries,23;GTEx Coexpression,92	ARHGEF26-AS1,KCNC1,CTNND2,FAM107A,PTEN,ATN1,HSPB1,RIMS3,FTH1,PEA15,KIF5A,HABP4,TIMP3,PHF24,PPFIA3,TGM2,APC2,PAQR6,TSC22D3,PPP1R16A,EMP1,COBL,MAPK8IP2,MTURN,BCAN,TOM1L2,ASPHD1,IRF1,CRY2,LINC00641,UBA52,CAMK1G,FKBP5,PLEC,RAPGEF4,SPTBN4,ADCYAP1R1,SMIM29,ZBTB47,CCDC106,NDRG2,ZBTB4,DLL3,ABR,TP53INP2,PLXNA2,MBP,MAP4,GAS2L1,MAPK4,SPTBN1,MAPK3,WNT10B,DTNA,NORAD,KCNJ9,ZBTB16,CAV1,PCGF2,PDE4DIP,NR1D1,GRIN2C,HIPK2,PINK1,BCL6,TMEM54,VAC14-AS1,BCL2,PLEKHM2,BCL2L2
gene_set_query	12	BCL6B	72.0	ARCHS4 Coexpression,91;Enrichr Queries,26;GTEx Coexpression,99	DOCK6,FLT1,CEBPD,SMIM29,GALNT18,ADCY4,NEDD9,HSPB1,PEAR1,APOLD1,SHE,CDH5,HEY1,TMEM44,GJA4,SERPINH1,PLXNA2,TIMP3,KIF1C,TIMP1,JAM2,SPTBN1,TGM2,MAP4K4,WWTR1,CAV2,RALGAPA2,CAV1,EMP1,LAMB1,LYVE1,GADD45G,MMP14,SMTN,SLCO4A1,CRISPLD2,CDC37,RHOJ,MAFF,COL5A2,S100A6
gene_set_query	13	SIX5	76.0	ARCHS4 Coexpression,15;ENCODE ChIP-seq,84;Enrichr Queries,95;ReMap ChIP-seq,43;GTEx Coexpression,143	ZNF175,RPL3,TAMM41,POP4,MPI,ATN1,RPL8,RPL9,GPATCH8,TOMM22,NDST2,PNN,RPS16,CAPNS1,RPS19,RPS18,CSKMT,FTH1,SCMH1,RPL36,RPL35,EIF2D,RPS11,MAP3K6,PPFIA3,TGM2,RPS9,DGAT1,RPS5,PUS1,PPP1R16A,RPS6,CSNK1D,MOGS,RPSA,MFSD11,TUFM,EEF1A1,ATXN2L,ILF3,SNHG12,RAB34,DMWD,SRSF4,RPL29,SNRNP200,RAF1,RPL28,UBA52,FTL,RTN2,TSTA3,KMT2D,LRRC59,TBC1D19,FHIT,ZBTB4,IRAK1,UBC,SERPINH1,PLXNA1,RDH14,ZNF787,RAB11FIP3,RAB11FIP4,PPP1R26,WWTR1,CRTAP,OGA,PYCR1,PARVA,NR1D1,HARS2,NFATC4,GADD45G,SMTN,TBL3,RPS27,BCL6,LAS1L,ATG16L1,TRIP6,MAFF,MAFK,RPS20,ACO2,NOL12,BCL2L2,GPR19,HSPB6,HSPB1,PPWD1,AATF,SMG6,RPS4X,SNRNP70,RARS,FLOT1,RPLP2,RAC3,TNKS1BP1,KIF1C,EMILIN1,PELP1,RBM14,IFT140,TSC22D3,ANO8,RPL13A,TOMM40L,TAPBP,SUMF1,EEF1G,MMP14,KAT2A,MED24,NDUFS8,EEF1D,HNRNPH1,IRF1,TRAF5,RPL37A,IER3-AS1,PIGL,PAFAH1B3,PFDN5,PLEC,YAP1,TSEN34,LAMA5,PLEKHH3,CEBPD,SMIM29,SLC43A2,RPL12,RPL11,PBXIP1,CCDC106,WDR24,TRAK2,GPC1,RPS3,RPL13,MFN2,RPS2,RPL18,ZNF584,PPP1R14B,TAF12,SMOX,PCGF2,PTPN11,RPL23A,ALDH4A1,PER1,PNPLA6,TARDBP,EIF3D,NECTIN2,MSRB1
gene_set_query	14	ZHX3	78.67	ARCHS4 Coexpression,1;Enrichr Queries,152;GTEx Coexpression,83	BCAR3,CTNND2,ATN1,PPP1CB,SGCD,MPRIP,SCRN1,RNPEP,KIF5A,HABP4,TIMP3,TNKS1BP1,KIF1C,TGM2,SNTA1,PAQR6,ANXA2,TSC22D3,ITGA1,VPS13D,TAP2,TAP1,EMP1,COBL,TEX2,MTURN,RGMA,TAPBP,TOM1L2,DMWD,ITGA7,FKBP5,PLEC,RAPGEF4,ZBTB47,SMIM29,NEDD9,NDRG2,ZBTB4,APH1A,ABR,FAM168B,GPC1,PLXNA2,MBP,MAP4,SPTBN1,MAPK4,MAP4K4,WWTR1,DTNA,FOXF2,KCNJ9,ZBTB16,CAV1,PDE4DIP,PTPN11,PARVA,NBEAL2,HIPK2,SMTN,PINK1,BCL6,WNK1,BCL2,BCL2L2
gene_set_query	15	ZNF664	79.67	ARCHS4 Coexpression,170;Enrichr Queries,56;GTEx Coexpression,13	ARHGEF26-AS1,FAM107A,HMGB2,ATN1,FNBP1L,PPP1CB,MPRIP,KIF5B,FTH1,PEA15,PHACTR3,KIF1C,TNKS1BP1,ZNF326,NUDT16,BCAS1,FBXW4,PLA2G12A,PAQR6,ANXA2,COBL,MTURN,EEF1A1,PTP4A2,DYNC1LI2,ILF3,ASPHD1,HNRNPH1,PEX5,PKP4,SNRNP200,FTL,LRRC59,SET,SMIM29,TRAK2,APH1A,FAM168B,IRAK1,TP53INP2,GSE1,MFN2,MBP,MAP4,TSPAN3,HNRNPA1,RAB11FIP4,SPTBN1,EIF4B,MAP4K4,PPP1R26,GDF11,HNRNPA3,DTNA,ICMT,TAF15,NORAD,IGIP,NEK7,PTPN11,HIPK3,HIPK2,WNK1,HNRNPD,TARDBP,BCL2L2
gene_set_query	16	ZBTB47	81.0	ARCHS4 Coexpression,51;Enrichr Queries,170;GTEx Coexpression,22	UBE2D4,HSPB6,ATN1,MPRIP,KIF5B,RNPEP,PEA15,KIF1C,TIMP3,DGCR6,SNTA1,FBXW4,SEMA6C,PAQR6,COBL,TEX2,ANO5,MTURN,PTP4A2,PPP1R3F,TOM1L2,DYNC1LI2,CRISPLD2,CRY2,TYRO3,RTN2,CEBPD,SMIM29,SLC43A2,NDRG2,ZBTB4,TM9SF4,APH1A,ABR,FAM168B,TP53INP2,GPC1,MFN2,MAP4,SPTBN1,GDF11,WWTR1,MYH7B,KCNJ9,CAV1,NEK7,IGIP,PDE4DIP,PTPN11,SNHG6,SNX21,HIPK3,HIPK2,NFATC4,PINK1,CASTOR3,BCL6,PLEKHM2,ACO2,BCL2L2
gene_set_query	17	KCNIP3	82.0	ARCHS4 Coexpression,74;GTEx Coexpression,90	SPTBN4,ARHGEF26-AS1,ZBTB47,CTNND2,ATN1,C2CD4C,CCDC106,NDRG2,ABR,RIMS3,KIF5C,KIF5A,GDAP1L1,PHACTR3,HABP4,PHF24,MBP,PPFIA3,PAQR6,CA10,KCNJ9,MAPK8IP2,MTURN,BCAN,AGBL4,TOM1L2,KCNS1,ASPHD1,MMP17,POLR3H,CAMK1G,BCL2L2,RAPGEF4
gene_set_query	18	ATF4	86.75	ARCHS4 Coexpression,31;Enrichr Queries,4;ReMap ChIP-seq,187;GTEx Coexpression,125	RPL4,LINC01354,RPL3,RPL8,RPL9,RPS17,RPS16,RPS19,RPS18,PPP4R4,FTH1,SCMH1,KIF5A,RPL36,RPL35,EIF2D,RPL38,RPS11,RPS9,DGAT1,RPS5,RPS6,RPSA,MOGS,MAPK8IP2,TUFM,ATXN2L,EEF1A1,ILF3,RAB37,SNHG10,S100A6,SRSF4,TAGLN2,NUPR1,RPL29,RPL28,FTL,LRRC59,SET,APH1A,IRAK1,UBC,SERPINH1,MAP4,ZNF787,RAB11FIP4,WWTR1,CRTAP,ICMT,FOXF2,GADD45A,PYCR1,PARVA,SMTN,EIF2S3,BCL6,RPL27A,MAFF,MAFK,RPS20,ANP32B,OSCP1,SERPINA3,HSPB6,MTMR14,ZFAS1,HMGB2,HSPB1,RPS4X,RASGEF1A,SNRNP70,GDAP1L1,TNKS1BP1,TIMP3,RPLP2,EMILIN1,ANXA2,TSC22D3,ITGA1,RPL13A,TOMM40L,EEF1G,PTP4A2,MMP14,EEF1D,PEAK1,IRF1,MMP17,RPL37A,PIGL,RAPGEF4,LAMA5,PLEKHH3,NXN,RPL12,RPL11,FOXK2,NEDD9,DNAJB1,FAM168B,ELMSAN1,RPS3,RPS2,RPL18,E2F6,EIF4B,HNRNPA3,PPP1R14B,TAF15,SMOX,HIPK2,HIST3H2A,TMEM54,EIF3F,EIF3D,TPT1,FAM50A
gene_set_query	19	MBD3	88.5	ARCHS4 Coexpression,127;Enrichr Queries,14;ReMap ChIP-seq,162;GTEx Coexpression,51	RPL3,CTNND2,FAM107A,ATN1,RPL8,FBL,RPS19,MPRIP,CAPNS1,ZMIZ2,KIF5A,SLC16A6,RPL36,ARL6IP4,RPL35,RPS11,PPFIA3,RPS9,ENTPD2,DGAT1,RPS5,PPP1R16A,GTPBP6,CSNK1D,MOGS,EEF1A1,ATXN2L,BCAN,PPP1R3F,ILF3,DMWD,RAB34,CDC37,RPL29,RPL28,RTN2,LRRC59,SET,C2CD4C,APH1A,IRAK1,UBC,PLXNA1,ZNF787,GAS2L1,RAB11FIP3,PPP1R26,PYCR1,GNG13,TBL3,RPS28,TRIP6,FNDC10,SPIRE2,HNRNPD,PLEKHM2,GTF2IRD1,MAFK,ANP32B,DOCK6,SNED1,HMGB2,ADIRF,HSPB1,ARHGEF10L,PITPNC1,SNRNP70,CA4,PHACTR3,RPLP2,KIF1C,PELP1,AXIN1,ARNT,RPL13A,EEF1G,NDUFS8,SLCO4A1,HNRNPH1,EEF1D,MMP17,RPL37A,DNASE2,PAFAH1B3,RAPGEF4,PLEC,LAMA5,SMIM29,CCDC106,WDR24,DLL3,ELMSAN1,RPS3,ANKRD54,RPL13,RPS2,RPL18,EIF4B,MAPK3,ZNF584,GDF11,SEC24B,PPP1R14B,FKRP,RPL23A,PER1,POLR3H,PNPLA6
gene_set_query	20	ATF3	96.0	Literature ChIP-seq,15;ARCHS4 Coexpression,309;ENCODE ChIP-seq,5;Enrichr Queries,31;ReMap ChIP-seq,27;GTEx Coexpression,189	RPL4,RPL3,POP4,MT1M,RPL8,RPL9,GOLGA3,PNN,RPS16,CAPNS1,RPS19,FTH1,RPL36,ARL6IP4,RPL38,EIF2D,RPS11,RPS12,RPL21,RNASE4,CSNK1D,MOGS,MFSD11,SYTL2,BCAN,SNHG10,CD109,TAGLN2,CTXN3,RPL29,SPTBN4,AMZ2,MAP4,MYH7B,DTNA,GADD45A,SIAH1,SNHG8,PYCR1,SNHG6,NR1D1,HARS2,GADD45G,TBL3,RPS27,TRIP6,HNRNPD,RPS20,GTF2IRD1,GSTM5,SERPINA3,ZFAND2A,CLTB,LRRC6,AATF,RARS,PEA15,RPLP2,TNKS1BP1,TIMP3,TIMP1,ARIH1,FGFBP3,PRMT5,ANXA2,TSC22D3,EMP1,SUMF1,MED22,LSG1,HNRNPH1,PACS1,RHOJ,PIGL,HNRNPH3,PAFAH1B3,RPL10,SLC43A2,RPL12,NEDD9,CCDC106,METTL21A,WDR24,APOLD1,RPL13,MFN2,RPS2,RPL18,APBB3,ZNF584,PCGF2,SQOR,SNX21,PER1,PNPLA6,TACC2,MSRB1,LINC01354,ATN1,CASC3,METRNL,PVR,TOMM22,PPP1CB,LAPTM4A,CSKMT,NUDT16,SBF2,PPFIA3,TGM2,RPS9,DGAT1,RPS5,PUS1,PPP1R16A,RPS6,TAP2,SDCBP2,LZTFL1,EEF1A1,TOM1L2,ILF3,DMTF1,RAB34,S100A6,CMPK1,NUPR1,RAF1,FTL,RTN2,LRRC59,TBC1D19,GSTCD,KLC1,UBC,LPXN,MBP,ZNF787,POU2F1,CAV2,CAV1,PHF12,PCIF1,OGA,RABL2B,INHBA,BMP2,EIF2S3,BCL6,ATG16L1,MAFF,VAC14-AS1,PLEKHM2,MAFK,DOCK6,SRXN1,NGLY1,PTEN,HMGB2,HSPB1,PPWD1,CHD2,RND1,SNRNP70,FLOT1,PELP1,METTL17,RBM14,ITGA3,ARNT,EEF1G,PTP4A2,NDUFS8,EEF1D,IRF1,RPL37A,ITGA7,NSRP1,LAMA5,PLEKHH3,CEBPD,SMIM29,PBXIP1,DNAJB1,TAF1D,ELMSAN1,HNRNPA1,E2F6,EIF4B,SEC24B,TAF15,TAF12,RPL23A,PTPN11,LINC00909,SOD2,PC,EIF3F,TPT1
gene_set_query	21	RELA	97.83	Literature ChIP-seq,58;ARCHS4 Coexpression,81;ENCODE ChIP-seq,3;Enrichr Queries,153;ReMap ChIP-seq,75;GTEx Coexpression,217	RPL4,CTNND2,GALNT18,ATN1,CASC3,RPL9,PVR,CDC14B,NDST2,PPP1CB,CCND3,RPS16,CAPNS1,RPS19,KIF5C,CSKMT,FTH1,KIF5B,ZMIZ2,DHX58,SLC16A6,RPL35,RPL38,RPS11,TBC1D10A,TGM2,RPS12,RPS9,TLE1,USP4,RPS5,RPS6,TAP2,TAP1,MOGS,RPSA,CSNK1D,RNASE4,CYS1,MAPK8IP2,MFSD11,TUFM,ATXN2L,EEF1A1,PPP1R3F,ILF3,TMEM135,SNHG12,ASPHD1,RAB34,CDC37,DMWD,S100A6,SRSF4,TAGLN2,CTXN2,RPL29,RPL28,FTL,FKBP5,RTN2,KMT2D,LRRC59,PRDM15,ZBTB4,APH1A,ABR,IRAK1,DHRS7B,UBC,SERPINH1,CDH23,LPXN,MBP,ZNF787,RREB1,WNT10B,GADD45A,CAV1,SIAH1,PCIF1,OGA,SNHG8,CIDEA,NBEAL2,NR1D1,INHBA,HARS2,SNHG5,TBL3,RPS28,BMP2,RPS27,EIF2S3,PAN3,BCL6,LAS1L,RPL27A,MAFF,TRIP6,BCL2,HNRNPD,PLEKHM2,MAFK,NOL12,BCAR3,SERPINA3,MTMR14,ZFAS1,PTEN,HMGB2,HSPB1,CHD2,RND1,RPS4X,HEY1,SNRNP70,GDAP1L1,RPLP2,TNKS1BP1,EMILIN1,ARIH1,APC2,RBM14,ANXA2,ARNT,RPL13A,ANO5,PATL1,TAPBP,EEF1G,PTP4A2,MED22,NDUFS8,SDHAF2,PACS1,IRF1,RPL37A,CRY2,CHI3L2,HNRNPH3,NSRP1,PAFAH1B3,PLEC,PLEKHH3,CEBPD,RPL10,SMIM29,RPL11,RPL36A,NEDD9,PBXIP1,CCDC106,METTL21A,WDR24,BPHL,FOXRED1,TAF1D,ELMSAN1,RPS3,RPL13,RPS2,HNRNPA1,RPL18,RPL17,ATP9B,APBB3,JAM2,MAPK3,ZNF584,USP24,PPP1R14B,HNRNPA3,NORAD,TAF12,RPL23A,SOD2,HIPK3,PER1,SLC25A37,PNPLA6,TPT1
gene_set_query	22	IRF3	104.8	ARCHS4 Coexpression,260;ENCODE ChIP-seq,57;Enrichr Queries,22;ReMap ChIP-seq,168;GTEx Coexpression,17	GALNT18,SAT2,RPL8,RPL9,PNN,LAPTM4A,CCND3,RPS16,RPS19,CAPNS1,RPS18,FTH1,ZMIZ2,DHX58,SAP130,HABP4,ARL6IP4,ZNF844,SLC25A42,NUDT16,RPS11,SEMA6C,RPS9,RPS5,GTPBP6,TAP2,TAP1,MOGS,RNASE4,CSNK1D,TEX2,LZTFL1,MFSD10,EEF1A1,TOM1L2,PPP1R3F,SNHG10,CDC37,SRSF4,GSAP,TAGLN2,RPL28,ZNF554,FTL,TBC1D19,NECAB3,GSTCD,AKAP17A,FHIT,IRAK1,DHRS7B,UBC,LPXN,TSPAN3,ZNF787,FAM120AOS,PHF12,IFT122,NBEAL2,MARCH2,RPS28,RPS27,EIF2S3,BCL6,LAS1L,RPL27A,HNRNPD,KYAT3,NOL12,BCL2L2,OSCP1,USP35,HSPB6,ZFAND2A,AKAP8L,HMGB2,HSPB1,PPWD1,CHD2,RND1,SNRNP70,RNPEP,RAC3,RPLP2,TIMP1,METTL17,PRMT5,RBM14,CERS6,ANXA2,IFT140,ANO8,RPL13A,QRSL1,TOMM40L,TAPBP,LSG1,MED24,NDUFS8,HNRNPH1,EEF1D,PACS1,IRF1,CRY2,PAFAH1B3,PLEC,PLEKHH3,MVK,RPL10,CEBPD,SMIM29,SLC43A2,RPL11,FOXK2,PBXIP1,CCDC106,WDR24,FOXRED1,UNG,DNAJB1,FAM168B,ARVCF,RPS3,ANKRD54,D2HGDH,RPS2,RPL18,HNRNPA1,RPL17,ATP9B,APBB3,MAPK3,ZNF584,TAF12,PCGF2,PTPN11,SNX21,TYW1B,ALDH4A1,PER1,SLC25A37,PC,HIST3H2A,TTLL3,POLR3H,EIF3F,NAXD,PNPLA6,TARDBP,EIF3D,MSRB1
gene_set_query	23	CXXC1	107.0	ARCHS4 Coexpression,209;Enrichr Queries,25;GTEx Coexpression,87	RPL3,SMIM29,AKAP8L,HSPB1,AKAP17A,RPL8,APH1A,PNN,CCND3,RPS19,SNRNP70,ZMIZ2,FTH1,UBC,RPS3,MAP3K21,ZNF525,RPS2,RPL18,METTL17,RBM14,RPS9,ANXA2,RPS5,GTPBP6,RPL13A,TAP1,PTPN11,MOGS,NBEAL2,MFSD10,EEF1A1,ATXN2L,KAT2A,ILF3,PAN3,HNRNPH1,EEF1D,CDC37,PNPLA6,RPL29,RPL28,PLEC
gene_set_query	24	SOX9	107.8	Literature ChIP-seq,34;ARCHS4 Coexpression,324;Enrichr Queries,110;ReMap ChIP-seq,34;GTEx Coexpression,37	ARHGEF26-AS1,CTNND2,GALNT18,PITPNA,FAM107A,ATN1,CIB2,CCND3,LAPTM4A,RPS16,RIMS3,OPHN1,CSKMT,FTH1,SAP130,KIF5A,RPS11,PPFIA3,TGM2,ENTPD2,DGAT1,RPS5,PPP1R16A,MOGS,CSNK1D,MAPK8IP2,MFSD11,SYTL2,BCAN,PPP1R3F,DYNC1LI2,ILF3,TMEM135,CRISPLD1,DMTF1,DMWD,RAB34,SRARP,S100A6,TYRO3,TAGLN2,NUPR1,RPL28,UBA52,RTN2,SPTBN4,LRRC59,ADCYAP1R1,SET,NECAB3,IGSF1,NDRG2,ABR,UBC,SERPINH1,CDH23,TSPAN3,GAS2L1,RREB1,RAB11FIP4,PLXNA3,PPP1R26,DTNA,FOXF2,GADD45A,CAV2,LRBA,CAV1,PYCR1,NBEAL2,NR1D1,INHBA,GRIN2C,HARS2,GADD45G,GNG13,TBL3,BMP2,RPS27,BCL6,VAC14-AS1,TRIP6,MAFF,COL5A2,BCL2,ECHDC2,MAFK,NOL12,FLT1,HSPB6,NGLY1,HSPB1,ARHGEF10L,CHD2,AATF,PITPNC1,SHD,OSBPL10,SGCD,HEY1,ZIC2,SCRN1,AIFM2,PEA15,RNPEP,GDAP1L1,PHACTR3,RPLP2,TNKS1BP1,TIMP3,SH3BGRL2,TIMP1,RNF150,ARIH1,FGFBP3,APC2,ANXA2,ITGA3,TSC22D3,ANO8,AXIN1,EMP1,RPL13A,RGMA,SUMF1,EEF1G,MED22,MED24,IRF1,RHOJ,PEX5,ACSBG1,DNASE2,PAFAH1B3,LAMA5,RPL10,SMIM29,CEBPD,SLC43A2,NEDD9,CCDC106,ADCY8,WDR24,DLL3,DNAJB1,PDLIM2,GPC1,BRD9,D2HGDH,RPS2,RPL18,ATP9B,MAPK4,JAM2,MAP4K4,ZNF584,PPP1R14B,SEC24B,FKRP,NORAD,KCNJ11,SMOX,PCGF2,RPL23A,HIPK2,PER1,HIST3H2A,TMEM54,TACC2,NECTIN2,TPT1
gene_set_query	25	FOSL2	110.6	ARCHS4 Coexpression,333;ENCODE ChIP-seq,26;Enrichr Queries,24;ReMap ChIP-seq,7;GTEx Coexpression,163	RPL4,RPL3,TAMM41,CTNND2,POP4,ATN1,SBF2-AS1,CASC3,METRNL,RPL8,TOMM22,LAPTM4A,RPS16,CAPNS1,KIF5C,CSKMT,FTH1,RPL36,RPL38,EIF2D,SBF2,TGM2,RPS12,RPS9,ENTPD2,DGAT1,RPS5,PUS1,RPS6,TAP2,RNASE4,CSNK1D,MOGS,TUFM,EEF1A1,PPP1R3F,SNHG12,CRISPLD2,DMWD,RAB34,CD109,SNHG10,S100A6,TAGLN2,SRSF4,NUPR1,RPL29,RPL28,FTL,FKBP5,RTN2,LRRC59,KMT2D,TBC1D19,GSTCD,KLC1,ZBTB4,UBC,SERPINH1,GSE1,LPXN,AMZ2,GADD45A,CAV1,PYCR1,NBEAL2,NR1D1,INHBA,SNHG5,GADD45G,RPS27,BCL6,LAS1L,ATG16L1,MAFF,VAC14-AS1,TRIP6,KYAT3,PLEKHM2,MAFK,NOL12,BCAR3,SERPINA3,ZFAND2A,HSPB1,CHD2,AATF,RND1,AIFM2,FLOT1,TNKS1BP1,RPLP2,RAC3,TIMP3,EMILIN1,TIMP1,APC2,PRMT5,RBM14,ANXA2,ITGA3,TSC22D3,ARNT,EMP1,GAB2,EEF1G,PTP4A2,MED22,MMP14,NDUFS8,EEF1D,IRF1,RPL37A,ITGA7,IER3-AS1,PIGL,NSRP1,PAFAH1B3,PLEC,TSEN34,LAMA5,PLEKHH3,CEBPD,RPL10,SMIM29,SLC43A2,NEDD9,PBXIP1,CCDC106,METTL21A,WDR24,FOXRED1,TM9SF4,PDLIM2,EPCAM,TP53INP2,RPS3,RPL13,RPS2,APBB3,SEC24B,PPP1R14B,HNRNPA3,FKRP,SMOX,IGIP,RPL23A,LAMB1,LINC00909,PER1,PC,EIF3F,PNPLA6
gene_set_query	26	DEAF1	113.8	ARCHS4 Coexpression,45;Enrichr Queries,313;ReMap ChIP-seq,11;GTEx Coexpression,86	CTNND2,MPI,FAM107A,ATN1,METRNL,NDST2,RIMS3,CAPNS1,RPS19,KIF5C,RPS18,CSKMT,KIF5A,MACROD1,TRIM26,PPFIA3,RPS9,PAQR6,DGAT1,GTPBP6,RNASE4,MAPK8IP2,MTURN,BCAN,PPP1R3F,TOM1L2,SNHG12,ASPHD1,SNHG10,CMPK1,TAGLN2,RAF1,RPL28,ZNF554,FTL,FKBP5,RTN2,SPTBN4,NDRG2,FHIT,ZBTB4,APH1A,ABR,FAM171A2,UBC,SERPINH1,ZNF426,RAB11FIP3,GADD45A,ZBTB16,SNHG8,HARS2,SNHG5,RPS27,BCL6,TRIP6,PLEKHM2,ANP32B,BCL2L2,GPR19,HSPB6,AKAP8L,CLTB,HMGB2,PTEN,HSPB1,ASGR1,PHTF1,GDAP1L1,ZNF280C,PHACTR3,PHF24,RPLP2,RAC3,EMILIN1,APC2,ZNF483,IFT140,TSC22D3,ANO8,AXIN1,TOMM40L,TAPBP,EEF1G,NDUFS8,PACS1,MMP17,PAFAH1B3,RAPGEF4,PLEC,TSEN34,SMIM29,FOXK2,PBXIP1,CCDC106,ADCY8,APOLD1,TM9SF4,DLL3,TRAK2,ARVCF,RPS2,RPL18,HNRNPA1,MAPK3,PPP1R14B,KCNJ9,HIPK2,PER1,PNPLA6,NAXD,TPT1,NECTIN2
gene_set_query	27	TEAD3	116.3	ARCHS4 Coexpression,82;Enrichr Queries,70;GTEx Coexpression,197	YAP1,LAMA5,LRRC59,CEBPD,SMIM29,NXN,ATL2,ATN1,HSPB1,PPP1CB,CAPNS1,GPC1,SCMH1,SERPINH1,TIMP3,TNKS1BP1,PLXNA1,KIF1C,EMILIN1,MAP4,TGM2,WWTR1,FOXF2,ANXA2,ITGA3,GADD45A,CAV1,ITGA1,PYCR1,PARVA,MOGS,LAMB1,VASN,NFATC4,GADD45G,SMTN,MMP14,BCL6,RAB34,IRF1,MAFF,TRIP6,MAFK,RAMP1,NECTIN2,PLEC
gene_set_query	28	ELK3	117.3	Literature ChIP-seq,4;ARCHS4 Coexpression,109;Enrichr Queries,42;GTEx Coexpression,314	PRDM8,PITPNA,PVR,CDC14B,CDH5,CCND3,FTH1,SAP130,MACROD1,RPL35,ARL6IP4,MAP3K6,TGM2,ACVR1,FBXW4,TLE1,TAP1,RNASE4,SDCBP2,WDR77,ATXN2L,EEF1A1,SNHG12,RAB37,CD109,ETHE1,S100A6,CMPK1,TAGLN2,PKP4,SRSF4,FKBP9,FTL,FKBP5,KLC1,ABR,UBC,SERPINH1,SMYD2,PLXNA2,PLXNA1,ZNF787,GAS2L1,WWTR1,CAV2,GADD45A,CAV1,PHF12,NEK7,PCIF1,PARVA,INHBA,NR1D1,NFATC4,MARCH2,TBL3,SMTN,BMP2,BCL6,WNK1,COL5A2,MAFF,ECHDC2,MAFK,DOCK6,SNED1,SRXN1,HSPB1,PEAR1,CHD2,SHE,PEA15,RNPEP,TIMP3,SH3BGRL2,TNKS1BP1,RAC3,EMILIN1,TIMP1,FGFBP3,PLA2G12A,RBM14,ANXA2,ITGA3,IFT140,AXIN1,EMP1,PTP4A2,MMP14,NDUFS8,IRF1,RHOJ,CRY2,HNRNPH3,PFDN5,PLEC,LAMA5,PLEKHH3,CEBPD,SMIM29,ZBTB47,RPL11,ADCY4,NEDD9,CYTH3,D2HGDH,HNRNPA1,ZNF584,USP24,GDF11,TAF12,SMOX,PDE4DIP,LAMB1,HIPK3,SLC25A37,PER1,PC,EIF3F,PNPLA6,TARDBP,NECTIN2
gene_set_query	29	SMAD3	118.4	Literature ChIP-seq,83;ARCHS4 Coexpression,30;Enrichr Queries,262;ReMap ChIP-seq,55;GTEx Coexpression,162	RPL4,RPL3,ATN1,RPL8,PVR,CDC14B,RPS16,MPRIP,CAPNS1,CSKMT,HABP4,ZNF326,TRIM26,SBF2,RPS12,TGM2,TLE1,DAPK1,CSNK1D,MOGS,MAPK8IP2,MFSD11,LRRC37B,SYTL2,DMTF1,RAB34,CD109,S100A6,TYRO3,SRSF4,TAGLN2,KMT2D,LRRC59,KLC1,ABR,KLC4,IRAK1,UBC,SERPINH1,SMYD2,PLXNA2,PLXNA1,GSE1,LPXN,MAP4,RREB1,SPTBN1,WWTR1,GADD45A,CAV1,RARRES2,RABL2B,IFT122,NBEAL2,USB1,PARVA,NR1D1,SNHG5,ACADSB,VASN,GADD45G,TBL3,PAN3,BCL6,ATG16L1,RPL27A,RIOX2,MAFF,TRIP6,BCL2,MAFK,GTF2IRD1,GPR19,BCAR3,SNED1,ZFAS1,SETD6,CLTB,HSPB1,CHD2,PHTF1,RPS4X,SCRN1,RASGEF1A,FLOT1,TNKS1BP1,RPLP2,TIMP3,KIF1C,DGCR6,METTL17,ANXA2,ITGA3,TSC22D3,ANO8,EMP1,EEF1G,PTP4A2,MMP14,PACS1,HNRNPH1,IRF1,RHOJ,ARHGEF3,ITGA7,HNRNPH3,CAMK1G,PLEC,YAP1,LAMA5,RPL10,SMIM29,CEBPD,RPL12,NEDD9,PBXIP1,APOLD1,TM9SF4,DNAJB1,FAM168B,PDLIM2,EPCAM,GPC1,RPS3,MFN2,RPS2,RPL18,MAP4K4,SEC24B,PPP1R14B,KCNJ9,SMOX,SQOR,PDE4DIP,RPL23A,LAMB1,ALDH4A1,SLC25A37,PER1,PC,STK17A,TPT1
gene_set_query	30	NME2	120.7	ARCHS4 Coexpression,71;ReMap ChIP-seq,290;GTEx Coexpression,1	RPL4,LINC01354,GALNT16,ZFAS1,SETD6,CIB2,RPL8,PEAR1,RPL9,PVR,TOMM22,FBL,RPS17,RPS16,SGCD,RPS19,SPR,RPS18,RARS,NMRK1,KIF5A,RPL36,MACROD1,RPL35,RPLP2,RPL38,EIF2D,RPS11,ATXN7L2,RPL39,TBC1D10A,RPS12,CHST8,RPS9,CERS6,RPL21,ANXA2,RPS5,RPS6,ITGA1,RPSA,MYRIP,TMEM170B,WDR77,TUFM,EEF1G,EEF1D,RAB34,RPL37A,RPL29,RPL28,LRRC59,SPTBN4,SET,PLEKHH3,RPL10,RPL12,COL11A1,RPL11,RPL36A,PRELP,TM9SF4,CUX2,IRAK1,DHRS7B,RPS3,RPS2,RPL18,ZNF346,RPL17,CLVS1,PPP1R14B,PHF12,SNHG8,PYCR1,RPL23A,RPS28,EIF2S3,RPL27A,TRIP6,HNRNPD,RPS20,EIF3F,ANP32B,EIF3D
gene_set_query	31	YY1	124.5	Literature ChIP-seq,50;ARCHS4 Coexpression,59;ENCODE ChIP-seq,9;Enrichr Queries,87;ReMap ChIP-seq,50;GTEx Coexpression,492	RPL4,ZNF175,RPL3,RPL8,GPATCH8,PNN,RPS17,RPS16,RPS19,FTH1,RPL36,RPL35,EIF2D,RPS11,ATXN7L2,ACVR1,ENTPD2,RPL21,RNASE4,CSNK1D,MOGS,DNAAF4,MFSD11,WDR77,PPP1R3F,INPP4B,DYNC1LI2,CDC37,UBA52,SET,NECAB3,ZBTB4,GSE1,SPTBN1,ICMT,SIAH1,NBEAL2,NR1D1,SNHG5,TBL3,RPS28,RPS27,WNK1,TRIP6,HNRNPD,KYAT3,RPS20,ANP32B,INTS8,GPR19,ZNF254,EFCAB5,SMG6,RPLP2,RAC3,RAC1,PRMT5,IFT140,ANO8,TOMM40L,SUMF1,MED22,LSG1,MED24,SDHAF2,HNRNPH1,MPPED2,RBM12B,IER3-AS1,RPL10,RPL12,ATL2,RPL11,CCDC106,ADCY8,WDR24,APOLD1,TM9SF4,TRAK2,RPS3,RPL13,RPS2,RPL18,ZNF346,APBB3,RPL17,GDF11,PCGF2,HIPK3,PER1,AGBL4,PNPLA6,TARDBP,MPI,ATN1,CASC3,TOMM22,PPP1CB,FBL,CSKMT,KIF5B,SCMH1,ZNF326,NUDT16,SBF2,CSGALNACT1,FBXW4,DGAT1,USP4,RALGAPA2,PPP1R16A,RPS6,RPSA,TUFM,EEF1A1,ILF3,TMEM135,RAB34,DMWD,NUPR1,PLA2R1,RAF1,FTL,RTN2,LRRC59,KLC1,FHIT,KLC4,IRAK1,UBC,POU2F1,PHF12,PCIF1,IFT122,INHBA,EIF2S3,BCL6,RIOX2,ACO2,BCL2L2,AKAP8L,PTEN,HSPB1,PPWD1,CHD2,RPS4X,SGCD,RNPEP,FLOT1,PGM2,EMILIN1,PELP1,RBM14,COMMD10,RBM18,VPS13D,RPL13A,ARNT,QRSL1,TAPBP,EEF1G,PTP4A2,NDUFS8,EEF1D,IRF1,RPL37A,ITGA7,NSRP1,PFDN5,PLEC,TSEN34,LAMA5,PLEKHH3,RPL36A,PBXIP1,BPHL,FOXRED1,TAF1D,PDLIM2,HNRNPA1,ATP9B,E2F6,EIF4B,REPS1,USP24,PPP1R14B,HNRNPA3,SEC24B,FKRP,TAF12,DTNBP1,PDE4DIP,RPL23A,SLC25A37,EIF3F,TPT1
gene_set_query	32	SRF	127.5	Literature ChIP-seq,56;ARCHS4 Coexpression,177;ENCODE ChIP-seq,8;Enrichr Queries,230;ReMap ChIP-seq,112;GTEx Coexpression,182	RPL3,TUSC3,IFT172,POP4,PITPNA,MPI,ATN1,GXYLT1,RPL8,RPL9,CASC1,TOMM22,PPP1CB,FBL,CCND3,LAPTM4A,RPS16,FRAT2,RPS19,CAPNS1,RPS18,CSKMT,ZMIZ2,SCMH1,RPL36,SLC25A42,RPS11,SBF2,PPFIA3,TBC1D10A,TGM2,RPS9,TLE1,MIGA2,DGAT1,USP4,RPS5,GTPBP6,MOGS,RPSA,MFSD11,TEX2,TMEM170B,ATXN2L,BCAN,ILF3,TMEM135,SNHG12,DMTF1,DMWD,RAB34,CDC37,SNHG10,CMPK1,TAGLN2,RAF1,FKBP5,RTN2,LRRC59,SPTBN4,KMT2D,MAGED1,APH1A,KLC4,ABR,IRAK1,UBC,ZNF787,WWTR1,FOXF2,GADD45A,CAV1,PHF12,PCIF1,SNHG8,IFT122,PARVA,NBEAL2,SNHG6,NR1D1,HARS2,SNHG5,ACADSB,GADD45G,MARCH2,SMTN,TBL3,BCL6,MAFF,FNDC10,BCL2,KYAT3,PLEKHM2,MAFK,ACO2,DNAL4,BCL2L2,SRXN1,ZFAS1,ZFAND2A,SETD6,AKAP8L,PTEN,HSPB1,PPWD1,CHD2,SMG6,RND1,SGCD,SPR,SNRNP70,FLOT1,RPLP2,KIF1C,TIMP3,TNKS1BP1,EMILIN1,RNF150,ARIH1,METTL17,PRMT5,IFT140,RBM18,ITGA1,KCNAB3,TAPBP,SUMF1,EEF1G,MED22,NDUFS8,HNRNPH1,IRF1,TRAF5,RHOJ,RPL37A,CRY2,ITGA7,IER3-AS1,FAM193A,PIGL,NSRP1,PFDN5,PLEC,TSEN34,LAMA5,RPL10,CEBPD,SMIM29,SLC43A2,PBXIP1,CCDC106,METTL21A,WDR24,FOXRED1,TM9SF4,FAM168B,ANKRD54,MFN2,D2HGDH,RPS2,RPL18,HNRNPA1,ATP9B,APBB3,EIF4B,ZNF584,PPP1R14B,TAF15,PDE4DIP,RPL23A,SNX21,SOD2,ALDH4A1,PER1,SLC25A37,POLR3H,PNPLA6,TARDBP,RAMP1,EIF3D,TPT1,MSRB1
gene_set_query	33	SOX13	129.8	ARCHS4 Coexpression,146;Enrichr Queries,74;ReMap ChIP-seq,146;GTEx Coexpression,153	RPL3,ATN1,CDH5,LAPTM4A,FRAT2,FTH1,GJA4,HABP4,MAP3K6,RPS11,RPS12,TGM2,TLE1,PPP1R16A,RNASE4,CSNK1D,MOGS,MFSD11,EEF1A1,ILF3,RAB34,SNHG10,TYRO3,TAGLN2,FTL,ZBTB4,UBC,SERPINH1,PLXNA2,GSE1,RAB11FIP3,PPP1R26,CRTAP,CAV2,GADD45A,ZBTB16,CAV1,NR1D1,GADD45G,TBL3,BCL6,RPL27A,VAC14-AS1,SPIRE2,MAFK,GTF2IRD1,BCL2L2,BCAR3,DOCK6,SERPINA3,ADIRF,HSPB1,PEAR1,ASGR1,RND1,SPR,ZIC2,HEY1,FLOT1,TIMP3,TNKS1BP1,KIF1C,PELP1,ANXA2,TSC22D3,ARNT,RPL13A,EMP1,TOMM40L,RGMA,MED22,NDUFS8,IRF1,IER3-AS1,PAFAH1B3,PLEC,LAMA5,PLEKHH3,CEBPD,SMIM29,ADCY4,NEDD9,METTL21A,FAM168B,PDLIM2,ELMSAN1,RPS2,E2F6,MAP4K4,PCGF2,RPL23A,LAMB1,HIPK3,PER1,PC,TACC2,NECTIN2,MSRB1
gene_set_query	34	PPARG	132.8	Literature ChIP-seq,35;ARCHS4 Coexpression,158;Enrichr Queries,142;ReMap ChIP-seq,154;GTEx Coexpression,175	RPL4,LINC01354,POP4,GALNT18,METRNL,PVR,PPP1CB,CDH5,LAPTM4A,RPS17,RPS16,MPRIP,CSKMT,KIF5C,FTH1,GJA4,SCMH1,SAP130,SBF2,TGM2,ACVR1,TLE1,DAPK1,RALGAPA2,RNASE4,TMEM170B,SDCBP2,WDR77,TMEM135,SNHG12,SNHG10,CD109,S100A6,GSAP,TAGLN2,SRSF4,NUPR1,PLA2R1,RAF1,RPL28,FTL,FKBP5,LRRC59,ADCYAP1R1,KLC1,ABR,UBC,SERPINH1,GSE1,LPXN,RDH14,MBP,TSPAN3,RREB1,PRELID3B,WWTR1,CRTAP,CAV2,GADD45A,CAV1,ZBTB16,PHF12,NEK7,CIDEA,PARVA,NR1D1,INHBA,GADD45G,RPS28,BMP2,BCL6,ADCK2,RIOX2,MAFF,VAC14-AS1,COL5A2,BCL2,HNRNPD,KYAT3,PLEKHM2,MAFK,GTF2IRD1,ACO2,DOCK6,BCAR3,PRR5,SNED1,HSPB6,SRXN1,ZFAND2A,MTMR14,NGLY1,PTEN,HSPB1,ADIRF,ARHGEF10L,PEAR1,AATF,PITPNC1,OSBPL10,RND1,SHE,SPR,AIFM2,TMEM44,RNPEP,RPLP2,TIMP3,TNKS1BP1,PGM2,EMILIN1,TIMP1,DGCR6,RAC1,NINL,SNTA1,CERS6,FOXD1,ANXA2,ITGA3,IFT140,TSC22D3,COMMD10,ITGA1,VPS13D,EMP1,RTN4RL2,MYRIP,SUMF1,COMMD5,EEF1G,PTP4A2,IRF1,CRY2,CHI3L2,ITGA7,ACSBG1,PIGL,CAMK1G,MVK,SMIM29,CEBPD,ATL2,ADCY4,NEDD9,GDPD2,PBXIP1,PRELP,ADCY8,APOLD1,TM9SF4,UNG,EPCAM,ELMSAN1,D2HGDH,RPL18,HNRNPA1,MAP4K4,USP24,HNRNPA3,SEC24B,FKRP,TAF15,SQOR,PDE4DIP,LYVE1,HIPK2,PER1,PC,EIF3F,PNPLA6,TPT1,NECTIN2
gene_set_query	35	BHLHE41	133.0	ARCHS4 Coexpression,148;GTEx Coexpression,118	ZBTB47,HSPB6,NDRG2,ZBTB4,TRAK2,ABR,TP53INP2,PEA15,PHACTR3,KIF1C,MBP,MAP4,HNRNPA1,BCAS1,SNTA1,PAQR6,DTNA,NORAD,KCNJ9,IGIP,PDE4DIP,LYVE1,MTURN,HIPK2,PPP1R3F,TOM1L2,DYNC1LI2,PINK1,ASPHD1,PLEKHM2,PKP4,LINC00641,BCL2L2
gene_set_query	36	ZNF219	136.0	ARCHS4 Coexpression,40;Enrichr Queries,228;GTEx Coexpression,140	ATN1,HSPB1,CAPNS1,SNRNP70,ZMIZ2,SCMH1,TNKS1BP1,KIF1C,EMILIN1,RNF150,TIMP1,PELP1,RPS9,ITGA3,ITGA1,PPP1R16A,ANO8,MED22,MMP14,ILF3,RAB34,S100A6,ITGA7,NUPR1,PLEC,LAMA5,CEBPD,SMIM29,ATL2,CCDC106,NDRG2,ZBTB4,APH1A,FAM171A2,ARVCF,TP53INP2,GPC1,SERPINH1,PLXNA1,ZNF787,RAB11FIP3,PPP1R26,WWTR1,CRTAP,PPP1R14B,FOXF2,GADD45A,CAV1,PCGF2,PARVA,VASN,NFATC4,SMTN,BCL6,TRIP6,MAFK,NECTIN2
gene_set_query	37	DBX2	139.0	ARCHS4 Coexpression,73;Enrichr Queries,332;GTEx Coexpression,12	ARHGEF26-AS1,CTNND2,FAM107A,PITPNC1,OPHN1,HEY1,KIF5C,PEA15,PHACTR3,TIMP3,BCAS1,SNTA1,APC2,PAQR6,DCC,SLC6A11,MYRIP,MTURN,RGMA,BCAN,ASPHD1,RHOJ,ITGA7,ACSBG1,PKP4,LINC00641,ADCYAP1R1,SMIM29,GDPD2,ADCY8,NDRG2,DLL3,TP53INP2,TSPAN3,RAB11FIP4,MAPK4,JAM2,GDF11,CA10,DTNA,NORAD,SMOX,GADD45A,ZBTB16,IGIP,PCIF1,GRIN2C,HIPK2,BCL6,VAC14-AS1,POLR3H,RAMP1,GSTM5
gene_set_query	38	PRRX1	139.3	ARCHS4 Coexpression,77;Enrichr Queries,165;GTEx Coexpression,176	YAP1,SNED1,SMIM29,ZBTB47,HSPB6,COL11A1,PRELP,PEAR1,CYTH3,SGCD,GPC1,SERPINH1,TIMP3,TNKS1BP1,EMILIN1,TIMP1,MAP4,SBF2,TGM2,ACVR1,WWTR1,CRTAP,ANXA2,CAV2,CAV1,NEK7,ARNT,EMP1,LAMB1,PARVA,INHBA,VASN,NFATC4,INPP4B,MMP14,CRISPLD2,CD109,COL5A2,RHOJ,S100A6,FKBP9
gene_set_query	39	PRRX2	139.7	ARCHS4 Coexpression,99;Enrichr Queries,98;GTEx Coexpression,222	YAP1,CEBPD,SMIM29,COL11A1,HSPB1,METRNL,CYTH3,SGCD,GPC1,SERPINH1,TIMP3,PLXNA1,TNKS1BP1,EMILIN1,TIMP1,TGM2,ACVR1,CRTAP,PPP1R14B,FOXD1,ANXA2,CAV1,NEK7,EMP1,PARVA,LAMB1,INHBA,VASN,GADD45G,NFATC4,MMP14,BMP2,SMTN,CRISPLD1,CRISPLD2,RAB34,CD109,TRIP6,COL5A2,S100A6,FKBP9,NUPR1
gene_set_query	40	NFIC	140.8	ARCHS4 Coexpression,7;ENCODE ChIP-seq,74;Enrichr Queries,212;ReMap ChIP-seq,82;GTEx Coexpression,329	RPL4,LINC01354,RPL3,UBE2D4,ATN1,CASC3,RPL9,TOMM22,PPP1CB,NDST2,LAPTM4A,RPS16,OPHN1,CAPNS1,MPRIP,FTH1,ZMIZ2,SCMH1,MACROD1,RPL35,RPL38,MAP3K6,SBF2,TGM2,RPS9,RPL21,PUS1,RPS6,RNASE4,RPSA,LZTFL1,TUFM,EEF1A1,TOM1L2,CRISPLD2,RAB34,TAGLN2,RPL29,SNRNP200,UBA52,FKBP5,KMT2D,NECAB3,NDRG2,ZBTB4,ABR,UBC,SERPINH1,GSE1,RDH14,MBP,MAP4,RREB1,RAB11FIP3,SPTBN1,CRTAP,GADD45A,ZBTB16,CAV1,NEK7,SNHG8,OGA,PARVA,NR1D1,HARS2,SNHG5,VASN,RPS28,SMTN,RPS27,BCL6,WNK1,RPL27A,VAC14-AS1,PLEKHM2,GTF2IRD1,MAFK,BCL2L2,TRAM2-AS1,SNED1,HSPB6,ZFAS1,HSPB1,PPWD1,CHD2,RARS,FLOT1,TIMP3,TNKS1BP1,KIF1C,EMILIN1,SNTA1,RBM14,FOXD1,ANXA2,ITGA3,EMP1,RPL13A,RGMA,EEF1G,LATS1,PTP4A2,LSG1,EEF1D,IRF1,RPL37A,ITGA7,IER3-AS1,DNASE2,PIGL,HNRNPH3,PAFAH1B3,PLEC,LAMA5,PLEKHH3,ZBTB47,CEBPD,SMIM29,NXN,NEDD9,WDR24,APOLD1,FOXRED1,EPCAM,ELMSAN1,GPC1,RPL13,MFN2,RPS2,HNRNPA1,RPL18,E2F6,APBB3,PPP1R14B,HNRNPA3,TAF15,KCNJ11,PCGF2,RPL23A,LAMB1,HIPK2,PER1,PINK1,TACC2,EIF3D,TPT1
gene_set_query	41	FOXK1	143.3	ARCHS4 Coexpression,152;Enrichr Queries,88;ReMap ChIP-seq,118;GTEx Coexpression,215	IFT172,MPI,ATN1,CASC3,RPL9,CASC1,GOLGA3,FBL,CCND3,FRAT2,CAPNS1,MPRIP,ZMIZ2,SCMH1,SAP130,RPL38,RPS11,RPS5,MOGS,CSNK1D,MFSD11,ATXN2L,ILF3,DMWD,RPL29,SNRNP200,UBA52,ZNF554,RTN2,KMT2D,IGSF1,KLC1,ZBTB4,KLC4,ABR,IRAK1,PLXNA2,LPXN,PLXNA1,GSE1,RREB1,SPTBN1,ZBTB16,NEK7,SNHG8,IFT122,NR1D1,HARS2,TBL3,SMTN,RPS27,BCL6,WNK1,GTF2IRD1,MAFK,ACO2,HSPB6,SETD6,MTMR14,HMGB2,PPWD1,HSPB1,CHD2,SMG6,SNRNP70,RNPEP,SH3BGRL2,TNKS1BP1,KIF1C,ARIH1,PELP1,CHST8,ZNF483,ANXA2,IFT140,RBM18,VPS13D,RPL13A,SUMF1,LSG1,PEAK1,NSRP1,ZNF510,PLEC,LAMA5,SMIM29,FOXK2,PBXIP1,WDR24,UNG,FAM168B,ELMSAN1,EIF4B,LINC00632,MAP4K4,ZNF584,TAF12,HIPK2,PER1,HIST3H2A,TACC2,EIF3D
gene_set_query	42	ZNF581	143.3	ARCHS4 Coexpression,4;Enrichr Queries,10;GTEx Coexpression,416	RPL4,RPL3,HMGB2,HSPB1,MT1X,RPL8,TOMM22,RPS4X,FBL,RPS16,FRAT2,RPS19,RPS18,FTH1,RPL36,RPLP2,ARL6IP4,TIMP1,RPS11,PRMT5,RPS9,RPS5,TSC22D3,RPS6,AXIN1,RPL13A,RPSA,PATL1,MFSD10,TUFM,EEF1A1,EEF1G,EEF1D,RAB34,S100A6,TAGLN2,RPL29,RPL28,PAFAH1B3,UBA52,FTL,TSEN34,CEBPD,SMIM29,RPL10,RPL12,CCDC106,RPS3,RPS2,ZNF787,RPL18,TAF12,RPL23A,EIF2S3,HIST3H2A,BCL6,RPL27A,EIF3F,EIF3D
gene_set_query	43	MYRF	148.0	ARCHS4 Coexpression,23;GTEx Coexpression,273	SPTBN4,ATN1,NDRG2,ABR,RIMS3,MPRIP,TP53INP2,PEA15,KIF5A,PHACTR3,PHF24,KIF1C,MBP,MAP4,RAB11FIP4,SPTBN1,PPFIA3,BCAS1,MAP4K4,PAQR6,KCNJ9,COBL,GRIN2C,MAPK8IP2,MTURN,HIPK2,PTP4A2,TOM1L2,DYNC1LI2,ASPHD1,PKP4,BCL2L2,RAPGEF4
gene_set_query	44	SOX17	148.8	Literature ChIP-seq,71;ARCHS4 Coexpression,303;Enrichr Queries,140;GTEx Coexpression,81	RPL3,PVR,CDH5,LAPTM4A,RPS16,FTH1,GJA4,RPL38,RPS11,TGM2,TLE1,DAPK1,RPS5,GTPBP6,RNASE4,RPSA,TEX2,EEF1A1,PPP1R3F,TMEM135,FNDC4,CDC37,TAGLN2,RTN2,TBC1D19,SERPINH1,PLXNA2,SMYD2,MBP,FOXF2,CAV2,GADD45A,ZBTB16,CAV1,PHF12,NEK7,CIDEA,OGA,BMP2,RPS27,WNK1,RPL27A,MAFF,COL5A2,RIOX2,RPS20,DOCK6,FLT1,HSPB1,PEAR1,RND1,SHE,HEY1,AIFM2,TMEM44,SNRNP70,RARS,CA4,TIMP3,RPLP2,DGCR6,PELP1,COMMD10,EMP1,RPL13A,ARNT,GAB2,TOMM40L,PTP4A2,LSG1,MED24,SLCO4A1,RHOJ,PLEKHH3,CEBPD,RPL10,ATL2,ADCY4,NEDD9,ADCY8,APOLD1,TM9SF4,RPS3,HNRNPA1,E2F6,JAM2,EIF4B,MAP4K4,SEC24B,LAMB1,RPL23A,HIPK3,PER1,EIF3F,TACC2,PNPLA6,TARDBP,NECTIN2
gene_set_query	45	TP53	148.8	Literature ChIP-seq,45;ARCHS4 Coexpression,6;Enrichr Queries,568;ReMap ChIP-seq,119;GTEx Coexpression,6	RPL3,TUSC3,ATN1,RPL8,FBL,RPS16,RPS19,CAPNS1,RPS18,CSKMT,FTH1,RPL36,RPL35,ARL6IP4,EIF2D,RPS11,RPL39,SBF2,RPS12,FBXW4,RPS9,TLE1,DGAT1,RPL21,USP4,RPS5,PUS1,PPP1R16A,RPS6,RPSA,CSNK1D,MOGS,MTURN,EEF1A1,PPP1R3F,ILF3,SNHG12,RAB34,S100A6,RPL29,SNRNP200,RPL28,UBA52,FTL,LRRC59,SET,NDRG2,APH1A,UBC,PLXNA1,GSE1,AMZ2,RDH14,MAP4,GADD45A,LRBA,CAV1,PHF12,NEK7,GRIN2C,RPS28,TBL3,SMTN,EIF2S3,BCL6,RPL27A,TRIP6,HNRNPD,BCL2,MAFK,PRR5,SRXN1,CITED4,PTEN,HSPB1,EFCAB5,RPS4X,SPR,TMEM44,RARS,RNPEP,RPLP2,RAC3,EMILIN1,DGCR6,PELP1,RBM14,ANXA2,ITGA3,EEF1G,MMP14,LSG1,IRF1,CHI3L2,ARHGEF3,PAFAH1B3,PLEC,YAP1,LAMA5,CEBPD,RPL10,SLC43A2,RPL12,RPL11,RPL36A,FOXK2,PBXIP1,CCDC106,WDR24,APOLD1,UNG,PDLIM2,GPC1,RPS3,RPL13,RPS2,RPL18,HNRNPA1,APBB3,EIF4B,MAP4K4,MAPK3,PPP1R14B,IGIP,PDE4DIP,RPL23A,SOD2,PER1,PC,STK17A,EIF3F,EIF3D
gene_set_query	46	EGR1	150.0	Literature ChIP-seq,7;ARCHS4 Coexpression,447;ENCODE ChIP-seq,41;Enrichr Queries,72;ReMap ChIP-seq,65;GTEx Coexpression,268	RPL4,ARHGEF26-AS1,RPL3,RPL8,FNBP1L,GPATCH8,NDST2,GOLGA3,RPS17,RPS16,RPS19,CAPNS1,OPHN1,RPS18,FTH1,ZMIZ2,PPP4R4,SAP130,HABP4,RPL35,ARL6IP4,EIF2D,RPL38,TRIM26,ATXN7L2,TBC1D10A,RPS12,ENTPD2,DAPK1,MOGS,SLC6A11,CSNK1D,MFSD11,MAPK8IP2,SYTL2,MFSD10,BCAN,PPP1R3F,DYNC1LI2,FNDC4,CRISPLD2,CDC37,CD109,TAGLN2,GSAP,RPL29,UBA52,RPL28,TSTA3,SPTBN4,ADCYAP1R1,NECAB3,SET,PRDM15,APH1A,ABR,SERPINH1,GSE1,AMZ2,RREB1,RAB11FIP3,SPTBN1,RAB11FIP4,FAM120AOS,PRELID3B,PPP1R26,WNT10B,MYH7B,NTNG2,ICMT,FOXF2,GADD45A,LRBA,SIAH1,PYCR1,PARVA,NR1D1,GRIN2C,HARS2,VASN,GADD45G,TBL3,SMTN,ADCK2,WNK1,RPL27A,TRIP6,HNRNPD,KYAT3,RPS20,GTF2IRD1,ANP32B,GSTM5,KCNC1,ZFAND2A,LRRC6,AATF,ASGR1,SHE,HEY1,TMEM44,PEA15,ZNF280C,RPLP2,RAC3,TIMP3,TNKS1BP1,TIMP1,NINL,APC2,CHST8,ZNF483,FOXD1,ANXA2,IFT140,TSC22D3,ANO8,EMP1,GAB2,RGMA,MED22,LSG1,SDHAF2,SLCO4A1,PACS1,MPPED2,MMP17,IER3-AS1,PAFAH1B3,RAPGEF4,YAP1,RPL10,COL11A1,ATL2,NEDD9,CCDC106,METTL21A,ADCY8,WDR24,APOLD1,ARVCF,CUX2,GPC1,ANKRD54,MFN2,BRD9,RPS2,RPL18,JAM2,MAP4K4,ZNF584,GDF11,MPP3,CA10,PCGF2,SNX21,ALDH4A1,PER1,AGBL4,STK17A,TACC2,PNPLA6,TARDBP,MSRB1,PRDM8,TUSC3,CTNND2,MPI,ATN1,GXYLT1,METRNL,PVR,TOMM22,PPP1CB,CDH5,CCND3,RIMS3,CSKMT,KIF5C,SCMH1,KIF5A,SLC16A6,MACROD1,SLC25A42,MAP3K6,SBF2,PPFIA3,TGM2,SEMA6C,MIGA2,DGAT1,RPS5,PUS1,PPP1R16A,TAP2,TAP1,RPSA,CYS1,TEX2,TUFM,ATXN2L,EEF1A1,ILF3,DMTF1,DMWD,RAB34,S100A6,PKP4,NUPR1,FKBP9,PLA2R1,SNRNP200,FKBP5,RTN2,GSTCD,KLC1,NDRG2,KLC4,UBC,SMYD2,PLXNA2,CDH23,PLXNA1,MAP3K21,MBP,GAS2L1,PLXNA3,CAV2,CAV1,ZBTB16,RARRES2,OGA,IFT122,INHBA,BMP2,BCL6,ATG16L1,MAFF,SPIRE2,BCL2,MAFK,BCL2L2,BCAR3,PRR5,DOCK6,HSPB6,SRXN1,AKAP8L,PTEN,HMGB2,HSPB1,ARHGEF10L,PHTF1,SGCD,SCRN1,RASGEF1A,ZIC2,SNRNP70,RNPEP,FLOT1,PHACTR3,PGM2,EMILIN1,PLA2G12A,RBM14,CERS6,VPS13D,AXIN1,RPL13A,COBL,RTN4RL2,MYRIP,PATL1,TAPBP,PTP4A2,EEF1D,IRF1,CDH10,TRAF5,CRY2,ITGA7,PFDN5,ZNF510,PLEC,TSEN34,LAMA5,PLEKHH3,CEBPD,SMIM29,ZBTB47,NXN,FOXK2,PBXIP1,ACVR1B,FOXRED1,DLL3,CYTH3,DNAJB1,ELMSAN1,TP53INP2,E2F6,ATP9B,CLVS1,MAPK3,PPP1R14B,SEC24B,KCNJ11,TAF12,KCNJ9,DTNBP1,PDE4DIP,RPL23A,PTPN11,LAMB1,LINC00909,SLC25A37,PINK1,PC,TPT1
gene_set_query	47	ZNF384	153.0	ARCHS4 Coexpression,268;ENCODE ChIP-seq,11;Enrichr Queries,357;ReMap ChIP-seq,45;GTEx Coexpression,84	ARHGEF26-AS1,CTNND2,IFT172,POP4,FAM107A,ATN1,CASC3,FNBP1L,TOMM22,PNN,GOLGA3,CCND3,RPS16,RPS19,CAPNS1,CSKMT,ZMIZ2,PPP4R4,KIF5B,GJA4,SCMH1,DHX58,SLC16A6,RPL38,RPS11,VPS39,PPFIA3,RPS12,SEMA6C,ENTPD2,MIGA2,DAPK1,RALGAPA2,PUS1,PPP1R16A,MOGS,CSNK1D,MFSD11,TEX2,MTURN,LZTFL1,TUFM,ATXN2L,ILF3,SNHG12,RAB34,CDC37,TYRO3,SRSF4,TAGLN2,NUPR1,SNRNP200,RAF1,UBA52,RPL28,FTL,RTN2,KMT2D,SPTBN4,LRRC59,TBC1D19,SET,MAGED1,IGSF1,AKAP17A,FHIT,APH1A,UBC,SERPINH1,GSE1,AMZ2,RREB1,POU2F1,BICRAL,LRBA,PHF12,PCIF1,USB1,NBEAL2,NR1D1,SNHG5,NFATC4,GADD45G,MARCH2,TBL3,RPS28,PAN3,BCL6,LAS1L,WNK1,ATG16L1,MAFF,BCL2,MAFK,GTF2IRD1,INTS8,BCL2L2,GPR19,FLT1,SRXN1,AKAP8L,CITED4,CLTB,HSPB1,PPWD1,CHD2,PITPNC1,SNRNP70,PEA15,PHACTR3,FLOT1,RPLP2,RAC1,METTL17,SNTA1,APC2,PRMT5,COMMD10,RPL13A,ARNT,EMP1,GAB2,TOMM40L,PATL1,TAPBP,PTP4A2,MMP14,KAT2A,HNRNPH1,PACS1,RPL37A,IER3-AS1,DNASE2,CAMK1G,PLEC,RPL10,COL11A1,ADCY4,FOXK2,CCDC106,APOLD1,TM9SF4,DLL3,UNG,DNAJB1,TAF1D,EPCAM,ELMSAN1,TP53INP2,GPC1,ANKRD54,RPS2,RPL18,HNRNPA1,MAPK4,MAPK3,REPS1,GDF11,PPP1R14B,FKRP,TAF15,NORAD,SQOR,PDE4DIP,PTPN11,RPL23A,PER1,PNPLA6,EIF3D,MSRB1
gene_set_query	48	USF2	153.4	ARCHS4 Coexpression,524;ENCODE ChIP-seq,60;Enrichr Queries,11;ReMap ChIP-seq,114;GTEx Coexpression,58	ZNF175,ARHGEF26-AS1,UBE2D4,CTNND2,IFT172,PITPNA,FAM107A,SAT2,CASC3,RPL8,PVR,CCND3,LAPTM4A,RPS16,CAPNS1,RPS19,CSKMT,FTH1,ZMIZ2,DHX58,RPL36,MACROD1,RPL38,RPS11,ATXN7L2,PPFIA3,FBXW4,RPS9,MIGA2,RPS5,PUS1,PPP1R16A,RNASE4,RPSA,CSNK1D,MFSD11,LZTFL1,TUFM,EEF1A1,BCAN,PPP1R3F,ILF3,ASPHD1,SNHG10,S100A6,TAGLN2,SRSF4,RPL29,RAF1,UBA52,RPL28,FTL,FKBP5,RTN2,TSTA3,ADCYAP1R1,TBC1D19,SET,KIF9-AS1,NDRG2,APH1A,KLC4,ABR,UBC,ZNF426,AMZ2,TSPAN3,ZNF787,RAB11FIP4,PPP1R26,DTNA,GADD45A,PCIF1,PYCR1,IFT122,NR1D1,HARS2,ACADSB,RPS28,SMTN,RPS27,BCL6,LAS1L,ATG16L1,VAC14-AS1,TRIP6,MAFF,PLEKHM2,BCL2L2,ZNF254,NGLY1,PTEN,HMGB2,HSPB1,PPWD1,CHD2,OSBPL10,RPS4X,SNRNP70,ZNF280C,PHACTR3,FLOT1,RPLP2,SNTA1,METTL17,PELP1,APC2,RBM18,TSC22D3,ANO8,COBL,RPL13A,EMP1,ARNT,TAPBP,PTP4A2,LSG1,KAT2A,MED24,NDUFS8,EEF1D,HNRNPH1,PACS1,IRF1,RPL37A,TRAF5,ITGA7,IER3-AS1,DNASE2,HNRNPH3,PIGL,PAFAH1B3,PFDN5,PLEC,PLEKHH3,SMIM29,CEBPD,RPL12,RPL11,PBXIP1,CCDC106,WDR24,TM9SF4,FOXRED1,DLL3,UNG,TRAK2,FAM168B,MARVELD2,RPS3,BRD9,RPS2,RPL18,HNRNPA1,APBB3,EIF4B,MAPK3,GDF11,SMOX,PCGF2,IGIP,TYW1B,ALDH4A1,PER1,PINK1,PC,POLR3H,PNPLA6,NAXD,EIF3D,TPT1,FAM50A
gene_set_query	49	MYC	156.3	Literature ChIP-seq,1;ARCHS4 Coexpression,492;ENCODE ChIP-seq,4;Enrichr Queries,67;ReMap ChIP-seq,28;GTEx Coexpression,346	RPL4,RPL3,RPL8,RPL9,NDST2,PNN,RPS17,RPS16,FRAT2,RPS19,RPS18,FTH1,RPL36,RPL35,RPL38,EIF2D,RPS11,RPL39,RPS12,ENTPD2,RPL21,CSNK1D,MOGS,MFSD11,WDR77,SNHG12,CDC37,SNHG10,TAGLN2,RPL29,UBA52,RPL28,TSTA3,SET,ZBTB4,RDH14,MAP4,RAB11FIP4,GADD45A,SNHG8,PYCR1,NBEAL2,NR1D1,HARS2,GADD45G,NFATC4,TBL3,RPS28,RPS27,LAS1L,RPL27A,TRIP6,HNRNPD,RPS20,ANP32B,NOL12,SETD6,ZFAND2A,AATF,ZNF280C,RPLP2,TNKS1BP1,RAC3,TIMP3,TIMP1,ARIH1,APC2,PRMT5,ANXA2,TSC22D3,ANO8,EMP1,SUMF1,RGMA,MED22,LSG1,KAT2A,SLCO4A1,HNRNPH1,RBM12B,ARHGEF3,PIGL,HNRNPH3,PAFAH1B3,RPL10,RPL12,RPL11,CCDC106,METTL21A,WDR24,TM9SF4,RPS3,RPL13,BRD9,RPS2,RPL18,APBB3,RPL17,ZNF584,PER1,HIST3H2A,TMEM54,MSRB1,UBE2D4,TAMM41,GALNT18,MPI,ATN1,GXYLT1,CASC3,METRNL,FBL,LAPTM4A,CSKMT,MACROD1,SLC25A42,SBF2,PPFIA3,TGM2,RPS9,DGAT1,RPS5,PUS1,PPP1R16A,RPS6,RPSA,TUFM,EEF1A1,ATXN2L,ILF3,TMEM135,DMTF1,RAB34,S100A6,SRSF4,SNRNP200,ZNF554,FTL,FKBP5,RTN2,LRRC59,TBC1D19,GSTCD,IRAK1,DHRS7B,UBC,SMYD2,PLXNA2,MAP3K21,ZNF787,POU2F1,CAV1,PHF12,PCIF1,RABL2B,EIF2S3,BCL6,ATG16L1,MAFF,RIOX2,BCL2,MAFK,SRXN1,NGLY1,HMGB2,HSPB1,RPS4X,SPR,SNRNP70,RNPEP,EMILIN1,PELP1,METTL17,RBM14,CERS6,COMMD10,RBM18,RPL13A,QRSL1,EEF1G,PTP4A2,NDUFS8,EEF1D,IRF1,RPL37A,PEX5,NSRP1,PLEC,LAMA5,PLEKHH3,MVK,SMIM29,CEBPD,RPL36A,FOXK2,PBXIP1,FOXRED1,TAF1D,PDLIM2,MARVELD2,ELMSAN1,HNRNPA1,EIF4B,PPP1R14B,HNRNPA3,TAF12,RPL23A,PINK1,PC,POLR3H,EIF3D,TPT1
gene_set_query	50	EPAS1	156.8	ARCHS4 Coexpression,53;Enrichr Queries,132;ReMap ChIP-seq,235;GTEx Coexpression,207	DOCK6,ZNF175,FLT1,HSPB6,GALNT18,ZFAND2A,NGLY1,HSPB1,SBF2-AS1,PEAR1,PVR,SHE,CDH5,MPRIP,TMEM44,FTH1,GJA4,SLC16A6,TIMP3,SH3BGRL2,TNKS1BP1,KIF1C,EMILIN1,TIMP1,MAP3K6,SBF2,TGM2,RPL21,ANXA2,ITGA3,ITGA1,EMP1,RTN4RL2,MFSD10,PTP4A2,MMP14,MED24,SLCO4A1,CRISPLD2,CD109,IRF1,RHOJ,ARHGEF3,S100A6,TAGLN2,NUPR1,RAF1,CEBPD,SMIM29,ADCY4,NEDD9,ZBTB4,CYTH3,PDLIM2,IRAK1,UBC,CDH23,SERPINH1,RPL13,BRD9,MAP4,SPTBN1,PPP1R14B,CRTAP,CAV2,GADD45A,CAV1,PARVA,LAMB1,INHBA,MARCH2,SLC25A37,BMP2,RPS28,PC,BCL6,COL5A2,EIF3F,LINC00900,BCL2L2
gene_set_query	51	ZNF503	157.7	ARCHS4 Coexpression,14;Enrichr Queries,215;GTEx Coexpression,244	ATN1,HSPB1,RPL9,PPP1CB,RPS4X,RPS17,HEY1,RPS19,SNRNP70,SCMH1,RPL36,TIMP3,TNKS1BP1,RAC3,EMILIN1,TIMP1,RPL39,TGM2,PELP1,FOXD1,TSC22D3,ITGA1,EMP1,MED22,ILF3,CRISPLD2,RAB34,RPL37A,S100A6,RPL29,YAP1,LRRC59,CEBPD,SMIM29,RPL36A,NEDD9,FAM171A2,IRAK1,SERPINH1,RPS2,ZNF787,WWTR1,CRTAP,PPP1R14B,FOXF2,GADD45A,RARRES2,CAV1,PCGF2,PARVA,VASN,NFATC4,GADD45G,SMTN,BMP2,BCL6,TRIP6,COL5A2,FNDC10
gene_set_query	52	ZBED6	159.0	ARCHS4 Coexpression,159	USP24,LRBA,VPS13D,RPL8,MTRNR2L1,CHD2,HIPK3,BCAN,SLK,RPS19,WNK1,PEAK1,KIF5B,RPL36,RPL29,RPL18,UBA52,RREB1,ATP9B,SPTBN1
gene_set_query	53	HEY1	159.0	ARCHS4 Coexpression,238;Enrichr Queries,129;GTEx Coexpression,110	FLT1,CTNND2,FAM107A,HSPB1,PITPNC1,OPHN1,SCRN1,HABP4,TIMP3,TIMP1,FGFBP3,SNTA1,TGM2,TSC22D3,EMP1,SLC6A11,RGMA,BCAN,PPP1R3F,CRISPLD1,ASPHD1,RHOJ,S100A6,LINC00641,ADCYAP1R1,CEBPD,SMIM29,MAGED1,NEDD9,GDPD2,CCDC106,NDRG2,ADCY8,DLL3,SERPINH1,TSPAN3,SPTBN1,MAPK4,JAM2,DTNA,NORAD,GADD45A,CAV1,IGIP,INHBA,GADD45G,BMP2,BCL6,MAFF,COL5A2
gene_set_query	54	CXXC5	160.5	ARCHS4 Coexpression,61;GTEx Coexpression,260	SPTBN4,SHC2,KCNC1,CTNND2,ATN1,HSPB1,ARHGEF10L,CCDC106,KLC1,NDRG2,ARVCF,FAM171A2,RIMS3,SCRN1,ZIC2,KIF5C,RAC3,GSE1,MAP4,RAB11FIP3,PPFIA3,MAPK4,APC2,CA10,PAQR6,KCNJ9,GRIN2C,KCNAB3,MAPK8IP2,ALDH4A1,TOM1L2,RIT2,RAB37,CDH10,PLEKHM2
gene_set_query	55	ELK1	161.0	Literature ChIP-seq,97;ARCHS4 Coexpression,383;ENCODE ChIP-seq,83;ReMap ChIP-seq,76;GTEx Coexpression,166	RPL4,ZNF175,RPL3,MPI,ATN1,GXYLT1,CIB2,RPL8,CDC14B,TOMM22,PNN,RPS16,FRAT2,RPS19,CAPNS1,KIF5C,RPS18,CSKMT,PPP4R4,ZMIZ2,KIF5A,MACROD1,RPL35,ARL6IP4,EIF2D,RPS11,MAP3K6,CSGALNACT1,DGAT1,USP4,RPS5,PPP1R16A,RPS6,MOGS,CSNK1D,MAPK8IP2,MFSD11,SDCBP2,LZTFL1,MFSD10,TUFM,ATXN2L,PPP1R3F,INPP4B,ILF3,RAB34,CDC37,TYRO3,SPIN2B,SRSF4,RPL29,SNRNP200,UBA52,RTN2,SPTBN4,TSTA3,LRRC59,TBC1D19,MAGED1,PRDM15,AKAP17A,ZBTB4,APH1A,ABR,FAM171A2,IRAK1,DHRS7B,SERPINH1,SMYD2,CDH23,ZNF426,LPXN,ZNF787,MAP4,TSPAN3,WWTR1,GADD45A,NBEAL2,NR1D1,HARS2,GADD45G,TBL3,RPS27,BCL6,ATG16L1,WNK1,RPL27A,TRIP6,FNDC10,PLEKHM2,ANP32B,HSPB6,MTMR14,AKAP8L,CLTB,AATF,PITPNC1,RPS4X,AIFM2,SNRNP70,TMEM44,GDAP1L1,ZNF280C,FLOT1,RPLP2,PGM2,EMILIN1,RAC1,APC2,PRMT5,ANXA2,RBM18,ANO8,AXIN1,RPL13A,MYRIP,QRSL1,TOMM40L,COMMD5,TAPBP,RGMA,MED22,PTP4A2,LSG1,SDHAF2,EEF1D,HNRNPH1,SLCO4A1,CDH10,IRF1,MMP17,RPL37A,IER3-AS1,PIGL,PFDN5,CAMK1G,RPL10,ATL2,PBXIP1,CCDC106,WDR24,TRAK2,ARVCF,FAM168B,RPL13,MFN2,BRD9,RPS2,RPL18,APBB3,MAPK4,CLVS1,REPS1,ZNF584,USP24,PPP1R14B,TAF12,KCNJ9,PDE4DIP,PTPN11,RPL23A,PER1,HIST3H2A,POLR3H,PNPLA6,MSRB1
gene_set_query	56	NR1D2	161.3	ARCHS4 Coexpression,44;Enrichr Queries,130;GTEx Coexpression,310	KCNC1,PTEN,HSPB1,GPATCH8,PHTF1,SLK,ZIC2,MPRIP,FTH1,KIF5B,TIMP3,KIF1C,ANXA2,TSC22D3,VPS13D,EMP1,COBL,MTURN,IRF1,CRY2,PKP4,NUPR1,ZNF554,ZNF510,PAFAH1B3,FKBP5,SPTBN4,CEBPD,SMIM29,ZBTB47,KLC1,NDRG2,ZBTB4,ARVCF,FAM168B,MAP4,EIF4B,SPTBN1,USP24,CA10,GADD45A,KCNJ9,ZBTB16,CAV1,LRBA,NEK7,PDE4DIP,USB1,PTPN11,NR1D1,HIPK3,GADD45G,RIT2,BCL6,MAFF,BCL2L2
gene_set_query	57	PCGF2	164.0	ARCHS4 Coexpression,41;ReMap ChIP-seq,287	MT1M,ATN1,MT1X,RPS4X,SHE,RPS17,FRAT2,HEY1,SPR,ZIC2,CA4,PHF24,SH3BGRL2,TNKS1BP1,FGFBP3,NINL,PELP1,CSGALNACT1,APC2,TLE1,FOXD1,RBM18,SATB1-AS1,ANO8,MYRIP,RGMA,ATXN2L,BCAN,ILF3,MPPED2,RPL37A,RBM20,LAMA5,SHC2,NXN,RPL36A,FAM171A2,ARVCF,SMYD2,SERPINH1,E2F6,RAB11FIP3,PRELID3B,PPP1R26,WNT10B,NTNG2,GDF11,PPP1R14B,DTNA,TAF15,ZBTB16,NFATC4,HNRNPD,RPS20,NECTIN2
gene_set_query	58	ZNF395	165.0	ARCHS4 Coexpression,66;Enrichr Queries,426;GTEx Coexpression,3	RPL3,ATN1,HSPB1,MT1X,RPL8,RPL9,RPS4X,FBL,RPS16,RPS19,RPS18,SNRNP70,ZMIZ2,RPL36,RPL35,TNKS1BP1,TIMP3,EIF2D,RPS11,RPL39,RPS12,RPS9,RPL21,RPS5,TSC22D3,RPS6,ARNT,EMP1,RPL13A,RNASE4,MOGS,TMEM170B,EEF1A1,EEF1G,ATXN2L,PPP1R3F,PACS1,PIGL,RPL29,RPL28,FKBP5,YAP1,PLEKHH3,RPL10,CEBPD,SMIM29,RPL12,RPL11,RPL36A,NEDD9,ZBTB4,APH1A,FAM168B,ELMSAN1,RPS3,RPS2,RPL18,RPL17,EIF4B,SEC24B,GADD45A,CAV1,SNHG8,RPL23A,NR1D1,NFATC4,PER1,PINK1,RPS28,RPS27,EIF2S3,BCL6,RPL27A,TRIP6,MAFF,HNRNPD,BCL2,RPS20,EIF3F,EIF3D,TPT1
gene_set_query	59	MAFK	165.6	ARCHS4 Coexpression,102;ENCODE ChIP-seq,53;Enrichr Queries,29;ReMap ChIP-seq,140;GTEx Coexpression,504	LINC01354,PITPNA,ATN1,METRNL,PVR,PPP1CB,CCND3,RPS16,MPRIP,CAPNS1,PPP4R4,FTH1,KIF5B,ZMIZ2,SCMH1,SLC16A6,SBF2,TGM2,PPP1R16A,RNASE4,CSNK1D,MOGS,ATXN2L,SNHG10,DMWD,CMPK1,S100A6,TAGLN2,NUPR1,FTL,FKBP5,KMT2D,LRRC59,APH1A,IRAK1,UBC,SMYD2,GSE1,MAP4,ZNF787,RREB1,FAM120AOS,WWTR1,GADD45A,CAV1,PCIF1,PYCR1,NR1D1,GADD45G,SMTN,TBL3,BCL6,MAFF,PLEKHM2,INTS8,BCAR3,SERPINA3,SRXN1,ZFAS1,ZFAND2A,PTEN,HSPB1,CHD2,SMG6,SHE,SGCD,SNRNP70,RARS,FLOT1,TIMP3,TNKS1BP1,KIF1C,PRMT5,ANXA2,TSC22D3,ITGA1,EMP1,RTN4RL2,GAB2,PTP4A2,MMP14,SLCO4A1,IRF1,CDH10,ITGA7,RBM20,IER3-AS1,PAFAH1B3,PFDN5,PLEC,TSEN34,LAMA5,PLEKHH3,CEBPD,SMIM29,SLC43A2,NEDD9,PBXIP1,DNAJB1,PDLIM2,ELMSAN1,GPC1,RPS2,RPL18,RPL17,EIF4B,NORAD,SMOX,PCGF2,LAMB1,SOD2,HIPK3,SLC25A37,PER1,PC,PNPLA6,RAMP1
gene_set_query	60	ZNF580	166.7	ARCHS4 Coexpression,165;Enrichr Queries,99;GTEx Coexpression,236	CEBPD,SMIM29,AKAP8L,ATN1,HSPB1,PBXIP1,CCDC106,ZBTB4,CAPNS1,SNRNP70,ZMIZ2,FTH1,RPL36,SERPINH1,ARL6IP4,GSE1,TIMP1,ZNF787,RPS2,RPL18,RAB11FIP3,VPS39,FAM120AOS,PLXNA3,RPS9,PPP1R14B,IFT140,GADD45A,TSC22D3,GTPBP6,CSNK1D,MFSD10,ATXN2L,MED22,BCL6,PACS1,RAB34,MPPED2,S100A6,FNDC10,RPL28,FAM50A,FTL,PLEC
gene_set_query	61	MEOX1	167.3	ARCHS4 Coexpression,183;Enrichr Queries,250;GTEx Coexpression,69	DOCK6,CEBPD,SMIM29,HSPB6,COL11A1,ADCY4,NEDD9,ADIRF,PRELP,PEAR1,APOLD1,SHE,CDH5,AIFM2,GJA4,TIMP3,TNKS1BP1,KIF1C,TIMP1,MAP3K6,JAM2,SPTBN1,TGM2,CRTAP,CAV2,CAV1,ZBTB16,RARRES2,CIDEA,EMP1,INHBA,HIPK3,INPP4B,TMEM135,BMP2,PC,CRISPLD2,CDC37,RHOJ,COL5A2,ITGA7,FKBP9
gene_set_query	62	SNAI2	168.5	ARCHS4 Coexpression,17;Enrichr Queries,62;ReMap ChIP-seq,130;GTEx Coexpression,465	ATN1,ADIRF,HSPB1,LAPTM4A,RPS16,SGCD,HEY1,FTH1,RPL36,RPLP2,RAC3,TIMP3,TNKS1BP1,EMILIN1,TIMP1,RPS11,SBF2,TGM2,ACVR1,APC2,FOXD1,ENTPD2,ANXA2,DGAT1,ITGA3,PPP1R16A,ITGA1,ANO8,AXIN1,RPL13A,EMP1,RTN4RL2,CSNK1D,MFSD10,MMP14,NDUFS8,SLCO4A1,CRISPLD2,CD109,DMWD,RAB34,MMP17,S100A6,FKBP9,NUPR1,RPL29,RPL28,PAFAH1B3,PLEC,LAMA5,RPL10,CEBPD,SMIM29,FOXK2,CCDC106,KLC1,WDR24,CYTH3,PDLIM2,GPC1,UBC,SERPINH1,PLXNA1,RPL13,RPS2,RPL18,GAS2L1,PPP1R14B,CRTAP,ICMT,GADD45A,CAV2,CAV1,PYCR1,LAMB1,NBEAL2,PARVA,INHBA,VASN,GNG13,NFATC4,ALDH4A1,PER1,TBL3,BMP2,SMTN,BCL6,COL5A2,MAFF,MAFK,PNPLA6,NOL12
gene_set_query	63	ZNF263	170.0	Literature ChIP-seq,151;ARCHS4 Coexpression,141;ENCODE ChIP-seq,97;Enrichr Queries,361;ReMap ChIP-seq,223;GTEx Coexpression,47	RPL4,RPL3,FNBP1L,RPL8,NDST2,FTH1,SCMH1,RPL36,ARL6IP4,RPS11,MAP3K6,ACVR1,SEMA6C,RPS9,ENTPD2,DGAT1,RPS5,PUS1,PPP1R16A,RPS6,CSNK1D,RPSA,MOGS,TEX2,MFSD11,ATXN2L,BCAN,ILF3,ASPHD1,DMWD,RAB34,S100A6,TYRO3,SRSF4,FKBP9,RPL29,SNRNP200,RPL28,TSTA3,LRRC59,AKAP17A,APH1A,IRAK1,UBC,GSE1,LPXN,MAP4,ZNF787,RREB1,ICMT,GADD45A,PHF12,CAV1,PCIF1,PYCR1,NR1D1,GNG13,TBL3,RPS27,PAN3,BCL6,TRIP6,MAFF,FNDC10,SPIRE2,MAFK,ACO2,HSPB6,AKAP8L,HMGB2,PPWD1,HSPB1,PEAR1,PITPNC1,ZIC2,SNRNP70,RARS,ZNF280C,RNPEP,KIF1C,RPLP2,RAC3,ARIH1,DGCR6,SNTA1,APC2,RBM14,FOXD1,TSC22D3,AXIN1,ANO8,RPL13A,EEF1G,MED22,MED24,NDUFS8,EEF1D,HNRNPH1,IRF1,PAFAH1B3,PLEC,LAMA5,PLEKHH3,RPL10,CEBPD,RPL12,METTL21A,WDR24,DNAJB1,ARVCF,PDLIM2,RPS3,RPL13,BRD9,RPS2,RPL18,E2F6,EIF4B,MAP4K4,PPP1R14B,MPP3,RPL23A,HIPK2,PER1,PINK1
gene_set_query	64	ZNF358	170.3	ARCHS4 Coexpression,3;Enrichr Queries,134;GTEx Coexpression,374	UBE2D4,HSPB6,CITED4,ATN1,HSPB1,MT1X,RIMS3,MPRIP,CAPNS1,SNRNP70,FTH1,ZMIZ2,RNPEP,KIF5A,MACROD1,ARL6IP4,KIF1C,TIMP1,PPFIA3,SNTA1,FBXW4,SEMA6C,PAQR6,TSC22D3,MAPK8IP2,MTURN,PPP1R3F,TOM1L2,ASPHD1,S100A6,NUPR1,FTL,PLEC,RTN2,SHC2,ZBTB47,CEBPD,SMIM29,CCDC106,NDRG2,ZBTB4,ABR,FAM171A2,GPC1,SERPINH1,ZNF787,MAP4,RAB11FIP3,KCNJ9,NBEAL2,SNHG6,PINK1,BCL6,PLEKHM2,PNPLA6,ACO2,RAMP1,BCL2L2
gene_set_query	65	ZNF598	172.0	ARCHS4 Coexpression,220;Enrichr Queries,195;GTEx Coexpression,101	KMT2D,LRRC59,SETD6,ATN1,HSPB1,RPL8,ACVR1B,APH1A,FBL,RPS19,IRAK1,CAPNS1,SNRNP70,FTH1,ZMIZ2,UBC,RPL35,TNKS1BP1,RPLP2,RPS2,ZNF787,RPL18,RREB1,PPP1R14B,RPS9,TAF15,RPS5,PUS1,IGIP,AXIN1,PYCR1,MOGS,MFSD10,ATXN2L,TBL3,LSG1,ILF3,MAFK,RPL29,EIF3D,RPL28,PLEC
gene_set_query	66	TEAD2	173.3	ARCHS4 Coexpression,279;Enrichr Queries,101;ReMap ChIP-seq,177;GTEx Coexpression,136	ZNF175,LINC01354,HSPB6,CITED4,HMGB2,HSPB1,LRRC6,FNBP1L,CHD2,RASGEF1A,FTH1,SCMH1,RNPEP,TIMP3,TNKS1BP1,EMILIN1,TIMP1,RPS11,PPFIA3,TGM2,PELP1,PLA2G12A,ENTPD2,ANXA2,RPS5,ITGA1,TAP2,TAP1,RPL13A,EMP1,GAB2,EEF1A1,PTP4A2,MMP14,ILF3,CRISPLD2,RAB34,TYRO3,S100A6,ITGA7,PKP4,SRSF4,TAGLN2,NUPR1,PAFAH1B3,YAP1,LAMA5,TBC1D19,SET,RPL10,ZBTB47,SMIM29,NXN,IRAK1,UBC,RPS3,SERPINH1,ZNF426,PLXNA1,RDH14,RPL18,HNRNPA1,PRELID3B,ZNF584,WWTR1,PPP1R14B,HNRNPA3,ICMT,SMOX,LRBA,RARRES2,CAV1,PCGF2,PYCR1,PARVA,TYW1B,RPL23A,NBEAL2,LAMB1,HIPK3,NFATC4,PER1,SMTN,RPS28,TRIP6,COL5A2,FNDC10,HNRNPD,MAFK,EIF3F,ANP32B,NECTIN2,GPR19
gene_set_query	67	MEF2A	173.5	Literature ChIP-seq,115;ARCHS4 Coexpression,202;ENCODE ChIP-seq,106;Enrichr Queries,187;ReMap ChIP-seq,228;GTEx Coexpression,203	RIPOR2,LINC01354,RPL3,ATN1,SBF2-AS1,PVR,PPP1CB,RPS17,RPS16,RPS19,RPL36,RPL35,EIF2D,RPL38,RPS12,USP4,RPS5,RPS6,TAP2,TAP1,RNASE4,WDR77,EEF1A1,ATXN2L,BCAN,TOM1L2,ILF3,DMTF1,CRISPLD2,DMWD,CD109,CDC37,TAGLN2,RPL29,FTL,RTN2,PRDM15,ZBTB4,ABR,UBC,LPXN,GSE1,RDH14,MBP,MAP4,RREB1,RAB11FIP3,SPTBN1,POU2F1,ZBTB16,LINC02175,CAV1,NEK7,SNHG5,VASN,EIF2S3,BCL6,WNK1,BCL2,SPIRE2,PLEKHM2,MAFK,RPS20,GTF2IRD1,ANP32B,DNAL4,GPR19,HSPB6,ZFAS1,SETD6,ZFAND2A,PTEN,HSPB1,CHD2,SGCD,SPR,TMEM44,FLOT1,TIMP3,PHF24,BCAS1,ANXA2,VPS13D,TOMM40L,TAPBP,RGMA,PTP4A2,EEF1D,IRF1,CHI3L2,ITGA7,IER3-AS1,PIGL,PAFAH1B3,PLEC,YAP1,SMIM29,CEBPD,ZBTB47,ATL2,RPL11,NEDD9,CCDC106,METTL21A,APOLD1,ELMSAN1,RPS3,ANKRD54,MFN2,RPL13,MAP4K4,SEC24B,PPP1R14B,PDE4DIP,HIPK3,HIPK2,PER1,TMLHE,STK17A,TACC2,EIF3F
gene_set_query	68	MTF2	175.7	Literature ChIP-seq,98;ARCHS4 Coexpression,96;GTEx Coexpression,333	PRDM8,GALNT16,IFT172,CTNND2,GALNT18,ATN1,METRNL,CDC14B,MPRIP,CAPNS1,ZMIZ2,SCMH1,HABP4,RPS12,CSGALNACT1,FBXW4,ACVR1,TLE1,DGAT1,DAPK1,TAP1,MOGS,SLC6A11,CYS1,LRRC37B,ATXN2L,TOM1L2,BCAN,ILF3,FNDC4,CD109,SNRNP200,SHC2,ADCYAP1R1,SET,ZBTB4,APH1A,ABR,IRAK1,PLXNA2,LPXN,GSE1,MBP,GAS2L1,RREB1,WNT10B,NTNG2,POU2F1,FOXF2,CAV2,ZBTB16,CAV1,OGA,CIDEA,PARVA,INHBA,GRIN2C,GADD45G,BMP2,PAN3,BCL6,BCL2,PLEKHM2,MAFK,BCL2L2,SNED1,FLT1,KCNC1,CITED4,HMGB2,ARHGEF10L,PEAR1,AATF,SHE,ZIC2,SNRNP70,RNPEP,ZNF525,TNKS1BP1,KIF1C,RNF150,FGFBP3,CHST8,ZNF483,FOXD1,ITGA3,BHMT2,TSC22D3,ITGA1,NGB,RTN4RL2,GAB2,MYRIP,KCNAB3,ANO5,RGMA,MMP14,HNRNPH1,PACS1,EEF1D,RBM12B,MMP17,TRAF5,RHOJ,ITGA7,RAPGEF4,PLEC,PLEKHH3,CEBPD,NXN,ADCY8,APOLD1,PDLIM2,GPC1,MFN2,HNRNPA1,E2F6,HNRNPA3,MPP3,KCNJ11,PDE4DIP,HIPK3,HIPK2,TMEM54,KCNS1,PNPLA6,RAMP1
gene_set_query	69	GLIS2	175.7	ARCHS4 Coexpression,29;Enrichr Queries,103;GTEx Coexpression,395	USP35,ATN1,HSPB1,MPRIP,CAPNS1,SCMH1,TIMP3,TNKS1BP1,KIF1C,EMILIN1,TGM2,ITGA3,ITGA1,EMP1,CSNK1D,MMP14,CRISPLD2,RAB34,IRF1,S100A6,FKBP9,PLEC,YAP1,LAMA5,SMIM29,CYTH3,GPC1,SERPINH1,GSE1,PLXNA1,MAP4,RAB11FIP3,PPP1R26,WWTR1,CRTAP,GADD45A,CAV1,PCGF2,PARVA,LAMB1,INHBA,VASN,NFATC4,SMTN,MAFF,COL5A2,TRIP6,MAFK,NECTIN2
gene_set_query	70	AKAP8	180.3	ARCHS4 Coexpression,405;Enrichr Queries,33;GTEx Coexpression,103	ARHGEF26-AS1,CTNND2,AKAP8L,FAM107A,HSPB1,CHD2,PNN,SNRNP70,PEA15,PHACTR3,HABP4,APC2,RBM14,ANXA2,RPS5,TSC22D3,PUS1,CSNK1D,MTURN,ATXN2L,EEF1A1,BCAN,LSG1,ILF3,DMTF1,ASPHD1,HNRNPH1,SRSF4,HNRNPH3,RPL28,PLEC,KMT2D,ADCYAP1R1,SET,PRDM15,AKAP17A,DLL3,DNAJB1,BRD9,D2HGDH,HNRNPA1,RAB11FIP4,MAP4K4,USP24,GDF11,SEC24B,HNRNPA3,NORAD,GADD45A,IGIP,PER1,HNRNPD,TARDBP,BCL2L2
gene_set_query	71	ZNF32	181.0	ARCHS4 Coexpression,288;Enrichr Queries,15;GTEx Coexpression,240	RPL3,UBE2D4,TUSC3,HSPB1,RPL9,MPRIP,RPS18,SNRNP70,FTH1,ZMIZ2,RNPEP,MACROD1,KIF1C,RPL35,TIMP1,RPL39,SNTA1,PLA2G12A,RPS9,ANXA2,RBM18,RPS5,TSC22D3,COMMD10,EMP1,RPL13A,MOGS,ANO5,PATL1,EEF1A1,ATXN2L,PPP1R3F,S100A6,NUPR1,PFDN5,PAFAH1B3,FTL,RTN2,KMT2D,LRRC59,ZBTB47,SMIM29,MAGED1,RPL12,RPL11,IRAK1,SERPINH1,RPS3,TSPAN3,E2F6,TAF15,KCNJ11,GADD45A,CAV1,PDE4DIP,SNHG6,NBEAL2,GADD45G,BCL6,WNK1,RPL27A,COL5A2,MAFK
gene_set_query	72	TEF	182.0	ARCHS4 Coexpression,20;Enrichr Queries,171;GTEx Coexpression,355	KCNC1,ATN1,HSPB1,RIMS3,MPRIP,GDAP1L1,KIF5A,TIMP3,PHF24,KIF1C,PPFIA3,APC2,PAQR6,TSC22D3,COBL,MAPK8IP2,MTURN,TOM1L2,CDH10,IRF1,CRY2,S100A6,LINC00641,FKBP5,PLEC,RAPGEF4,SPTBN4,CEBPD,SMIM29,ZBTB47,KLC1,NDRG2,ZBTB4,ABR,FAM171A2,MBP,MAP4,CLVS1,CA10,KCNJ9,GADD45A,ZBTB16,NR1D1,GRIN2C,GADD45G,PINK1,RIT2,BCL6,KCNS1,MAFF,PLEKHM2,TACC2,ACO2,BCL2L2
gene_set_query	73	NR4A1	184.5	ARCHS4 Coexpression,101;Enrichr Queries,20;ReMap ChIP-seq,156;GTEx Coexpression,461	DOCK6,RIPOR2,RPL3,POP4,ZFAS1,MPI,PTEN,HSPB1,CASC3,PEAR1,RPL8,CHD2,METRNL,PITPNC1,NDST2,SHE,RPS16,CSKMT,FTH1,GJA4,PGM2,TIMP3,EMILIN1,TIMP1,FGFBP3,TGM2,CERS6,ANXA2,USP4,TSC22D3,EMP1,CSNK1D,MFSD11,PTP4A2,LSG1,CRISPLD2,DMWD,SNHG10,IRF1,RHOJ,S100A6,SRSF4,NUPR1,PLA2R1,PFDN5,FTL,FKBP5,PLEC,RTN2,KMT2D,LAMA5,CEBPD,SMIM29,RPL36A,NEDD9,PBXIP1,PRELP,CCDC106,NDRG2,APOLD1,APH1A,DNAJB1,ARVCF,ELMSAN1,UBC,SERPINH1,LPXN,AMZ2,MBP,BRD9,D2HGDH,APBB3,PLXNA3,GADD45A,ZBTB16,CAV1,NEK7,NR1D1,INHBA,LYVE1,NFATC4,GADD45G,ALDH4A1,PER1,BMP2,TTLL3,BCL6,MAFF,ECHDC2,MAFK,ACO2,ANP32B,PNPLA6,TPT1
gene_set_query	74	ATF7	186.0	ARCHS4 Coexpression,138;Enrichr Queries,291;ReMap ChIP-seq,24;GTEx Coexpression,291	RPL3,LINC01354,MPI,ATN1,METRNL,GPATCH8,CCND3,RPS16,CAPNS1,RPS19,CSKMT,FTH1,ZMIZ2,KIF5A,MAP3K6,RPS11,PPFIA3,TGM2,PPP1R16A,CSNK1D,ATXN2L,RAB34,CDC37,SNHG10,TAGLN2,FTL,FKBP5,RTN2,SPTBN4,KMT2D,NECAB3,ZBTB4,UBC,SERPINH1,GSE1,MAP4,RREB1,SPTBN1,PPP1R26,WWTR1,CRTAP,POU2F1,BICRAL,GADD45A,LINC02175,PHF12,PYCR1,NR1D1,TBL3,BCL6,WNK1,TRIP6,BCL2,MAFK,NOL12,SRXN1,HSPB6,CITED4,ADIRF,PEAR1,CHD2,FLOT1,RPLP2,EMILIN1,VPS13D,ANO8,ARNT,RPL13A,RTN4RL2,PATL1,TAPBP,LATS1,PTP4A2,EEF1D,PACS1,PEAK1,ITGA7,IER3-AS1,DNASE2,PLEC,YAP1,LAMA5,SMIM29,ZBTB47,ADCY4,CCDC106,WDR24,FOXRED1,APOLD1,DLL3,DNAJB1,ARVCF,ELMSAN1,RPS3,RPS2,RPL18,HNRNPA1,CLVS1,SEC24B,PPP1R14B,RPL23A,HIPK3,HIPK2,PER1,HIST3H2A
gene_set_query	75	BHLHE40	186.8	ARCHS4 Coexpression,341;ENCODE ChIP-seq,12;ReMap ChIP-seq,22;GTEx Coexpression,372	RPL3,UBE2D4,PITPNA,CASC3,METRNL,NDST2,PPP1CB,PNN,LAPTM4A,SLK,RPS16,FRAT2,CAPNS1,RPS18,ZMIZ2,MACROD1,HABP4,RPL35,NUDT16,RPS11,TBC1D10A,PPFIA3,RPS9,ENTPD2,USP4,RPS5,PPP1R16A,CSNK1D,MOGS,MFSD11,LZTFL1,ATXN2L,ILF3,DMTF1,RAB34,CDC37,SNHG10,S100A6,SPIN2B,TAGLN2,UBA52,FTL,RTN2,TSTA3,SPTBN4,KMT2D,SET,ZBTB4,KLC4,UBC,SMYD2,GSE1,LPXN,ZNF787,RREB1,SIAH1,PCIF1,OGA,PYCR1,NBEAL2,NR1D1,HARS2,SNHG5,GADD45G,TBL3,SMTN,EIF2S3,BCL6,ATG16L1,MAFF,HNRNPD,BCL2,PLEKHM2,MAFK,ACO2,SRXN1,MTMR14,ZFAS1,NGLY1,AATF,HEY1,AIFM2,FLOT1,PGM2,RPLP2,RAC3,TNKS1BP1,EMILIN1,FGFBP3,METTL17,APC2,FOXD1,RBM18,ANO8,AXIN1,RPL13A,EMP1,RTN4RL2,PATL1,TAPBP,PTP4A2,LSG1,MED24,NDUFS8,SLCO4A1,EEF1D,PEAK1,PACS1,TRAF5,CRY2,IER3-AS1,NSRP1,PAFAH1B3,PLEC,TSEN34,YAP1,LAMA5,PLEKHH3,MVK,RPL10,SMIM29,ATL2,FOXK2,CCDC106,ACVR1B,WDR24,TM9SF4,CYTH3,FAM168B,ARVCF,ELMSAN1,RPL13,D2HGDH,RPS2,RPL18,HNRNPA1,E2F6,APBB3,EIF4B,USP24,SEC24B,PPP1R14B,TAF15,PCGF2,RPL23A,LAMB1,SOD2,ALDH4A1,PER1,SLC25A37,PC,PNPLA6,TARDBP,EIF3D,MSRB1
gene_set_query	76	SOX2	187.0	Literature ChIP-seq,22;ARCHS4 Coexpression,89;Enrichr Queries,577;ReMap ChIP-seq,224;GTEx Coexpression,23	ARHGEF26-AS1,RPL3,CTNND2,IFT172,TMEM200C,FAM107A,ATN1,RPL9,CASC1,PVR,CDC14B,LAPTM4A,RPS17,CCND3,FRAT2,OPHN1,RPS19,CAPNS1,KIF5C,RPS18,KIF5A,RPL36,SLC16A6,EIF2D,TRIM26,RPS11,TGM2,SEMA6C,RPS9,TLE1,RPL21,RPS5,GTPBP6,RNASE4,MOGS,TEX2,SDCBP2,MTURN,EEF1A1,BCAN,TOM1L2,ILF3,TMEM135,FNDC4,DMTF1,ASPHD1,RAB34,CD109,TYRO3,TAGLN2,RPL29,RPL28,ADCYAP1R1,SET,MAGED1,NDRG2,KLC1,FHIT,APH1A,ABR,DHRS7B,PLXNA2,SERPINH1,SMYD2,GSE1,MBP,RREB1,RAB11FIP4,NTNG2,DTNA,ICMT,POU2F1,GADD45A,PHF12,CAV1,OGA,CIDEA,NR1D1,GADD45G,GNG13,BMP2,RPS27,BCL6,WNK1,VAC14-AS1,COL5A2,TRIP6,BCL2,SPIRE2,ECHDC2,RPS20,ACO2,GPR19,HMGB2,PTEN,HSPB1,ARHGEF10L,CHD2,PITPNC1,PHTF1,SHE,ZIC2,HEY1,RARS,PEA15,ZNF280C,PHACTR3,TIMP3,ARIH1,TIMP1,FGFBP3,BCAS1,PELP1,APC2,CHST8,RBM14,FOXD1,ANXA2,ITGA1,EMP1,RPL13A,ARNT,COBL,TOMM40L,RGMA,TAPBP,EEF1G,PTP4A2,SLCO4A1,PACS1,CDH10,IRF1,RPL37A,ACSBG1,PAFAH1B3,PLEC,YAP1,CEBPD,NXN,RPL36A,ADCY4,GDPD2,PBXIP1,ADCY8,ACVR1B,BPHL,TM9SF4,DLL3,UNG,EPCAM,RPL18,HNRNPA1,RPL17,E2F6,MAPK4,JAM2,REPS1,MAP4K4,GDF11,HNRNPA3,SEC24B,NORAD,TAF12,SMOX,KCNJ9,PCGF2,IGIP,RPL23A,SOD2,HIPK2,ALDH4A1,PER1,PINK1,HIST3H2A,POLR3H,NECTIN2
gene_set_query	77	TSC22D1	188.0	ARCHS4 Coexpression,376;Enrichr Queries,38;GTEx Coexpression,150	ARHGEF26-AS1,RPL3,CTNND2,FAM107A,HSPB1,FNBP1L,LAPTM4A,RPS17,OPHN1,FTH1,RNPEP,KIF5A,HABP4,TIMP3,SH3BGRL2,TIMP1,RPS11,TGM2,PLA2G12A,ANXA2,TSC22D3,EMP1,MTURN,EEF1A1,BCAN,IRF1,S100A6,TAGLN2,RPL29,UBA52,CAMK1G,ADCYAP1R1,CEBPD,SMIM29,MAGED1,RPL12,NDRG2,APH1A,ABR,FAM168B,UBC,SERPINH1,TSPAN3,MAPK4,CA10,DTNA,NORAD,GADD45A,SMOX,CAV1,IGIP,MARCH2,BCL6,TPT1
gene_set_query	78	MAZ	188.6	ARCHS4 Coexpression,85;ENCODE ChIP-seq,28;Enrichr Queries,7;ReMap ChIP-seq,4;GTEx Coexpression,819	RPL4,RPL3,ATN1,METRNL,RPL8,TOMM22,FBL,GOLGA3,RPS17,FRAT2,RPS16,RPS19,CAPNS1,FTH1,ZMIZ2,PPP4R4,RPL36,RPL35,ARL6IP4,MAP3K6,RPS11,ATXN7L2,PPFIA3,TGM2,RPS9,ENTPD2,DGAT1,RPS5,PUS1,PPP1R16A,GTPBP6,CSNK1D,MOGS,RPSA,TMEM170B,LZTFL1,TUFM,ATXN2L,EEF1A1,ILF3,ASPHD1,DMWD,RAB34,CDC37,S100A6,TAGLN2,NUPR1,RPL29,SNRNP200,RPL28,UBA52,FTL,RTN2,TSTA3,KMT2D,LRRC59,SET,GSTCD,KLC1,NDRG2,ZBTB4,APH1A,FAM171A2,IRAK1,UBC,SERPINH1,GSE1,PLXNA1,AMZ2,ZNF787,ICMT,POU2F1,LRBA,OGA,PYCR1,USB1,NR1D1,ACADSB,VASN,GADD45G,TBL3,PAN3,WNK1,TRIP6,MAFF,HNRNPD,SPIRE2,PLEKHM2,MAFK,ANP32B,BCL2L2,HSPB6,AKAP8L,NGLY1,HMGB2,PTEN,HSPB1,PEAR1,PITPNC1,SMG6,SNRNP70,TMEM44,FLOT1,RPLP2,TNKS1BP1,RAC3,RAC1,NINL,PELP1,APC2,ANXA2,TSC22D3,AXIN1,ANO8,RPL13A,GAB2,COMMD5,TAPBP,EEF1G,LATS1,PTP4A2,MED24,NDUFS8,EEF1D,HNRNPH1,PACS1,IRF1,MMP17,CRY2,ITGA7,IER3-AS1,PIGL,FAM193A,PAFAH1B3,PLEC,TSEN34,LAMA5,PLEKHH3,RPL10,SMIM29,RPL11,PBXIP1,CCDC106,ACVR1B,WDR24,FOXRED1,TRAK2,DNAJB1,FAM168B,PDLIM2,ELMSAN1,RPS3,MFN2,BRD9,D2HGDH,RPS2,ZNF346,RPL18,HNRNPA1,ATP9B,EIF4B,MAPK3,REPS1,USP24,GDF11,PPP1R14B,MPP3,FKRP,TAF15,SMOX,PCGF2,RPL23A,PTPN11,HIPK2,PER1,PNPLA6,NECTIN2,TPT1,MSRB1
gene_set_query	79	LHX2	189.5	ARCHS4 Coexpression,259;Enrichr Queries,164;ReMap ChIP-seq,272;GTEx Coexpression,63	OSCP1,ARHGEF26-AS1,RPL3,TUSC3,CTNND2,ZFAS1,TMEM200C,FAM107A,HSPB1,CHD2,CASC1,PNN,LAPTM4A,OPHN1,HEY1,ZIC2,KIF5C,KIF5A,GDAP1L1,PHACTR3,TIMP3,ZNF326,APC2,CHST8,FOXD1,ANXA2,DCC,ITGA1,ANO8,DNAAF4,RGMA,EEF1A1,BCAN,MMP17,RPL37A,RHOJ,MPPED2,HNRNPH3,LINC00641,RAPGEF4,FTL,ADCYAP1R1,SMIM29,COL11A1,RPL12,GSTCD,C2CD4C,CCDC106,NDRG2,ACVR1B,DLL3,CYTH3,ABR,FAM171A2,UBC,PLXNA2,RPL13,HNRNPA1,RPL17,REPS1,GDF11,HNRNPA3,CRTAP,MPP3,SMOX,GADD45A,ZBTB16,CAV1,PCGF2,SNHG8,LAMB1,INHBA,SNHG5,GADD45G,BMP2,BCL6,CASTOR3,VAC14-AS1,COL5A2,KYAT3,BCL2,PLEKHM2,POLR3H,TPT1
gene_set_query	80	OLIG1	192.7	ARCHS4 Coexpression,90;Enrichr Queries,478;GTEx Coexpression,10	ARHGEF26-AS1,CTNND2,FAM107A,HSPB1,SHD,GRM5,HEY1,KIF5C,KIF5B,PEA15,PHACTR3,TIMP3,BCAS1,APC2,PAQR6,COBL,MTURN,RGMA,BCAN,PTP4A2,DYNC1LI2,ASPHD1,MMP17,TYRO3,PKP4,LINC00641,FKBP5,ADCYAP1R1,SHC2,SMIM29,CEBPD,ADCY8,NDRG2,DLL3,TP53INP2,MBP,TSPAN3,RAB11FIP4,MAP4K4,GDF11,CA10,DTNA,NORAD,SMOX,GADD45A,ZBTB16,IGIP,PTPN11,HIPK2,GADD45G,BCL6,RAMP1
gene_set_query	81	SOX8	193.0	ARCHS4 Coexpression,25;Enrichr Queries,530;GTEx Coexpression,24	ARHGEF26-AS1,CTNND2,FAM107A,ATN1,HSPB1,SHD,HEY1,KIF5C,PEA15,KIF5A,PHACTR3,TIMP3,BCAS1,APC2,PAQR6,COBL,MAPK8IP2,MTURN,SYTL2,RGMA,BCAN,TOM1L2,DYNC1LI2,ASPHD1,CRISPLD2,PKP4,LINC00641,SHC2,ADCYAP1R1,SMIM29,ZBTB47,NDRG2,ADCY8,DLL3,TP53INP2,MBP,MAP4,TSPAN3,RAB11FIP4,MAP4K4,GDF11,CA10,DTNA,NORAD,SMOX,GADD45A,KCNJ9,ZBTB16,IGIP,PTPN11,HIPK2,GADD45G,BMP2,BCL6,RAMP1
gene_set_query	82	TEAD1	195.5	ARCHS4 Coexpression,48;Enrichr Queries,316;ReMap ChIP-seq,172;GTEx Coexpression,246	BCAR3,SERPINA3,ZNF175,RPL3,HSPB6,CITED4,CLTB,CHD2,PVR,SGCD,CAPNS1,MPRIP,KIF5B,TIMP3,TNKS1BP1,KIF1C,SBF2,PELP1,TGM2,ACVR1,ANXA2,ITGA3,ITGA1,EMP1,EEF1G,TOM1L2,DMTF1,CRISPLD2,RAB34,SNHG10,IRF1,S100A6,GSAP,TAGLN2,FKBP9,PLEC,YAP1,LAMA5,LRRC59,SMIM29,NXN,APOLD1,CYTH3,FAM168B,PDLIM2,ELMSAN1,GPC1,UBC,SERPINH1,PLXNA2,GSE1,PLXNA1,RDH14,MBP,MAP4,HNRNPA1,E2F6,RREB1,SPTBN1,MAP4K4,USP24,WWTR1,SEC24B,CRTAP,ICMT,SMOX,GADD45A,CAV2,CAV1,NEK7,PARVA,LAMB1,RPL23A,PTPN11,HIPK3,SLC25A37,WNK1,COL5A2,TRIP6,MAFK,EIF3F,TRAM2-AS1,GPR19
gene_set_query	83	NFIX	196.0	ARCHS4 Coexpression,19;Enrichr Queries,211;GTEx Coexpression,358	KCNC1,UBE2D4,HSPB6,ATN1,HSPB1,GPATCH8,ZIC2,MPRIP,FTH1,KIF5A,TIMP3,TNKS1BP1,KIF1C,TGM2,SNTA1,SEMA6C,PAQR6,ANXA2,EMP1,COBL,KCNAB3,MTURN,TOM1L2,CDH10,PEX5,PLEC,RTN2,SPTBN4,SMIM29,ZBTB47,KLC1,NDRG2,ZBTB4,ABR,FAM168B,GPC1,SERPINH1,MFN2,MBP,MAP4,SPTBN1,USP24,CA10,KCNJ9,ZBTB16,CAV1,GRIN2C,HIPK2,PINK1,RIT2,BCL6,WNK1,COL5A2,PLEKHM2,TACC2,BCL2L2
gene_set_query	84	HOXB4	196.0	Literature ChIP-seq,33;ARCHS4 Coexpression,173;Enrichr Queries,276;GTEx Coexpression,302	RPL4,RPL3,IFT172,POP4,ATN1,GXYLT1,FBL,PNN,AS3MT,CAPNS1,RPS19,RPS18,SCMH1,RPL38,RPL39,TGM2,RPS12,RNASE4,CSNK1D,LZTFL1,TUFM,ATXN2L,ILF3,CRISPLD2,RAB34,S100A6,CMPK1,SNRNP200,CCNQ,KMT2D,LRRC59,APH1A,IRAK1,DHRS7B,PLXNA2,GSE1,WWTR1,CRTAP,POU2F1,FOXF2,ZBTB16,CAV1,PHF12,PARVA,INHBA,NFATC4,SMTN,BCL6,LAS1L,WNK1,ATG16L1,COL5A2,RIOX2,BCL2,HNRNPD,ANP32B,GPR19,ZFAND2A,PTEN,HSPB1,PPWD1,PITPNC1,PHTF1,SNRNP70,TIMP3,PGM2,EMILIN1,ARIH1,PRMT5,FOXD1,CERS6,ANXA2,ITGA1,EMP1,RPL13A,ARNT,KCNAB3,TOMM40L,COMMD5,EEF1G,MED22,MMP14,LSG1,IRF1,TRAF5,RPL37A,ARHGEF3,PLEC,TSEN34,LAMA5,CEBPD,SMIM29,RPL10,NXN,RPL12,ATL2,RPL36A,NEDD9,TM9SF4,RPL13,RPS2,HNRNPA1,HNRNPA3,TAF15,HIST3H2A,EIF3F,EIF3D
gene_set_query	85	MXI1	196.2	ARCHS4 Coexpression,381;ENCODE ChIP-seq,20;Enrichr Queries,257;ReMap ChIP-seq,2;GTEx Coexpression,321	RIPOR2,UBE2D4,IFT172,POP4,CTNND2,ATN1,SAT2,MT1X,CASC3,RPL8,GPATCH8,PPP1CB,RPS16,RPS18,CSKMT,KIF5C,KIF5B,FTH1,KIF5A,MACROD1,HABP4,RPL35,RPS11,SBF2,RPL39,PPFIA3,TGM2,FBXW4,RPS9,PAQR6,ENTPD2,DGAT1,RPL21,RPS5,PUS1,PPP1R16A,RPS6,MOGS,CSNK1D,MFSD11,TMEM170B,MTURN,TUFM,EEF1A1,TMEM135,DMWD,RAB34,CDC37,SNHG10,S100A6,SPIN2B,NUPR1,RPL29,SNRNP200,UBA52,FTL,FKBP5,RTN2,TSTA3,TBC1D19,SET,MAGED1,AKAP17A,NDRG2,ZBTB4,KLC4,UBC,MBP,WWTR1,ICMT,DTNA,FOXF2,GADD45A,PCDH20,PCIF1,SNHG8,PYCR1,IFT122,NBEAL2,NR1D1,VASN,MARCH2,SMTN,TBL3,RPS27,BCL6,WNK1,TRIP6,MAFF,KYAT3,PLEKHM2,ECHDC2,MAFK,INTS8,BCL2L2,HSPB6,SETD6,MTMR14,AKAP8L,NGLY1,CLTB,HSPB1,SPR,AIFM2,RARS,FLOT1,RPLP2,RAC3,TIMP3,PGM2,KIF1C,EMILIN1,DGCR6,BCAS1,APC2,RBM14,CERS6,ANXA2,ITGA3,TSC22D3,VPS13D,ANO8,AXIN1,RPL13A,EMP1,ARNT,GAB2,TAPBP,EEF1G,MED22,KAT2A,NDUFS8,EEF1D,HNRNPH1,IRF1,RPL37A,ITGA7,IER3-AS1,DNASE2,PIGL,PAFAH1B3,PLEC,RAPGEF4,TSEN34,LAMA5,PLEKHH3,RPL10,SMIM29,CEBPD,DNAH6,PBXIP1,CCDC106,METTL21A,WDR24,BPHL,TRAK2,DNAJB1,PDLIM2,MARVELD2,RPS2,RPL18,HNRNPA1,ZNF346,APBB3,ZNF584,GDF11,PPP1R14B,HNRNPA3,TAF15,KCNJ9,PCGF2,SQOR,RPL23A,ALDH4A1,PER1,SLC25A37,PINK1,HIST3H2A,CASTOR3,TPT1,MSRB1
gene_set_query	86	FOS	200.8	ARCHS4 Coexpression,293;ENCODE ChIP-seq,30;Enrichr Queries,80;ReMap ChIP-seq,113;GTEx Coexpression,488	RPL4,RPL3,IFT172,POP4,MT1M,PITPNA,RPL9,GPATCH8,RPS17,CAPNS1,RPS19,OPHN1,FTH1,RPL36,RPL38,EIF2D,RPL39,TBC1D10A,ACVR1,CSNK1D,LRRC37B,BCAN,CD109,SNHG10,CDC37,TAGLN2,RPL29,AKAP17A,SERPINH1,RDH14,MAP4,TSPAN3,PRELID3B,FAM120AOS,MYH7B,WWTR1,GADD45A,NBEAL2,NR1D1,HARS2,SNHG5,ACADSB,GADD45G,NFATC4,RPS28,TRIP6,KYAT3,ECHDC2,RPS20,ANP32B,NOL12,GPR19,SERPINA3,SETD6,ZFAS1,ZFAND2A,CITED4,CLTB,AATF,OSBPL10,HEY1,AIFM2,RARS,TIMP3,RPLP2,TIMP1,ANXA2,IFT140,TSC22D3,ANO8,EMP1,SUMF1,MED22,LSG1,IER3-AS1,PIGL,HNRNPH3,RPL10,RPL12,ATL2,WDR24,APOLD1,TM9SF4,TRAK2,EPCAM,RPS3,RPL13,MFN2,ANKRD54,RPL17,APBB3,CA10,SQOR,SNX21,ALDH4A1,PER1,STK17A,RAMP1,MSRB1,LINC01354,TAMM41,MPI,ATN1,GXYLT1,CASC3,METRNL,TOMM22,PPP1CB,FBL,LAPTM4A,CSKMT,MACROD1,NUDT16,SBF2,TGM2,RPS9,DGAT1,USP4,RPS5,RPS6,RPSA,SDCBP2,LZTFL1,TUFM,RAB34,S100A6,SRSF4,NUPR1,SNRNP200,RAF1,ZNF554,FTL,FKBP5,RTN2,LRRC59,TBC1D19,GSTCD,KLC1,FHIT,KLC4,IRAK1,DHRS7B,UBC,SMYD2,LPXN,GAS2L1,POU2F1,CAV2,CAV1,NEK7,PCIF1,IFT122,BMP2,BCL6,ATG16L1,MAFF,MAFK,ACO2,BCL2L2,USP35,NGLY1,HMGB2,HSPB1,PPWD1,CHD2,RPS4X,SNRNP70,FLOT1,ZNF525,PGM2,DGCR6,RBM14,CERS6,ITGA3,RBM18,VPS13D,QRSL1,EEF1G,PTP4A2,NDUFS8,EEF1D,IRF1,RPL37A,CHI3L2,DNASE2,NSRP1,PFDN5,TSEN34,LAMA5,SMIM29,CEBPD,DNAH6,RPL36A,FOXK2,PBXIP1,FOXRED1,DNAJB1,FAM168B,MARVELD2,ELMSAN1,EIF4B,PPP1R14B,TAF12,SMOX,PDE4DIP,RPL23A,LAMB1,PTPN11,SLC25A37,PINK1,PC,NAXD,TPT1,NECTIN2
gene_set_query	87	GATA2	206.0	Literature ChIP-seq,80;ARCHS4 Coexpression,321;ENCODE ChIP-seq,105;Enrichr Queries,179;ReMap ChIP-seq,165;GTEx Coexpression,386	LINC01354,RPL3,MT1M,ATN1,GXYLT1,CDH5,LAPTM4A,CAPNS1,CSKMT,KIF5B,SCMH1,MACROD1,RPL35,ARL6IP4,RPL38,ZNF326,MAP3K6,RPS11,SBF2,PPFIA3,TGM2,CSGALNACT1,DAPK1,RPS5,PUS1,PPP1R16A,RPS6,RNASE4,MFSD11,TEX2,ILF3,RAB37,CDC37,RAB34,SNHG10,CD109,S100A6,TAGLN2,CTXN3,RPL29,NECAB3,MAGED1,DHRS7B,UBC,GSE1,MBP,ZNF787,MAP4,FAM120AOS,MYH7B,NTNG2,POU2F1,DTNA,GADD45A,LRBA,ZBTB16,RARRES2,PHF12,CAV1,NEK7,SNHG8,IFT122,NR1D1,GADD45G,RPS27,EIF2S3,BCL6,BCL2,HNRNPD,GTF2IRD1,ANP32B,TRAM2-AS1,DOCK6,ZNF254,BCAR3,FLT1,HMGB2,HSPB1,PEAR1,CHD2,AATF,PITPNC1,SHD,SHE,SGCD,HEY1,SPR,TMEM44,SNRNP70,RNPEP,TIMP3,SH3BGRL2,EMILIN1,RNF150,PELP1,PRMT5,RBM14,ANXA2,ITGA3,RBM18,TSC22D3,ANO8,EMP1,ARNT,GAB2,EEF1G,LATS1,PTP4A2,SDHAF2,IRF1,RHOJ,RPL37A,DNASE2,NSRP1,ZNF510,TSEN34,LAMA5,CEBPD,SMIM29,RPL12,ATL2,ADCY4,RPL36A,NEDD9,PBXIP1,PRELP,ACVR1B,DNAJB1,TP53INP2,RPS3,RPS2,HNRNPA1,RPL18,E2F6,REPS1,MAP4K4,USP24,GDF11,SNX21,RPL23A,LAMB1,LYVE1,ALDH4A1,SLC25A37,PER1,RIT2,STK17A,EIF3D
gene_set_query	88	SREBF2	207.5	Literature ChIP-seq,134;ARCHS4 Coexpression,235;ENCODE ChIP-seq,56;Enrichr Queries,354;ReMap ChIP-seq,170;GTEx Coexpression,296	GALNT16,PITPNA,ATN1,GXYLT1,METRNL,RPL8,TOMM22,RIMS3,RPS16,MPRIP,FTH1,ZMIZ2,KIF5B,MACROD1,NUDT16,PPFIA3,TBC1D10A,CSGALNACT1,ENTPD2,MIGA2,DGAT1,PPP1R16A,RNASE4,CSNK1D,MOGS,MAPK8IP2,TUFM,EEF1A1,ATXN2L,ILF3,DMTF1,CDC37,SNHG10,TAGLN2,RPL29,SNRNP200,RPL28,SPTBN4,TSTA3,KMT2D,SET,NECAB3,C2CD4C,APH1A,FAM171A2,UBC,PLXNA1,GSE1,GAS2L1,SPTBN1,CAV1,PYCR1,NBEAL2,VASN,TBL3,SMTN,BCL6,WNK1,TRIP6,FNDC10,SPIRE2,PLEKHM2,MAFK,RPS20,INTS8,DOCK6,HSPB6,ZFAND2A,AKAP8L,HSPB1,SPR,SNRNP70,AIFM2,RARS,GDAP1L1,RAC3,TNKS1BP1,RAC1,METTL17,APC2,PRMT5,ANXA2,TSC22D3,ANO8,AXIN1,PATL1,MED22,NDUFS8,MED24,SLCO4A1,EEF1D,CDH10,IRF1,PEX5,DNASE2,PAFAH1B3,PFDN5,PLEC,TSEN34,YAP1,LAMA5,MVK,SMIM29,DNAH6,FOXK2,NEDD9,CCDC106,ACVR1B,WDR24,APOLD1,DNAJB1,FAM168B,PDLIM2,BRD9,RPS2,MAPK3,CA10,PPP1R14B,TAF15,KCNJ9,PCGF2,SQOR,HIPK2,PER1,PNPLA6,NAXD,MSRB1
gene_set_query	89	ZBTB7A	209.8	ARCHS4 Coexpression,113;ENCODE ChIP-seq,10;Enrichr Queries,347;ReMap ChIP-seq,131;GTEx Coexpression,448	RPL3,PITPNA,ATN1,CIB2,METRNL,GPATCH8,LAPTM4A,RIMS3,MPRIP,CAPNS1,FTH1,ZMIZ2,SCMH1,EIF2D,MAP3K6,PPFIA3,TGM2,PAQR6,ENTPD2,DGAT1,USP4,PPP1R16A,CSNK1D,MFSD11,SDCBP2,MTURN,TOM1L2,ILF3,SNHG12,DMWD,CDC37,RPL29,RPL28,UBA52,ZNF554,RTN2,LRRC59,KMT2D,SHC2,C2CD4C,ZBTB4,ABR,FAM171A2,UBC,SMYD2,GSE1,ZNF787,RREB1,SPTBN1,MYH7B,ICMT,GADD45A,PYCR1,NR1D1,GRIN2C,ACADSB,VASN,GNG13,NFATC4,TBL3,ADCK2,BCL6,WNK1,FNDC10,PLEKHM2,MAFK,GTF2IRD1,RPS20,BCL2L2,SRXN1,ZFAS1,CLTB,HSPB1,PEAR1,CHD2,SHE,TMEM44,SNRNP70,RPLP2,RAC3,KIF1C,RAC1,APC2,ANXA2,ANO8,AXIN1,PATL1,TAPBP,MED24,NDUFS8,EEF1D,PACS1,IRF1,RBM12B,RBM20,HNRNPH3,PAFAH1B3,PLEC,TSEN34,LAMA5,RPL10,SMIM29,CEBPD,SLC43A2,CCDC106,WDR24,FOXRED1,UNG,ARVCF,PDLIM2,BRD9,RPS2,RPL18,MAPK3,PPP1R14B,FKRP,KCNJ9,PCGF2,SNX21,SOD2,HIPK2,PER1,PC,TMEM54,PNPLA6,MSRB1
gene_set_query	90	KLF7	220.7	ARCHS4 Coexpression,402;Enrichr Queries,183;GTEx Coexpression,77	CTNND2,PTEN,PEAR1,RPL8,FNBP1L,CDH5,RPS17,KIF5C,GJA4,GDAP1L1,TIMP3,SBF2,PELP1,TGM2,ANXA2,DCC,TSC22D3,RPS5,PPP1R16A,ITGA1,EMP1,TUFM,EEF1D,IRF1,S100A6,ARHGEF3,TAGLN2,RPL29,CEBPD,SMIM29,MAGED1,RPL12,ADCY4,NEDD9,KLC1,PLXNA2,MAP4K4,WWTR1,CRTAP,CAV2,GADD45A,CAV1,PARVA,LAMB1,INHBA,HIPK3,HIPK2,BCL6,MAFF
gene_set_query	91	SCRT2	221.0	ARCHS4 Coexpression,128;Enrichr Queries,186;GTEx Coexpression,349	PRDM8,SPTBN4,RIPOR2,KCNC1,SMIM29,CTNND2,KLC1,FNBP1L,FAM171A2,ARVCF,CUX2,RIMS3,ZIC2,KIF5C,KIF5A,GDAP1L1,PLXNA2,PHACTR3,GSE1,PLXNA3,MAP4K4,CHST8,APC2,NTNG2,SEMA6C,GDF11,CA10,KCNJ9,DCC,ZBTB16,PCGF2,ANO8,GRIN2C,KCNAB3,MAPK8IP2,GNG13,RGMA,BCAN,RIT2,CASTOR3,RAB37,CDH10,MPPED2,PAFAH1B3
gene_set_query	92	AKAP8L	225.3	ARCHS4 Coexpression,444;Enrichr Queries,118;GTEx Coexpression,114	KMT2D,IFT172,ATN1,HSPB1,AKAP17A,CHD2,WDR24,DNAJB1,PNN,ARVCF,SNRNP70,ZMIZ2,UBC,ANKRD54,ZNF787,NINL,APBB3,SPTBN1,PELP1,MAP4K4,TAF15,ANXA2,IFT140,GADD45A,RPS5,TSC22D3,RABL2B,CSNK1D,MOGS,NBEAL2,LRRC37B,GADD45G,ATXN2L,KAT2A,ILF3,LAS1L,DMTF1,BCL6,HNRNPH1,HNRNPD,PLEKHM2,FAM193A,PNPLA6,TARDBP,PLEC
gene_set_query	93	ZNF205	226.7	ARCHS4 Coexpression,55;Enrichr Queries,104;GTEx Coexpression,521	PRR5,NGLY1,ATN1,HSPB1,RPL8,CAPNS1,SNRNP70,RPL36,MACROD1,RPL35,ARL6IP4,TNKS1BP1,RAC3,KIF1C,MAP3K6,RPS5,PPP1R16A,GTPBP6,MOGS,MFSD10,IRF1,MMP17,NUPR1,PLEC,LAMA5,LRRC59,SHC2,PLEKHH3,SMIM29,CCDC106,WDR24,APH1A,FAM171A2,ARVCF,IRAK1,GPC1,SERPINH1,PLXNA1,RPS2,ZNF787,RPL18,PPP1R26,PPP1R14B,SNHG8,PYCR1,NR1D1,GADD45G,RPS28,TBL3,BCL6,STK17A,TRIP6,NECTIN2
gene_set_query	94	ESRRA	227.6	ARCHS4 Coexpression,203;ENCODE ChIP-seq,52;Enrichr Queries,296;ReMap ChIP-seq,136;GTEx Coexpression,451	RPL3,ATN1,CIB2,RPL8,TOMM22,CDH5,GOLGA3,FRAT2,SLK,CAPNS1,FTH1,MACROD1,ARL6IP4,RPL38,EIF2D,ATXN7L2,TBC1D10A,TGM2,MIGA2,DGAT1,PPP1R16A,CSNK1D,MOGS,TEX2,MFSD11,WDR77,TUFM,BCAN,SNHG12,RAB34,S100A6,TAGLN2,RPL29,ZNF554,TSTA3,MAGED1,GSTCD,KLC1,APH1A,IRAK1,UBC,ZNF787,GAS2L1,PRELID3B,NR1D1,INHBA,TBL3,BCL6,SPIRE2,PLEKHM2,GTF2IRD1,MAFK,ACO2,USP35,SRXN1,CITED4,AKAP8L,CLTB,HSPB1,ARHGEF10L,CHD2,AIFM2,SNRNP70,RNPEP,RPLP2,TNKS1BP1,RAC3,KIF1C,BCAS1,ITGA3,ANO8,EMP1,QRSL1,ANO5,TOMM40L,PTP4A2,NDUFS8,MED24,EEF1D,IRF1,PLEC,LAMA5,MVK,CEBPD,SMIM29,FOXK2,WDR24,CYTH3,DNAJB1,FAM168B,ELMSAN1,TP53INP2,GPC1,MFN2,RPS2,RPL18,ATP9B,E2F6,PPP1R14B,KCNJ11,SMOX,PDE4DIP,RPL23A,TYW1B,SOD2,PER1,PINK1,PC,TMEM54,TACC2,PNPLA6,TPT1
gene_set_query	95	FIZ1	228.0	ARCHS4 Coexpression,136;Enrichr Queries,460;GTEx Coexpression,88	ATN1,HSPB1,LAPTM4A,CCND3,CAPNS1,SNRNP70,ZMIZ2,GDAP1L1,PHACTR3,PPFIA3,PELP1,APC2,COBL,CSNK1D,MOGS,MAPK8IP2,ATXN2L,PPP1R3F,ILF3,ASPHD1,PACS1,CDH10,NUPR1,LINC00641,RPL28,FKBP5,PLEC,SPTBN4,KMT2D,SMIM29,CCDC106,FOXRED1,APH1A,FAM171A2,FAM168B,IRAK1,GPC1,ZNF787,RAB11FIP3,RAB11FIP4,GDF11,TAF15,KCNJ9,GADD45A,PCIF1,CASTOR3,BCL6,PLEKHM2,POLR3H,MAFK,PNPLA6
gene_set_query	96	E2F4	229.7	Literature ChIP-seq,64;ARCHS4 Coexpression,327;ENCODE ChIP-seq,51;Enrichr Queries,735;ReMap ChIP-seq,85;GTEx Coexpression,116	RPL4,ARHGEF26-AS1,RPL8,FNBP1L,RPL9,GPATCH8,NDST2,PNN,RPS16,FRAT2,OPHN1,RPS19,FTH1,HABP4,RPL36,ARL6IP4,EIF2D,ATXN7L2,ENTPD2,RPL21,CSNK1D,MOGS,RNASE4,MTURN,MFSD10,DYNC1LI2,SNHG12,ASPHD1,CDC37,SNHG10,TAGLN2,RPL29,RPL28,UBA52,TSTA3,NECAB3,SET,ZBTB4,APH1A,GSE1,MAP4,TSPAN3,RAB11FIP3,PRELID3B,WNT10B,DTNA,ICMT,GADD45A,LRBA,SIAH1,PYCR1,NBEAL2,SNHG6,NR1D1,ACADSB,TBL3,WNK1,RPL27A,TRIP6,HNRNPD,KYAT3,ECHDC2,GTF2IRD1,RPS20,ANP32B,GPR19,SETD6,MTMR14,CITED4,CLTB,SMG6,TMEM44,AIFM2,PEA15,RPLP2,RAC3,KIF1C,RAC1,ARIH1,FGFBP3,APC2,ANXA2,IFT140,ANO8,GAB2,KAT2A,HNRNPH1,PACS1,IER3-AS1,HNRNPH3,PIGL,PAFAH1B3,YAP1,RPL10,SLC43A2,RPL12,CCDC106,ADCY8,WDR24,APOLD1,TRAK2,UNG,ARVCF,RPS3,MFN2,RPL13,BRD9,RPS2,RPL18,ZNF346,APBB3,MAP4K4,NORAD,PCGF2,IGIP,SQOR,HIPK3,ALDH4A1,PER1,CASTOR3,TMEM54,PNPLA6,MSRB1,UBE2D4,CTNND2,GALNT18,GXYLT1,CIB2,PPP1CB,FBL,CDH5,CCND3,SLK,CSKMT,KIF5B,SCMH1,KIF5A,ZNF326,MAP3K6,SBF2,PPFIA3,FBXW4,DGAT1,PUS1,PPP1R16A,RPSA,TUFM,EEF1A1,ATXN2L,ILF3,TMEM135,RAB34,CMPK1,SRSF4,ZNF554,FTL,RTN2,LRRC59,GSTCD,NDRG2,KLC1,KLC4,IRAK1,DHRS7B,UBC,PLXNA2,ZNF787,POU2F1,CAV2,PHF12,OGA,IFT122,BCL6,ATG16L1,SPIRE2,MAFK,BCAR3,HSPB6,HMGB2,PTEN,HSPB1,PPWD1,PHTF1,SNRNP70,RNPEP,PHACTR3,FLOT1,PELP1,RBM14,VPS13D,AXIN1,NGB,RPL13A,PATL1,TAPBP,EEF1G,PTP4A2,EEF1D,IRF1,ITGA7,DNASE2,PLEC,TSEN34,MVK,SMIM29,NXN,RPL36A,PBXIP1,BPHL,FOXRED1,CYTH3,FAM168B,TP53INP2,HNRNPA1,EIF4B,MAPK3,REPS1,USP24,PPP1R14B,HNRNPA3,TAF12,PDE4DIP,PTPN11,RPL23A,PINK1,PC,EIF3F,EIF3D,TPT1,FAM50A
gene_set_query	97	JUND	232.8	Literature ChIP-seq,91;ARCHS4 Coexpression,369;ENCODE ChIP-seq,18;Enrichr Queries,9;ReMap ChIP-seq,1;GTEx Coexpression,909	RPL3,POP4,PITPNA,RPL8,RPL9,NDST2,PNN,RPS17,RPS16,FRAT2,RPS19,CAPNS1,FTH1,ZMIZ2,RPL36,RPL35,RPL38,RPS11,ENTPD2,RPL21,CSNK1D,MOGS,MFSD11,WDR77,MFSD10,SYTL2,CDC37,SNHG10,CD109,TAGLN2,RPL29,RPL28,NECAB3,AKAP17A,ZBTB4,ABR,SERPINH1,AMZ2,RDH14,MAP4,GSTT2B,WWTR1,DTNA,GADD45A,SNHG8,PYCR1,NBEAL2,NR1D1,HARS2,SNHG5,ACADSB,GADD45G,TBL3,RPS28,RPS27,TRIP6,HNRNPD,KYAT3,RPS20,GTF2IRD1,NOL12,GSTM5,SERPINA3,KCNC1,ZFAS1,SETD6,MTMR14,ZFAND2A,CITED4,CLTB,ASGR1,AIFM2,RPLP2,TNKS1BP1,TIMP1,ARIH1,RAC1,FGFBP3,PRMT5,ZNF483,ANXA2,TSC22D3,ANO8,EMP1,SUMF1,HNRNPH1,PACS1,RHOJ,IER3-AS1,PAFAH1B3,YAP1,RPL10,RPL12,RPL11,ATL2,CCDC106,WDR24,TRAK2,EPCAM,GPC1,RPS3,RPL13,MFN2,BRD9,RPS2,RPL18,SQOR,LYVE1,HIPK2,ALDH4A1,PER1,TTLL3,CASTOR3,STK17A,TARDBP,LINC01354,ATN1,GXYLT1,SAT2,METRNL,PPP1CB,CDH5,LAPTM4A,CSKMT,KIF5C,MAP3K6,SBF2,PPFIA3,RPS9,RPS5,PPP1R16A,RPS6,RPSA,SDCBP2,LZTFL1,EEF1A1,ATXN2L,DMTF1,RAB34,S100A6,SRSF4,PKP4,SNRNP200,RAF1,ZNF554,FTL,RTN2,LRRC59,TBC1D19,GSTCD,KLC1,KLC4,IRAK1,DHRS7B,UBC,LPXN,ZNF787,CAV1,PCIF1,NEK7,OGA,RABL2B,INHBA,BCL6,ATG16L1,MAFF,PLEKHM2,MAFK,ACO2,DNAL4,BCL2L2,BCAR3,SNED1,FLT1,SRXN1,NGLY1,PTEN,HSPB1,PPWD1,CHD2,RND1,RPS4X,SNRNP70,FLOT1,METTL17,PLA2G12A,ITGA3,RPL13A,QRSL1,EEF1G,PTP4A2,NDUFS8,EEF1D,IRF1,RPL37A,ITGA7,NSRP1,PLEC,TSEN34,LAMA5,PLEKHH3,SMIM29,CEBPD,RPL36A,PBXIP1,DNAJB1,FAM168B,TAF1D,PDLIM2,TP53INP2,D2HGDH,HNRNPA1,E2F6,ATP9B,REPS1,PPP1R14B,HNRNPA3,TAF15,SMOX,PDE4DIP,RPL23A,SOD2,SLC25A37,EIF3D,TPT1
gene_set_query	98	TCF21	233.8	Literature ChIP-seq,46;ARCHS4 Coexpression,361;Enrichr Queries,166;GTEx Coexpression,362	GALNT16,GALNT18,FAM107A,SAT2,PVR,CDH5,LAPTM4A,RPS16,ZMIZ2,FTH1,DHX58,TGM2,PAQR6,DAPK1,CSNK1D,CYS1,SDCBP2,SYTL2,ATXN2L,EEF1A1,DMTF1,CRISPLD2,RAB37,CDC37,GSAP,SRSF4,TAGLN2,NUPR1,PLA2R1,SPTBN4,TBC1D19,FAM171A2,UBC,SERPINH1,FAM120AOS,ICMT,FOXF2,ZBTB16,RARRES2,CAV1,NEK7,PARVA,INHBA,VASN,NFATC4,SMTN,BCL6,COL5A2,PLEKHM2,ECHDC2,MAFK,DNAL4,DOCK6,PRR5,SNED1,FLT1,HSPB6,HSPB1,ARHGEF10L,PEAR1,CHD2,HEY1,TMEM44,CA4,TIMP3,EMILIN1,TIMP1,ANXA2,TSC22D3,RBM18,ITGA1,EMP1,ARNT,GAB2,PTP4A2,MMP14,PEAK1,IRF1,RHOJ,RPL37A,ZNF510,PLEC,TSEN34,LAMA5,CEBPD,SMIM29,ZBTB47,SLC43A2,RPL12,DNAH6,GDPD2,PRELP,PBXIP1,PDLIM2,APBB3,MAP4K4,MAPK3,SQOR,LAMB1,KCNS1,STK17A,EIF3F,TACC2,NAXD
gene_set_query	99	MYCN	235.6	Literature ChIP-seq,110;ARCHS4 Coexpression,570;Enrichr Queries,253;ReMap ChIP-seq,46;GTEx Coexpression,199	RPL4,RPL3,ATN1,RPL9,CDC14B,FBL,RPS16,RIMS3,KIF5C,FTH1,MACROD1,RPL35,ARL6IP4,ZNF326,RPL38,TRIM26,RPS11,PPFIA3,PAQR6,ENTPD2,USP4,RPS5,PUS1,PPP1R16A,GTPBP6,CSNK1D,MOGS,RPSA,MFSD11,MTURN,WDR77,TUFM,DYNC1LI2,ILF3,RAB34,CDC37,S100A6,PKP4,NUPR1,RPL29,RAF1,UBA52,FTL,FKBP5,RTN2,LRRC59,SET,NDRG2,UBC,PLXNA2,GSE1,PLXNA1,MBP,SPTBN1,RAB11FIP4,RBM11,POU2F1,GADD45A,ZBTB16,LRBA,PHF12,OGA,PYCR1,NR1D1,INHBA,HARS2,GADD45G,TBL3,BMP2,RPS28,BCL6,TRIP6,RIOX2,BCL2,HNRNPD,GTF2IRD1,MAFK,RPS20,ACO2,ANP32B,NOL12,GPR19,HSPB6,AKAP8L,HMGB2,HSPB1,PEAR1,SHD,PITPNC1,RPS4X,HEY1,TMEM44,PEA15,RPLP2,RAC3,TIMP3,EMILIN1,RAC1,BCAS1,PELP1,APC2,ITGA3,IFT140,COMMD10,AXIN1,RPL13A,EMP1,RGMA,SUMF1,COMMD5,EEF1G,MED22,LSG1,NDUFS8,IRF1,MPPED2,CRY2,ITGA7,HNRNPH3,PAFAH1B3,PFDN5,PLEC,TSEN34,LAMA5,PLEKHH3,RPL10,SMIM29,FOXK2,PBXIP1,CCDC106,WDR24,UNG,DNAJB1,ARVCF,PDLIM2,TP53INP2,BRD9,RPS2,RPL18,HNRNPA1,APBB3,EIF4B,JAM2,ZNF584,PPP1R14B,HNRNPA3,TAF15,NORAD,TAF12,IGIP,RPL23A,PER1,HIST3H2A,PNPLA6,RAMP1,EIF3D
gene_set_query	100	ZNF76	237.3	ARCHS4 Coexpression,453;Enrichr Queries,151;GTEx Coexpression,108	LAMA5,SMIM29,IFT172,AKAP8L,ATN1,PBXIP1,AKAP17A,ZBTB4,PNN,ABR,CCND3,SNRNP70,ZMIZ2,GPC1,FLOT1,MACROD1,PLXNA1,GSE1,ARL6IP4,D2HGDH,NINL,APBB3,METTL17,IFT140,TSC22D3,GTPBP6,NBEAL2,MOGS,NR1D1,MFSD10,PER1,KAT2A,ILF3,TTLL3,DMTF1,BCL6,HNRNPH1,PACS1,ECHDC2,ACO2,PNPLA6,FKBP5,PLEC
gene_set_query	101	MZF1	238.0	ARCHS4 Coexpression,168;Enrichr Queries,323;GTEx Coexpression,223	LAMA5,KMT2D,CEBPD,SMIM29,AKAP8L,ATN1,HSPB1,PNN,ARVCF,SNRNP70,ZMIZ2,D2HGDH,BRD9,NINL,APBB3,RREB1,RAB11FIP3,PLXNA3,IFT140,GADD45A,ZBTB16,TSC22D3,PPP1R16A,RABL2B,CSNK1D,MOGS,NBEAL2,NR1D1,MFSD10,ATXN2L,KAT2A,DMTF1,BCL6,TTLL3,PACS1,IRF1,MAFF,ECHDC2,MAFK,PNPLA6,PLEC
gene_set_query	102	TEAD4	239.0	Literature ChIP-seq,78;ARCHS4 Coexpression,275;ENCODE ChIP-seq,19;Enrichr Queries,96;ReMap ChIP-seq,36;GTEx Coexpression,930	ZNF175,RPL3,RPL8,NDST2,GOLGA3,RPS16,FRAT2,CAPNS1,FTH1,RPL35,RPS11,RNASE4,MFSD11,WDR77,SNHG12,SNHG10,TAGLN2,RPL29,UBA52,SET,MAGED1,SERPINH1,GSE1,TSPAN3,RREB1,WWTR1,ICMT,DTNA,GADD45A,LRBA,PYCR1,NBEAL2,PARVA,SNHG5,ACADSB,GADD45G,NFATC4,TBL3,TRIP6,HNRNPD,KYAT3,RPS20,GTF2IRD1,ANP32B,INTS8,TRAM2-AS1,GPR19,ZFAS1,CITED4,CLTB,LRRC6,EFCAB5,OSBPL10,TMEM44,AIFM2,RPLP2,TIMP3,KIF1C,SH3BGRL2,TIMP1,CHST8,PRMT5,ANXA2,IFT140,ANO8,EMP1,GAB2,SLCO4A1,PACS1,HNRNPH1,MMP17,ARHGEF3,IER3-AS1,HNRNPH3,FAM193A,RAPGEF4,YAP1,RPL10,RPL12,NEDD9,CCDC106,METTL21A,WDR24,APOLD1,TM9SF4,UNG,EPCAM,RPS3,RPL13,MFN2,RPS2,RPL17,JAM2,MAP4K4,SQOR,HIPK3,HIPK2,ALDH4A1,PER1,TACC2,LINC01354,UBE2D4,CTNND2,GXYLT1,ATN1,CASC3,PVR,CCND3,CSKMT,KIF5C,MACROD1,ZNF326,SBF2,TGM2,CSGALNACT1,RPS9,USP4,RPSA,TUFM,ATXN2L,EEF1A1,ILF3,DMTF1,RAB37,RAB34,S100A6,PKP4,FKBP9,PLA2R1,SNRNP200,RAF1,FKBP5,RTN2,LRRC59,IRAK1,UBC,PLXNA2,CDH23,MBP,GAS2L1,POU2F1,RARRES2,CAV1,ZBTB16,PAN3,BCL6,ATG16L1,MAFF,RIOX2,COL5A2,MAFK,BCAR3,OSCP1,FLT1,HMGB2,PTEN,HSPB1,ARHGEF10L,CHD2,SGCD,ZIC2,RNPEP,FLOT1,PGM2,BCAS1,METTL17,RBM14,CERS6,ITGA3,RBM18,ITGA1,ARNT,MYRIP,EEF1G,LATS1,PTP4A2,IRF1,RPL37A,RBM20,LAMA5,SMIM29,CEBPD,NXN,FOXK2,PBXIP1,CYTH3,DNAJB1,PDLIM2,ELMSAN1,D2HGDH,HNRNPA1,E2F6,EIF4B,MAPK4,CLVS1,USP24,PPP1R14B,HNRNPA3,KCNJ11,PDE4DIP,RPL23A,LAMB1,PTPN11,EIF3F,NAXD,EIF3D,NECTIN2,TPT1
gene_set_query	103	RXRB	239.3	ARCHS4 Coexpression,448;Enrichr Queries,49;GTEx Coexpression,221	RPL3,AKAP8L,ATN1,PTEN,HSPB1,RPL8,TOMM22,PNN,CCND3,RPS19,CAPNS1,SNRNP70,RPS18,FTH1,ZMIZ2,FLOT1,RPS11,VPS39,METTL17,TSC22D3,TAP2,ARNT,CSNK1D,MOGS,TAPBP,EEF1A1,ATXN2L,MED22,KAT2A,DMTF1,PACS1,IRF1,PLEC,PBXIP1,AKAP17A,APH1A,UBC,D2HGDH,RPS2,RPL18,APBB3,MAPK3,PHF12,PCIF1,NBEAL2,TTLL3,BCL6,PLEKHM2,PNPLA6
gene_set_query	104	MEOX2	241.3	ARCHS4 Coexpression,60;Enrichr Queries,472;GTEx Coexpression,192	SNED1,ZBTB47,HSPB6,COL11A1,ADCY4,ATN1,ADIRF,NEDD9,PRELP,PEAR1,CYTH3,CDH5,LAPTM4A,GJA4,SERPINH1,TIMP3,PLXNA1,EMILIN1,MAP4,JAM2,SPTBN1,WWTR1,CRTAP,TLE1,CAV2,CAV1,ZBTB16,ITGA1,CIDEA,EMP1,LAMB1,INHBA,LYVE1,NFATC4,INPP4B,BMP2,CRISPLD2,RHOJ,COL5A2,ITGA7,FKBP9
gene_set_query	105	ZNF444	241.7	ARCHS4 Coexpression,62;Enrichr Queries,214;GTEx Coexpression,449	LAMA5,SHC2,PLEKHH3,CEBPD,SMIM29,ATN1,HSPB1,SAT2,CCDC106,METRNL,ASGR1,KLC4,FAM171A2,ARVCF,SNRNP70,ZMIZ2,ANKRD54,ARL6IP4,D2HGDH,ZNF787,RAB11FIP3,PPFIA3,PELP1,PPP1R26,SMOX,PPP1R16A,ANO8,PYCR1,CSNK1D,MFSD10,ATXN2L,TBL3,BCL6,DMWD,CDC37,S100A6,SPIRE2,ECHDC2,NAXD,NECTIN2,FTL
gene_set_query	106	FBXL19	242.0	ARCHS4 Coexpression,125;GTEx Coexpression,359	LRRC59,ATN1,CCDC106,APH1A,FAM171A2,FAM168B,MPRIP,IRAK1,SNRNP70,PPP4R4,ZMIZ2,KIF5A,GDAP1L1,PHF24,ANKRD54,TNKS1BP1,PLXNA1,ZNF787,GAS2L1,RAB11FIP4,PPFIA3,PELP1,PPP1R26,TAF15,MOGS,MAPK8IP2,ATXN2L,ILF3,TYRO3,FNDC10,PLEKHM2,PNPLA6,DNAL4
gene_set_query	107	SAFB	243.0	ARCHS4 Coexpression,386;GTEx Coexpression,100	KMT2D,AKAP8L,PRDM15,ATN1,WDR24,FBL,FAM168B,SNRNP70,RPL13,HNRNPA1,PELP1,RBM14,HNRNPA3,TAF15,PCIF1,AXIN1,MOGS,LRRC37B,ATXN2L,ILF3,PAN3,ATG16L1,HNRNPD,SRSF4,FAM193A,HNRNPH3,SNRNP200,TARDBP,TRAM2-AS1
gene_set_query	108	HMG20B	245.7	ARCHS4 Coexpression,84;Enrichr Queries,355;GTEx Coexpression,298	AKAP8L,HSPB1,RPL8,CCND3,CAPNS1,KIF5C,SNRNP70,FTH1,GDAP1L1,SLC16A6,ARL6IP4,APC2,ANXA2,RPS5,TSC22D3,PPP1R16A,CSNK1D,MOGS,MAPK8IP2,TMEM170B,MFSD10,PPP1R3F,EEF1D,CDH10,IRF1,CDC37,MMP17,S100A6,TAGLN2,CTXN2,PLEC,SPTBN4,LRRC59,CEBPD,APH1A,DNAJB1,FAM171A2,IRAK1,SERPINH1,RPS2,ZNF787,CLVS1,PPP1R14B,CRTAP,KCNJ9,GADD45A,TRIP6,MAFK,PNPLA6,GPR19
gene_set_query	109	ZNF721	246.0	ARCHS4 Coexpression,357;Enrichr Queries,16;GTEx Coexpression,365	ZNF254,KCNC1,HMGB2,CLTB,MT1X,RPL8,FNBP1L,RPL9,RPS4X,PPP1CB,PNN,SCRN1,CAPNS1,KIF5C,FTH1,KIF5B,RPL36,KIF1C,ZNF483,ANXA2,RPS6,RPL13A,MOGS,MAPK8IP2,EEF1A1,DMTF1,HNRNPH1,EEF1D,CDH10,RPL37A,TAGLN2,LINC00641,ZNF510,RPL28,FTL,SPTBN4,LRRC59,RPL12,RPL11,KLC1,APH1A,TAF1D,IRAK1,UBC,RPS3,HNRNPA1,CLVS1,CA10,CRTAP,KCNJ9,NEK7,OGA,RPL23A,RIT2,PLEKHM2,MAFK,ANP32B,PNPLA6,TPT1
gene_set_query	110	CREBZF	249.0	ARCHS4 Coexpression,335;Enrichr Queries,245;GTEx Coexpression,167	RPL4,KMT2D,SMIM29,POP4,PTEN,HMGB2,PPWD1,AKAP17A,CHD2,TOMM22,PPP1CB,PNN,TAF1D,FAM168B,MPRIP,SNRNP70,GSE1,HNRNPA1,SPTBN1,EIF4B,METTL17,HNRNPA3,POU2F1,TAF15,TSC22D3,IGIP,OGA,MOGS,ATXN2L,ILF3,PAN3,DMTF1,HNRNPH1,WNK1,RBM12B,HNRNPD,SRSF4,HNRNPH3,TARDBP,SNRNP200
gene_set_query	111	NFATC4	252.0	ARCHS4 Coexpression,201;Enrichr Queries,424;GTEx Coexpression,131	SNED1,RPL3,CEBPD,SMIM29,ATN1,HSPB1,ZBTB4,SMG6,CYTH3,LAPTM4A,GOLGA6L4,GPC1,SCMH1,SERPINH1,TIMP3,TNKS1BP1,PLXNA1,EMILIN1,MAP4,TGM2,WWTR1,CRTAP,GADD45A,TSC22D3,PCGF2,ARNT,PARVA,LAMB1,VASN,EEF1A1,KAT2A,SMTN,MMP14,TTLL3,DMTF1,BCL6,RAB34,TRIP6,COL5A2,BCL2,FKBP9
gene_set_query	112	ZNF579	252.0	ARCHS4 Coexpression,5;Enrichr Queries,59;GTEx Coexpression,692	UBE2D4,CITED4,ATN1,HSPB1,RPS19,KIF5C,FTH1,ZMIZ2,GDAP1L1,MACROD1,RPL36,TNKS1BP1,RAC3,RPL38,TIMP1,ATXN7L2,PELP1,APC2,RPS9,PPP1R16A,ANO8,ANO5,MFSD10,RPL37A,S100A6,NUPR1,RPL28,FTL,PLEC,RTN2,CEBPD,SMIM29,RPL36A,CCDC106,FAM171A2,ARVCF,GPC1,SERPINH1,RPL13,PLXNA1,RPS2,ZNF787,E2F6,RPL17,RAB11FIP3,USP24,PPP1R26,GDF11,PPP1R14B,KCNJ11,PCGF2,PDE4DIP,GADD45G,TBL3,CASTOR3,SPIRE2,NECTIN2
gene_set_query	113	THAP4	253.3	ARCHS4 Coexpression,58;Enrichr Queries,18;GTEx Coexpression,684	RPL3,UBE2D4,CLTB,HSPB1,RPL8,FBL,RPS17,RPS19,CAPNS1,FTH1,MACROD1,RPL35,KIF1C,ANXA2,RPS5,PUS1,RPL13A,MOGS,ANO5,TUFM,EEF1A1,ATXN2L,NDUFS8,EEF1D,RPL37A,TAGLN2,RPL29,RPL28,FKBP5,PLEC,LRRC59,SMIM29,RPL12,APH1A,IRAK1,GPC1,UBC,RPS3,MFN2,RPS2,ZNF787,RPL18,PPP1R14B,ICMT,KCNJ11,PDE4DIP,PYCR1,TRIP6,ACO2,TACC2
gene_set_query	114	EBF4	254.0	ARCHS4 Coexpression,95;Enrichr Queries,587;GTEx Coexpression,80	PRDM8,LAMA5,SNED1,SHC2,FLT1,SMIM29,CTNND2,ATN1,ZBTB4,PNN,FAM171A2,ARVCF,HEY1,SNRNP70,ZMIZ2,GPC1,SCMH1,PLXNA2,TIMP3,EMILIN1,RPL38,NINL,RAB11FIP3,PPFIA3,APC2,WWTR1,SEMA6C,NTNG2,IFT140,PCGF2,PPP1R16A,ANO8,MAPK8IP2,NFATC4,RGMA,HIPK2,MED22,TOM1L2,KAT2A,SMTN,BMP2,DMTF1,RAB34,MPPED2,ECHDC2,HNRNPH3,PFDN5
gene_set_query	115	OLIG2	257.0	Literature ChIP-seq,39;ARCHS4 Coexpression,94;Enrichr Queries,879;GTEx Coexpression,16	PRDM8,ARHGEF26-AS1,CTNND2,FAM107A,CIB2,RPL8,PNN,LAPTM4A,RPS19,KIF5C,KIF5B,GJA4,SAP130,RPS11,PAQR6,RPS9,TLE1,ENTPD2,MIGA2,MTURN,MFSD10,BCAN,DYNC1LI2,ASPHD1,RAB37,CMPK1,PKP4,NUPR1,LINC00641,ADCYAP1R1,SHC2,NDRG2,KLC1,ABR,SERPINH1,PLXNA2,GSE1,MBP,TSPAN3,RAB11FIP4,DTNA,GADD45A,ZBTB16,SNHG6,VASN,GADD45G,RPS28,PAN3,BCL6,WNK1,COL5A2,MAFK,PRR5,FLT1,HMGB2,ARHGEF10L,CHD2,SHD,PITPNC1,HEY1,ZIC2,PEA15,GDAP1L1,PHACTR3,FLOT1,TNKS1BP1,TIMP3,EMILIN1,BCAS1,APC2,PLA2G12A,CERS6,FOXD1,COBL,EMP1,RPL13A,RGMA,PTP4A2,SLCO4A1,EEF1D,NSRP1,CAMK1G,RAPGEF4,LAMA5,CEBPD,SMIM29,ZBTB47,FOXK2,NEDD9,ADCY8,DLL3,TRAK2,CUX2,TP53INP2,D2HGDH,ATP9B,JAM2,MAP4K4,MAPK3,CLVS1,GDF11,CA10,NORAD,KCNJ11,SMOX,KCNJ9,IGIP,PTPN11,HIPK2,PER1,PINK1,TACC2,RAMP1,NECTIN2
gene_set_query	116	SCMH1	257.0	ARCHS4 Coexpression,280;GTEx Coexpression,234	KMT2D,ZBTB47,HSPB6,ATN1,PPP1CB,MACROD1,MFN2,KIF1C,RDH14,EMILIN1,RNF150,MAP4,SNTA1,WWTR1,MYH7B,SEMA6C,FOXF2,ITGA1,PARVA,NFATC4,ATXN2L,EEF1G,SMTN,KAT2A,ILF3,WNK1,DMWD,RAB34,ITGA7,MAFK,ACO2,SNRNP200,RAMP1
gene_set_query	117	HES5	257.3	ARCHS4 Coexpression,216;Enrichr Queries,517;GTEx Coexpression,39	ARHGEF26-AS1,CTNND2,FAM107A,HSPB1,SAT2,OPHN1,HEY1,ZIC2,RPS19,RPS18,PEA15,PHACTR3,TIMP3,RPL38,FGFBP3,RPS11,PPFIA3,APC2,FOXD1,RPL21,ANO8,RPL13A,RGMA,BCAN,MMP17,RPL37A,ACSBG1,NUPR1,ADCYAP1R1,SMIM29,CEBPD,RPL36A,C2CD4C,CCDC106,ADCY8,NDRG2,DLL3,ABR,FAM171A2,ARVCF,RPL13,RPL17,WNT10B,GDF11,ZBTB16,GADD45G,NFATC4,VAC14-AS1,FNDC10,BCL2,POLR3H
gene_set_query	118	ERG	259.4	Literature ChIP-seq,29;ARCHS4 Coexpression,755;Enrichr Queries,203;ReMap ChIP-seq,84;GTEx Coexpression,226	RPL4,RPL3,PITPNA,ATN1,RPL8,PPP1CB,CDH5,GOLGA3,CCND3,RPS16,CAPNS1,MPRIP,CSKMT,GJA4,SCMH1,MACROD1,ARL6IP4,TRIM26,MAP3K6,RPS11,PPFIA3,TGM2,CSGALNACT1,ENTPD2,RPL21,DAPK1,USP4,RPS5,RALGAPA2,PPP1R16A,RPS6,TAP2,CSNK1D,MOGS,RPSA,MFSD11,TUFM,ILF3,DMWD,RAB34,CDC37,SRSF4,TAGLN2,RPL29,UBA52,FKBP5,RTN2,SET,KLC1,DHRS7B,UBC,PLXNA2,GSE1,MBP,AMZ2,RDH14,PLXNA3,WWTR1,CRTAP,ICMT,CAV2,ZBTB16,CAV1,PHF12,PCIF1,PYCR1,IFT122,NR1D1,ACADSB,TBL3,RPS27,PAN3,ADCK2,TRIP6,RIOX2,MAFF,BCL2,SPIRE2,KYAT3,MAFK,ANP32B,NOL12,DOCK6,FLT1,HSPB6,SETD6,NGLY1,HMGB2,HSPB1,PEAR1,PHTF1,SMG6,SHE,HEY1,TIMP3,RPLP2,RAC3,EMILIN1,RNF150,METTL17,APC2,RBM14,CERS6,IFT140,ITGA1,ANO8,AXIN1,RPL13A,EMP1,ARNT,PATL1,COMMD5,TAPBP,EEF1G,MED22,PTP4A2,SLCO4A1,PACS1,HNRNPH1,IRF1,RHOJ,RPL37A,PAFAH1B3,PFDN5,PLEC,YAP1,RPL10,SMIM29,SLC43A2,ADCY4,NEDD9,FOXK2,PBXIP1,CCDC106,WDR24,APOLD1,TM9SF4,UNG,DNAJB1,TAF1D,RPL13,D2HGDH,RPS2,RPL18,RPL17,E2F6,JAM2,ZNF584,PPP1R14B,FKRP,RPL23A,SOD2,HIPK3,ALDH4A1,PER1,HIST3H2A,NAXD,TPT1
gene_set_query	119	ZNF692	259.7	ARCHS4 Coexpression,323;Enrichr Queries,182;GTEx Coexpression,274	LAMA5,KMT2D,SMIM29,IFT172,AKAP8L,ATN1,HSPB1,PNN,TAF1D,SNRNP70,ZMIZ2,SERPINH1,ANKRD54,GSE1,D2HGDH,NINL,APBB3,RAB11FIP3,RBM14,GADD45A,PPP1R16A,ANO8,RABL2B,EMP1,NBEAL2,CSNK1D,MOGS,NR1D1,MFSD10,ATXN2L,KAT2A,ILF3,LAS1L,DMTF1,BCL6,HNRNPH1,PLEC
gene_set_query	120	FOXF1	260.7	ARCHS4 Coexpression,351;Enrichr Queries,222;GTEx Coexpression,209	PRDM8,LAMA5,FLT1,CEBPD,SMIM29,NXN,ATL2,CDH5,HEY1,GPC1,SCMH1,SERPINH1,TIMP3,EMILIN1,RNF150,TIMP1,TGM2,WWTR1,FOXD1,FOXF2,ZBTB16,CAV1,ITGA1,EMP1,PARVA,LAMB1,INHBA,VASN,RGMA,MED22,SMTN,BMP2,MMP14,CRISPLD2,IRF1,RAB34,RHOJ,COL5A2,FKBP9,BCL2L2
gene_set_query	121	SGSM2	262.0	ARCHS4 Coexpression,78;GTEx Coexpression,446	KMT2D,ZBTB47,CTNND2,ATN1,CCDC106,ZBTB4,DLL3,ABR,FAM171A2,ARVCF,RIMS3,MPRIP,SNRNP70,ZMIZ2,GDAP1L1,KIF5A,PHF24,RAB11FIP3,PPFIA3,PPP1R26,APC2,WNT10B,KCNJ9,MAPK8IP2,AGBL4,TOM1L2,KAT2A,PACS1,PLEKHM2,PNPLA6,CAMK1G,BCL2L2
gene_set_query	122	KMT2A	262.0	ARCHS4 Coexpression,490;ReMap ChIP-seq,230;GTEx Coexpression,66	BCAR3,ZNF175,POP4,ZFAS1,ATN1,PTEN,HMGB2,CASC3,CHD2,MTRNR2L1,PITPNC1,GPATCH8,TOMM22,PPP1CB,ZIC2,SNRNP70,ZNF844,FGFBP3,ZNF483,CERS6,IFT140,VPS13D,SATB1-AS1,MOGS,CDPF1,GAB2,MFSD11,TUFM,LATS1,LSG1,SDHAF2,DMTF1,PEAK1,CD109,HNRNPH3,PIGL,FAM193A,SNRNP200,ZNF510,KMT2D,KIF9-AS1,ZBTB4,APOLD1,ARVCF,ELMSAN1,DHRS7B,GSE1,MBP,RREB1,ATP9B,JAM2,PLXNA3,FAM120AOS,REPS1,USP24,POU2F1,BICRAL,LRBA,NEK7,OGA,SNHG8,SOD2,LINC00909,HIPK3,HIPK2,PAN3,LAS1L,BCL6,WNK1,BCL2,ANP32B,GPR19
gene_set_query	123	MXD4	262.7	ARCHS4 Coexpression,237;Enrichr Queries,137;GTEx Coexpression,414	SPTBN4,KCNC1,CEBPD,SMIM29,SLC43A2,ATN1,NEDD9,HSPB1,PBXIP1,ZBTB4,APH1A,ARVCF,ZIC2,MPRIP,CAPNS1,SNRNP70,FTH1,ZMIZ2,RAC3,TIMP3,TNKS1BP1,RAB11FIP3,PLXNA3,TGM2,CA10,ANXA2,GADD45A,TSC22D3,GTPBP6,EMP1,CSNK1D,MOGS,NBEAL2,GRIN2C,KCNAB3,GADD45G,TOM1L2,PINK1,BCL6,RAB37,PACS1,IRF1,S100A6,PLEKHM2,NUPR1,PNPLA6,FKBP5
gene_set_query	124	HBP1	264.0	ARCHS4 Coexpression,469;Enrichr Queries,223;ReMap ChIP-seq,53;GTEx Coexpression,311	RPL3,CTNND2,ATN1,RPL8,LAPTM4A,RPS17,RPS16,RPS18,FTH1,RPS11,PPFIA3,RPS5,PPP1R16A,TAP1,RNASE4,CSNK1D,MOGS,MAPK8IP2,MFSD11,ILF3,ASPHD1,RAB34,NUPR1,FTL,RTN2,LRRC59,FAM171A2,UBC,GSE1,ICMT,GADD45A,ZBTB16,PCIF1,PYCR1,NR1D1,TBL3,BCL6,MAFF,SPIRE2,HNRNPD,MAFK,NOL12,BCL2L2,SRXN1,HSPB6,ZFAND2A,PTEN,HMGB2,HSPB1,CHD2,GDAP1L1,FLOT1,RPLP2,RAC3,TIMP3,EMILIN1,ARIH1,APC2,ANXA2,TSC22D3,ANO8,AXIN1,ARNT,RPL13A,EMP1,TOMM40L,TAPBP,EEF1G,MED22,SLCO4A1,IRF1,IER3-AS1,PLEC,LAMA5,PLEKHH3,SLC43A2,CEBPD,SMIM29,PBXIP1,CCDC106,WDR24,APOLD1,DNAJB1,PDLIM2,RPS2,ZNF584,GDF11,SEC24B,PPP1R14B,HNRNPA3,PCGF2,IGIP,SQOR,RPL23A,SOD2,ALDH4A1,PER1,NECTIN2,MSRB1
gene_set_query	125	ZBED5	265.0	ARCHS4 Coexpression,391;GTEx Coexpression,139	ZNF254,LAMA5,LRRC59,CLTB,PPWD1,AKAP17A,RPL8,FNBP1L,APH1A,PNN,CAPNS1,IRAK1,MFN2,KIF1C,METTL17,HNRNPA3,PPP1R14B,PYCR1,MOGS,NFATC4,LATS1,ILF3,RPS27,PAN3,TTLL3,DMTF1,HNRNPH1,HNRNPD,PLEKHM2,SRSF4,HNRNPH3,TARDBP,NECTIN2
gene_set_query	126	REST	265.7	Literature ChIP-seq,28;ARCHS4 Coexpression,834;ENCODE ChIP-seq,1;Enrichr Queries,322;ReMap ChIP-seq,102;GTEx Coexpression,307	RPL4,ZNF175,RPL3,TUSC3,CTNND2,GALNT18,ATN1,RPL8,FNBP1L,RPL9,PNN,RPS17,RPS16,RIMS3,CAPNS1,KIF5C,CSKMT,ZMIZ2,KIF5A,SCMH1,RPL36,RPL35,RPL38,ZNF326,EIF2D,RPS11,ATXN7L2,PPFIA3,TGM2,RPS12,ACVR1,ENTPD2,DGAT1,RPL21,DAPK1,RPS5,PPP1R16A,RPS6,CSNK1D,RPSA,SLC6A11,MAPK8IP2,MFSD11,TEX2,EEF1A1,PPP1R3F,BCAN,TOM1L2,ILF3,ASPHD1,RAB37,RAB34,TAGLN2,CTXN2,RPL29,RAF1,LINC00641,RPL28,FTL,RTN2,SPTBN4,TBC1D19,SET,KLC1,ZBTB4,FHIT,ABR,FAM171A2,DHRS7B,UBC,PLXNA2,PLXNA1,GSE1,MBP,RREB1,RAB11FIP4,SPTBN1,WWTR1,ICMT,POU2F1,GADD45A,ZBTB16,PHF12,PCIF1,OGA,PYCR1,SNHG6,NR1D1,GRIN2C,SNHG5,TBL3,BMP2,BCL6,WNK1,HNRNPD,SPIRE2,BCL2,MAFK,GPR19,SNED1,SRXN1,KCNC1,ZFAS1,ZFAND2A,PTEN,LRRC6,ARHGEF10L,CHD2,RND1,RPS4X,GRM5,SGCD,SPR,RASGEF1A,RARS,GDAP1L1,CA4,FLOT1,PHACTR3,RPLP2,RAC3,EMILIN1,SNTA1,APC2,CHST8,FOXD1,ANXA2,ANO8,RPL13A,COBL,MYRIP,ANO5,TAPBP,EEF1G,LATS1,MED22,LSG1,SLCO4A1,CDH10,IRF1,RPL37A,CRY2,IER3-AS1,HNRNPH3,PAFAH1B3,CAMK1G,PLEC,YAP1,LAMA5,PLEKHH3,RPL10,RPL12,COL11A1,RPL11,ADCY4,NEDD9,CCDC106,ACVR1B,WDR24,TRAK2,TAF1D,ARVCF,CUX2,EPCAM,RPS3,RPL13,RPS2,RPL18,RPL17,JAM2,CLVS1,PPP1R14B,HNRNPA3,CA10,KCNJ9,PDE4DIP,RPL23A,PTPN11,HIPK3,HIPK2,PER1,HIST3H2A,TMEM54,STK17A,PNPLA6,EIF3D,TPT1,NECTIN2
gene_set_query	127	NR2F2	265.8	ARCHS4 Coexpression,304;ENCODE ChIP-seq,13;Enrichr Queries,209;ReMap ChIP-seq,91;GTEx Coexpression,712	RPL3,POP4,ATN1,SAT2,METRNL,RPL8,RPL9,GPATCH8,FBL,CDH5,LAPTM4A,RPS16,RPS19,OPHN1,RPS18,CSKMT,FTH1,KIF5A,RPL36,RPL38,ZNF326,EIF2D,SBF2,PPFIA3,TGM2,RPS9,TLE1,DGAT1,USP4,RPS5,RPS6,RNASE4,CSNK1D,MOGS,MFSD11,TUFM,BCAN,RAB34,CDC37,TAGLN2,UBA52,FTL,RTN2,LRRC59,NECAB3,GSTCD,KLC4,UBC,SERPINH1,GSE1,LPXN,WWTR1,CRTAP,GADD45A,CAV2,CAV1,OGA,SNHG8,PYCR1,RABL2B,PARVA,NR1D1,INHBA,HARS2,VASN,NFATC4,TBL3,RPS28,SMTN,RPS27,BCL6,LAS1L,RPL27A,TRIP6,COL5A2,SPIRE2,BCL2,MAFK,RPS20,NOL12,SETD6,AKAP8L,NGLY1,HSPB1,LRRC6,PEAR1,RPS4X,AIFM2,SNRNP70,FLOT1,RPLP2,TIMP3,TNKS1BP1,APC2,RBM14,FOXD1,ANXA2,ARNT,EMP1,TAPBP,EEF1G,LATS1,PTP4A2,NDUFS8,SLCO4A1,HNRNPH1,IRF1,RHOJ,RPL37A,IER3-AS1,NSRP1,ZNF510,PLEC,YAP1,TSEN34,LAMA5,RPL10,SMIM29,CEBPD,RPL36A,NEDD9,PBXIP1,WDR24,BPHL,FOXRED1,TRAK2,DNAJB1,ARVCF,PDLIM2,ELMSAN1,GPC1,RPL13,RPS2,RPL18,HNRNPA1,APBB3,PPP1R14B,PCGF2,SNX21,RPL23A,LAMB1,PER1,HIST3H2A,NECTIN2
gene_set_query	128	HLF	266.3	ARCHS4 Coexpression,167;Enrichr Queries,309;GTEx Coexpression,323	PRDM8,SPTBN4,CEBPD,IGSF1,ATL2,FAM107A,NDRG2,ZBTB4,ASGR1,TM9SF4,PPP1CB,FAM168B,RIMS3,HEY1,TP53INP2,KIF5A,PLXNA2,TIMP3,PHF24,MBP,RNF150,SPTBN1,TGM2,FOXF2,KCNJ9,ZBTB16,TSC22D3,EMP1,COBL,NR1D1,MAPK8IP2,ACADSB,MTURN,ALDH4A1,AGBL4,SMTN,BCL6,KCNS1,STK17A,CRY2,PKP4,BCL2L2,CAMK1G,FKBP5,RAPGEF4
gene_set_query	129	POU6F1	266.7	ARCHS4 Coexpression,122;Enrichr Queries,427;GTEx Coexpression,251	SPTBN4,KCNC1,CEBPD,SMIM29,SLC43A2,CTNND2,ARHGEF10L,KLC1,NDRG2,ZBTB4,ABR,FAM171A2,RIMS3,SCRN1,KIF5C,GDAP1L1,KIF5A,PLXNA2,TIMP3,GSE1,PHF24,MBP,RAB11FIP4,PPFIA3,TGM2,APC2,UNC13C,CA10,PAQR6,DTNA,KCNJ9,ZBTB16,TSC22D3,NR1D1,MAPK8IP2,GRIN2C,MTURN,TOM1L2,RIT2,BCL6,KCNS1,CDH10,IRF1,BCL2,TYRO3,LINC00641,RAPGEF4
gene_set_query	130	STAT3	267.3	Literature ChIP-seq,94;ARCHS4 Coexpression,1164;ENCODE ChIP-seq,17;Enrichr Queries,37;ReMap ChIP-seq,31;GTEx Coexpression,261	RPL4,ZNF175,POP4,MT1M,RPL9,NDST2,RPS16,FRAT2,CAPNS1,RPS19,OPHN1,FTH1,RPL36,RPL35,RPL38,EIF2D,RPS12,ACVR1,ENTPD2,RPL21,GTPBP6,MOGS,MAPK8IP2,MFSD11,SNHG12,ASPHD1,CRISPLD2,CDC37,CD109,SPIN2B,TAGLN2,RPL29,AKAP17A,FAM171A2,RDH14,RAB11FIP4,RBM11,MYH7B,GADD45A,SNHG8,NBEAL2,SNHG6,NR1D1,NFATC4,TBL3,RPS28,RPS27,KYAT3,RPS20,ANP32B,NOL12,INTS8,ZNF254,SERPINA3,CITED4,CLTB,LRRC6,TMEM44,RARS,ZNF280C,RPLP2,TNKS1BP1,TIMP3,TIMP1,RAC1,ARIH1,APC2,FOXD1,ANXA2,IFT140,ANO8,EMP1,GAB2,MED22,LSG1,SDHAF2,SLCO4A1,PACS1,IER3-AS1,PIGL,HNRNPH3,PAFAH1B3,YAP1,RPL10,RPL12,ATL2,RPL11,CCDC106,WDR24,APOLD1,TM9SF4,CUX2,RPL13,RPS2,RPL18,ZNF346,RPL17,APBB3,JAM2,MAP4K4,IGIP,HIPK3,PER1,HIST3H2A,TMEM54,STK17A,PNPLA6,TACC2,TARDBP,MSRB1,LINC01354,TAMM41,ATN1,GXYLT1,SAT2,CASC3,PVR,CASC1,TOMM22,CCND3,LAPTM4A,KIF5C,CSKMT,MACROD1,NUDT16,MAP3K6,SBF2,TGM2,CSGALNACT1,DGAT1,USP4,RPS5,PUS1,RPS6,TAP2,TAP1,SDCBP2,LZTFL1,TUFM,EEF1A1,DMTF1,DMWD,RAB34,S100A6,SRSF4,FKBP9,NUPR1,SNRNP200,RAF1,FTL,FKBP5,RTN2,LRRC59,TBC1D19,GSTCD,FHIT,KLC4,UBC,SMYD2,ZNF426,LPXN,GAS2L1,POU2F1,CAV1,NEK7,IFT122,BCL6,ATG16L1,MAFF,BCL2,MAFK,ACO2,OSCP1,HSPB6,SRXN1,NGLY1,PTEN,HMGB2,HSPB1,CHD2,RPS4X,SNRNP70,GDAP1L1,FLOT1,METTL17,BCAS1,CERS6,ITGA3,RPL13A,TAPBP,EEF1G,LATS1,PTP4A2,NDUFS8,IRF1,PEX5,CHI3L2,ITGA7,DNASE2,NSRP1,PFDN5,PLEC,LAMA5,PLEKHH3,MVK,CEBPD,RPL36A,FOXK2,PBXIP1,DLL3,DNAJB1,TAF1D,MARVELD2,ELMSAN1,EIF4B,MAPK3,USP24,PPP1R14B,HNRNPA3,TAF12,KCNJ9,PDE4DIP,RPL23A,PTPN11,SOD2,SLC25A37,NAXD,EIF3D,TPT1,NECTIN2
gene_set_query	131	CREB1	268.3	Literature ChIP-seq,6;ARCHS4 Coexpression,115;ENCODE ChIP-seq,33;Enrichr Queries,609;ReMap ChIP-seq,78;GTEx Coexpression,769	RPL3,IFT172,POP4,PITPNA,RPL8,FNBP1L,RPL9,PNN,RPS16,FRAT2,CAPNS1,RPS19,RPS18,FTH1,SAP130,ARL6IP4,EIF2D,TRIM26,RPS11,TBC1D10A,ENTPD2,RPL21,RNASE4,CSNK1D,MOGS,MFSD11,MAPK8IP2,TMEM170B,MFSD10,PPP1R3F,ASPHD1,CDC37,RPL29,UBA52,RPL28,AKAP17A,ZBTB4,ABR,RDH14,MAP4,RAB11FIP3,RAB11FIP4,MYH7B,ICMT,GADD45A,SNHG8,PYCR1,PARVA,NR1D1,TBL3,RPS28,SMTN,RPS27,LAS1L,ADCK2,WNK1,RPL27A,TRIP6,HNRNPD,ZNF254,ZFAND2A,CLTB,AATF,RPLP2,RAC3,TNKS1BP1,KIF1C,TIMP3,RAC1,ARIH1,APC2,FOXD1,IFT140,ANO8,LSG1,SDHAF2,HNRNPH1,RBM12B,PAFAH1B3,RPL10,SLC43A2,RPL12,ATL2,CCDC106,WDR24,TM9SF4,TRAK2,CUX2,RPS3,RPL13,MFN2,ANKRD54,RPS2,RPL18,APBB3,MAP4K4,ZNF584,GDF11,SNX21,PER1,HIST3H2A,PNPLA6,MSRB1,CTNND2,ATN1,GXYLT1,CASC3,CDC14B,PPP1CB,FBL,LAPTM4A,CCND3,CSKMT,KIF5C,ZNF326,MAP3K6,PPFIA3,RPS9,MIGA2,DGAT1,RPS5,PPP1R16A,TAP1,RPSA,TEX2,TUFM,EEF1A1,ILF3,DMTF1,RAB34,FTL,RTN2,LRRC59,GSTCD,KLC1,KLC4,IRAK1,DHRS7B,UBC,CDH23,ZNF426,LPXN,ZNF787,CRTAP,POU2F1,BICRAL,PHF12,NEK7,PCIF1,OGA,IFT122,PAN3,BCL6,ATG16L1,MAFF,BCL2,SPIRE2,MAFK,ACO2,BCL2L2,HSPB6,PTEN,HMGB2,HSPB1,PPWD1,CHD2,RND1,SPR,EMILIN1,DGCR6,PELP1,RBM14,RBM18,VPS13D,AXIN1,RPL13A,COBL,QRSL1,KCNAB3,LATS1,EEF1G,NDUFS8,EEF1D,IRF1,CDH10,RPL37A,PEX5,CRY2,ITGA7,NSRP1,PLEC,TSEN34,LAMA5,PLEKHH3,CEBPD,NXN,FOXK2,PBXIP1,ACVR1B,FOXRED1,CYTH3,DNAJB1,TAF1D,TP53INP2,D2HGDH,ATP9B,EIF4B,PPP1R14B,HNRNPA3,SMOX,PDE4DIP,RPL23A,PTPN11,SOD2,SLC25A37,EIF3F,EIF3D,TPT1,NECTIN2,FAM50A
gene_set_query	132	SREBF1	271.5	Literature ChIP-seq,51;ARCHS4 Coexpression,231;ENCODE ChIP-seq,39;Enrichr Queries,145;ReMap ChIP-seq,70;GTEx Coexpression,1093	ATN1,SAT2,RPL8,NDST2,GOLGA3,PNN,AS3MT,CCND3,RPS16,FRAT2,CAPNS1,RPS19,RPS18,CSKMT,FTH1,ZMIZ2,SAP130,RPL36,MACROD1,RPL35,EIF2D,PPFIA3,TGM2,RPS9,DGAT1,RPS5,RALGAPA2,PPP1R16A,CSNK1D,MOGS,MFSD11,MAPK8IP2,TEX2,TUFM,ATXN2L,TOM1L2,ILF3,TMEM135,FNDC4,SNHG12,RAB34,CDC37,SNHG10,S100A6,TAGLN2,RPL29,RPL28,ZNF554,FTL,FKBP5,RTN2,TSTA3,GSTCD,ZBTB4,FHIT,APH1A,IRAK1,UBC,SERPINH1,ZNF787,WNT10B,GADD45A,RARRES2,CAV1,PHF12,NEK7,OGA,PYCR1,NR1D1,GADD45G,TBL3,RPS28,RPS27,BCL6,LAS1L,ADCK2,MAFF,BCL2,MAFK,RPS20,NOL12,USP35,HSPB6,SRXN1,MTMR14,ZFAND2A,AKAP8L,HSPB1,RND1,HEY1,SNRNP70,FLOT1,RAC3,TIMP3,TNKS1BP1,KIF1C,EMILIN1,ARIH1,METTL17,APC2,ANXA2,TSC22D3,TAPBP,SUMF1,EEF1G,PTP4A2,MED22,LSG1,KAT2A,NDUFS8,EEF1D,IRF1,IER3-AS1,PAFAH1B3,PLEC,RAPGEF4,TSEN34,LAMA5,MVK,CEBPD,SMIM29,FOXK2,PBXIP1,WDR24,UNG,TRAK2,DNAJB1,ARVCF,MFN2,BRD9,RPS2,RPL18,ZNF584,TAF15,RPL23A,SOD2,ALDH4A1,PER1,SLC25A37,PC,PNPLA6,TARDBP,RAMP1,NECTIN2,TPT1
gene_set_query	133	NFE2L1	271.8	ARCHS4 Coexpression,37;Enrichr Queries,19;ReMap ChIP-seq,225;GTEx Coexpression,806	PRR5,USP35,SERPINA3,RIPOR2,ZNF175,RPL3,UBE2D4,HSPB6,ATN1,HSPB1,FBL,LAPTM4A,MPRIP,CAPNS1,AIFM2,FTH1,ZNF280C,SCMH1,MACROD1,TIMP3,TNKS1BP1,KIF1C,SEMA6C,PAQR6,ANXA2,DCC,ITGA3,BHMT2,TSC22D3,VPS13D,RPL13A,MOGS,GAB2,ANO5,ATXN2L,EEF1A1,PTP4A2,TOM1L2,TMEM135,MMP14,IRF1,PEX5,S100A6,TAGLN2,NUPR1,FTL,PLEC,KMT2D,LRRC59,SMIM29,ZBTB47,APH1A,FAM168B,EPCAM,GPC1,UBC,PLXNA2,SERPINH1,RPS3,MFN2,PLXNA1,RPS2,MAP4,E2F6,EIF4B,SPTBN1,FAM120AOS,POU2F1,KCNJ11,NORAD,GADD45A,LRBA,LINC02175,CAV1,SQOR,PCIF1,PDE4DIP,PYCR1,LAMB1,SOD2,HARS2,SLC25A37,PC,BCL6,STK17A,WNK1,VAC14-AS1,HNRNPD,FNDC10,PLEKHM2,ACO2,TACC2,INTS8,TPT1,BCL2L2,GSTM5
gene_set_query	134	NPAS1	272.7	ARCHS4 Coexpression,133;Enrichr Queries,305;GTEx Coexpression,380	SPTBN4,SMIM29,CEBPD,HSPB1,C2CD4C,CCDC106,RPL8,RIMS3,CUX2,ZIC2,IRAK1,KIF5A,GDAP1L1,CA4,SERPINH1,PHF24,RPL35,RAC3,RPS2,ZNF787,RPL18,PPFIA3,PELP1,PPP1R26,MYH7B,PPP1R14B,ICMT,FOXD1,ZBTB16,PYCR1,RTN4RL2,GADD45G,RGMA,TUFM,AGBL4,BCAN,BMP2,ILF3,ADCK2,KCNS1,CDC37,MMP17,TRIP6,FNDC10,RAPGEF4
gene_set_query	135	ZNF207	272.8	ARCHS4 Coexpression,890;Enrichr Queries,5;ReMap ChIP-seq,164;GTEx Coexpression,32	RPL4,RPL3,ATN1,CASC3,RPL8,RPL9,PPP1CB,PNN,RPS16,RPS19,RPS18,CSKMT,FTH1,KIF5B,HABP4,MAP3K6,RPS11,RPS9,RPS5,RPS6,TAP1,CSNK1D,MOGS,EEF1A1,PPP1R3F,ILF3,DMTF1,RAB34,CDC37,SRSF4,SNRNP200,RPL28,RTN2,SET,AKAP17A,UBC,ZNF787,LRBA,OGA,PYCR1,NBEAL2,NR1D1,NFATC4,MARCH2,TBL3,PAN3,RPS27,EIF2S3,WNK1,RPL27A,HNRNPD,ZFAS1,HMGB2,CLTB,PPWD1,CHD2,SNRNP70,FLOT1,ZNF525,RPLP2,EMILIN1,METTL17,SNTA1,ANXA2,AXIN1,RPL13A,TAPBP,EEF1G,HNRNPH1,SLCO4A1,IRF1,RPL37A,RBM12B,CHI3L2,IER3-AS1,HNRNPH3,PLEC,TSEN34,ZBTB47,SMIM29,SLC43A2,RPL12,RPL11,PBXIP1,CCDC106,WDR24,APOLD1,RPS3,RPS2,HNRNPA1,RPL18,RPL17,EIF4B,ZNF584,USP24,HNRNPA3,PPP1R14B,TAF15,RPL23A,PER1,PINK1,TARDBP,EIF3D,TPT1
gene_set_query	136	ZNF24	272.8	ARCHS4 Coexpression,536;Enrichr Queries,286;ReMap ChIP-seq,240;GTEx Coexpression,29	RPL4,ZNF175,LINC01354,SRXN1,CITED4,PTEN,HSPB1,METRNL,PEAR1,PVR,PPP1CB,RPS4X,PNN,CCND3,SLK,HEY1,CSKMT,KIF5B,FTH1,KIF1C,ARL6IP4,ZNF326,EMILIN1,TBC1D10A,BCAS1,FBXW4,PLA2G12A,PAQR6,TSC22D3,PPP1R16A,COBL,GAB2,MTURN,EEF1A1,PTP4A2,DYNC1LI2,LSG1,TMEM135,DMTF1,HNRNPH1,RAB34,CDC37,RBM12B,PKP4,HNRNPH3,RPL29,LRRC59,SET,SMIM29,CCDC106,TRAK2,DNAJB1,FAM168B,TP53INP2,UBC,SERPINH1,MBP,MAP4,RPL18,HNRNPA1,RREB1,SPTBN1,EIF4B,MAP4K4,USP24,PPP1R14B,HNRNPA3,FKRP,GADD45A,LRBA,IGIP,NEK7,OGA,IFT122,PTPN11,RPL23A,NR1D1,HIPK2,MARCH2,SLC25A37,CASTOR3,WNK1,BCL2,ANP32B,NOL12,TPT1
gene_set_query	137	NR1H2	273.3	ARCHS4 Coexpression,517;Enrichr Queries,157;ReMap ChIP-seq,80;GTEx Coexpression,339	RPL3,HSPB6,ZFAS1,CLTB,HSPB1,CHD2,PVR,PPP1CB,CCND3,RPS16,FRAT2,CSKMT,FTH1,SCMH1,FLOT1,RAC3,RPLP2,ARL6IP4,RPS11,SBF2,PPFIA3,ACVR1,RPS9,TLE1,ANXA2,DGAT1,ITGA3,RPS5,TSC22D3,ITGA1,EMP1,RPL13A,TAP1,CDPF1,CSNK1D,MOGS,MFSD10,EEF1A1,EEF1G,PTP4A2,NDUFS8,EEF1D,RAB34,CDC37,IRF1,S100A6,ITGA7,TAGLN2,RPL28,FTL,PLEC,RTN2,LAMA5,RPL10,SMIM29,CEBPD,PBXIP1,CCDC106,WDR24,APOLD1,APH1A,DNAJB1,UBC,RPL13,RPS2,RPL18,HNRNPA1,REPS1,MAPK3,WWTR1,GDF11,PPP1R14B,HNRNPA3,FKRP,GADD45A,ZBTB16,PCIF1,SQOR,PYCR1,RPL23A,NR1D1,PER1,SMTN,TBL3,PLEKHM2,MAFK,GTF2IRD1,PNPLA6
gene_set_query	138	HEYL	273.3	ARCHS4 Coexpression,281;Enrichr Queries,147;GTEx Coexpression,392	USP35,DOCK6,PLEKHH3,FLT1,SMIM29,ZBTB47,PRELP,PEAR1,SHD,CYTH3,CDH5,SGCD,HEY1,MPRIP,GPC1,GJA4,SERPINH1,TIMP3,EMILIN1,TIMP1,MAP4,TGM2,ITGA3,CAV1,ITGA1,EMP1,PARVA,INHBA,NFATC4,MMP14,SMTN,CRISPLD1,CRISPLD2,TRAF5,RHOJ,COL5A2,S100A6,RBM20,ITGA7,MAFK,NUPR1,FKBP9,RAMP1
gene_set_query	139	PATZ1	276.0	ARCHS4 Coexpression,10;Enrichr Queries,502;GTEx Coexpression,316	RPL4,CLTB,ATN1,HMGB2,RPL8,PITPNC1,PNN,RPS17,SNRNP70,ZMIZ2,RPS11,NINL,PELP1,RPS9,TLE1,IFT140,ANO8,RPL13A,RPSA,DNAAF4,EEF1A1,EEF1G,ILF3,DMTF1,IRF1,MPPED2,RPL29,SNRNP200,FKBP5,PLEC,SMIM29,ZBTB4,APH1A,FAM171A2,ARVCF,FAM168B,GSE1,RPS2,ZNF787,HNRNPA1,APBB3,RREB1,MAP4K4,PPP1R26,GDF11,HNRNPA3,GADD45A,PCGF2,RABL2B,BCL6,BCL2,HNRNPD
gene_set_query	140	MEF2D	276.7	ARCHS4 Coexpression,169;Enrichr Queries,159;GTEx Coexpression,502	KMT2D,UBE2D4,HSPB6,SMIM29,ZBTB47,ATN1,HSPB1,CHD2,ZBTB4,PPP1CB,ABR,SGCD,MPRIP,CAPNS1,SNRNP70,FTH1,ZMIZ2,UBC,MACROD1,PLXNA2,GSE1,MFN2,KIF1C,E2F6,RREB1,SPTBN1,KCNJ11,GADD45A,ZBTB16,TSC22D3,PDE4DIP,CSNK1D,NBEAL2,NR1D1,ANO5,HIPK2,ATXN2L,TOM1L2,PER1,BCL6,WNK1,PACS1,IRF1,PLEKHM2,MAFK,TACC2,PNPLA6,PLEC
gene_set_query	141	ZBED3	277.7	ARCHS4 Coexpression,46;Enrichr Queries,402;GTEx Coexpression,385	HMGB2,ATN1,RPS4X,CAPNS1,AIFM2,TIMP3,ACVR1,CERS6,TSC22D3,RPS6,GTPBP6,EMP1,TAP1,RNASE4,PATL1,ATXN2L,TMEM135,KAT2A,ILF3,IRF1,CMPK1,NUPR1,FKBP5,KMT2D,CEBPD,SMIM29,SLC43A2,NEDD9,APOLD1,FAM168B,SERPINH1,GSE1,RPS2,LINC01006,HNRNPA3,CRTAP,TAF15,CAV2,PCGF2,CIDEA,LAMB1,HIPK3,GADD45G,HIPK2,ALDH4A1,PC,WNK1,BCL2,HNRNPD,POLR3H
gene_set_query	142	ELK4	277.8	ARCHS4 Coexpression,525;ENCODE ChIP-seq,76;Enrichr Queries,620;ReMap ChIP-seq,134;GTEx Coexpression,34	RPL3,ATN1,CIB2,RPL8,TOMM22,PNN,LAPTM4A,RPS16,SLK,RPS19,RPS18,CSKMT,FTH1,HABP4,RPL35,RPS11,RPL39,VPS39,RPS12,RPS5,PUS1,RALGAPA2,RPS6,TAP2,RNASE4,MOGS,RPSA,MFSD11,TUFM,EEF1A1,PPP1R3F,DMTF1,RAB34,DMWD,CDC37,S100A6,SRSF4,RPL29,UBA52,RPL28,FKBP5,RTN2,TSTA3,KMT2D,TBC1D19,GSTCD,AKAP17A,DHRS7B,UBC,RREB1,POU2F1,GADD45A,LRBA,PCIF1,NEK7,PARVA,SNHG6,HARS2,TBL3,RPS27,BCL6,WNK1,ATG16L1,RPL27A,HNRNPD,BCL2,KYAT3,RPS20,ACO2,NOL12,INTS8,USP35,HSPB6,MTMR14,ZFAND2A,NGLY1,PTEN,PPWD1,CHD2,AATF,AIFM2,RARS,RNPEP,ZNF280C,FLOT1,RPLP2,PGM2,EMILIN1,TIMP1,RAC1,RBM18,VPS13D,ANO8,RPL13A,TAPBP,EEF1G,LATS1,MED22,PTP4A2,LSG1,SDHAF2,HNRNPH1,EEF1D,IRF1,RPL37A,IER3-AS1,PIGL,HNRNPH3,NSRP1,PFDN5,ZNF510,PAFAH1B3,RPL10,RPL12,RPL11,RPL36A,PBXIP1,CCDC106,WDR24,FOXRED1,UNG,MARVELD2,ELMSAN1,RPS3,RPL13,MFN2,RPS2,HNRNPA1,EIF4B,MAP4K4,REPS1,ZNF584,USP24,SEC24B,PPP1R14B,TAF12,RPL23A,HIPK3,HIPK2,PER1,POLR3H,NAXD,EIF3D,TPT1
gene_set_query	143	SPEN	279.0	ARCHS4 Coexpression,311;GTEx Coexpression,247	YAP1,KMT2D,LAMA5,MPI,ATN1,CHD2,GPATCH8,MPRIP,ELMSAN1,SNRNP70,ZMIZ2,GSE1,USP24,HNRNPA3,POU2F1,TAF15,BICRAL,ZBTB16,VPS13D,ARNT,PATL1,LATS1,ATXN2L,ILF3,PAN3,NDUFS8,WNK1,SRSF4,SNRNP200
gene_set_query	144	ZBTB16	279.3	ARCHS4 Coexpression,629;Enrichr Queries,35;ReMap ChIP-seq,127;GTEx Coexpression,326	RPL4,GALNT18,FAM107A,MT1X,PPP1CB,PNN,RPS16,RPS19,GJA4,KIF5A,MACROD1,SLC25A42,RPS11,ATXN7L2,MAP3K6,TGM2,SEMA6C,PAQR6,PUS1,RALGAPA2,RPS6,MOGS,WDR77,EEF1A1,TOM1L2,CRISPLD2,RAB34,SNHG10,CTXN2,ZNF554,FKBP5,LRRC59,NDRG2,APH1A,SERPINH1,LPXN,WNT10B,MYH7B,ICMT,GADD45A,PHF12,CAV1,NR1D1,ACADSB,GADD45G,TBL3,RPS28,BCL6,RPL27A,TRIP6,MAFF,BCL2,ACO2,HSPB6,AKAP8L,HSPB1,CA4,TIMP3,METTL17,APC2,TSC22D3,VPS13D,ARNT,RPL13A,EMP1,MED22,PEAK1,HNRNPH3,PAFAH1B3,YAP1,RPL10,CEBPD,SMIM29,RPL12,PRELP,BPHL,UNG,ARVCF,ANKRD54,RPS2,ZNF346,HNRNPA1,RPL17,ATP9B,REPS1,SEC24B,IGIP,PDE4DIP,SNX21,RPL23A,LYVE1,HIPK3,PER1,TTLL3,TACC2,TARDBP,MSRB1
gene_set_query	145	MKX	283.0	ARCHS4 Coexpression,194;Enrichr Queries,388;GTEx Coexpression,267	YAP1,PRDM8,LRRC59,SMIM29,ZBTB47,COL11A1,PPP1CB,CYTH3,SGCD,GPC1,SCMH1,SERPINH1,TIMP3,PLXNA1,TNKS1BP1,EMILIN1,RNF150,MAP4,TGM2,ACVR1,WWTR1,CRTAP,DTNA,ICMT,ZBTB16,CAV1,ITGA1,NEK7,PARVA,PTPN11,LAMB1,INHBA,VASN,NFATC4,SYTL2,SMTN,BMP2,CRISPLD2,RAB34,COL5A2,NUPR1,FKBP9
gene_set_query	146	HOXC6	283.3	ARCHS4 Coexpression,32;Enrichr Queries,346;GTEx Coexpression,472	LRRC59,CEBPD,SMIM29,HSPB6,COL11A1,ATN1,HSPB1,CYTH3,RPS17,SGCD,CAPNS1,IRAK1,SERPINH1,TIMP3,TNKS1BP1,KIF1C,TIMP1,SBF2,PELP1,ACVR1,PPP1R14B,CRTAP,FOXD1,ANXA2,ZBTB16,CAV1,PCGF2,ARNT,EMP1,LAMB1,SNX21,PARVA,INHBA,VASN,NFATC4,MMP14,RPS28,SMTN,CD109,DMWD,COL5A2,TRIP6,S100A6,POLR3H,RPS20,FKBP9,NUPR1,PLEC
gene_set_query	147	POU3F3	283.3	ARCHS4 Coexpression,445;Enrichr Queries,375;GTEx Coexpression,30	ADCYAP1R1,ARHGEF26-AS1,SMIM29,CTNND2,TMEM200C,FAM107A,CCDC106,ADCY8,NDRG2,FNBP1L,DLL3,FAM171A2,ARVCF,CUX2,HEY1,ZIC2,SCRN1,KIF5C,PEA15,GDAP1L1,PHACTR3,PLXNA2,TIMP3,FGFBP3,RAB11FIP4,BCAS1,APC2,GDF11,DTNA,FOXD1,NORAD,FOXF2,KCNJ9,DCC,ZBTB16,IGIP,ANO8,MTURN,HIPK2,RGMA,BCAN,CASTOR3,ASPHD1,MPPED2,BCL2,POLR3H,LINC00641
gene_set_query	148	HIVEP2	284.7	ARCHS4 Coexpression,166;Enrichr Queries,319;GTEx Coexpression,369	SPTBN4,KMT2D,SMIM29,NEDD9,KLC1,ZBTB4,ABR,FAM171A2,GRM5,RIMS3,MPRIP,GDAP1L1,KIF5A,PLXNA2,TIMP3,PHF24,SPTBN1,CLVS1,UNC13C,CA10,KCNJ9,GADD45A,VPS13D,TAP2,EMP1,PDE4DIP,INHBA,SOD2,MTURN,HIPK2,PPP1R3F,RIT2,BCL6,WNK1,PACS1,CDH10,IRF1,MAFF,BCL2,ARHGEF3,PLEKHM2,LINC00641,PLEC,RAPGEF4
gene_set_query	149	ZNF512B	285.3	ARCHS4 Coexpression,164;Enrichr Queries,454;GTEx Coexpression,238	KMT2D,LAMA5,LRRC59,SMIM29,IFT172,SETD6,AKAP8L,ATN1,HSPB1,TM9SF4,APH1A,PNN,FAM168B,MPRIP,IRAK1,SNRNP70,ZMIZ2,FTH1,GPC1,SERPINH1,PLXNA1,GSE1,TNKS1BP1,D2HGDH,NINL,RAB11FIP3,VPS39,TAF15,IFT140,NBEAL2,LAMB1,MOGS,ATXN2L,ILF3,HNRNPH1,IRF1,MPPED2,ECHDC2,NUPR1,SNRNP200,PLEC
gene_set_query	150	TCF7L2	286.2	Literature ChIP-seq,87;ARCHS4 Coexpression,952;ENCODE ChIP-seq,48;Enrichr Queries,315;ReMap ChIP-seq,39;GTEx Coexpression,276	RIPOR2,UBE2D4,TAMM41,PITPNA,ATN1,MT1X,CDC14B,TOMM22,PPP1CB,PNN,CCND3,RPS16,RPS19,CSKMT,ZMIZ2,GJA4,ZNF326,EIF2D,SLC25A42,RPS11,MAP3K6,SBF2,TGM2,ACVR1,ENTPD2,DGAT1,DAPK1,USP4,RPS5,TAP1,RNASE4,CSNK1D,MOGS,RPSA,TEX2,TUFM,EEF1A1,PPP1R3F,TMEM135,DYNC1LI2,SNHG12,CRISPLD2,RAB34,CDC37,SNHG10,S100A6,TAGLN2,FKBP9,SNRNP200,ZNF554,RTN2,KMT2D,LRRC59,TBC1D19,SHC2,SET,APH1A,ABR,UBC,PLXNA2,GSE1,ZNF787,RREB1,RAB11FIP4,WWTR1,CRTAP,ICMT,CAV2,GADD45A,CAV1,PHF12,SIAH1,PCIF1,PYCR1,IFT122,NBEAL2,SNHG6,NR1D1,HARS2,GADD45G,TBL3,RPS27,EIF2S3,BCL6,BCL2,MAFK,GTF2IRD1,RPS20,ACO2,DOCK6,ZFAND2A,NGLY1,PTEN,CLTB,ADIRF,HSPB1,PEAR1,CHD2,AATF,PITPNC1,RND1,HEY1,ZIC2,FLOT1,RPLP2,RAC3,TIMP3,PGM2,APC2,PRMT5,RBM14,PLA2G12A,FOXD1,ANXA2,ITGA3,RBM18,VPS13D,ANO8,ARNT,RPL13A,EMP1,COBL,QRSL1,TOMM40L,TAPBP,EEF1G,PTP4A2,MMP14,LSG1,NDUFS8,MED24,SLCO4A1,EEF1D,HNRNPH1,IRF1,IER3-AS1,PAFAH1B3,PLEC,YAP1,LAMA5,PLEKHH3,SMIM29,SLC43A2,ATL2,NEDD9,PBXIP1,CCDC106,WDR24,APOLD1,TM9SF4,TRAK2,DNAJB1,PDLIM2,ELMSAN1,TP53INP2,RPS3,RPL13,ANKRD54,RPS2,RPL18,RPL17,ATP9B,APBB3,REPS1,PPP1R14B,SQOR,RPL23A,LAMB1,SOD2,HIPK2,ALDH4A1,PER1,TMLHE,MSRB1
gene_set_query	151	CUX1	286.5	Literature ChIP-seq,107;ARCHS4 Coexpression,471;ENCODE ChIP-seq,104;Enrichr Queries,284;ReMap ChIP-seq,96;GTEx Coexpression,657	RPL4,RPL3,MT1X,NDST2,PNN,RPS16,MPRIP,CAPNS1,RPS19,RPS18,FTH1,ZMIZ2,RPL36,RPS11,VPS39,RPS12,ACVR1,RPL21,RNASE4,CSNK1D,MOGS,SYTL2,ASPHD1,TAGLN2,UBA52,RPL28,TSTA3,SPTBN4,NECAB3,ZBTB4,APH1A,ABR,FAM171A2,GSE1,MAP4,TSPAN3,RREB1,SPTBN1,FAM120AOS,WWTR1,DTNA,LRBA,SNHG8,PYCR1,SNHG6,NR1D1,GRIN2C,HARS2,NFATC4,GADD45G,TBL3,RPS28,RPS27,ADCK2,WNK1,GTF2IRD1,GPR19,GSTM5,SERPINA3,SETD6,LRRC6,AATF,OSBPL10,RARS,PEA15,RPLP2,RAC3,SH3BGRL2,TIMP3,RNF150,ARIH1,FGFBP3,PRMT5,ANXA2,TSC22D3,ANO8,EMP1,GAB2,TOMM40L,MED22,LSG1,SLCO4A1,HNRNPH1,PACS1,RHOJ,IER3-AS1,PIGL,PAFAH1B3,RPL12,ATL2,NEDD9,CCDC106,METTL21A,TM9SF4,APOLD1,TRAK2,ARVCF,GPC1,RPL13,MFN2,RPS2,RPL18,ZNF346,RPL17,APBB3,MAP4K4,ZNF584,MPP3,PCGF2,SQOR,HIPK2,PER1,KCNS1,PNPLA6,TARDBP,RAMP1,MSRB1,PRDM8,LINC01354,TAMM41,MPI,ATN1,GXYLT1,CASC1,LAPTM4A,SCMH1,SLC16A6,SLC25A42,SEMA6C,RPS9,RPS5,TEX2,ATXN2L,EEF1A1,TOM1L2,TMEM135,DMTF1,RAB37,RAB34,S100A6,SNRNP200,RAF1,PLA2R1,FTL,FKBP5,RTN2,KMT2D,TBC1D19,GSTCD,UBC,ZNF426,PCIF1,OGA,IFT122,MARCH2,BCL6,SPIRE2,MAFK,OSCP1,USP35,BCAR3,SRXN1,NGLY1,PTEN,HMGB2,HSPB1,PPWD1,CHD2,PHTF1,RND1,RPS4X,SCRN1,SNRNP70,RNPEP,FLOT1,PGM2,EMILIN1,BCAS1,RBM14,RBM18,VPS13D,RPL13A,ARNT,KCNAB3,QRSL1,TAPBP,EEF1G,LATS1,PTP4A2,NDUFS8,EEF1D,IRF1,PEX5,CRY2,DNASE2,PLEC,TSEN34,LAMA5,MVK,SMIM29,DNAH6,RPL36A,PBXIP1,FOXRED1,DNAJB1,PDLIM2,TP53INP2,ATP9B,REPS1,HNRNPA3,TAF15,TAF12,SMOX,PDE4DIP,RPL23A,EIF3D
gene_set_query	152	SNAI1	286.7	ARCHS4 Coexpression,465;Enrichr Queries,68;GTEx Coexpression,327	CEBPD,SMIM29,MT1M,ADCY4,NEDD9,HSPB1,METTL21A,METRNL,APOLD1,RND1,SHE,CDH5,LAPTM4A,AIFM2,FTH1,GJA4,SERPINH1,TIMP3,EMILIN1,TIMP1,TGM2,CRTAP,CAV2,GADD45A,CAV1,CIDEA,EMP1,LAMB1,INHBA,SOD2,LYVE1,VASN,GADD45G,NFATC4,MMP14,BMP2,BCL6,CRISPLD2,IRF1,MAFF,COL5A2,S100A6,NECTIN2
gene_set_query	153	HOXB8	287.0	ARCHS4 Coexpression,178;Enrichr Queries,503;GTEx Coexpression,180	ATN1,HSPB1,HEY1,ZIC2,CAPNS1,SNRNP70,KIF5B,ZMIZ2,PEA15,TIMP3,RAC3,ZNF326,BCAS1,TGM2,PAQR6,FOXD1,EMP1,MTURN,RGMA,ATXN2L,PTP4A2,DYNC1LI2,ILF3,S100A6,PKP4,SNRNP200,KMT2D,LRRC59,CEBPD,SMIM29,TRAK2,FAM171A2,ARVCF,FAM168B,IRAK1,TP53INP2,PLXNA1,MBP,MAP4,RBM11,PPP1R26,HNRNPA3,TAF15,CAV1,PCGF2,BCL6,WNK1,COL5A2,BCL2,ANP32B
gene_set_query	154	SETDB1	287.0	Literature ChIP-seq,108;ARCHS4 Coexpression,572;ENCODE ChIP-seq,108;Enrichr Queries,421;ReMap ChIP-seq,179;GTEx Coexpression,334	RPL4,ZNF175,UBE2D4,CTNND2,RPL8,METRNL,FNBP1L,CDC14B,NDST2,RPS17,CCND3,CAPNS1,KIF5C,KIF5B,SAP130,HABP4,ZNF844,RPL38,RPS12,DGAT1,USP4,RPS5,CSNK1D,CDPF1,MOGS,TEX2,LZTFL1,WDR77,ATXN2L,BCAN,ILF3,TMEM135,RAB34,CDC37,SNRNP200,PLA2R1,ZNF554,FTL,KMT2D,TSTA3,LRRC59,SHC2,TBC1D19,MAGED1,APH1A,ABR,DHRS7B,UBC,CDH23,ZNF426,LPXN,GSE1,AMZ2,MBP,NTNG2,POU2F1,FOXF2,SNHG8,PYCR1,SNHG6,NBEAL2,NR1D1,SNHG5,GNG13,NFATC4,TBL3,SMTN,PAN3,LAS1L,BCL6,WNK1,ATG16L1,FNDC10,KYAT3,ECHDC2,RPS20,GTF2IRD1,MAFK,INTS8,GPR19,OSCP1,ZFAS1,SETD6,MTMR14,NGLY1,PTEN,HMGB2,CLTB,PPWD1,ARHGEF10L,CHD2,AATF,PHTF1,RND1,ZIC2,TMEM44,SNRNP70,RARS,PEA15,ZNF280C,ZNF525,RPLP2,RAC3,EMILIN1,FGFBP3,SNTA1,APC2,CHST8,ZNF483,RBM14,IFT140,ITGA3,ANO8,AXIN1,ARNT,KCNAB3,MKLN1-AS,COMMD5,EEF1G,PTP4A2,KAT2A,MED24,SDHAF2,EEF1D,HNRNPH1,RBM12B,RHOJ,ARHGEF3,DNASE2,ACSBG1,FAM193A,PIGL,ZNF510,CAMK1G,PLEC,RAPGEF4,LAMA5,MVK,RPL12,RPL11,RPL36A,ADCY4,FOXK2,CCDC106,WDR24,CYTH3,ARVCF,CUX2,PDLIM2,ANKRD54,MFN2,BRD9,RPS2,RPL18,HNRNPA1,E2F6,APBB3,EIF4B,JAM2,MAPK3,REPS1,MAP4K4,ZNF584,SEC24B,NORAD,KCNJ11,KCNJ9,IGIP,DTNBP1,PDE4DIP,RPL23A,ALDH4A1,PINK1,PC,HIST3H2A,TMEM54,TACC2,EIF3F,TARDBP
gene_set_query	155	HES6	287.7	ARCHS4 Coexpression,315;Enrichr Queries,476;GTEx Coexpression,72	SMIM29,CTNND2,IGSF1,TMEM200C,FAM107A,HMGB2,HSPB1,CCDC106,NDRG2,SHD,DLL3,KIF5C,GPC1,PHACTR3,RPL13,NINL,RPL17,RAB11FIP4,JAM2,BCAS1,CHST8,APC2,PAQR6,ANXA2,SMOX,GADD45A,DCC,TSC22D3,RARRES2,ANO8,ARNT,COBL,RPL13A,MTURN,GADD45G,NFATC4,RGMA,BCAN,PPP1R3F,CASTOR3,ASPHD1,S100A6,TAGLN2,PAFAH1B3,RAMP1,GPR19,FKBP5
gene_set_query	156	EBF3	288.3	ARCHS4 Coexpression,274;Enrichr Queries,495;GTEx Coexpression,96	SHC2,FLT1,SMIM29,CTNND2,TMEM200C,ADCY4,NEDD9,PEAR1,FNBP1L,KLC1,APOLD1,CYTH3,SHE,CDH5,FAM171A2,ARVCF,RIMS3,HEY1,ZIC2,AIFM2,KIF5C,GJA4,GDAP1L1,PLXNA2,TIMP3,JAM2,MAP4K4,APC2,SEMA6C,CAV2,DCC,CAV1,ZBTB16,PCGF2,CIDEA,ANO8,EMP1,HIPK3,RGMA,INPP4B,TMEM135,BMP2,CASTOR3,RHOJ,MPPED2,COL5A2,ITGA7,FKBP9
gene_set_query	157	ZEB1	288.4	ARCHS4 Coexpression,484;ENCODE ChIP-seq,75;Enrichr Queries,499;ReMap ChIP-seq,71;GTEx Coexpression,313	CTNND2,ATN1,METRNL,FNBP1L,RPL8,RPS16,RPS19,RPL36,MAP3K6,RPS11,TGM2,ACVR1,ENTPD2,RPS5,RALGAPA2,PPP1R16A,RNASE4,CSNK1D,MOGS,MFSD10,DYNC1LI2,RAB34,CDC37,TYRO3,SPIN2B,NUPR1,RPL29,FTL,RTN2,FHIT,APH1A,UBC,MBP,MAP4,SPTBN1,WWTR1,CRTAP,CAV1,LRBA,PYCR1,PARVA,NR1D1,NFATC4,SMTN,TBL3,BCL6,WNK1,ATG16L1,COL5A2,TRIP6,FNDC10,BCL2,MAFK,NOL12,FLT1,HSPB6,PTEN,SGCD,FLOT1,RPLP2,RAC3,TIMP3,EMILIN1,APC2,ANXA2,ITGA1,ANO8,AXIN1,EMP1,RGMA,EEF1G,MMP14,NDUFS8,SLCO4A1,EEF1D,PEAK1,IRF1,MPPED2,RHOJ,IER3-AS1,NSRP1,PAFAH1B3,PLEC,LAMA5,PLEKHH3,RPL10,SLC43A2,SMIM29,NXN,CCDC106,WDR24,DNAJB1,PDLIM2,MARVELD2,EPCAM,RPL13,RPS2,RPL18,JAM2,MAP4K4,ZNF584,PPP1R14B,RPL23A,PER1,MSRB1
gene_set_query	158	SOX4	291.0	ARCHS4 Coexpression,763;Enrichr Queries,108;GTEx Coexpression,2	RPL4,ZNF254,RPL3,POP4,ZFAS1,HMGB2,HSPB1,RPL8,FNBP1L,RPL9,RPS4X,PPP1CB,FBL,LAPTM4A,RPS16,CAPNS1,RPS18,FTH1,GDAP1L1,RPL36,TIMP3,TIMP1,RPS11,RPL39,RPS12,TGM2,RPS9,RPL21,ANXA2,DCC,RPS5,TSC22D3,RPS6,RPL13A,ARNT,EMP1,MOGS,TOMM40L,EEF1A1,EEF1G,MMP14,EEF1D,HNRNPH1,IRF1,MPPED2,S100A6,TAGLN2,RPL29,PAFAH1B3,RPL10,CEBPD,SMIM29,RPL12,RPL11,RPL36A,NEDD9,APH1A,RPS3,SERPINH1,RPL13,RPL18,HNRNPA1,RPL17,EIF4B,GADD45A,SNHG8,RPL23A,NFATC4,GADD45G,MARCH2,PINK1,RPS27,EIF2S3,BCL6,RPL27A,COL5A2,HNRNPD,RPS20,EIF3D,TPT1,NECTIN2
gene_set_query	159	RBSN	291.5	ARCHS4 Coexpression,556;GTEx Coexpression,27	ADCYAP1R1,ARHGEF26-AS1,CTNND2,KLC1,NDRG2,METTL21A,FAM168B,SCRN1,OPHN1,KIF5C,PEA15,RNPEP,PHACTR3,HABP4,ZNF844,APC2,GDF11,ZNF483,DTNA,NORAD,KCNJ9,IGIP,PTPN11,MTURN,RGMA,BCAN,PPP1R3F,DYNC1LI2,ASPHD1,PEAK1,TYRO3,SPIRE2,TAGLN2,RPL29,LINC00641,RPL28,ZNF554,BCL2L2
gene_set_query	160	BHLHE22	291.7	ARCHS4 Coexpression,450;ReMap ChIP-seq,260;GTEx Coexpression,165	PRDM8,ZNF175,KCNC1,CTNND2,SBF2-AS1,CDH5,RIMS3,SCRN1,ZIC2,KIF5C,GDAP1L1,KIF5A,EMILIN1,NINL,TBC1D10A,APC2,UNC13C,ENTPD2,USP4,PPP1R16A,GAB2,KCNAB3,MAPK8IP2,TEX2,NDUFS8,SLCO4A1,CDH10,DMWD,RAB34,IRF1,S100A6,TAGLN2,RPL29,FKBP5,PLEC,RTN2,SPTBN4,PLEKHH3,KLC1,FAM171A2,ELMSAN1,PLXNA2,RPL13,MBP,RPS2,CLVS1,CA10,PPP1R14B,KCNJ9,BICRAL,SMOX,DTNBP1,RPL23A,GRIN2C,GNG13,GADD45G,TBL3,RIT2,MAFK,NOL12,MSRB1
gene_set_query	161	RBPJ	292.0	Literature ChIP-seq,109;ARCHS4 Coexpression,241;Enrichr Queries,188;ReMap ChIP-seq,236;GTEx Coexpression,686	MPI,ATN1,SAT2,CDH5,FBL,RPS16,RPS19,CAPNS1,FTH1,KIF5B,HABP4,ARL6IP4,RPL35,SLC25A42,RPS11,TBC1D10A,TGM2,SEMA6C,MIGA2,RPS5,PPP1R16A,RNASE4,MOGS,MFSD11,TMEM170B,LRRC37B,LZTFL1,TUFM,MFSD10,EEF1A1,DMTF1,RAB34,CDC37,ETHE1,S100A6,TAGLN2,FTL,FKBP5,RTN2,LRRC59,TSTA3,SHC2,SET,APH1A,IRAK1,UBC,CDH23,MAP4,MYH7B,CRTAP,GADD45A,PHF12,CAV1,NR1D1,TBL3,PAN3,BCL6,WNK1,ATG16L1,MAFF,BCL2,MAFK,ANP32B,ACO2,NOL12,DNAL4,GPR19,PRR5,FLT1,AKAP8L,PTEN,HMGB2,CLTB,HSPB1,CHD2,ASGR1,HEY1,ZIC2,SNRNP70,TIMP3,KIF1C,RPLP2,TNKS1BP1,ZNF525,ZNF483,ANXA2,IFT140,ANO8,ARNT,RPL13A,EMP1,QRSL1,SUMF1,PTP4A2,NDUFS8,EEF1D,PACS1,IRF1,CHI3L2,PFDN5,CAMK1G,PLEC,YAP1,LAMA5,PLEKHH3,CEBPD,NEDD9,PBXIP1,CCDC106,APOLD1,UNG,CYTH3,ELMSAN1,MFN2,RPS2,RPL18,HNRNPA1,MAP4K4,CLVS1,USP24,GDF11,PPP1R14B,TAF15,IGIP,RPL23A,SNX21,PER1,TMEM54,CASTOR3,PNPLA6,EIF3D
gene_set_query	162	UBP1	293.7	ARCHS4 Coexpression,174;Enrichr Queries,289;GTEx Coexpression,418	YAP1,RPL4,LAMA5,KMT2D,LRRC59,SET,HMGB2,PPP1CB,APH1A,FAM168B,MPRIP,SNRNP70,FTH1,SCMH1,UBC,EMILIN1,DGCR6,SPTBN1,EIF4B,MAP4K4,WWTR1,HNRNPA3,TAF15,ANXA2,ITGA1,NEK7,PARVA,PTPN11,MOGS,PATL1,LATS1,EEF1A1,ATXN2L,PTP4A2,PINK1,SMTN,ILF3,DMTF1,WNK1,HNRNPH1,TRAF5,HNRNPD,ANP32B,TARDBP,SNRNP200,TPT1
gene_set_query	163	FOSB	294.0	ARCHS4 Coexpression,449;Enrichr Queries,21;GTEx Coexpression,412	KMT2D,CEBPD,SMIM29,MT1M,MPI,NEDD9,HSPB1,AKAP17A,CHD2,APOLD1,DNAJB1,ELMSAN1,FTH1,UBC,TNKS1BP1,TIMP3,D2HGDH,TIMP1,RREB1,TGM2,ANXA2,GADD45A,ZBTB16,TSC22D3,CAV1,CIDEA,EMP1,SNX21,NBEAL2,NR1D1,INHBA,LINC00909,HARS2,GADD45G,PER1,BMP2,BCL6,TTLL3,CRISPLD2,IRF1,MAFF,S100A6,ECHDC2,NUPR1,FKBP5
gene_set_query	164	KMT2B	294.5	ARCHS4 Coexpression,375;ReMap ChIP-seq,214	RPL4,USP35,SETD6,ATN1,TOMM22,NDST2,CCND3,RPS16,RPS19,CSKMT,SNRNP70,ZMIZ2,ARL6IP4,RPL21,RPS5,RBM18,RPS6,MOGS,CSNK1D,QRSL1,SUMF1,TUFM,ATXN2L,LATS1,MED22,ILF3,PACS1,SNHG10,CHI3L2,PIGL,PFDN5,KMT2D,PRDM15,CCDC106,KLC1,IRAK1,UBC,RPS2,ZNF787,ZNF584,TAF15,PHF12,OGA,PTPN11,NBEAL2,HARS2,TBL3,RPS27,HNRNPD,PLEKHM2,MAFK,ACO2,PNPLA6,TARDBP,EIF3D
gene_set_query	165	VEZF1	294.7	ARCHS4 Coexpression,573;Enrichr Queries,55;GTEx Coexpression,256	ZNF254,HSPB6,TUSC3,HMGB2,CLTB,HSPB1,FNBP1L,PPP1CB,SGCD,FTH1,KIF5B,SCMH1,TIMP3,ARL6IP4,RNF150,PPFIA3,ANXA2,DCC,TSC22D3,ITGA1,RPS6,RGMA,EEF1A1,PTP4A2,HNRNPH1,MPPED2,RBM12B,TAGLN2,HNRNPH3,FTL,SET,SMIM29,NXN,MAGED1,UBC,RDH14,HNRNPA1,E2F6,EIF4B,SPTBN1,MAP4K4,WWTR1,POU2F1,OGA,PARVA,HIPK3,SMTN,BCL6,WNK1,ANP32B,TPT1
gene_set_query	166	NR1H3	295.4	Literature ChIP-seq,41;ARCHS4 Coexpression,633;Enrichr Queries,158;ReMap ChIP-seq,251;GTEx Coexpression,394	GALNT16,MT1M,MT1X,RPL8,METRNL,CDH5,PNN,RIMS3,RPS19,CAPNS1,KIF5C,FTH1,ARL6IP4,RPS11,SBF2,TGM2,RNASE4,RPSA,TMEM170B,TEX2,WDR77,TMEM135,S100A6,NUPR1,UBA52,FTL,FKBP5,NDRG2,UBC,CDH23,MBP,TSPAN3,ZNF787,RAB11FIP3,DTNA,CAV2,CAV1,CIDEA,GADD45G,BMP2,BCL6,MAFF,KYAT3,PLEKHM2,ECHDC2,INTS8,OSCP1,SRXN1,ZFAND2A,CITED4,PTEN,HSPB1,ARHGEF10L,PEAR1,MTRNR2L1,SHD,SHE,SCRN1,TMEM44,AIFM2,RNPEP,PEA15,PHACTR3,TIMP3,RPLP2,PGM2,RAC3,TIMP1,ANXA2,TSC22D3,ITGA1,ANO8,RPL13A,EMP1,QRSL1,MMP14,NDUFS8,SLCO4A1,IRF1,ARHGEF3,DNASE2,PFDN5,CEBPD,SMIM29,SLC43A2,ADCY4,CCDC106,UNG,D2HGDH,HNRNPA1,JAM2,PCGF2,SQOR,LAMB1,SOD2,LYVE1,PC,PNPLA6,TPT1,NECTIN2
gene_set_query	167	NR2F1	295.5	ARCHS4 Coexpression,437;Enrichr Queries,395;ReMap ChIP-seq,202;GTEx Coexpression,148	SNED1,ARHGEF26-AS1,RPL3,HSPB6,CTNND2,ATN1,SCRN1,OPHN1,HEY1,KIF5C,RPLP2,ARL6IP4,RAC3,TIMP3,MAP3K6,FGFBP3,NINL,PPFIA3,TGM2,APC2,ENTPD2,TLE1,DGAT1,PUS1,PPP1R16A,AXIN1,EMP1,CSNK1D,MAPK8IP2,MFSD11,RGMA,KAT2A,DYNC1LI2,NDUFS8,SLCO4A1,CDH10,DMWD,MMP17,TYRO3,RPL29,PAFAH1B3,PLEC,SPTBN4,LAMA5,SHC2,RPL10,CEBPD,SMIM29,MAGED1,COL11A1,NEDD9,CCDC106,NDRG2,WDR24,DNAJB1,FAM171A2,ARVCF,PDLIM2,GPC1,SERPINH1,RPL13,PLXNA1,GSE1,RPS2,RPL18,SPTBN1,PLXNA3,PPP1R14B,ZBTB16,CAV1,PCGF2,IGIP,PYCR1,INHBA,GRIN2C,GNG13,NFATC4,PER1,TBL3,BMP2,BCL6,COL5A2,MAFK,GSTM5,MSRB1,FAM50A
gene_set_query	168	DMTF1	298.0	ARCHS4 Coexpression,213;Enrichr Queries,602;GTEx Coexpression,79	LRRC59,CEBPD,IFT172,POP4,ATN1,CLTB,PPWD1,CHD2,RPL8,TOMM22,PNN,CAPNS1,SPR,SNRNP70,RPL36,TIMP3,ARL6IP4,ZNF326,TIMP1,ZNF787,RAC1,RPL18,APBB3,ATP9B,PLXNA3,MAP4K4,HNRNPA3,PPP1R14B,IFT140,GADD45A,TSC22D3,OGA,RABL2B,TOMM40L,TUFM,KAT2A,PAN3,TTLL3,BCL6,HNRNPH1,WNK1,BCL2,HNRNPH3,TARDBP,UBA52
gene_set_query	169	PRR12	298.3	ARCHS4 Coexpression,256;Enrichr Queries,154;GTEx Coexpression,485	KMT2D,LAMA5,SMIM29,ATN1,HSPB1,ARVCF,MPRIP,SNRNP70,ELMSAN1,ZMIZ2,GSE1,TNKS1BP1,PLXNA1,ZNF787,RREB1,VPS39,PPFIA3,SPTBN1,PLXNA3,TAF15,BICRAL,PHF12,NBEAL2,CSNK1D,MOGS,NR1D1,ATXN2L,ILF3,SMTN,WNK1,PACS1,PLEKHM2,PNPLA6,RPL28,PLEC
gene_set_query	170	MAFF	300.4	ARCHS4 Coexpression,1278;ENCODE ChIP-seq,37;Enrichr Queries,45;ReMap ChIP-seq,49;GTEx Coexpression,93	RPL3,LINC01354,IFT172,POP4,MT1X,RPL9,CASC1,NDST2,PNN,CCND3,LAPTM4A,RPS16,FRAT2,CAPNS1,RPS19,CSKMT,FTH1,GJA4,RPL36,RPL35,SBF2,PPFIA3,VPS39,TGM2,RPS9,RPS5,RPS6,RNASE4,CSNK1D,MOGS,SDCBP2,TUFM,SNHG12,RAB34,SNHG10,CMPK1,S100A6,TAGLN2,SRSF4,NUPR1,SNRNP200,RAF1,RPL29,FTL,FKBP5,TBC1D19,SET,NECAB3,KLC1,FHIT,ZBTB4,UBC,ZNF426,LPXN,RDH14,FAM120AOS,MYH7B,GADD45A,BICRAL,ZBTB16,CAV1,SIAH1,PCIF1,SNHG8,PYCR1,IFT122,NR1D1,INHBA,HARS2,ACADSB,GADD45G,BMP2,TBL3,RPS28,RPS27,BCL6,LAS1L,ATG16L1,MAFK,RPS20,BCL2L2,GPR19,BCAR3,ZFAS1,CITED4,NGLY1,PTEN,HSPB1,PPWD1,LRRC6,RND1,RPS4X,AIFM2,RNPEP,ZNF280C,FLOT1,RAC3,TIMP3,RPLP2,TIMP1,ANXA2,TSC22D3,RBM18,ANO8,ARNT,RPL13A,EMP1,RTN4RL2,SUMF1,EEF1G,PTP4A2,MMP14,LSG1,NDUFS8,SLCO4A1,HNRNPH1,IRF1,RHOJ,RBM12B,IER3-AS1,PIGL,HNRNPH3,NSRP1,PFDN5,PLEC,YAP1,LAMA5,PLEKHH3,CEBPD,RPL10,SMIM29,RPL12,ATL2,RPL11,NEDD9,PBXIP1,CCDC106,METTL21A,APOLD1,FOXRED1,TM9SF4,TRAK2,DNAJB1,PDLIM2,MARVELD2,ELMSAN1,TP53INP2,RPS2,RPL18,HNRNPA1,EIF4B,REPS1,GDF11,SEC24B,PPP1R14B,RPL23A,LAMB1,SOD2,LYVE1,HIPK3,ALDH4A1,PER1,SLC25A37,PC,TARDBP,MSRB1
gene_set_query	171	SAFB2	301.0	ARCHS4 Coexpression,371;GTEx Coexpression,231	SPTBN4,KMT2D,IFT172,AKAP8L,ATN1,AKAP17A,CHD2,SNRNP70,ZMIZ2,NINL,APBB3,PLXNA3,ZNF483,TAF15,IFT140,RABL2B,CSNK1D,ATXN2L,PPP1R3F,PER1,KAT2A,ILF3,LAS1L,DMTF1,TTLL3,PACS1,PLEKHM2,HNRNPH3
gene_set_query	172	OSR2	303.3	ARCHS4 Coexpression,326;Enrichr Queries,558;GTEx Coexpression,26	SNED1,RPL3,HSPB6,HSPB1,SMG6,RPS4X,FBL,LAPTM4A,GOLGA6L4,TIMP3,TNKS1BP1,EMILIN1,RPS11,TGM2,TSC22D3,RPS6,RPL13A,ARNT,EMP1,RNASE4,EEF1A1,MMP14,CRISPLD2,RAB34,NUPR1,FKBP9,RPL10,CEBPD,SMIM29,PRELP,CYTH3,RPS3,SERPINH1,RPL13,PLXNA1,HNRNPA1,CRTAP,CAV1,SNX21,PARVA,LAMB1,INHBA,VASN,NFATC4,BMP2,TTLL3,TRIP6,RPS20,GSTM5
gene_set_query	173	HIF1A	303.4	Literature ChIP-seq,66;ARCHS4 Coexpression,314;Enrichr Queries,138;ReMap ChIP-seq,121;GTEx Coexpression,878	BCAR3,RPL3,MPI,PTEN,HMGB2,HSPB1,CHD2,PVR,PPP1CB,FBL,HEY1,RARS,FTH1,KIF5B,RPL36,RPLP2,TIMP3,RPL38,RAC1,TIMP1,TGM2,ENTPD2,TLE1,ANXA2,ITGA3,PPP1R16A,AXIN1,COBL,EMP1,RTN4RL2,CSNK1D,TEX2,SUMF1,EEF1A1,MMP14,LSG1,MED24,NDUFS8,SLCO4A1,CD109,RAB34,CDC37,IRF1,MMP17,S100A6,TAGLN2,NUPR1,FKBP9,FKBP5,PLEC,LRRC59,LAMA5,CEBPD,FOXK2,PBXIP1,CCDC106,DNAJB1,PDLIM2,ELMSAN1,UBC,SERPINH1,RPS3,RPL13,GSE1,RPL18,RREB1,GDF11,PPP1R14B,POU2F1,NORAD,GADD45A,CAV1,NEK7,RPL23A,PARVA,LAMB1,NR1D1,INHBA,SOD2,GNG13,PER1,PC,BCL6,STK17A,COL5A2,MAFF,BCL2,GTF2IRD1,MAFK,NOL12,BCL2L2
gene_set_query	174	THAP11	305.4	Literature ChIP-seq,121;ARCHS4 Coexpression,124;Enrichr Queries,13;ReMap ChIP-seq,279;GTEx Coexpression,990	ZNF175,RPL3,HSPB6,ZFAS1,CLTB,HSPB1,RPL8,RND1,FBL,CCND3,RPS16,FRAT2,RPS19,RPS18,KIF5C,SAP130,MACROD1,RPL36,RPL35,RPLP2,ARL6IP4,SH3BGRL2,EMILIN1,RPL38,RPS11,PELP1,RPS12,SEMA6C,RPS9,DGAT1,RPS5,TSC22D3,RPS6,RPL13A,RPSA,ANO5,SUMF1,MFSD10,TUFM,COMMD5,ATXN2L,EEF1A1,EEF1G,KAT2A,MED24,RAB37,EEF1D,IRF1,S100A6,TAGLN2,RAF1,RPL29,PAFAH1B3,RTN2,TSTA3,SET,SMIM29,RPL10,RPL12,RPL11,PBXIP1,ZBTB4,UNG,APH1A,DNAJB1,IRAK1,UBC,RPS3,MFN2,RDH14,ZNF787,RPS2,RPL18,E2F6,RAB11FIP4,GADD45A,SMOX,PHF12,PDE4DIP,RPL23A,NR1D1,MARCH2,RPS28,TMLHE,RPS27,CASTOR3,WNK1,RPS20,TACC2,PNPLA6,TPT1
gene_set_query	175	DBP	311.0	ARCHS4 Coexpression,652;Enrichr Queries,69;GTEx Coexpression,212	HSPB1,CSKMT,FTH1,GDAP1L1,MACROD1,TIMP3,ZNF844,RNF150,PPFIA3,TGM2,APC2,RPL21,TSC22D3,PUS1,ANO8,EMP1,RNASE4,MAPK8IP2,IRF1,CRY2,S100A6,NUPR1,PAFAH1B3,ZNF554,FKBP5,SPTBN4,LRRC59,CEBPD,SMIM29,CCDC106,NDRG2,METTL21A,FAM171A2,TAF1D,MARVELD2,GPC1,REPS1,CLVS1,KCNJ9,GADD45A,ZBTB16,RPL23A,NR1D1,GADD45G,PINK1,RIT2,HIST3H2A,BCL6,FNDC10,SPIRE2
gene_set_query	176	RBCK1	312.5	ARCHS4 Coexpression,307;GTEx Coexpression,318	AKAP8L,AKAP17A,APH1A,PNN,CAPNS1,SNRNP70,ZMIZ2,DHX58,FLOT1,ZNF787,APBB3,PLXNA3,RBM14,MIGA2,TAP2,TAP1,PTPN11,CSNK1D,MOGS,NBEAL2,MFSD10,TAPBP,KAT2A,PACS1,MAFK,TAGLN2,PNPLA6,MSRB1
gene_set_query	177	ZNF266	312.7	ARCHS4 Coexpression,582;Enrichr Queries,301;GTEx Coexpression,55	LRRC59,RPL3,SMIM29,NGLY1,HMGB2,PPWD1,AKAP17A,CHD2,ZBTB4,NDST2,PNN,ZNF426,D2HGDH,TRIM26,TIMP1,VPS39,METTL17,MAP4K4,RBM11,USP24,HNRNPA3,PPP1R14B,ANXA2,PHF12,TSC22D3,RALGAPA2,OGA,LAMB1,TEX2,LRRC37B,SLC25A37,ILF3,PINK1,RPS27,PAN3,TTLL3,DMTF1,LAS1L,HNRNPH1,CRISPLD2,IRF1,TRAF5,HNRNPD,SRSF4,GSAP,RPS20,PIGL
gene_set_query	178	FOSL1	312.8	ARCHS4 Coexpression,22;ENCODE ChIP-seq,42;Enrichr Queries,337;ReMap ChIP-seq,265;GTEx Coexpression,898	BCAR3,RPL3,LINC01354,ATN1,HSPB1,PEAR1,METRNL,CHD2,PVR,CAPNS1,MPRIP,RARS,FTH1,TIMP3,TIMP1,SLC25A42,ATXN7L2,SBF2,TGM2,FOXD1,ENTPD2,ANXA2,ITGA3,PUS1,ANO8,EMP1,CSNK1D,GAB2,MFSD11,MFSD10,EEF1G,EEF1A1,PTP4A2,MMP14,SLCO4A1,CD109,RAB34,CDC37,SNHG10,IRF1,S100A6,TAGLN2,NUPR1,FTL,FKBP5,PLEC,TSEN34,LRRC59,LAMA5,ZBTB47,SMIM29,CEBPD,ATL2,NDRG2,DNAJB1,IRAK1,EPCAM,TP53INP2,UBC,SERPINH1,SMYD2,GSE1,MFN2,LPXN,WWTR1,PPP1R14B,CRTAP,ICMT,SMOX,GADD45A,CAV2,CAV1,PCIF1,RPL23A,PARVA,INHBA,NR1D1,VASN,MARCH2,SLC25A37,SMTN,STK17A,MAFF,TRIP6,MAFK,GTF2IRD1,ANP32B,TPT1,MSRB1
gene_set_query	179	ZNF740	313.8	ARCHS4 Coexpression,206;Enrichr Queries,190;ReMap ChIP-seq,79;GTEx Coexpression,780	USP35,ZNF175,SRXN1,ATN1,PPWD1,SAT2,METRNL,CHD2,ASGR1,PITPNC1,NDST2,RPS16,MPRIP,SNRNP70,ZMIZ2,KIF5A,FLOT1,RPLP2,TNKS1BP1,PPFIA3,RPS12,APC2,TSC22D3,PPP1R16A,TAP2,RTN4RL2,CSNK1D,MOGS,TUFM,TAPBP,ATXN2L,EEF1G,EEF1A1,MED22,ILF3,MED24,HNRNPH1,PACS1,RAB34,CDC37,IRF1,IER3-AS1,RPL29,SNRNP200,PAFAH1B3,FTL,PLEC,RTN2,TSEN34,KMT2D,LAMA5,PLEKHH3,RPL10,SMIM29,PBXIP1,CCDC106,WDR24,ZBTB4,APOLD1,APH1A,FAM168B,UBC,MFN2,LPXN,GSE1,ZNF787,RPL18,HNRNPA1,RREB1,EIF4B,MAP4K4,GDF11,FKRP,POU2F1,TAF15,BICRAL,PCGF2,PHF12,PDE4DIP,RPL23A,NBEAL2,HIPK2,PAN3,BCL6,WNK1,TRIP6,GTF2IRD1,ANP32B,BCL2L2,TPT1
gene_set_query	180	TCF7L1	314.0	ARCHS4 Coexpression,561;Enrichr Queries,324;GTEx Coexpression,57	YAP1,LAMA5,FLT1,SET,SMIM29,NXN,ADCY4,HSPB1,CIB2,PEAR1,CYTH3,HEY1,ZIC2,GJA4,SCMH1,SERPINH1,TIMP3,FGFBP3,HNRNPA1,WWTR1,CRTAP,POU2F1,CAV2,SMOX,CAV1,ZBTB16,PCGF2,ITGA1,TAP2,EMP1,PARVA,LAMB1,HIPK3,NFATC4,RGMA,SMTN,BMP2,RPS27,RAB34,RHOJ,COL5A2,TYRO3,HNRNPD,CMPK1,ITGA7,MAFK,TAGLN2,PAFAH1B3
gene_set_query	181	FOXO1	315.8	Literature ChIP-seq,118;ARCHS4 Coexpression,523;Enrichr Queries,263;ReMap ChIP-seq,248;GTEx Coexpression,427	RIPOR2,LINC01354,RPL3,PITPNA,ATN1,MT1X,CASC3,METRNL,PPP1CB,CDH5,CCND3,RPS19,OPHN1,ATXN7L2,SBF2,TGM2,TLE1,DAPK1,DNAAF4,INPP4B,DYNC1LI2,CDC37,TYRO3,S100A6,UBA52,FKBP5,RTN2,LRRC59,SET,PRDM15,NDRG2,UBC,GSE1,AMZ2,MBP,PRELID3B,ICMT,BICRAL,GADD45A,ZBTB16,CAV1,PCIF1,NEK7,OGA,SNHG8,NR1D1,GADD45G,TBL3,RPS27,PAN3,BCL6,LAS1L,MAFF,SPIRE2,BCL2,HNRNPD,GTF2IRD1,MAFK,GPR19,SNED1,KCNC1,ZFAND2A,AKAP8L,PTEN,HSPB1,LRRC6,PEAR1,CHD2,PITPNC1,SMG6,HEY1,TMEM44,FLOT1,TIMP3,EMILIN1,ANXA2,TSC22D3,VPS13D,AXIN1,ARNT,EMP1,GAB2,MYRIP,PTP4A2,MMP14,SLCO4A1,IRF1,MMP17,TRAF5,CHI3L2,ARHGEF3,PAFAH1B3,PLEC,CEBPD,SMIM29,NEDD9,PBXIP1,PRELP,CCDC106,PDLIM2,ELMSAN1,E2F6,MAP4K4,REPS1,USP24,SEC24B,HNRNPA3,FKRP,KCNJ11,SMOX,SQOR,SNX21,HIPK3,HIPK2,PER1,TARDBP,RAMP1,TPT1
gene_set_query	182	NCOA1	316.8	ARCHS4 Coexpression,171;Enrichr Queries,638;ReMap ChIP-seq,171;GTEx Coexpression,287	SERPINA3,RIPOR2,CTNND2,PTEN,HSPB1,ARHGEF10L,CHD2,RPL8,PITPNC1,PHTF1,RPS16,OPHN1,RASGEF1A,CSKMT,KIF5C,RARS,FTH1,RNPEP,CA4,KIF5A,SLC16A6,SLC25A42,BCAS1,DAPK1,VPS13D,MOGS,CSNK1D,TMEM170B,MTURN,SUMF1,SYTL2,TUFM,LATS1,PPP1R3F,BCAN,PTP4A2,DMWD,RAB34,CDC37,IRF1,DNASE2,RPL29,LINC00641,FTL,RAPGEF4,RTN2,SPTBN4,LRRC59,ADCYAP1R1,RPL12,CCDC106,NDRG2,ZBTB4,MARVELD2,ELMSAN1,UBC,PLXNA2,AMZ2,RPL18,HNRNPA1,RREB1,EIF4B,SPTBN1,MAPK3,MAP4K4,PPP1R14B,NORAD,GADD45A,PDE4DIP,PYCR1,RPL23A,HIPK3,HIPK2,PER1,PINK1,CASTOR3,BCL6,WNK1,TRIP6,MAFF,SPIRE2,BCL2,MAFK,NOL12
gene_set_query	183	MECP2	317.0	ARCHS4 Coexpression,243;Enrichr Queries,446;GTEx Coexpression,262	KMT2D,MVK,ATN1,PTEN,CHD2,ZBTB4,UNG,TOMM22,ABR,ARVCF,RIMS3,MPRIP,SNRNP70,RARS,ZMIZ2,KIF5A,MAP4,RREB1,SPTBN1,ZNF483,PPP1R14B,POU2F1,BICRAL,TSC22D3,CAV1,PCIF1,VPS13D,CSNK1D,SOD2,MTURN,TUFM,HIPK2,TOM1L2,BCL6,WNK1,PACS1,HNRNPD,BCL2,PLEKHM2,ZNF510,FKBP5,PLEC
gene_set_query	184	ARNT2	319.3	ARCHS4 Coexpression,114;Enrichr Queries,672;GTEx Coexpression,172	SPTBN4,ADCYAP1R1,CEBPD,SMIM29,CTNND2,FAM107A,NEDD9,CCDC106,NDRG2,DLL3,ABR,GRM5,RIMS3,SCRN1,KIF5C,PPP4R4,KIF5A,PHACTR3,HABP4,TIMP3,PLXNA1,PHF24,MBP,PPFIA3,MAPK4,APC2,WNT10B,PAQR6,NORAD,KCNJ9,ZBTB16,EMP1,INHBA,MAPK8IP2,MTURN,SYTL2,HIPK2,BCAN,TOM1L2,KCNS1,ASPHD1,MMP17,BCL2,CAMK1G,RAPGEF4
gene_set_query	185	ZNF653	320.0	ARCHS4 Coexpression,258;Enrichr Queries,345;GTEx Coexpression,357	SPTBN4,KCNC1,AKAP8L,ATN1,HSPB1,CCDC106,WDR24,PHTF1,APH1A,ZIC2,CAPNS1,IRAK1,SNRNP70,ZMIZ2,GPC1,MACROD1,RAC3,ZNF787,MAP3K6,RAB11FIP3,PPFIA3,CA10,PUS1,PPP1R16A,CSNK1D,MOGS,GRIN2C,KCNAB3,LRRC37B,MFSD10,GADD45G,ATXN2L,TBL3,RIT2,LAS1L,RAB37,PACS1,PLEKHM2,MAFK,PNPLA6,RPL28,PLEC
gene_set_query	186	ZNF761	320.3	ARCHS4 Coexpression,380;Enrichr Queries,562;GTEx Coexpression,19	PRDM8,ZNF254,ATN1,HSPB1,RPL8,RPL9,PPP1CB,PNN,CAPNS1,SNRNP70,RPL36,ZNF525,TIMP3,RPS11,RPS9,RPS5,RPS6,RPL13A,MOGS,KAT2A,DMTF1,HNRNPH1,EEF1D,S100A6,FKBP5,SET,RPL10,SMIM29,RPL12,RPL11,NEDD9,AKAP17A,APH1A,ABR,FAM168B,RPS3,SERPINH1,RPL13,MFN2,ZNF426,RPL18,HNRNPA1,RPL17,CRTAP,GADD45A,SNHG8,PDE4DIP,RPS27,EIF2S3,BCL6,RPL27A,PLEKHM2,RPS20,PNPLA6
gene_set_query	187	MTERF2	320.5	ARCHS4 Coexpression,250;GTEx Coexpression,391	LRRC59,ZNF175,SHC2,TUSC3,ATN1,ZBTB4,APH1A,PNN,ARVCF,CAPNS1,IRAK1,SNRNP70,ZMIZ2,ZNF787,TSPAN3,NINL,RPS9,DTNA,TAP2,MOGS,KAT2A,DMTF1,EEF1D,CDH10,ECHDC2,PLEKHM2,TAGLN2,NAXD,PNPLA6,RPL28
gene_set_query	188	JUNB	320.8	ARCHS4 Coexpression,689;Enrichr Queries,75;ReMap ChIP-seq,153;GTEx Coexpression,366	ZNF175,MPI,CITED4,ADIRF,HSPB1,SBF2-AS1,METRNL,RPL8,CCND3,HEY1,RPS18,CSKMT,FTH1,GJA4,FLOT1,ARL6IP4,TIMP3,TIMP1,TBC1D10A,TGM2,ANXA2,RPS5,TSC22D3,ANO8,EMP1,TAP1,CSNK1D,TAPBP,EEF1A1,EEF1G,PTP4A2,DMTF1,EEF1D,RAB34,CDC37,IRF1,S100A6,IER3-AS1,TAGLN2,DNASE2,NUPR1,FTL,FKBP5,RTN2,CEBPD,SMIM29,PBXIP1,CCDC106,AKAP17A,FOXRED1,DNAJB1,ARVCF,ELMSAN1,UBC,LPXN,RPS2,RPL18,HNRNPA1,CLVS1,ZNF584,PPP1R14B,CRTAP,GADD45A,RPL23A,NBEAL2,NR1D1,LINC00909,SOD2,GADD45G,PER1,PINK1,BMP2,TBL3,RPS27,HIST3H2A,BCL6,MAFF,MAFK,GPR19
gene_set_query	189	CEBPB	322.0	Literature ChIP-seq,55;ARCHS4 Coexpression,747;ENCODE ChIP-seq,2;Enrichr Queries,65;ReMap ChIP-seq,95;GTEx Coexpression,968	RIPOR2,LINC01354,RPL3,IFT172,ATN1,SAT2,CASC3,METRNL,RPL9,CASC1,PNN,CCND3,LAPTM4A,AS3MT,RPS16,FRAT2,RPS19,FTH1,ZMIZ2,KIF5A,MACROD1,RPL38,SBF2,RPL39,TGM2,RPS12,FBXW4,UNC13C,RPS9,TLE1,DGAT1,RPS6,GTPBP6,RNASE4,CSNK1D,MOGS,RPSA,MFSD11,LZTFL1,EEF1A1,ATXN2L,DMTF1,RAB34,SNHG10,S100A6,TYRO3,CMPK1,TAGLN2,NUPR1,RPL29,FTL,FKBP5,LRRC59,SET,MAGED1,KLC1,APH1A,DHRS7B,UBC,SMYD2,AMZ2,ZNF787,MAP4,GAS2L1,RREB1,WNT10B,WWTR1,FOXF2,GADD45A,CAV1,NEK7,PYCR1,IFT122,NBEAL2,NR1D1,GRIN2C,ACADSB,GADD45G,SMTN,RPS27,BCL6,ATG16L1,MAFF,TRIP6,SPIRE2,PLEKHM2,RPS20,MAFK,GTF2IRD1,ANP32B,NOL12,TRAM2-AS1,GSTM5,BCAR3,FLT1,SRXN1,PTEN,HMGB2,HSPB1,CHD2,ASGR1,RPS4X,SPR,FLOT1,TNKS1BP1,TIMP3,PGM2,RPLP2,RAC3,TIMP1,APC2,PRMT5,CERS6,ANXA2,ITGA3,TSC22D3,ITGA1,EMP1,RPL13A,PATL1,TOMM40L,TAPBP,PTP4A2,MED22,MMP14,MED24,NDUFS8,SDHAF2,HNRNPH1,EEF1D,IRF1,CDH10,PEX5,CRY2,IER3-AS1,HNRNPH3,FAM193A,PLEC,TSEN34,YAP1,PLEKHH3,CEBPD,SLC43A2,NXN,RPL36A,NEDD9,ADCY8,METTL21A,APOLD1,TM9SF4,CYTH3,DNAJB1,ELMSAN1,D2HGDH,RPL18,HNRNPA1,APBB3,REPS1,HNRNPA3,PPP1R14B,TAF15,SMOX,PCGF2,SQOR,DTNBP1,RPL23A,LAMB1,PTPN11,SOD2,HIPK3,SLC25A37,PER1,PINK1,PC,HIST3H2A,STK17A,NAXD,PNPLA6,TACC2,TPT1,MSRB1
gene_set_query	190	CEBPD	322.2	Literature ChIP-seq,126;ARCHS4 Coexpression,1263;ENCODE ChIP-seq,31;ReMap ChIP-seq,23;GTEx Coexpression,168	CTNND2,GXYLT1,RPL8,METRNL,RPL9,PNN,FBL,CDH5,RPS16,FRAT2,CSKMT,FTH1,GJA4,RPL36,MAP3K6,RPS11,PPFIA3,RPS12,CSGALNACT1,RPS9,DGAT1,RPS5,PPP1R16A,RPS6,RNASE4,CSNK1D,MOGS,MFSD11,LZTFL1,EEF1A1,ATXN2L,TMEM135,SNHG12,DMTF1,CRISPLD2,RAB34,CDC37,SRSF4,RPL29,UBA52,FTL,RTN2,TSTA3,NECAB3,NDRG2,UBC,GSE1,ZNF787,MAP4,RAB11FIP4,GADD45A,ZBTB16,PCDH20,PCIF1,PYCR1,IFT122,NBEAL2,NR1D1,SNHG5,NFATC4,TBL3,RPS27,EIF2S3,BCL6,RPL27A,MAFF,MAFK,RPS20,ANP32B,BCL2L2,ZNF254,BCAR3,PTEN,PEAR1,CHD2,FLOT1,RPLP2,RAC3,EMILIN1,RNF150,APC2,TSC22D3,AXIN1,ARNT,RPL13A,COBL,TAPBP,RGMA,LATS1,PTP4A2,NDUFS8,EEF1D,HNRNPH1,IER3-AS1,RAPGEF4,TSEN34,LAMA5,RPL10,SMIM29,SLC43A2,ATL2,RPL36A,PBXIP1,CCDC106,WDR24,FOXRED1,DNAJB1,ARVCF,TAF1D,RPL13,RPS2,RPL18,HNRNPA1,ZNF584,USP24,PPP1R14B,HNRNPA3,PCGF2,RPL23A,HIPK3,PER1,HIST3H2A,TACC2,TPT1,MSRB1
gene_set_query	191	HES4	325.0	ARCHS4 Coexpression,13;Enrichr Queries,200;GTEx Coexpression,762	USP35,CITED4,ADIRF,HSPB1,MT1X,SAT2,METRNL,RPL8,RPS17,RPS19,RPS18,FTH1,GJA4,DHX58,PEA15,RPL36,RAC3,RPL38,TIMP1,RPS11,RPS9,TSC22D3,ANO8,EMP1,DMWD,IRF1,S100A6,ITGA7,NUPR1,FTL,CEBPD,SMIM29,RPL36A,CCDC106,FAM171A2,ARVCF,RPL13,RPS2,ZNF787,RPL18,RPL17,RAB11FIP3,PPP1R26,PPP1R14B,GADD45A,PCGF2,SOD2,NFATC4,MAFF,TRIP6,MAFK,RAMP1,NECTIN2,FAM50A
gene_set_query	192	ARID5B	328.0	ARCHS4 Coexpression,132;Enrichr Queries,218;GTEx Coexpression,634	LRRC59,CEBPD,SMIM29,PTEN,NEDD9,HSPB1,MT1X,RPL8,PPP1CB,APH1A,RPS17,SNRNP70,TIMP3,MFN2,ARIH1,ZNF787,RPL18,HNRNPA1,E2F6,TGM2,SEC24B,ANXA2,GADD45A,ZBTB16,TSC22D3,CAV1,ARNT,EMP1,MOGS,PARVA,INHBA,HIPK3,EEF1G,ILF3,BCL6,CRISPLD2,IRF1,MAFF,ARHGEF3,FKBP9,RPL29,FKBP5
gene_set_query	193	TWIST2	328.5	ARCHS4 Coexpression,93;GTEx Coexpression,564	ZBTB47,HSPB6,CYTH3,LAPTM4A,SGCD,GPC1,SERPINH1,TNKS1BP1,EMILIN1,SBF2,ACVR1,CRTAP,FOXD1,ANXA2,CAV1,NEK7,EMP1,LAMB1,PARVA,VASN,NFATC4,MMP14,CD109,RAB34,COL5A2,FKBP9
gene_set_query	194	SMAD1	329.0	Literature ChIP-seq,142;ARCHS4 Coexpression,199;Enrichr Queries,133;ReMap ChIP-seq,101;GTEx Coexpression,1070	RPL3,ATN1,SAT2,FNBP1L,CDH5,CCND3,RPS16,FTH1,ZMIZ2,KIF5B,KIF5A,RPL35,RPS11,PPFIA3,TGM2,RPS9,TLE1,DGAT1,DAPK1,PUS1,PPP1R16A,TAP2,CSNK1D,MOGS,BCAN,RAB34,CDC37,RPL28,FTL,FKBP5,RTN2,NECAB3,MAGED1,APH1A,KLC4,IRAK1,UBC,SERPINH1,ZNF787,TSPAN3,SPTBN1,NTNG2,GADD45A,CAV1,PYCR1,NBEAL2,NR1D1,GADD45G,TBL3,BCL6,TRIP6,MAFF,BCL2,PLEKHM2,MAFK,BCL2L2,GPR19,PTEN,HSPB1,OSBPL10,SHE,SNRNP70,TNKS1BP1,RPLP2,RAC3,TIMP3,EMILIN1,APC2,RBM14,CERS6,ANXA2,RPL13A,EMP1,COBL,RTN4RL2,EEF1G,MED22,PTP4A2,LSG1,EEF1D,IRF1,RHOJ,ITGA7,DNASE2,TSEN34,LAMA5,RPL10,SMIM29,CEBPD,RPL12,NEDD9,WDR24,ARVCF,RPS2,RPL18,HNRNPA1,EIF4B,JAM2,MAP4K4,USP24,GDF11,SEC24B,PPP1R14B,FKRP,RPL23A,PER1,PNPLA6,NECTIN2
gene_set_query	195	SKI	330.0	ARCHS4 Coexpression,155;GTEx Coexpression,505	SPTBN4,KMT2D,KCNC1,ATN1,ARHGEF10L,ZBTB4,ABR,ARVCF,FAM168B,ZIC2,MPRIP,SNRNP70,ZMIZ2,TNKS1BP1,KIF1C,MAP4,CA10,CSNK1D,MOGS,GRIN2C,KCNAB3,GNG13,ATXN2L,TOM1L2,RIT2,RAB37,PACS1,PLEKHM2,PNPLA6,BCL2L2,PLEC
gene_set_query	196	SLC2A4RG	330.3	ARCHS4 Coexpression,65;Enrichr Queries,125;GTEx Coexpression,801	LAMA5,LRRC59,RPL3,CEBPD,SMIM29,HMGB2,ATN1,HSPB1,RPL8,BPHL,ASGR1,APH1A,CAPNS1,IRAK1,SNRNP70,FTH1,GPC1,ZMIZ2,SERPINH1,MACROD1,TNKS1BP1,KIF1C,TIMP1,ZNF787,RPL18,PPP1R14B,BHMT2,PPP1R16A,RNASE4,SNX21,MOGS,ACADSB,MFSD10,ATXN2L,EEF1D,IRF1,TRIP6,S100A6,ECHDC2,MAFK,NUPR1,RPL28,NECTIN2,GPR19,FTL,PLEC
gene_set_query	197	ZNF143	331.6	ARCHS4 Coexpression,301;ENCODE ChIP-seq,44;Enrichr Queries,683;ReMap ChIP-seq,87;GTEx Coexpression,543	RIPOR2,RPL3,TAMM41,PITPNA,ATN1,CIB2,SAT2,RPL8,GPATCH8,TOMM22,PPP1CB,RPS16,CAPNS1,CSKMT,KIF5B,ZMIZ2,MACROD1,HABP4,RPL38,NUDT16,MAP3K6,RPS11,ATXN7L2,PPFIA3,RPS9,ENTPD2,DGAT1,RPS5,PPP1R16A,MOGS,RPSA,MFSD11,LZTFL1,BCAN,TOM1L2,DYNC1LI2,CRISPLD2,RAB34,CDC37,RAF1,RPL29,CCNQ,FTL,FKBP5,RTN2,KMT2D,SPTBN4,TSTA3,LRRC59,TBC1D19,NECAB3,PRDM15,AKAP17A,KLC1,ZBTB4,ABR,FAM171A2,IRAK1,DHRS7B,UBC,TSPAN3,MAP4,RAB11FIP3,FAM120AOS,WNT10B,CRTAP,POU2F1,GADD45A,CAV1,NEK7,PYCR1,IFT122,SNHG6,NR1D1,ACADSB,VASN,TBL3,BMP2,BCL6,TRIP6,MAFF,ECHDC2,RPS20,NOL12,BCL2L2,BCAR3,USP35,HSPB6,MTMR14,SETD6,ZFAND2A,NGLY1,AKAP8L,HMGB2,HSPB1,CHD2,AATF,ASGR1,RPS4X,SNRNP70,ZNF280C,RPLP2,RAC3,TNKS1BP1,KIF1C,EMILIN1,ANXA2,IFT140,COMMD10,AXIN1,ANO8,RPL13A,EMP1,PATL1,EEF1G,MED22,LSG1,KAT2A,NDUFS8,SDHAF2,IRF1,PEX5,PIGL,PAFAH1B3,PLEC,LAMA5,PLEKHH3,SLC43A2,RPL11,CCDC106,WDR24,TM9SF4,FOXRED1,TRAK2,DNAJB1,TAF1D,FAM168B,PDLIM2,MARVELD2,TP53INP2,RPL13,MFN2,BRD9,RPS2,RPL18,ZNF346,REPS1,ZNF584,PPP1R14B,TAF12,SQOR,RPL23A,PER1,SLC25A37,TMLHE,PC,STK17A,POLR3H,PNPLA6,MSRB1
gene_set_query	198	ETV1	331.8	ARCHS4 Coexpression,189;Enrichr Queries,610;ReMap ChIP-seq,17;GTEx Coexpression,511	CTNND2,ATN1,RPL8,NDST2,CCND3,RPS16,RIMS3,CAPNS1,CSKMT,KIF5C,KIF5A,MAP3K6,PPFIA3,TGM2,ENTPD2,PPP1R16A,CSNK1D,MOGS,MFSD11,MTURN,TUFM,ATXN2L,BCAN,RAB37,RAB34,RPL29,UBA52,FTL,FKBP5,RTN2,SPTBN4,KMT2D,ADCYAP1R1,MAGED1,KLC1,NDRG2,ZBTB4,UBC,SERPINH1,PLXNA2,GSE1,TSPAN3,PRELID3B,DTNA,BICRAL,GADD45A,CAV1,PCIF1,PYCR1,USB1,NR1D1,INHBA,GRIN2C,TBL3,BCL6,TRIP6,FNDC10,BCL2,MAFK,ANP32B,NOL12,KCNC1,HSPB6,ZIC2,HEY1,SCRN1,RPLP2,RAC3,TIMP3,EMILIN1,ANO8,AXIN1,EMP1,KCNAB3,COMMD5,RGMA,EEF1G,PTP4A2,SLCO4A1,CDH10,IRF1,PLEC,CEBPD,SMIM29,PBXIP1,CCDC106,WDR24,ARVCF,RPS2,RPL18,APBB3,JAM2,USP24,CA10,PPP1R14B,TAF12,KCNJ9,PTPN11,RPL23A,HIPK2,PER1,RIT2,NECTIN2
gene_set_query	199	MBD2	332.0	ARCHS4 Coexpression,774;Enrichr Queries,83;ReMap ChIP-seq,271;GTEx Coexpression,200	HSPB6,PTEN,HMGB2,HSPB1,CHD2,PPP1CB,FBL,SHE,CAPNS1,ZIC2,FTH1,ZMIZ2,RNPEP,RPL36,RPLP2,PGM2,TIMP3,TBC1D10A,PPFIA3,APC2,ENTPD2,DGAT1,ANXA2,RPS5,PPP1R16A,ANO8,TAP2,MOGS,MAPK8IP2,PATL1,PPP1R3F,BCAN,PTP4A2,NDUFS8,PACS1,MMP17,S100A6,DNASE2,TAGLN2,RPL28,LAMA5,RPL12,NEDD9,CCDC106,NDRG2,WDR24,APH1A,PDLIM2,UBC,RPL13,RPS2,ZNF787,RPL18,RAB11FIP3,RREB1,SPTBN1,WNT10B,FKRP,FOXF2,GADD45A,IGIP,USB1,NBEAL2,GRIN2C,SOD2,GNG13,HIPK2,PINK1,TBL3,BCL6,WNK1,KYAT3,FNDC10,HNRNPD,BCL2,PNPLA6,EIF3D,TPT1
gene_set_query	200	ETV4	332.3	ARCHS4 Coexpression,783;Enrichr Queries,415;ReMap ChIP-seq,58;GTEx Coexpression,73	DOCK6,RPL3,HSPB6,ATN1,HSPB1,CASC3,RPL8,ASGR1,FBL,RPS16,RPS19,CAPNS1,HEY1,RPS18,CSKMT,RARS,FTH1,RPL36,FLOT1,RPL35,RPLP2,RAC3,TIMP3,EMILIN1,TIMP1,RPS11,TGM2,PRMT5,RPS9,ENTPD2,ANXA2,ITGA3,RPS5,AXIN1,RPL13A,EMP1,RPSA,RNASE4,CSNK1D,MOGS,MFSD11,TOMM40L,EEF1A1,EEF1G,MED22,MMP14,NDUFS8,SLCO4A1,CD109,RAB34,SNHG10,S100A6,IER3-AS1,TAGLN2,RPL29,FTL,RTN2,TSEN34,LAMA5,SET,RPL10,SMIM29,IGSF1,PBXIP1,CCDC106,NDRG2,TM9SF4,UNG,PDLIM2,ELMSAN1,UBC,GSE1,RPS2,EIF4B,PRELID3B,ZNF584,PPP1R14B,GADD45A,LRBA,PCGF2,CAV1,PCIF1,PYCR1,RPL23A,LAMB1,NR1D1,INHBA,PER1,TBL3,RPL27A,MAFF,HNRNPD,MAFK,EIF3D,MSRB1
gene_set_query	201	NR3C1	334.2	Literature ChIP-seq,99;ARCHS4 Coexpression,791;ENCODE ChIP-seq,35;Enrichr Queries,213;ReMap ChIP-seq,73;GTEx Coexpression,794	RPL3,LINC01354,ARHGEF26-AS1,GALNT18,MT1M,ATN1,GXYLT1,MT1X,CASC3,FNBP1L,PPP1CB,RPS16,MPRIP,RPS19,CAPNS1,CSKMT,FTH1,RPL35,RPS11,MAP3K6,SBF2,PPFIA3,TGM2,RPS12,MIGA2,TLE1,ENTPD2,USP4,RPS5,PUS1,PPP1R16A,TAP1,CSNK1D,MOGS,SDCBP2,EEF1A1,BCAN,DYNC1LI2,CRISPLD2,RAB34,CD109,S100A6,TAGLN2,GSAP,FKBP9,FTL,FKBP5,RTN2,LRRC59,UBC,SMYD2,PLXNA2,ZNF426,GSE1,LPXN,ZNF787,TSPAN3,GAS2L1,RAB11FIP3,SPTBN1,PRELID3B,POU2F1,BICRAL,GADD45A,CAV1,LRBA,ZBTB16,NEK7,RABL2B,PARVA,NR1D1,VASN,TBL3,EIF2S3,BCL6,MAFF,BCL2,HNRNPD,MAFK,BCAR3,PRR5,KCNC1,PTEN,HSPB1,CHD2,PEAR1,RND1,SGCD,SNRNP70,FLOT1,RPLP2,TIMP3,TNKS1BP1,SH3BGRL2,PELP1,ANXA2,ITGA3,TSC22D3,COMMD10,ITGA1,ANO8,ARNT,RPL13A,EMP1,GAB2,PATL1,LATS1,EEF1G,PTP4A2,MED24,SLCO4A1,IRF1,CRY2,IER3-AS1,HNRNPH3,PAFAH1B3,PLEC,YAP1,LAMA5,CEBPD,RPL12,ATL2,FOXK2,PBXIP1,CCDC106,WDR24,APOLD1,CYTH3,DNAJB1,ARVCF,ELMSAN1,GPC1,RPS2,RPL18,E2F6,EIF4B,MAP4K4,MAPK3,ZNF584,SEC24B,HNRNPA3,SMOX,SQOR,RPL23A,SOD2,HIPK3,HIPK2,PER1,PC,CASTOR3,STK17A,EIF3F,TACC2,TPT1
gene_set_query	202	TBP	334.6	Literature ChIP-seq,2;ARCHS4 Coexpression,75;ENCODE ChIP-seq,62;ReMap ChIP-seq,40;GTEx Coexpression,1494	RPL3,UBE2D4,POP4,MPI,ATN1,SAT2,MT1X,CASC3,RPL8,PVR,GPATCH8,TOMM22,NDST2,FBL,RPS17,CCND3,RPS16,FRAT2,CAPNS1,RPS19,MPRIP,CSKMT,RPS18,FTH1,ZMIZ2,SAP130,KIF5A,MACROD1,RPL36,RPL35,RPS11,SBF2,RPL39,PPFIA3,TGM2,RPS9,ENTPD2,TLE1,DGAT1,USP4,RPS5,PPP1R16A,RNASE4,MOGS,RPSA,TUFM,MFSD10,ATXN2L,TOM1L2,CRISPLD2,RAB34,CDC37,RPL29,UBA52,FTL,FKBP5,RTN2,SPTBN4,TBC1D19,SET,GSTCD,ZBTB4,APH1A,ABR,UBC,SERPINH1,LPXN,TSPAN3,MAP4,RAB11FIP3,SPTBN1,PLXNA3,BICRAL,GADD45A,CAV1,PHF12,PYCR1,NR1D1,HARS2,ACADSB,VASN,NFATC4,TBL3,RPS27,BCL6,ATG16L1,WNK1,TRIP6,MAFF,KYAT3,PLEKHM2,MAFK,NOL12,BCL2L2,GPR19,ZNF254,HSPB6,MTMR14,HSPB1,EFCAB5,CHD2,RND1,RPS4X,SNRNP70,ZNF280C,FLOT1,RPLP2,RAC3,TNKS1BP1,KIF1C,EMILIN1,DGCR6,METTL17,PLA2G12A,IFT140,RBM18,ANO8,AXIN1,RPL13A,KCNAB3,COMMD5,EEF1G,PTP4A2,LSG1,KAT2A,MMP14,NDUFS8,EEF1D,TRAF5,IER3-AS1,DNASE2,PIGL,PLEC,TSEN34,LAMA5,PLEKHH3,RPL10,SMIM29,PBXIP1,CCDC106,WDR24,APOLD1,FOXRED1,DNAJB1,FAM168B,ARVCF,TAF1D,PDLIM2,GPC1,MFN2,BRD9,RPS2,RPL18,HNRNPA1,ATP9B,APBB3,ZNF584,PPP1R14B,HNRNPA3,TAF12,SMOX,PCGF2,RPL23A,TYW1B,PTPN11,SNX21,PER1,PC,HIST3H2A,CASTOR3,STK17A,NAXD,PNPLA6,TARDBP,EIF3D,MSRB1
gene_set_query	203	OSR1	337.0	ARCHS4 Coexpression,184;GTEx Coexpression,490	YAP1,ZBTB47,HSPB6,GPC1,SCMH1,SERPINH1,TNKS1BP1,EMILIN1,ACVR1,WWTR1,CRTAP,FOXD1,CAV1,ITGA1,EMP1,PARVA,LAMB1,VASN,NFATC4,SMTN,MMP14,CRISPLD1,RAB34,COL5A2,FKBP9
gene_set_query	204	KLF10	339.0	ARCHS4 Coexpression,308;Enrichr Queries,48;GTEx Coexpression,661	BCAR3,CEBPD,SMIM29,NXN,TUSC3,ATL2,HMGB2,NEDD9,HSPB1,MT1X,DNAJB1,LAPTM4A,RIMS3,SCRN1,EPCAM,KIF5C,FTH1,UBC,MACROD1,ARIH1,TIMP1,E2F6,TGM2,PELP1,SEC24B,ANXA2,GADD45A,TSC22D3,CAV1,EMP1,RPSA,INHBA,NR1D1,GADD45G,PER1,BCL6,IRF1,MAFF,S100A6,GTF2IRD1,TAGLN2,RPS20,TACC2,UBA52,FKBP5
gene_set_query	205	VDR	339.4	Literature ChIP-seq,30;ARCHS4 Coexpression,1035;Enrichr Queries,115;ReMap ChIP-seq,77;GTEx Coexpression,440	PRDM8,RIPOR2,RPL3,UBE2D4,IFT172,POP4,ATN1,CASC3,METRNL,CASC1,PPP1CB,PNN,RPS16,MPRIP,CAPNS1,RPS19,CSKMT,RPL36,RPL38,EIF2D,RPS11,TGM2,RPS9,ENTPD2,DGAT1,RPS5,RPS6,TAP1,RNASE4,CSNK1D,MOGS,MFSD11,SDCBP2,TUFM,EEF1A1,DYNC1LI2,CRISPLD2,ETHE1,RAB34,S100A6,TAGLN2,NUPR1,RPL29,RAF1,RPL28,UBA52,ZNF554,FTL,TBC1D19,NECAB3,APH1A,KLC4,UBC,ZNF426,AMZ2,PRELID3B,POU2F1,GADD45A,LRBA,PHF12,CAV1,SNHG8,RABL2B,IFT122,SNHG6,NR1D1,INHBA,SNHG5,ACADSB,TBL3,RPS27,PAN3,BCL6,ATG16L1,TRIP6,MAFF,BCL2,RPS20,ACO2,NOL12,INTS8,GPR19,ZFAS1,PTEN,HMGB2,HSPB1,PPWD1,AATF,CHD2,SNRNP70,RNPEP,RPLP2,TIMP3,TNKS1BP1,PGM2,KIF1C,TIMP1,PELP1,APC2,PRMT5,ANXA2,ITGA3,VPS13D,ANO8,RPL13A,EMP1,TAPBP,EEF1G,MED22,PTP4A2,MMP14,LSG1,SLCO4A1,HNRNPH1,IRF1,RPL37A,RBM12B,HNRNPH3,PFDN5,PLEC,TSEN34,LAMA5,RPL10,SMIM29,CEBPD,SLC43A2,RPL12,ATL2,NEDD9,FOXK2,PBXIP1,CCDC106,ACVR1B,WDR24,TM9SF4,APOLD1,DNAJB1,PDLIM2,EPCAM,RPL13,RPS2,RPL18,HNRNPA1,ATP9B,APBB3,EIF4B,ZNF584,PPP1R14B,TAF15,SQOR,RPL23A,SLC25A37,PER1,TMEM54,POLR3H,EIF3F
gene_set_query	206	CAMTA2	340.3	ARCHS4 Coexpression,27;Enrichr Queries,646;GTEx Coexpression,348	SPTBN4,KCNC1,SMIM29,SLC43A2,ZBTB47,ATN1,KLC1,NDRG2,ZBTB4,ABR,FAM171A2,RIMS3,MPRIP,SNRNP70,ZMIZ2,FTH1,TP53INP2,GDAP1L1,KIF5A,PHF24,MBP,RAB11FIP3,PPFIA3,CA10,PAQR6,KCNJ9,TSC22D3,KCNAB3,MAPK8IP2,MTURN,ATXN2L,PPP1R3F,TOM1L2,PINK1,RIT2,BCL6,KCNS1,WNK1,PACS1,CDH10,PLEKHM2,PNPLA6,BCL2L2,PLEC
gene_set_query	207	SP4	340.6	ARCHS4 Coexpression,106;ENCODE ChIP-seq,99;Enrichr Queries,952;ReMap ChIP-seq,5;GTEx Coexpression,541	ZNF175,RPL3,ATN1,CASC3,RPL8,FNBP1L,RPL9,GPATCH8,NDST2,RPS16,RPS19,CAPNS1,RPS18,CSKMT,FTH1,ZNF844,RPL38,EIF2D,NUDT16,MAP3K6,RPS11,PPFIA3,RPS12,RPS9,RPL21,DGAT1,RPS5,PUS1,PPP1R16A,RPSA,MOGS,TUFM,EEF1A1,ILF3,DMTF1,RAB34,CDC37,SRSF4,RAF1,RPL29,FTL,FKBP5,RTN2,LRRC59,SET,GSTCD,APH1A,KLC4,IRAK1,UBC,SERPINH1,AMZ2,RREB1,CRTAP,ICMT,POU2F1,BICRAL,RABL2B,SNHG6,NR1D1,SNHG5,ACADSB,VASN,TBL3,RPS27,BCL6,WNK1,ATG16L1,RPL27A,TRIP6,BCL2,PLEKHM2,BCL2L2,ZNF254,ZFAS1,AKAP8L,PTEN,HMGB2,CLTB,HSPB1,PPWD1,CHD2,SHD,SMG6,ZIC2,ZNF280C,FLOT1,RPLP2,TNKS1BP1,KIF1C,RAC1,APC2,ANO8,RPL13A,ARNT,MKLN1-AS,TAPBP,EEF1G,MED24,EEF1D,HNRNPH1,CDH10,RPL37A,ITGA7,IER3-AS1,DNASE2,ZNF510,TSEN34,RPL10,SMIM29,RPL12,PBXIP1,CCDC106,WDR24,FOXRED1,RPL13,RPS2,RPL18,HNRNPA1,E2F6,REPS1,USP24,ZNF584,GDF11,PPP1R14B,HNRNPA3,KCNJ11,RPL23A,LAMB1,LINC00909,ALDH4A1,PER1,CASTOR3,PNPLA6,NECTIN2,TPT1,MSRB1
gene_set_query	208	FOXO4	340.7	ARCHS4 Coexpression,698;Enrichr Queries,320;GTEx Coexpression,4	CTNND2,FAM107A,HSPB1,CASC3,FRAT2,KIF5B,PHACTR3,KIF1C,TIMP3,BCAS1,TGM2,FBXW4,PAQR6,TLE1,TSC22D3,COBL,GAB2,TEX2,TMEM170B,MTURN,BCAN,PTP4A2,DYNC1LI2,ASPHD1,IRF1,SRARP,PEX5,PKP4,NUPR1,ZBTB47,CEBPD,SMIM29,SLC43A2,PBXIP1,NDRG2,TRAK2,TP53INP2,MFN2,MBP,MAP4,RAB11FIP4,MAP4K4,GDF11,DTNA,SMOX,GADD45A,IGIP,PTPN11,SNHG6,NBEAL2,HIPK2,GADD45G,SLC25A37,PINK1,CASTOR3,BCL6,WNK1,MAFF,BCL2,PLEKHM2,PNPLA6,MSRB1
gene_set_query	209	FOXF2	344.0	ARCHS4 Coexpression,338;Enrichr Queries,256;GTEx Coexpression,438	PRDM8,FLT1,PLEKHH3,CEBPD,SMIM29,ATL2,PPP1CB,CYTH3,CDH5,FAM171A2,HEY1,ZIC2,CAPNS1,IRAK1,SCMH1,SERPINH1,TIMP3,TNKS1BP1,RAC3,KIF1C,EMILIN1,RNF150,ZNF787,TGM2,PELP1,WWTR1,FOXD1,CAV1,ITGA1,EMP1,PARVA,LAMB1,CSNK1D,INHBA,VASN,RGMA,NFATC4,MED22,SMTN,BMP2,CRISPLD2,MAFF,COL5A2,BCL2L2
gene_set_query	210	ZNF316	344.7	ARCHS4 Coexpression,360;Enrichr Queries,84;GTEx Coexpression,590	TSEN34,KMT2D,LAMA5,SRXN1,SMIM29,SLC43A2,ATN1,HSPB1,AKAP17A,NDST2,APH1A,FAM171A2,IRAK1,SNRNP70,ELMSAN1,ZMIZ2,SERPINH1,TNKS1BP1,ZNF787,PLXNA3,PHF12,PCIF1,AXIN1,CSNK1D,NBEAL2,MOGS,MFSD10,GADD45G,ATXN2L,MED22,SMTN,PACS1,PLEKHM2,MAFK,PNPLA6,FTL,PLEC
gene_set_query	211	ZNF703	344.7	ARCHS4 Coexpression,83;Enrichr Queries,102;GTEx Coexpression,849	HSPB6,ATN1,HSPB1,METRNL,CAPNS1,SNRNP70,MACROD1,TIMP3,TNKS1BP1,RAC3,KIF1C,TGM2,PELP1,FOXD1,ANXA2,TSC22D3,PPP1R16A,EMP1,CSNK1D,MOGS,ATXN2L,CRISPLD2,FKBP5,PLEC,KMT2D,LRRC59,CEBPD,SMIM29,NXN,ATL2,NEDD9,APH1A,IRAK1,TP53INP2,SERPINH1,PLXNA2,RPS2,ZNF787,ICMT,FOXF2,SMOX,GADD45A,ZBTB16,CAV1,SNX21,NR1D1,GADD45G,BCL6,TACC2,NECTIN2
gene_set_query	212	ZNF324	345.0	ARCHS4 Coexpression,532;Enrichr Queries,198;GTEx Coexpression,305	KMT2D,CEBPD,SMIM29,SLC43A2,PITPNA,MPI,HSPB1,WDR24,SHE,CDH5,ABR,DNAJB1,GRM5,TAF1D,FRAT2,UBC,TRIM26,BRD9,ZNF346,RAB11FIP3,JAM2,PPFIA3,ZNF584,RBM14,GADD45A,TSC22D3,AXIN1,CSNK1D,MOGS,TEX2,COMMD5,SYTL2,ILF3,TBL3,ADCK2,BCL6,ATG16L1,IRF1,RHOJ,MAFF,CRY2,POLR3H,ZNF554,PLEC
gene_set_query	213	NKX32	347.5	ARCHS4 Coexpression,272;GTEx Coexpression,423	LAMA5,LRRC59,NXN,ATL2,ATN1,RPL8,CYTH3,IRAK1,SCMH1,RPL36,SERPINH1,EMILIN1,RNF150,RPS2,WWTR1,PPP1R14B,FOXD1,FOXF2,PCGF2,ITGA1,PYCR1,PARVA,NFATC4,MED22,SMTN,TRIP6,UBA52
gene_set_query	214	TGIF1	348.3	ARCHS4 Coexpression,857;Enrichr Queries,82;GTEx Coexpression,106	SPTBN4,CEBPD,SMIM29,HMGB2,NEDD9,HSPB1,CCDC106,KLC1,FOXRED1,ABR,FAM171A2,LAPTM4A,MPRIP,ZIC2,KIF5C,FTH1,GDAP1L1,UBC,KIF5A,SERPINH1,TNKS1BP1,MFN2,TIMP1,TGM2,APC2,ANXA2,KCNJ9,GADD45A,TSC22D3,CAV1,IGIP,EMP1,MAPK8IP2,MTURN,GADD45G,HIPK2,PPP1R3F,TOM1L2,MMP14,BCL6,IRF1,MAFF,S100A6,TAGLN2,NUPR1,CTXN2,NECTIN2,GPR19
gene_set_query	215	TCF12	348.8	ARCHS4 Coexpression,442;ENCODE ChIP-seq,49;Enrichr Queries,978;ReMap ChIP-seq,56;GTEx Coexpression,219	RPL3,POP4,ATN1,FNBP1L,GPATCH8,RPS16,FTH1,KIF5B,MACROD1,RPL35,RPS11,SBF2,ACVR1,ENTPD2,MIGA2,TLE1,DGAT1,RPS5,PUS1,PPP1R16A,CSNK1D,MOGS,RNASE4,MFSD11,BCAN,CRISPLD1,RAB34,CD109,DMWD,CDC37,S100A6,FKBP9,CTXN3,NUPR1,PLA2R1,RAF1,RPL28,FTL,RTN2,NECAB3,MAGED1,KLC1,FAM171A2,UBC,PLXNA2,PLXNA1,MAP4,TSPAN3,RREB1,SPTBN1,WWTR1,CRTAP,DTNA,CAV1,LRBA,PHF12,PYCR1,PARVA,NBEAL2,NR1D1,VASN,GADD45G,TBL3,WNK1,COL5A2,BCL2,SPIRE2,MAFK,GTF2IRD1,ANP32B,NOL12,PRR5,ZNF254,HSPB6,NGLY1,PTEN,HSPB1,CHD2,SHD,FLOT1,RPLP2,RAC3,EMILIN1,FGFBP3,ANXA2,ITGA3,DCC,ANO8,RPL13A,COBL,RGMA,LATS1,EEF1G,PTP4A2,MMP14,NDUFS8,SLCO4A1,EEF1D,MPPED2,ITGA7,RBM20,IER3-AS1,NSRP1,PAFAH1B3,PLEC,YAP1,LAMA5,PLEKHH3,RPL10,SMIM29,PBXIP1,CCDC106,METTL21A,WDR24,DLL3,PDLIM2,RPS2,RPL18,HNRNPA1,ATP9B,JAM2,MAP4K4,PPP1R14B,RPL23A,HIPK2,PER1,RAMP1,TPT1,MSRB1
gene_set_query	216	TCF3	348.8	Literature ChIP-seq,42;ARCHS4 Coexpression,34;ENCODE ChIP-seq,38;Enrichr Queries,328;ReMap ChIP-seq,163;GTEx Coexpression,1488	RPL4,RPL3,PITPNA,ATN1,RPL8,CDC14B,RPS17,SLK,RPS19,ZMIZ2,FTH1,SCMH1,RPL36,MACROD1,RPL35,RPS11,MAP3K6,TBC1D10A,FBXW4,ENTPD2,TLE1,DGAT1,RPL21,USP4,RPS5,PPP1R16A,RPS6,CSNK1D,MOGS,RPSA,TEX2,MFSD11,MFSD10,ATXN2L,EEF1A1,BCAN,PPP1R3F,ILF3,DYNC1LI2,FNDC4,DMTF1,DMWD,RAB34,CDC37,CD109,CMPK1,TYRO3,TAGLN2,SRSF4,PKP4,CTXN3,SNRNP200,PLA2R1,RAF1,RPL29,RPL28,UBA52,FKBP5,RTN2,LRRC59,NECAB3,SET,KLC1,APH1A,ABR,FAM171A2,IRAK1,UBC,SERPINH1,PLXNA2,GSE1,PLXNA1,MBP,ZNF787,WNT10B,WWTR1,CRTAP,DTNA,FOXF2,GADD45A,LRBA,PCIF1,NEK7,CIDEA,PYCR1,NBEAL2,NR1D1,GADD45G,TBL3,BMP2,BCL6,WNK1,HNRNPD,BCL2,SPIRE2,MAFK,RPS20,NOL12,BCAR3,PRR5,KCNC1,NGLY1,CITED4,PTEN,HMGB2,HSPB1,CHD2,SHE,SCRN1,RASGEF1A,HEY1,SNRNP70,RPLP2,RAC3,PELP1,SNTA1,APC2,RBM14,CERS6,FOXD1,IFT140,ANO8,AXIN1,RPL13A,COBL,MYRIP,PATL1,TOMM40L,EEF1G,LATS1,PTP4A2,NDUFS8,SLCO4A1,EEF1D,IRF1,RHOJ,CRY2,ITGA7,RBM20,HNRNPH3,PLEC,LAMA5,PLEKHH3,RPL10,NXN,RPL12,FOXK2,PBXIP1,CCDC106,ADCY8,METTL21A,WDR24,DNAJB1,FAM168B,PDLIM2,CUX2,ELMSAN1,GPC1,RPL13,MFN2,RPS2,RPL18,HNRNPA1,E2F6,JAM2,MAPK4,MAP4K4,MAPK3,ZNF584,PPP1R14B,HNRNPA3,SEC24B,MPP3,FKRP,TAF15,RPL23A,PTPN11,HIPK3,PER1,PINK1,KCNS1,NAXD,RAMP1,TPT1
gene_set_query	217	ZNF274	349.7	Literature ChIP-seq,158;ARCHS4 Coexpression,481;ENCODE ChIP-seq,94;Enrichr Queries,441;ReMap ChIP-seq,133;GTEx Coexpression,791	RPL4,ZNF175,UBE2D4,CTNND2,RPL8,NDST2,FTH1,SAP130,HABP4,RPL36,ZNF844,EIF2D,TGM2,TLE1,RNASE4,MFSD10,EEF1A1,ILF3,DMTF1,SNHG12,RAB34,CDC37,SRSF4,PKP4,FKBP9,RAF1,SNRNP200,ZNF554,TSTA3,SPTBN4,LRRC59,KIF9-AS1,AKAP17A,ZBTB4,ABR,UBC,SERPINH1,ZNF426,GSE1,LINC01006,MYH7B,CRTAP,GADD45A,RARRES2,CAV1,PCDH20,PCIF1,PARVA,HARS2,SNHG5,MARCH2,TBL3,RPS27,BCL6,MAFF,RPS20,ANP32B,BCL2L2,BCAR3,ZFAS1,HSPB1,MTRNR2L1,CHD2,PHTF1,SNRNP70,FLOT1,ZNF525,KIF1C,PRMT5,ZNF483,RBM14,TSC22D3,ANO8,COMMD5,HNRNPH1,EEF1D,CDH10,IRF1,MMP17,IER3-AS1,HNRNPH3,ZNF510,PAFAH1B3,CEBPD,SMIM29,RPL12,NEDD9,METTL21A,DNAJB1,RPL13,RPS2,HNRNPA1,E2F6,REPS1,NORAD,TAF12,SQOR,PDE4DIP,RPL23A,LAMB1,HIPK3,SLC25A37,PER1,HIST3H2A,TARDBP,MSRB1
gene_set_query	218	MITF	349.8	Literature ChIP-seq,17;ARCHS4 Coexpression,675;Enrichr Queries,474;ReMap ChIP-seq,52;GTEx Coexpression,531	RPL3,MT1X,RPL8,FNBP1L,GOLGA3,FRAT2,OPHN1,FTH1,DHX58,RPL36,HABP4,RPL35,ZNF844,RPL38,TBC1D10A,UNC13C,DAPK1,CSNK1D,MOGS,MFSD11,TMEM170B,LRRC37B,SYTL2,INPP4B,BCAN,DYNC1LI2,SNHG12,CD109,SNHG10,TYRO3,GSAP,RPL29,UBA52,SET,PRDM15,C2CD4C,ZBTB4,APH1A,ABR,RDH14,AMZ2,TSPAN3,RREB1,GSTT2B,RAB11FIP3,SPTBN1,RAB11FIP4,MYH7B,WWTR1,GADD45A,LRBA,SIAH1,PYCR1,PARVA,NR1D1,GRIN2C,SNHG5,NFATC4,SMTN,TRIP6,HNRNPD,KYAT3,ANP32B,SETD6,MTMR14,ZFAND2A,CITED4,PEAR1,AATF,OSBPL10,HEY1,TMEM44,TIMP3,SH3BGRL2,FGFBP3,APC2,FOXD1,ANXA2,TSC22D3,ANO8,EMP1,GAB2,ANO5,SUMF1,COMMD5,MED22,MMP14,LSG1,SLCO4A1,PACS1,MMP17,MPPED2,ARHGEF3,HNRNPH3,YAP1,ATL2,NEDD9,CCDC106,METTL21A,WDR24,APOLD1,TM9SF4,TRAK2,UNG,ARVCF,CUX2,MFN2,ANKRD54,BRD9,RPL18,APBB3,MAP4K4,ZNF584,GDF11,PCGF2,HIPK2,ALDH4A1,AGBL4,PER1,HIST3H2A,STK17A,TACC2,RAMP1,RIPOR2,UBE2D4,TUSC3,CTNND2,ATN1,GXYLT1,CASC3,METRNL,PPP1CB,CDH5,LAPTM4A,RIMS3,SLK,SCMH1,MACROD1,SLC16A6,ZNF326,PPFIA3,TGM2,CSGALNACT1,RPS9,TLE1,MIGA2,RPS5,RALGAPA2,RPSA,TEX2,LZTFL1,TUFM,ATXN2L,TOM1L2,ILF3,DMWD,PKP4,FKBP9,NUPR1,SNRNP200,FTL,FKBP5,KLC1,UBC,PLXNA2,CDH23,PLXNA1,LPXN,MBP,ZNF787,CRTAP,CAV1,ZBTB16,INHBA,MARCH2,BCL6,MAFF,VAC14-AS1,RIOX2,BCL2,PLEKHM2,MAFK,DNAL4,BCL2L2,BCAR3,PRR5,USP35,HSPB6,AKAP8L,HSPB1,ARHGEF10L,CHD2,PITPNC1,GRM5,SGCD,SCRN1,ZIC2,SNRNP70,CA4,PHACTR3,DGCR6,BCAS1,SNTA1,PLA2G12A,RBM14,RBM18,COMMD10,VPS13D,AXIN1,COBL,MYRIP,PATL1,PTP4A2,TRAF5,CHI3L2,ITGA7,RBM20,DNASE2,CAMK1G,TSEN34,LAMA5,CEBPD,SMIM29,NXN,FOXK2,PRELP,BPHL,DLL3,CYTH3,DNAJB1,FAM168B,MARVELD2,ELMSAN1,TP53INP2,D2HGDH,E2F6,EIF4B,MAPK4,MAPK3,REPS1,USP24,KCNJ11,TAF12,SMOX,DTNBP1,PDE4DIP,SLC25A37,PC,POLR3H,FAM50A
gene_set_query	219	SP1	349.8	ARCHS4 Coexpression,919;ENCODE ChIP-seq,7;Enrichr Queries,282;ReMap ChIP-seq,14;GTEx Coexpression,527	RPL3,CTNND2,ATN1,SAT2,CASC3,RPL8,RPL9,TOMM22,NDST2,PNN,RPS16,FRAT2,CAPNS1,RPS18,CSKMT,FTH1,HABP4,RPL35,EIF2D,NUDT16,MAP3K6,RPS11,PPFIA3,RPS9,ENTPD2,RPS5,PPP1R16A,RPS6,TAP2,CSNK1D,MOGS,RPSA,LZTFL1,TUFM,EEF1A1,PPP1R3F,TMEM135,SNHG12,ASPHD1,DMWD,RAB34,CDC37,SNHG10,S100A6,RPL29,RAF1,SNRNP200,UBA52,FTL,RTN2,SPTBN4,KMT2D,GSTCD,ZBTB4,FHIT,APH1A,UBC,ZNF426,AMZ2,RDH14,TSPAN3,RREB1,FAM120AOS,POU2F1,GADD45A,CAV1,PYCR1,IFT122,NBEAL2,SNHG6,NR1D1,SNHG5,ACADSB,GADD45G,TBL3,RPS27,BCL6,LAS1L,WNK1,MAFF,BCL2,KYAT3,MAFK,RPS20,NOL12,DNAL4,OSCP1,HSPB6,ZFAND2A,AKAP8L,CITED4,PTEN,HSPB1,CHD2,AATF,SNRNP70,RNPEP,FLOT1,PGM2,RPLP2,RAC3,ARIH1,METTL17,APC2,RBM14,ANXA2,IFT140,ANO8,RPL13A,ARNT,QRSL1,PATL1,TAPBP,EEF1G,PTP4A2,LSG1,NDUFS8,EEF1D,HNRNPH1,IRF1,CDH10,RPL37A,ITGA7,IER3-AS1,DNASE2,PIGL,PAFAH1B3,PFDN5,PLEC,TSEN34,YAP1,LAMA5,PLEKHH3,RPL10,RPL12,RPL11,DNAH6,PBXIP1,CCDC106,WDR24,FOXRED1,DNAJB1,PDLIM2,EPCAM,RPS3,MFN2,RPS2,RPL18,HNRNPA1,RPL17,EIF4B,GDF11,PPP1R14B,PCGF2,IGIP,RPL23A,TYW1B,HIPK2,ALDH4A1,PER1,SLC25A37,PINK1,HIST3H2A,PNPLA6,NAXD,NECTIN2,MSRB1
gene_set_query	220	MAX	351.0	ARCHS4 Coexpression,671;ENCODE ChIP-seq,14;Enrichr Queries,148;ReMap ChIP-seq,72;GTEx Coexpression,850	RPL4,RIPOR2,RPL3,ATN1,RPL8,CDC14B,NDST2,CCND3,LAPTM4A,FRAT2,RPS16,CSKMT,FTH1,MACROD1,RPS11,PPFIA3,RPS12,RPS9,ENTPD2,MIGA2,DGAT1,RPL21,USP4,RPS5,PUS1,PPP1R16A,RPS6,CSNK1D,MOGS,LZTFL1,WDR77,EEF1A1,DYNC1LI2,ILF3,RAB37,RAB34,CDC37,SNHG10,S100A6,CMPK1,TAGLN2,NUPR1,RPL29,SNRNP200,CTXN2,FTL,RTN2,SET,GSTCD,UBC,GSE1,MAP4,GAS2L1,SPTBN1,GADD45A,PHF12,PYCR1,NBEAL2,NR1D1,HARS2,SNHG5,MARCH2,TBL3,RPS28,BCL6,WNK1,TRIP6,MAFF,BCL2,MAFK,ANP32B,NOL12,PTEN,HSPB1,AATF,PEAR1,ZIC2,RPLP2,RAC3,SH3BGRL2,EMILIN1,METTL17,PELP1,APC2,PLA2G12A,ANXA2,TSC22D3,AXIN1,ANO8,RPL13A,COMMD5,EEF1G,MED22,MED24,NDUFS8,SLCO4A1,EEF1D,IRF1,CRY2,ITGA7,HNRNPH3,PAFAH1B3,PLEC,LAMA5,PLEKHH3,RPL10,SMIM29,CEBPD,RPL12,PBXIP1,CCDC106,METTL21A,WDR24,TM9SF4,UNG,PDLIM2,ELMSAN1,RPS2,RPL18,HNRNPA1,PPP1R14B,TAF12,SMOX,RPL23A,SOD2,PER1,POLR3H,EIF3D,TPT1,MSRB1
gene_set_query	221	KLF13	353.3	ARCHS4 Coexpression,679;Enrichr Queries,85;ReMap ChIP-seq,9;GTEx Coexpression,640	RIPOR2,LINC01354,RPL8,GPATCH8,CCND3,RPS18,CSKMT,FTH1,ZMIZ2,RPL36,MAP3K6,PPFIA3,TGM2,RPS9,MIGA2,DGAT1,PUS1,PPP1R16A,TAP2,TAP1,CSNK1D,RAB37,RAB34,CDC37,SRARP,FKBP5,RTN2,KMT2D,TSTA3,SPTBN4,UBC,PLXNA2,SERPINH1,GSE1,RREB1,SPTBN1,GADD45A,ZBTB16,PYCR1,NBEAL2,USB1,NR1D1,GRIN2C,GADD45G,TBL3,BCL6,TRIP6,FNDC10,PLEKHM2,MAFK,ANP32B,BCL2L2,TRAM2-AS1,KCNC1,HSPB6,ZFAND2A,CITED4,PTEN,PEAR1,OSBPL10,ZIC2,SNRNP70,FLOT1,RPLP2,TIMP3,EMILIN1,APC2,ANXA2,TSC22D3,EMP1,KCNAB3,TAPBP,EEF1G,PTP4A2,EEF1D,PACS1,IRF1,ARHGEF3,IER3-AS1,PAFAH1B3,PLEC,TSEN34,RPL10,SMIM29,CEBPD,PBXIP1,CCDC106,WDR24,DNAJB1,ARVCF,RPL13,RPS2,RPL18,HNRNPA1,CA10,PPP1R14B,RPL23A,HIPK2,PER1,PNPLA6,TPT1,MSRB1
gene_set_query	222	NFE2L2	353.8	Literature ChIP-seq,130;ARCHS4 Coexpression,393;Enrichr Queries,93;ReMap ChIP-seq,15;GTEx Coexpression,1138	CASC3,LAPTM4A,SLK,RPS16,CSKMT,KIF5C,FTH1,KIF5A,RPL36,ARL6IP4,SLC25A42,RPS11,TBC1D10A,PPFIA3,TGM2,RPS12,DAPK1,RPS5,PPP1R16A,RPS6,CSNK1D,MOGS,ATXN2L,EEF1A1,BCAN,RAB34,CDC37,S100A6,TAGLN2,GSAP,RAF1,FTL,RTN2,NECAB3,APH1A,UBC,SERPINH1,PLXNA2,TSPAN3,RREB1,ICMT,POU2F1,GADD45A,CAV1,LRBA,PCDH20,PCIF1,NEK7,PYCR1,NR1D1,HARS2,VASN,GADD45G,TBL3,RPS27,BCL6,TRIP6,MAFF,MAFK,ACO2,BCL2L2,BCAR3,SRXN1,HSPB6,ZFAND2A,PTEN,HSPB1,ASGR1,SNRNP70,TMEM44,FLOT1,PGM2,RPLP2,RAC3,TIMP3,EMILIN1,TIMP1,FOXD1,ANXA2,TSC22D3,ANO8,EMP1,RPL13A,GAB2,TAPBP,RGMA,EEF1G,IRF1,RPL37A,ITGA7,IER3-AS1,DNASE2,PLEC,LAMA5,PLEKHH3,SMIM29,CEBPD,RPL11,ATL2,RPL36A,PBXIP1,CCDC106,ADCY8,WDR24,CYTH3,DNAJB1,ARVCF,RPS2,RPL18,HNRNPA1,E2F6,PPP1R14B,SQOR,RPL23A,SOD2,LYVE1,HIPK2,PER1,MSRB1
gene_set_query	223	SNAPC2	354.0	ARCHS4 Coexpression,108;GTEx Coexpression,600	LRRC59,CCDC106,RPL8,APH1A,CAPNS1,IRAK1,SCMH1,FLOT1,EMILIN1,ZNF787,RPL18,RPS9,PPP1R14B,FOXF2,RPS5,PYCR1,PARVA,MOGS,NFATC4,MFSD10,TUFM,MED22,SMTN,DMWD,RAB34,CDC37,TRIP6,PLEKHM2,PNPLA6,RAMP1,RPL28,FAM50A
gene_set_query	224	TGIF2	354.5	ARCHS4 Coexpression,219;Enrichr Queries,302;ReMap ChIP-seq,142;GTEx Coexpression,755	SERPINA3,RPL3,HMGB2,CASC3,RPL8,ZIC2,AIFM2,RPS18,CSKMT,SLC16A6,FLOT1,RPLP2,RAC3,TIMP3,EMILIN1,SBF2,PPFIA3,TGM2,PRMT5,RBM14,RPS5,TSC22D3,PPP1R16A,RPS6,TAP1,CSNK1D,MOGS,MFSD11,TAPBP,EEF1G,EEF1A1,PPP1R3F,MED22,TOM1L2,ILF3,SLCO4A1,EEF1D,RAB34,IRF1,IER3-AS1,TAGLN2,RPL29,PFDN5,FTL,FKBP5,YAP1,RTN2,TSTA3,LAMA5,SET,CEBPD,SMIM29,FOXK2,AKAP17A,WDR24,APOLD1,UNG,KLC4,UBC,SERPINH1,RPS3,LPXN,GSE1,RPS2,HNRNPA1,EIF4B,SMOX,PCGF2,PCIF1,PYCR1,PDE4DIP,PTPN11,RPL23A,NR1D1,ALDH4A1,TBL3,PINK1,EIF2S3,BCL6,TRIP6,MAFF,HNRNPD,SPIRE2,BCL2,MAFK,EIF3D,MSRB1
gene_set_query	225	ARNTL	355.0	ARCHS4 Coexpression,850;Enrichr Queries,64;ReMap ChIP-seq,220;GTEx Coexpression,286	BCAR3,RIPOR2,RPL3,MTMR14,ZFAND2A,TMEM200C,HSPB1,MT1X,LRRC6,CASC3,MTRNR2L1,LAPTM4A,FRAT2,KIF5B,SCMH1,PHACTR3,HABP4,TIMP3,RAC1,FGFBP3,METTL17,BCAS1,TGM2,DGAT1,ANXA2,DAPK1,RALGAPA2,COMMD10,TSC22D3,AXIN1,EMP1,TAP1,CDPF1,MAPK8IP2,MTURN,MMP14,MED24,RAB37,IRF1,RHOJ,CRY2,S100A6,ARHGEF3,RBM20,GSAP,FKBP9,RAF1,FKBP5,SPTBN4,SLC43A2,CEBPD,SMIM29,ATL2,FOXK2,NEDD9,PBXIP1,ADCY8,CYTH3,EPCAM,ELMSAN1,UBC,LPXN,RPL18,E2F6,SEC24B,GADD45A,ZBTB16,PCIF1,NBEAL2,NR1D1,INHBA,SOD2,GADD45G,ALDH4A1,PER1,BCL6,STK17A,TRIP6,MAFF,BCL2,MAFK
gene_set_query	226	ZBTB4	355.0	ARCHS4 Coexpression,28;Enrichr Queries,407;GTEx Coexpression,630	SMIM29,SLC43A2,ZBTB47,ATN1,HSPB1,PBXIP1,NDRG2,TOMM22,ABR,FAM168B,IRAK1,MPRIP,CAPNS1,SNRNP70,FTH1,ZMIZ2,TP53INP2,GPC1,KIF5A,TIMP3,TNKS1BP1,KIF1C,RNF150,MAP4,RAB11FIP3,SPTBN1,WWTR1,CRTAP,ANXA2,KCNJ9,TSC22D3,CAV1,MTURN,NFATC4,HIPK2,TOM1L2,SMTN,PINK1,BCL6,WNK1,PACS1,DMWD,BCL2,ARHGEF3,PLEKHM2,PNPLA6,BCL2L2,PLEC
gene_set_query	227	ZBTB14	356.0	ARCHS4 Coexpression,659;GTEx Coexpression,53	OSCP1,RIPOR2,PBXIP1,PEAR1,TRAK2,CDC14B,CCND3,TP53INP2,KIF5B,SH3BGRL2,ZNF326,MBP,NUDT16,FGFBP3,BCAS1,MAP4K4,PAQR6,PLA2G12A,PTPN11,GAB2,LINC00909,MTURN,HIPK2,MARCH2,PTP4A2,DYNC1LI2,WNK1,RAB37,CMPK1,PKP4,ANP32B,NECTIN2,TPT1,TRAM2-AS1
gene_set_query	228	ARNT	356.6	Literature ChIP-seq,120;ARCHS4 Coexpression,625;Enrichr Queries,497;ReMap ChIP-seq,110;GTEx Coexpression,431	RIPOR2,LINC01354,RPL3,CTNND2,FAM107A,ATN1,CCND3,RPS16,RPS19,MPRIP,CSKMT,KIF5C,RPL36,PPFIA3,TLE1,DAPK1,CSNK1D,BCAN,ASPHD1,RAB37,CRISPLD2,RAB34,TAGLN2,FKBP5,RTN2,KMT2D,NECAB3,PRDM15,FHIT,ABR,UBC,GSE1,MBP,RREB1,RAB11FIP4,SPTBN1,PPP1R26,POU2F1,LRBA,NEK7,NBEAL2,NR1D1,GNG13,TBL3,BCL6,WNK1,BCL2,SPIRE2,MAFK,BCL2L2,TRAM2-AS1,GSTM5,OSCP1,ZFAS1,PTEN,HSPB1,ARHGEF10L,CHD2,PITPNC1,HEY1,PHACTR3,TNKS1BP1,RNF150,NINL,BCAS1,APC2,ITGA3,VPS13D,SATB1-AS1,RTN4RL2,TOMM40L,EEF1G,MED22,PTP4A2,NDUFS8,SLCO4A1,PACS1,IRF1,ITGA7,RBM20,PAFAH1B3,PLEC,LAMA5,NEDD9,PBXIP1,CCDC106,DLL3,CYTH3,DNAJB1,ELMSAN1,RPS3,RPS2,RPL18,E2F6,EIF4B,MAP4K4,USP24,GDF11,SEC24B,PPP1R14B,NORAD,SQOR,PDE4DIP,RPL23A,PTPN11,LAMB1,HIPK3,HIPK2,PER1,HIST3H2A,POLR3H,NAXD
gene_set_query	229	ZNF865	357.5	ARCHS4 Coexpression,257;GTEx Coexpression,458	RTN2,KMT2D,UBE2D4,MTMR14,ATN1,APH1A,CAPNS1,IRAK1,SNRNP70,ZMIZ2,MACROD1,ZNF787,E2F6,KCNJ11,PCIF1,CSNK1D,MOGS,NBEAL2,ANO5,ATXN2L,TMLHE,PACS1,PLEKHM2,MAFK,TACC2,PNPLA6,RAF1,RPL28,PLEC
gene_set_query	230	ZBTB46	357.7	ARCHS4 Coexpression,54;Enrichr Queries,623;GTEx Coexpression,396	SPTBN4,LAMA5,SHC2,FLT1,KCNC1,SMIM29,ATN1,LRRC6,ARHGEF10L,C2CD4C,ARVCF,FAM171A2,RIMS3,ZIC2,SNRNP70,KIF5C,GPC1,ZMIZ2,GOLGA6L4,GDAP1L1,PLXNA2,TIMP3,RPL13,RAB11FIP3,PPFIA3,TGM2,MAP4K4,APC2,PPP1R26,SEMA6C,GDF11,MPP3,CA10,CAV1,PCGF2,ANO8,EMP1,GRIN2C,KCNAB3,RIT2,RAB37,CRISPLD2,IRF1,DMWD,MAFF,RPS20,PLEC
gene_set_query	231	ATF2	357.8	ARCHS4 Coexpression,370;ENCODE ChIP-seq,21;Enrichr Queries,449;ReMap ChIP-seq,12;GTEx Coexpression,937	RPL4,RPL3,IFT172,POP4,ATN1,CASC3,RPL8,FNBP1L,RPL9,TOMM22,PPP1CB,PNN,RPS17,RPS16,RPS19,CAPNS1,RPS18,KIF5C,FTH1,RPL36,RPL35,ARL6IP4,RPL38,EIF2D,RPS11,RPL39,RPS12,RPS9,RPL21,DGAT1,RPS6,RPSA,CSNK1D,MFSD11,LZTFL1,MFSD10,TUFM,ATXN2L,EEF1A1,ILF3,DMTF1,SNHG12,RAB34,CDC37,TAGLN2,RPL29,RAF1,LINC00641,RPL28,UBA52,FTL,RTN2,LRRC59,TBC1D19,SET,GSTCD,KLC1,ZBTB4,APH1A,ABR,IRAK1,UBC,ZNF426,MAP4,ZNF787,RREB1,SPTBN1,ICMT,POU2F1,DTNA,BICRAL,PCIF1,NEK7,OGA,SNHG8,NBEAL2,HARS2,ACADSB,TBL3,RPS28,RPS27,BCL6,WNK1,ATG16L1,RPL27A,TRIP6,MAFF,HNRNPD,BCL2,KYAT3,NOL12,GPR19,ZFAS1,SETD6,CLTB,PTEN,PPWD1,CHD2,SCRN1,ZIC2,RARS,FLOT1,TNKS1BP1,RNF150,RBM14,RBM18,RPL13A,ARNT,TAPBP,EEF1G,MED22,PTP4A2,LSG1,HNRNPH1,EEF1D,IRF1,RPL37A,CHI3L2,IER3-AS1,DNASE2,HNRNPH3,PIGL,NSRP1,TSEN34,RPL10,SMIM29,RPL12,RPL11,RPL36A,PBXIP1,WDR24,APOLD1,FOXRED1,EPCAM,RPS3,RPL13,RPS2,RPL18,HNRNPA1,ZNF346,E2F6,APBB3,MAP4K4,MAPK3,REPS1,HNRNPA3,PPP1R14B,TAF15,IGIP,RPL23A,HIPK3,PER1,EIF3D,TPT1
gene_set_query	232	ZNF410	358.0	ARCHS4 Coexpression,121;Enrichr Queries,271;GTEx Coexpression,682	TSEN34,KMT2D,SET,HMGB2,ATN1,HSPB1,CCDC106,NDRG2,ZBTB4,MPRIP,CAPNS1,SNRNP70,FTH1,KIF5B,ZMIZ2,UBC,KIF1C,ARIH1,MAP4,RPL17,RAB11FIP3,PELP1,APC2,HNRNPA3,TAF15,NORAD,TAF12,ANXA2,GADD45A,PCGF2,IGIP,RPS6,EMP1,EEF1A1,PPP1R3F,PTP4A2,MAFF,RPL37A,HNRNPD,TAGLN2,PKP4,RPS20,TPT1,BCL2L2,FTL
gene_set_query	233	TWIST1	358.0	ARCHS4 Coexpression,247;Enrichr Queries,506;ReMap ChIP-seq,117;GTEx Coexpression,562	BCAR3,LINC01354,HSPB1,PEAR1,SHD,LAPTM4A,SGCD,MPRIP,RPLP2,RAC3,TIMP3,TNKS1BP1,EMILIN1,TIMP1,SBF2,ACVR1,APC2,FOXD1,ENTPD2,ANXA2,ITGA3,EMP1,CSNK1D,MFSD11,EEF1G,BCAN,MMP14,NDUFS8,SLCO4A1,CRISPLD2,CD109,DMWD,RAB34,SNHG10,S100A6,ITGA7,RBM20,FKBP9,RPL29,PAFAH1B3,PLEC,LAMA5,PLEKHH3,RPL10,CEBPD,SMIM29,COL11A1,CCDC106,WDR24,TRAK2,CYTH3,ARVCF,PDLIM2,SERPINH1,PLXNA1,GSE1,RPL18,GAS2L1,GDF11,CRTAP,GADD45A,CAV1,PYCR1,RPL23A,LAMB1,PARVA,NR1D1,INHBA,VASN,NFATC4,PER1,BMP2,PC,COL5A2,TRIP6,VAC14-AS1,MAFK,NOL12,RAMP1,TRAM2-AS1
gene_set_query	234	ZNF446	358.7	ARCHS4 Coexpression,476;Enrichr Queries,505;GTEx Coexpression,95	DOCK6,KMT2D,PLEKHH3,NECAB3,CEBPD,SMIM29,SLC43A2,AKAP8L,MPI,ATN1,WDR24,GPATCH8,KLC4,HEY1,TMEM44,SNRNP70,GSE1,BRD9,ZNF346,ATP9B,RAB11FIP3,VPS39,PPFIA3,ZNF483,POU2F1,IFT140,PUS1,PCIF1,PPP1R16A,CSNK1D,MOGS,NR1D1,KCNAB3,TEX2,LRRC37B,TBL3,LAS1L,BCL6,TTLL3,ATG16L1,WNK1,POLR3H,FAM193A,NAXD,PNPLA6,ZNF554,PLEC
gene_set_query	235	CC2D1A	359.0	ARCHS4 Coexpression,157;GTEx Coexpression,561	LAMA5,PLEKHH3,ATN1,ACVR1B,ABR,IRAK1,EPCAM,SNRNP70,ZMIZ2,KIF1C,D2HGDH,RAB11FIP3,PPFIA3,REPS1,PLXNA3,MAPK3,MIGA2,PPP1R16A,ANO8,CSNK1D,MOGS,SDCBP2,ATXN2L,TOM1L2,KAT2A,TMEM54,SPIRE2,PNPLA6
gene_set_query	236	ZNF768	359.3	ARCHS4 Coexpression,227;Enrichr Queries,377;GTEx Coexpression,474	LRRC59,RPL3,UBE2D4,SMIM29,ATN1,HSPB1,RPL8,APH1A,FAM168B,CAPNS1,IRAK1,SNRNP70,FTH1,MACROD1,MFN2,KIF1C,TNKS1BP1,RPS2,ZNF787,RPL18,E2F6,MAP4K4,PPP1R26,SEMA6C,PPP1R14B,TAF15,KCNJ11,PDE4DIP,LAMB1,MOGS,ANO5,TUFM,ATXN2L,EEF1G,ILF3,CDC37,IRF1,ACO2,TACC2,NUPR1,PLEC
gene_set_query	237	IKZF5	360.7	ARCHS4 Coexpression,197;Enrichr Queries,540;GTEx Coexpression,345	ZNF254,LAMA5,PTEN,ATN1,CHD2,PPP1CB,TAF1D,CAPNS1,IRAK1,KIF5B,GPC1,SERPINH1,TNKS1BP1,PLXNA1,KIF1C,ZNF326,PPP1R26,PPP1R14B,POU2F1,ICMT,GADD45A,TSC22D3,PCGF2,SIAH1,NEK7,OGA,MOGS,LAMB1,ACADSB,HIPK3,GADD45G,PAN3,DMTF1,BCL6,STK17A,TRIP6,BCL2,HNRNPH3,TARDBP,ZNF510,NECTIN2,FKBP5
gene_set_query	238	MYPOP	361.0	ARCHS4 Coexpression,246;GTEx Coexpression,476	RTN2,ATN1,CCDC106,ABR,FAM171A2,RIMS3,RASGEF1A,CAPNS1,IRAK1,SNRNP70,ZMIZ2,KIF5A,GDAP1L1,PHF24,ZNF787,PPFIA3,KCNJ9,MOGS,MAPK8IP2,ATXN2L,PPP1R3F,TOM1L2,PACS1,FNDC10,PLEKHM2,PNPLA6,RPL28
gene_set_query	239	SOX7	361.7	ARCHS4 Coexpression,599;Enrichr Queries,71;GTEx Coexpression,415	DOCK6,FLT1,CEBPD,SMIM29,CLTB,ADCY4,HSPB1,PEAR1,APOLD1,CDH5,SHE,SLK,HEY1,GJA4,PLXNA2,PGM2,TIMP3,TIMP1,MAP3K6,RREB1,TBC1D10A,TGM2,FOXF2,CAV2,ZBTB16,CAV1,EMP1,BMP2,SLCO4A1,CRISPLD2,IRF1,MAFF,RHOJ,ZNF554
gene_set_query	240	ZNF468	362.3	ARCHS4 Coexpression,187;Enrichr Queries,382;GTEx Coexpression,518	ZNF254,LRRC59,ZBTB47,SMIM29,ATN1,MT1X,FNBP1L,TM9SF4,PPP1CB,APH1A,MPRIP,CAPNS1,SNRNP70,RARS,ZMIZ2,RNPEP,HABP4,SERPINH1,ZNF426,KIF1C,MAP4,ZNF787,RAB11FIP3,PRELID3B,CRTAP,GADD45A,TSC22D3,CAV1,EMP1,MOGS,SYTL2,ATXN2L,TOM1L2,EIF2S3,CRISPLD2,DMWD,IRF1,MAFF,ARHGEF3,PLEKHM2,PNPLA6,EIF3D,BCL2L2
gene_set_query	241	ZNF217	362.7	Literature ChIP-seq,90;ARCHS4 Coexpression,1034;ENCODE ChIP-seq,111;Enrichr Queries,251;ReMap ChIP-seq,261;GTEx Coexpression,429	POP4,CTNND2,METRNL,PPP1CB,FBL,LAPTM4A,RPS19,KIF5C,FTH1,KIF5B,SCMH1,MACROD1,SBF2,TGM2,TLE1,RPL21,DAPK1,RPS5,TAP1,RNASE4,SYTL2,PPP1R3F,INPP4B,CRISPLD2,CD109,S100A6,TAGLN2,PKP4,RAF1,KMT2D,TBC1D19,IGSF1,GSTCD,KLC1,FHIT,APH1A,UBC,GSE1,RAB11FIP3,RREB1,SPTBN1,RAB11FIP4,DTNA,CAV2,GADD45A,LINC02175,CAV1,LRBA,SNHG6,NBEAL2,NR1D1,HARS2,VASN,NFATC4,GADD45G,BCL6,WNK1,COL5A2,RIOX2,SPIRE2,HNRNPD,GTF2IRD1,MAFK,OSCP1,SERPINA3,FLT1,CITED4,HMGB2,CLTB,HSPB1,ARHGEF10L,CHD2,PITPNC1,OSBPL10,HEY1,RNPEP,PHACTR3,TIMP1,BCAS1,PELP1,METTL17,PRMT5,ANXA2,TSC22D3,ARNT,EMP1,COBL,LATS1,LSG1,SLCO4A1,HNRNPH1,PACS1,IRF1,MPPED2,ACSBG1,RAPGEF4,PLEC,ZBTB47,CEBPD,RPL12,ATL2,NEDD9,METTL21A,FAM168B,ELMSAN1,EPCAM,RPS3,RPS2,ZNF346,EIF4B,CLVS1,HNRNPA3,IGIP,HIPK2,PER1,PC
gene_set_query	242	IRX1	362.7	ARCHS4 Coexpression,86;Enrichr Queries,961;GTEx Coexpression,41	ZFAS1,CTNND2,CITED4,TMEM200C,ATN1,RPL8,FNBP1L,RPS4X,FBL,RPS19,SCRN1,RPS18,KIF5C,PEA15,RPL36,RPLP2,TNKS1BP1,TIMP3,RAC3,FGFBP3,RPL39,RPS12,APC2,ANXA2,RPS6,ANO8,COBL,RGMA,EEF1G,MMP14,CRISPLD1,CD109,FKBP9,RPL29,SHC2,SMIM29,RPL12,RPL11,RPL36A,APH1A,FAM171A2,ARVCF,GPC1,PLXNA2,RPL13,RAB11FIP3,MAP4K4,ZBTB16,CAV1,PCGF2,GADD45G,NFATC4,BMP2
gene_set_query	243	MNT	363.3	ARCHS4 Coexpression,560;Enrichr Queries,156;ReMap ChIP-seq,19;GTEx Coexpression,718	HSPB6,ZFAND2A,MPI,ATN1,PTEN,HSPB1,FNBP1L,RPL8,METRNL,CHD2,NDST2,FRAT2,FTH1,ZMIZ2,FLOT1,PGM2,RPL35,RPLP2,RPS11,PPFIA3,APC2,PLA2G12A,MIGA2,TSC22D3,PPP1R16A,AXIN1,RPL13A,CSNK1D,MOGS,GAB2,MFSD10,TAPBP,EEF1G,NDUFS8,SLCO4A1,EEF1D,PACS1,RAB34,SNHG10,IRF1,IER3-AS1,TAGLN2,PLEC,TSEN34,RTN2,TSTA3,LAMA5,KMT2D,SET,NECAB3,RPL10,CEBPD,SMIM29,SLC43A2,FOXK2,PBXIP1,CCDC106,KLC1,METTL21A,WDR24,ZBTB4,DNAJB1,ABR,ARVCF,PDLIM2,ELMSAN1,UBC,GSE1,RPS2,ZNF787,RPL18,RREB1,PLXNA3,MAPK3,NTNG2,PPP1R14B,GADD45A,PHF12,PYCR1,USB1,RPL23A,NBEAL2,NR1D1,VASN,PER1,TBL3,BCL6,TTLL3,TRIP6,MAFF,SPIRE2,MAFK,MSRB1,TRAM2-AS1,FAM50A
gene_set_query	244	TCF4	364.0	Literature ChIP-seq,137;ARCHS4 Coexpression,688;Enrichr Queries,699;ReMap ChIP-seq,166;GTEx Coexpression,130	TUSC3,POP4,CTNND2,TMEM200C,ATN1,FAM107A,FNBP1L,RPL8,GPATCH8,CDH5,RIMS3,OPHN1,ZMIZ2,PPP4R4,SCMH1,RPL36,NUDT16,SLC25A42,SBF2,RPS12,CSGALNACT1,ACVR1,UNC13C,TLE1,ENTPD2,DAPK1,RPS5,DNAAF4,TEX2,TUFM,SYTL2,INPP4B,ILF3,RAB37,CRISPLD2,DMWD,S100A6,CMPK1,TAGLN2,PKP4,SRSF4,RPL29,SNRNP200,RAF1,FTL,TSTA3,SHC2,TBC1D19,SET,IGSF1,FHIT,ZBTB4,ABR,UBC,PLXNA2,MAP3K21,ZNF787,MAP4,SPTBN1,RAB11FIP4,PRELID3B,LINC01006,WWTR1,CRTAP,DTNA,GADD45A,PHF12,CAV1,LRBA,NEK7,PCIF1,PYCR1,NR1D1,NFATC4,TBL3,RPS27,BCL6,ADCK2,WNK1,RPL27A,COL5A2,BCL2,GTF2IRD1,ACO2,DOCK6,ZNF254,FLT1,PTEN,CLTB,ARHGEF10L,PEAR1,AATF,RND1,OSBPL10,SHE,SGCD,HEY1,SCRN1,RASGEF1A,RARS,PHACTR3,TIMP3,RPLP2,RAC3,RNF150,DGCR6,SNTA1,ZNF483,CERS6,ANXA2,DCC,COMMD10,ITGA1,VPS13D,AXIN1,EMP1,ARNT,COBL,MYRIP,ANO5,PATL1,LATS1,PTP4A2,MED24,EEF1D,IRF1,CDH10,RHOJ,CRY2,MPPED2,PEX5,ARHGEF3,HNRNPH3,NSRP1,ZNF510,PFDN5,RAPGEF4,SMIM29,NXN,RPL12,ATL2,ADCY4,NEDD9,FOXK2,METTL21A,ACVR1B,WDR24,APOLD1,TRAK2,CYTH3,PDLIM2,CUX2,EPCAM,ELMSAN1,RPL18,ATP9B,E2F6,JAM2,EIF4B,MAPK4,ZNF584,USP24,CA10,NORAD,TYW1B,HIPK2,ALDH4A1,AGBL4,SLC25A37,RIT2,TACC2,NAXD,RAMP1
gene_set_query	245	HES1	364.3	ARCHS4 Coexpression,210;Enrichr Queries,36;ReMap ChIP-seq,291;GTEx Coexpression,920	CLTB,HMGB2,HSPB1,METRNL,RPL9,HEY1,RPS19,OPHN1,FTH1,RPL36,TIMP3,TIMP1,FGFBP3,RPL39,TBC1D10A,TGM2,CHST8,ANXA2,RPL21,TSC22D3,EMP1,RPL13A,MAPK8IP2,SDCBP2,SYTL2,IRF1,TRAF5,RPL37A,S100A6,TAGLN2,PFDN5,CEBPD,SMIM29,RPL11,RPL36A,NEDD9,ACVR1B,BPHL,FOXRED1,ELMSAN1,RDH14,RREB1,APBB3,RPL17,LINC01006,GADD45A,RARRES2,CAV1,PCGF2,NEK7,RPL23A,NR1D1,INHBA,GADD45G,RPS28,RPS27,BCL6,MAFF,BCL2,RPS20
gene_set_query	246	PPARD	364.5	Literature ChIP-seq,65;ARCHS4 Coexpression,207;Enrichr Queries,40;GTEx Coexpression,1146	RIPOR2,UBE2D4,CTNND2,GALNT18,MPI,ATN1,CIB2,SAT2,METRNL,PVR,TOMM22,CCND3,SLK,RPS16,CAPNS1,CSKMT,ZMIZ2,PPP4R4,FTH1,MACROD1,HABP4,RPL38,ATXN7L2,TGM2,ACVR1,UNC13C,MIGA2,DAPK1,RALGAPA2,CSNK1D,TMEM170B,MFSD11,SDCBP2,MFSD10,ATXN2L,BCAN,TOM1L2,TMEM135,CD109,TYRO3,S100A6,PKP4,GSAP,RPL29,FKBP5,FTL,TSTA3,SPTBN4,FHIT,ABR,UBC,SERPINH1,PLXNA2,PLXNA1,GSE1,MAP3K21,RDH14,MBP,PRELID3B,PPP1R26,WNT10B,GADD45A,CAV2,PCDH20,SIAH1,IFT122,NBEAL2,NR1D1,INHBA,SMTN,BCL6,LAS1L,ADCK2,MAFF,BCL2,KYAT3,PLEKHM2,MAFK,RPS20,NOL12,ZNF254,PRR5,AKAP8L,PTEN,HSPB1,ARHGEF10L,CHD2,RND1,SPR,SNRNP70,TMEM44,SH3BGRL2,TIMP3,TNKS1BP1,KIF1C,RAC3,EMILIN1,RAC1,BCAS1,PRMT5,CERS6,ANXA2,TSC22D3,VPS13D,EMP1,QRSL1,ANO5,MED22,PTP4A2,MMP14,LSG1,PACS1,HNRNPH1,IRF1,CDH10,CRY2,PLEC,TSEN34,CEBPD,SMIM29,SLC43A2,NXN,RPL11,FOXK2,METTL21A,BPHL,TM9SF4,CYTH3,MARVELD2,GPC1,MFN2,E2F6,MAP4K4,CLVS1,USP24,SEC24B,SMOX,DTNBP1,PDE4DIP,SOD2,RIT2,STK17A,PNPLA6,EIF3F,TACC2,EIF3D,NECTIN2
gene_set_query	247	AHDC1	365.0	ARCHS4 Coexpression,35;Enrichr Queries,113;GTEx Coexpression,947	RTN2,LAMA5,SMIM29,ZBTB47,CLTB,ATN1,PTEN,HSPB1,ARHGEF10L,CHD2,ZBTB4,ABR,FAM171A2,ARVCF,MPRIP,GPC1,ZMIZ2,PLXNA2,PLXNA1,GSE1,TNKS1BP1,KIF1C,RNF150,MAP4,MAP3K6,RREB1,RAB11FIP3,SPTBN1,PPFIA3,APC2,SEMA6C,GADD45A,ZBTB16,PCGF2,VPS13D,ANO8,COBL,SNX21,NR1D1,MAPK8IP2,RGMA,HIPK2,TOM1L2,BCL6,MAFF,GTF2IRD1,FKBP5,PLEC
gene_set_query	248	HIC1	367.3	ARCHS4 Coexpression,607;Enrichr Queries,217;GTEx Coexpression,278	DOCK6,FLT1,CEBPD,SMIM29,HSPB6,ADCY4,HSPB1,AKAP17A,PEAR1,SMG6,CDH5,ZMIZ2,SERPINH1,TIMP3,KIF1C,EMILIN1,JAM2,RAB11FIP4,TGM2,CAV1,EMP1,MOGS,INHBA,VASN,NFATC4,GADD45G,MMP14,SMTN,TTLL3,BCL6,CRISPLD2,RAB34,CDC37,RHOJ,MAFF,COL5A2,BCL2,FKBP9,PLEC
gene_set_query	249	HMBOX1	368.3	ARCHS4 Coexpression,103;Enrichr Queries,516;ReMap ChIP-seq,262;GTEx Coexpression,592	DOCK6,IFT172,PTEN,CHD2,RPL8,MTRNR2L1,RND1,AS3MT,FRAT2,CAPNS1,OPHN1,TIMP3,TNKS1BP1,ZNF326,PELP1,PLA2G12A,VPS13D,MOGS,GAB2,PATL1,LRRC37B,ATXN2L,PTP4A2,KAT2A,DMTF1,PEAK1,RAB34,CMPK1,RPL29,LINC00641,LRRC59,PLEKHH3,SMIM29,ATL2,NEDD9,APOLD1,TRAK2,APH1A,DNAJB1,IRAK1,EPCAM,ELMSAN1,UBC,ZNF426,ZNF346,HNRNPA1,APBB3,RREB1,ATP9B,SPTBN1,CLVS1,USP24,PPP1R14B,ICMT,POU2F1,DTNA,GADD45A,RARRES2,LRBA,CAV1,NEK7,IFT122,PDE4DIP,RPL23A,NBEAL2,HIPK2,SLC25A37,HIST3H2A,BCL6,WNK1,BCL2,PNPLA6,ANP32B,NECTIN2,GPR19
gene_set_query	250	MSX1	368.3	ARCHS4 Coexpression,569;Enrichr Queries,267;GTEx Coexpression,269	CEBPD,SMIM29,ADCY4,RPL36A,HSPB1,PEAR1,RPL9,APOLD1,CYTH3,CDH5,HEY1,ZIC2,MARVELD2,AIFM2,GJA4,SERPINH1,RPL36,TIMP3,TIMP1,RNF150,TGM2,ACVR1,CRTAP,FOXD1,ANXA2,RPL21,CAV2,CAV1,EMP1,RPL13A,RPL23A,GADD45G,BMP2,RPS27,IRF1,COL5A2,MAFF,RPL37A,RPS20,FKBP9,NSRP1,ZNF554
gene_set_query	251	HSF1	369.0	Literature ChIP-seq,82;ARCHS4 Coexpression,67;ENCODE ChIP-seq,89;ReMap ChIP-seq,35;GTEx Coexpression,1572	ATN1,RPL8,PNN,CCND3,RPS16,CAPNS1,CSKMT,ZMIZ2,DHX58,MACROD1,RPL35,ARL6IP4,MAP3K6,RPS11,PPFIA3,TGM2,DGAT1,RPS5,PPP1R16A,RNASE4,CSNK1D,MOGS,CYS1,MFSD11,MFSD10,ATXN2L,DMWD,CDC37,FTL,RTN2,LRRC59,SET,KLC1,APH1A,IRAK1,UBC,SERPINH1,PLXNA1,GSE1,MBP,ZNF787,PLXNA3,ICMT,PYCR1,GNG13,GADD45G,TBL3,TRIP6,MAFF,PLEKHM2,MAFK,NOL12,HSPB6,SRXN1,ZFAND2A,CLTB,HSPB1,PPWD1,PEAR1,SPR,SNRNP70,RPLP2,RAC3,KIF1C,TIMP3,EMILIN1,RNF150,APC2,PRMT5,ANXA2,IFT140,ANO8,AXIN1,RPL13A,EEF1G,MED22,KAT2A,NDUFS8,SDHAF2,SLCO4A1,EEF1D,PAFAH1B3,PFDN5,PLEC,LAMA5,PBXIP1,CCDC106,WDR24,DNAJB1,GPC1,RPL13,RPS2,RPL18,EIF4B,ZNF584,PPP1R14B,ALDH4A1,PER1,PNPLA6,TPT1,FAM50A
gene_set_query	252	ZFX	370.0	Literature ChIP-seq,9;ARCHS4 Coexpression,575;Enrichr Queries,641;ReMap ChIP-seq,93;GTEx Coexpression,532	RPL3,ATN1,GXYLT1,RPL8,PPP1CB,PNN,FBL,AS3MT,LAPTM4A,RPS16,RPS19,CAPNS1,CSKMT,RPS18,KIF5B,ZMIZ2,SCMH1,MACROD1,RPL36,RPL35,ARL6IP4,EIF2D,TRIM26,SLC25A42,RPS11,PPFIA3,TBC1D10A,RPS12,FBXW4,RPS9,ENTPD2,DGAT1,USP4,RPS5,PPP1R16A,RPS6,CSNK1D,RPSA,MFSD11,LZTFL1,TUFM,ATXN2L,EEF1A1,PPP1R3F,DYNC1LI2,ILF3,TMEM135,FNDC4,DMTF1,RAB34,DMWD,TYRO3,FKBP9,RPL29,UBA52,RPL28,SET,NDRG2,ZBTB4,IRAK1,UBC,SERPINH1,SMYD2,RDH14,TSPAN3,GAS2L1,RREB1,PRELID3B,PPP1R26,CRTAP,ICMT,GADD45A,PCIF1,NEK7,OGA,IFT122,HARS2,ACADSB,TBL3,EIF2S3,PAN3,RPS27,BCL6,ADCK2,WNK1,ATG16L1,RPL27A,TRIP6,FNDC10,ECHDC2,GTF2IRD1,RPS20,ANP32B,INTS8,BCL2L2,BCAR3,HSPB6,SRXN1,SETD6,ZFAND2A,AKAP8L,NGLY1,PTEN,CHD2,AATF,PHTF1,SMG6,SHE,SNRNP70,RARS,RNPEP,RPLP2,KIF1C,PGM2,RAC1,FGFBP3,TSC22D3,RBM18,ANO8,AXIN1,ARNT,RPL13A,COBL,COMMD5,SUMF1,LATS1,MED22,PTP4A2,MMP14,KAT2A,NDUFS8,HNRNPH1,EEF1D,PIGL,NSRP1,PLEC,RPL10,SMIM29,NXN,RPL12,ATL2,RPL11,FOXK2,PBXIP1,CCDC106,WDR24,BPHL,TM9SF4,DNAJB1,TAF1D,MARVELD2,ELMSAN1,RPS3,RPL13,ANKRD54,D2HGDH,RPS2,RPL18,HNRNPA1,ATP9B,EIF4B,ZNF584,SEC24B,PPP1R14B,HNRNPA3,FKRP,TAF15,TAF12,SMOX,RPL23A,PTPN11,SOD2,HIPK3,HIPK2,PER1,PINK1,HIST3H2A,POLR3H,TARDBP,TPT1,MSRB1
gene_set_query	253	TAL1	370.7	Literature ChIP-seq,3;ARCHS4 Coexpression,780;ENCODE ChIP-seq,92;Enrichr Queries,238;ReMap ChIP-seq,32;GTEx Coexpression,1079	RPL4,ZNF175,RPL3,IFT172,PITPNA,RPL8,NDST2,PNN,RPS17,FRAT2,RPS19,RPS18,FTH1,SAP130,RPL36,EIF2D,RPS11,TBC1D10A,RPS12,DAPK1,CSNK1D,MOGS,RNASE4,MFSD11,MTURN,SNHG12,SNHG10,TAGLN2,UBA52,RPL28,NECAB3,SET,APH1A,SERPINH1,GSE1,RDH14,RAB11FIP3,PRELID3B,ICMT,GADD45A,NBEAL2,HARS2,GADD45G,TBL3,RPS27,RPL27A,RPS20,ANP32B,NOL12,TRAM2-AS1,GSTM5,KCNC1,CITED4,PEAR1,SMG6,SHE,AIFM2,RARS,TIMP3,SH3BGRL2,RPLP2,ARIH1,NINL,PRMT5,ANXA2,EMP1,GAB2,LSG1,KAT2A,SDHAF2,HNRNPH1,SLCO4A1,RHOJ,PIGL,HNRNPH3,RPL10,RPL12,RPL11,ADCY4,CCDC106,METTL21A,WDR24,APOLD1,TM9SF4,TRAK2,ARVCF,RPS3,RPL13,BRD9,RPL18,RPL17,APBB3,MAP4K4,SNX21,ALDH4A1,PER1,RIPOR2,LINC01354,CDC14B,PPP1CB,CDH5,FBL,CCND3,LAPTM4A,SLK,CSKMT,MAP3K6,SBF2,TGM2,FBXW4,RPS9,MIGA2,DGAT1,USP4,RPS5,PUS1,RPS6,TAP1,CDPF1,RPSA,EEF1A1,TMEM135,RAB37,S100A6,SRSF4,NUPR1,FTL,FKBP5,LRRC59,TBC1D19,KLC1,UBC,LPXN,MBP,GAS2L1,ZBTB16,CAV1,NEK7,PCIF1,IFT122,USB1,MARCH2,PAN3,BCL6,ATG16L1,MAFF,BCL2,SPIRE2,MAFK,DOCK6,BCAR3,FLT1,AKAP8L,NGLY1,HMGB2,PTEN,HSPB1,PITPNC1,SPR,SCRN1,FLOT1,EMILIN1,SNTA1,PLA2G12A,CERS6,AXIN1,RPL13A,KCNAB3,PATL1,LATS1,PTP4A2,NDUFS8,IRF1,RPL37A,TRAF5,PEX5,CHI3L2,PLEC,PLEKHH3,SMIM29,CEBPD,RPL36A,PBXIP1,ACVR1B,DNAJB1,TAF1D,PDLIM2,ELMSAN1,D2HGDH,HNRNPA1,USP24,PPP1R14B,FKRP,TAF12,SMOX,PDE4DIP,PTPN11,RPL23A,SOD2,SLC25A37,POLR3H,NAXD,TPT1
gene_set_query	254	FLYWCH1	371.5	ARCHS4 Coexpression,249;GTEx Coexpression,494	LRRC59,SPTBN4,ZBTB47,ATN1,ZBTB4,TOMM22,ABR,ARVCF,MPRIP,SNRNP70,ZMIZ2,RAB11FIP3,PPFIA3,POU2F1,OGA,CSNK1D,KCNAB3,MAPK8IP2,TOM1L2,PER1,LAS1L,PACS1,MMP17,PLEKHM2,MAFK,PNPLA6
gene_set_query	255	MEIS1	372.2	Literature ChIP-seq,122;ARCHS4 Coexpression,446;Enrichr Queries,882;ReMap ChIP-seq,277;GTEx Coexpression,134	RIPOR2,RPL3,LINC01354,CTNND2,FNBP1L,PPP1CB,CCND3,RPS17,PPP4R4,KIF5B,SCMH1,SLC16A6,HABP4,PPFIA3,VPS39,CSGALNACT1,SEMA6C,UNC13C,TLE1,DAPK1,MOGS,INPP4B,TOM1L2,CRISPLD1,RAB37,RAB34,CD109,GSAP,RTN2,LRRC59,TBC1D19,GSTCD,APH1A,IRAK1,UBC,SMYD2,LPXN,MBP,TSPAN3,RBM11,WWTR1,DTNA,POU2F1,FOXF2,BICRAL,RARRES2,ZBTB16,CAV1,PHF12,NEK7,OGA,PARVA,NFATC4,MARCH2,SMTN,PAN3,BCL6,COL5A2,HNRNPD,PLEKHM2,GPR19,DOCK6,SRXN1,PTEN,LRRC6,EFCAB5,PEAR1,CHD2,OSBPL10,SCRN1,HEY1,TMEM44,TIMP3,SH3BGRL2,EMILIN1,RNF150,PLA2G12A,RBM14,TSC22D3,COMMD10,ITGA1,EMP1,GAB2,MYRIP,QRSL1,MED22,EEF1D,TRAF5,MPPED2,RBM20,FAM193A,PAFAH1B3,YAP1,LAMA5,SMIM29,SLC43A2,NXN,ATL2,ADCY4,RPL36A,NEDD9,ACVR1B,APOLD1,CUX2,GPC1,ZNF346,CLVS1,TAF12,SMOX,SNX21,LYVE1,HIPK2,SLC25A37,PER1,AGBL4,PINK1,PNPLA6,TACC2,RAMP1
gene_set_query	256	HSF4	372.7	ARCHS4 Coexpression,12;Enrichr Queries,240;GTEx Coexpression,866	LAMA5,SPTBN4,SHC2,NECAB3,CEBPD,SMIM29,ZBTB47,IFT172,AKAP8L,ATN1,HSPB1,ARHGEF10L,NDRG2,ZBTB4,ABR,SNRNP70,ZMIZ2,TNKS1BP1,KIF1C,D2HGDH,MAP3K6,NINL,RAB11FIP3,PPFIA3,PLXNA3,PAQR6,GADD45A,KCNJ9,ZBTB16,TSC22D3,PPP1R16A,NR1D1,MAPK8IP2,NFATC4,GADD45G,ATXN2L,TOM1L2,KAT2A,BCL6,MAFF,MMP17,ITGA7,PLEKHM2,MAFK,NUPR1,BCL2L2,PLEC
gene_set_query	257	GTF3A	373.0	ARCHS4 Coexpression,458;Enrichr Queries,2;GTEx Coexpression,659	RPL4,RPL3,UBE2D4,HMGB2,HSPB1,RPL8,RPL9,RPS4X,FBL,RPS17,CCND3,RPS16,RPS19,RPS18,FTH1,MACROD1,RPL36,RPL35,RPLP2,ARL6IP4,RPL38,RPS11,RPL39,RPS9,RPL21,ANXA2,RBM18,RPS5,TSC22D3,RPS6,RPL13A,RPSA,QRSL1,ANO5,TOMM40L,TUFM,EEF1A1,EEF1G,DYNC1LI2,NDUFS8,EEF1D,RPL37A,S100A6,RPL29,RPL28,UBA52,PFDN5,FTL,TSTA3,SET,RPL10,RPL12,RPL11,UBC,RPS3,MFN2,RPS2,RPL18,HNRNPA1,RPL17,PDE4DIP,RPL23A,RPS27,RPL27A,RPS20,ACO2,ANP32B,EIF3D,TPT1
gene_set_query	258	TBX18	373.3	ARCHS4 Coexpression,80;Enrichr Queries,475;GTEx Coexpression,565	YAP1,USP35,LRRC59,SNED1,FLT1,SMIM29,COL11A1,ADIRF,PRELP,PVR,CYTH3,MPRIP,SERPINH1,TIMP3,PLXNA1,TNKS1BP1,EMILIN1,MAP4,ACVR1,CRTAP,FOXD1,FOXF2,CAV2,CAV1,ITGA1,NEK7,EMP1,PARVA,LAMB1,INHBA,VASN,NFATC4,MMP14,CRISPLD2,RAB34,CD109,COL5A2,FKBP9
gene_set_query	259	ETS1	373.5	Literature ChIP-seq,31;ARCHS4 Coexpression,889;ENCODE ChIP-seq,61;Enrichr Queries,111;ReMap ChIP-seq,47;GTEx Coexpression,1102	RIPOR2,ZNF175,RPL3,IFT172,POP4,MPI,ATN1,RPL8,RPL9,TOMM22,PPP1CB,CDH5,GOLGA3,FBL,PNN,CCND3,RPS16,CAPNS1,RPS19,CSKMT,RPL36,RPL35,EIF2D,RPL38,RPS11,SBF2,RPL39,TGM2,RPS12,CSGALNACT1,RPS9,ENTPD2,DGAT1,RPL21,RPS5,RPS6,TAP2,GTPBP6,TAP1,RNASE4,CSNK1D,MOGS,DNAAF4,MFSD11,MFSD10,WDR77,TUFM,EEF1A1,ATXN2L,ILF3,DMTF1,RAB34,SNHG10,S100A6,CMPK1,TAGLN2,RPL29,SNRNP200,UBA52,ZNF554,FTL,RTN2,TSTA3,KLC1,APH1A,DHRS7B,UBC,SERPINH1,RDH14,SPTBN1,PLXNA3,WWTR1,GADD45A,CAV2,CAV1,PHF12,PYCR1,NBEAL2,NR1D1,ACADSB,HARS2,TBL3,RPS28,RPS27,BCL6,LAS1L,WNK1,ATG16L1,TRIP6,MAFF,BCL2,ECHDC2,MAFK,RPS20,NOL12,GPR19,FLT1,HSPB6,ZFAND2A,PTEN,HSPB1,PITPNC1,PHTF1,SGCD,SPR,AIFM2,RARS,RNPEP,TIMP3,RPLP2,RAC3,PGM2,EMILIN1,TIMP1,RAC1,NINL,PELP1,METTL17,APC2,ANXA2,ITGA3,TSC22D3,RBM18,ANO8,AXIN1,RPL13A,EMP1,ARNT,KCNAB3,EEF1G,MED22,MMP14,LSG1,NDUFS8,MED24,HNRNPH1,PACS1,IRF1,CRY2,ARHGEF3,ITGA7,PIGL,PAFAH1B3,PFDN5,PLEC,LAMA5,PLEKHH3,RPL10,SMIM29,CEBPD,RPL12,ATL2,RPL11,ADCY4,NEDD9,PBXIP1,CCDC106,WDR24,FOXRED1,TM9SF4,TRAK2,PDLIM2,RPS3,RPL13,MFN2,RPS2,RPL18,ATP9B,APBB3,MAP4K4,MAPK3,ZNF584,PPP1R14B,SEC24B,PCGF2,PDE4DIP,RPL23A,SOD2,PER1,PNPLA6,EIF3F,EIF3D,TPT1,MSRB1,FAM50A
gene_set_query	260	ZEB2	374.3	ARCHS4 Coexpression,473;Enrichr Queries,797;ReMap ChIP-seq,189;GTEx Coexpression,38	ZNF175,ZFAS1,CITED4,PEAR1,CHD2,RPL8,CCND3,RPS16,KIF5B,FTH1,PEA15,KIF5A,PHACTR3,FLOT1,TIMP3,BCAS1,TGM2,PAQR6,ANXA2,RPS5,VPS13D,EMP1,RNASE4,RPSA,GAB2,TMEM170B,MTURN,TAPBP,EEF1A1,LATS1,PTP4A2,DYNC1LI2,ASPHD1,RAB34,IRF1,TYRO3,S100A6,PKP4,IER3-AS1,TAGLN2,RPL29,FTL,FKBP5,RTN2,SPTBN4,SMIM29,SLC43A2,NEDD9,PBXIP1,CCDC106,TRAK2,DNAJB1,ARVCF,EPCAM,TP53INP2,UBC,MBP,MAP4,RPL18,HNRNPA1,RREB1,ATP9B,SPTBN1,RAB11FIP4,MAP4K4,PPP1R26,GDF11,HNRNPA3,FKRP,NORAD,GADD45A,RARRES2,CAV1,IGIP,PCIF1,OGA,PYCR1,PDE4DIP,PTPN11,RPL23A,NBEAL2,HIPK2,SLC25A37,PER1,HIST3H2A,BCL6,WNK1,COL5A2,BCL2
gene_set_query	261	PBX3	375.2	ARCHS4 Coexpression,911;ENCODE ChIP-seq,36;Enrichr Queries,799;ReMap ChIP-seq,3;GTEx Coexpression,127	RPL4,RPL3,LINC01354,POP4,GALNT18,ATN1,GXYLT1,SAT2,CASC3,RPL8,FNBP1L,PNN,AS3MT,LAPTM4A,RPS16,RPS19,RPS18,CSKMT,KIF5C,SCMH1,RPL36,RPL35,ARL6IP4,RPL38,SLC25A42,RPS11,ATXN7L2,TBC1D10A,TGM2,FBXW4,RPS9,DGAT1,RPS5,PUS1,PPP1R16A,GTPBP6,CDPF1,CSNK1D,MOGS,MFSD11,MFSD10,TUFM,EEF1A1,ATXN2L,TOM1L2,SNHG12,RAB34,DMWD,SNHG10,SRSF4,TAGLN2,FKBP9,RPL28,FTL,TSTA3,TBC1D19,NECAB3,MAGED1,KLC1,ZBTB4,FHIT,FAM171A2,UBC,PLXNA2,AMZ2,ZNF787,FAM120AOS,WWTR1,RARRES2,CAV1,PHF12,NEK7,PCIF1,OGA,PYCR1,NR1D1,SNHG5,NFATC4,GNG13,MARCH2,SMTN,TBL3,COL5A2,BCL2,MAFK,RPS20,NOL12,DNAL4,ZNF254,HSPB6,AKAP8L,HMGB2,PTEN,HSPB1,CHD2,SMG6,RND1,HEY1,SNRNP70,RARS,GDAP1L1,FLOT1,RPLP2,RAC3,TIMP3,EMILIN1,RNF150,ARIH1,NINL,PELP1,APC2,RBM14,CERS6,ANXA2,ITGA3,DCC,COMMD10,ITGA1,ANO8,RPL13A,TOMM40L,TAPBP,EEF1G,MED22,KAT2A,NDUFS8,SDHAF2,EEF1D,PACS1,HNRNPH1,IRF1,MPPED2,ITGA7,IER3-AS1,HNRNPH3,PAFAH1B3,TSEN34,LAMA5,RPL10,SMIM29,RPL12,ATL2,RPL11,FOXK2,CCDC106,METTL21A,WDR24,APOLD1,DNAJB1,ARVCF,RPL13,ANKRD54,RPS2,RPL18,HNRNPA1,ZNF584,PPP1R14B,RPL23A,PTPN11,PER1,SLC25A37,PC,STK17A,PNPLA6,NAXD,TPT1
gene_set_query	262	NR2C1	375.3	ARCHS4 Coexpression,306;Enrichr Queries,283;GTEx Coexpression,537	BCAR3,ZNF254,LRRC59,ZNF175,SMIM29,AKAP8L,PTEN,ATN1,GPATCH8,PITPNC1,PPP1CB,APH1A,ARVCF,FAM168B,CAPNS1,IRAK1,SNRNP70,ZMIZ2,GSE1,TNKS1BP1,MFN2,ZNF787,ATXN7L2,RREB1,METTL17,USP24,SEMA6C,POU2F1,TLE1,DAPK1,GADD45A,PDE4DIP,MOGS,NR1D1,PTP4A2,SLC25A37,DMTF1,BCL6,HNRNPH1,IRF1,PLEKHM2,TAGLN2,PNPLA6
gene_set_query	263	ZFHX3	379.0	ARCHS4 Coexpression,222;Enrichr Queries,338;GTEx Coexpression,577	YAP1,BCAR3,KMT2D,LAMA5,SMIM29,ADIRF,NEDD9,PRELP,METTL21A,MTRNR2L1,PPP1CB,GOLGA3,MPRIP,GJA4,PLXNA2,TIMP3,GSE1,ZNF787,RREB1,ATP9B,RAB11FIP3,SPTBN1,ACVR1,CRTAP,ANXA2,FOXF2,ITGA3,ZBTB16,LRBA,RALGAPA2,VPS13D,EMP1,PDE4DIP,HIPK2,BCL6,WNK1,PEAK1,PAFAH1B3,PLEC
gene_set_query	264	ATF1	380.6	ARCHS4 Coexpression,452;ENCODE ChIP-seq,67;Enrichr Queries,247;ReMap ChIP-seq,68;GTEx Coexpression,1069	ZNF175,TAMM41,IFT172,POP4,CTNND2,PITPNA,MPI,CASC3,RPL8,RPL9,TOMM22,PPP1CB,FBL,RPS16,RIMS3,RPS19,RPS18,KIF5C,FTH1,KIF5A,RPL38,ZNF326,RPS11,PPFIA3,RPS9,DGAT1,RPS5,PPP1R16A,RPS6,TAP1,CSNK1D,RPSA,MAPK8IP2,LZTFL1,MFSD10,TUFM,EEF1A1,TOM1L2,DMTF1,RAB34,CDC37,SNHG10,SRSF4,RAF1,RPL29,RPL28,UBA52,FTL,FKBP5,RTN2,SPTBN4,LRRC59,SHC2,SET,MAGED1,AKAP17A,KLC1,APH1A,ABR,UBC,ZNF426,AMZ2,RDH14,PLXNA3,PRELID3B,ICMT,GADD45A,NEK7,SNHG8,PYCR1,IFT122,GRIN2C,TBL3,RPS28,RPS27,BCL6,LAS1L,ATG16L1,TRIP6,MAFF,FNDC10,BCL2,KYAT3,ACO2,ANP32B,BCL2L2,USP35,ZFAND2A,NGLY1,HMGB2,HSPB1,PEAR1,CHD2,SNRNP70,RPLP2,TIMP1,DGCR6,APC2,PRMT5,IFT140,TSC22D3,RBM18,ANO8,RPL13A,QRSL1,PATL1,TAPBP,PTP4A2,LSG1,MED24,HNRNPH1,IRF1,DNASE2,PIGL,NSRP1,PFDN5,PLEC,TSEN34,LAMA5,RPL10,CEBPD,RPL12,ATL2,RPL36A,PBXIP1,CCDC106,FOXRED1,DNAJB1,ARVCF,TAF1D,TP53INP2,RPS3,RPS2,RPL18,HNRNPA1,E2F6,APBB3,EIF4B,MAP4K4,ZNF584,PPP1R14B,RPL23A,TYW1B,PTPN11,SLC25A37,PER1,TMLHE,NECTIN2,TPT1,MSRB1,FAM50A
gene_set_query	265	RARG	380.8	Literature ChIP-seq,68;ARCHS4 Coexpression,87;Enrichr Queries,43;GTEx Coexpression,1325	CLTB,HSPB1,METRNL,RPL8,PITPNC1,CAPNS1,FTH1,KIF5B,TIMP3,TNKS1BP1,KIF1C,MAP3K6,TBC1D10A,TGM2,ANXA2,DGAT1,ITGA3,EMP1,RPL13A,MOGS,MMP14,NDUFS8,IRF1,DMWD,S100A6,TAGLN2,NUPR1,PLEC,YAP1,LRRC59,LAMA5,CEBPD,SMIM29,APH1A,PDLIM2,IRAK1,GPC1,SERPINH1,PLXNA1,WWTR1,WNT10B,PPP1R14B,CRTAP,GADD45A,CAV1,NR1D1,VASN,NFATC4,BCL6,MAFF,TRIP6,BCL2,POLR3H
gene_set_query	266	CEBPA	383.2	Literature ChIP-seq,93;ARCHS4 Coexpression,609;Enrichr Queries,184;ReMap ChIP-seq,183;GTEx Coexpression,847	OSCP1,SERPINA3,LINC01354,RPL3,HSPB6,IFT172,CITED4,ATN1,PTEN,HSPB1,ADIRF,CASC3,CHD2,RPL9,CASC1,FRAT2,MPRIP,AIFM2,FTH1,DHX58,RPLP2,TIMP3,SLC25A42,TIMP1,SBF2,TGM2,PRMT5,RBM14,ANXA2,DGAT1,USP4,RALGAPA2,TSC22D3,BHMT2,ITGA1,ARNT,EMP1,RNASE4,RTN4RL2,MOGS,CSNK1D,TMEM170B,PATL1,LZTFL1,EEF1A1,PTP4A2,HNRNPH1,SNHG10,IRF1,CHI3L2,S100A6,ITGA7,NUPR1,RAF1,FTL,YAP1,CEBPD,MAGED1,NEDD9,ACVR1B,NDRG2,TM9SF4,APH1A,ELMSAN1,DHRS7B,UBC,MBP,ZNF787,RPL18,MAP4K4,GADD45A,ZBTB16,CAV1,CIDEA,PYCR1,NBEAL2,NR1D1,SNHG5,ACADSB,GADD45G,ALDH4A1,SLC25A37,PER1,PC,BCL6,STK17A,ATG16L1,MAFF,BCL2,ECHDC2,TACC2,NAXD,TPT1
gene_set_query	267	ZBTB18	383.5	ARCHS4 Coexpression,119;GTEx Coexpression,648	SPTBN4,KCNC1,CTNND2,KLC1,NDRG2,ABR,RIMS3,ZIC2,SCRN1,KIF5C,KIF5A,PHF24,MBP,RAB11FIP4,PPFIA3,UNC13C,CA10,PAQR6,KCNJ9,GRIN2C,KCNAB3,MAPK8IP2,MTURN,TOM1L2,RIT2,RAB37,CDH10,RAPGEF4
gene_set_query	268	PBX2	384.5	ARCHS4 Coexpression,807;Enrichr Queries,150;ReMap ChIP-seq,103;GTEx Coexpression,478	RIPOR2,LINC01354,SRXN1,HSPB6,AKAP8L,HSPB1,PEAR1,NDST2,CCND3,LAPTM4A,FRAT2,SNRNP70,FTH1,ZMIZ2,KIF5A,FLOT1,RPL35,RPLP2,TNKS1BP1,EMILIN1,SLC25A42,MAP3K6,RPS11,PPFIA3,TGM2,DGAT1,TSC22D3,PPP1R16A,ANO8,RPL13A,CSNK1D,MOGS,MFSD10,TAPBP,EEF1G,ATXN2L,MED22,MMP14,ILF3,PACS1,RAB34,CDC37,SNHG10,IRF1,GSAP,IER3-AS1,DNASE2,FTL,FKBP5,PLEC,TSEN34,RTN2,KMT2D,SMIM29,PBXIP1,AKAP17A,CCDC106,ZBTB4,APH1A,DNAJB1,ABR,ARVCF,UBC,SERPINH1,GSE1,RPL18,HNRNPA1,RREB1,PRELID3B,MAP4K4,MAPK3,PPP1R14B,TAF15,GADD45A,PHF12,PCGF2,RARRES2,PYCR1,IFT122,RPL23A,NBEAL2,NR1D1,PER1,HIST3H2A,BCL6,HNRNPD,BCL2
gene_set_query	269	CREB3	385.5	ARCHS4 Coexpression,805;Enrichr Queries,66;ReMap ChIP-seq,226;GTEx Coexpression,445	OSCP1,ZNF175,LINC01354,SRXN1,CITED4,CLTB,HSPB1,CASC3,CCND3,LAPTM4A,RPS18,FTH1,SCMH1,KIF5A,HABP4,FLOT1,ARL6IP4,TIMP3,TIMP1,TGM2,RPS9,ANXA2,DAPK1,USP4,EMP1,CSNK1D,COMMD5,PTP4A2,TMEM135,NDUFS8,DMWD,IRF1,RAB34,S100A6,DNASE2,TAGLN2,NUPR1,FTL,LRRC59,KMT2D,SET,SMIM29,CEBPD,NEDD9,PBXIP1,APH1A,UBC,SERPINH1,PLXNA2,ANKRD54,HNRNPA1,RREB1,RAB11FIP3,EIF4B,PRELID3B,PPP1R26,USP24,HNRNPA3,TAF12,GADD45A,LINC02175,RARRES2,OGA,IFT122,NBEAL2,NR1D1,GRIN2C,GADD45G,SLC25A37,BCL6,ATG16L1,WNK1,TRIP6,MAFF,ANP32B,RAMP1,BCL2L2
gene_set_query	270	ATF6B	385.5	ARCHS4 Coexpression,704;GTEx Coexpression,67	UBE2D4,ZBTB47,AKAP17A,RPL8,TM9SF4,APH1A,RPS19,OPHN1,SNRNP70,ZMIZ2,RNPEP,RPS3,D2HGDH,MAP4,RPL18,RPS12,RPS9,TAP2,MOGS,CSNK1D,NBEAL2,MFSD10,ATXN2L,PINK1,PAN3,HNRNPH1,PACS1,RPL27A,PNPLA6,RPL28,ZNF554
gene_set_query	271	E2F5	386.3	ARCHS4 Coexpression,616;Enrichr Queries,664;ReMap ChIP-seq,213;GTEx Coexpression,52	RPL4,ZNF175,LINC01354,HSPB6,HMGB2,CLTB,OSBPL10,PNN,SLK,HEY1,ZIC2,FLOT1,ZNF525,TIMP3,KIF1C,EMILIN1,RPL38,ATXN7L2,METTL17,TGM2,RBM14,TLE1,USP4,RPS6,VPS13D,RPL13A,EMP1,TOMM40L,MFSD10,TAPBP,EEF1A1,PTP4A2,TOM1L2,KAT2A,DMTF1,SNHG12,HNRNPH1,PEAK1,RAB34,IRF1,RBM12B,SRSF4,TAGLN2,HNRNPH3,PIGL,FTL,CEBPD,SMIM29,ZBTB47,AKAP17A,APOLD1,TM9SF4,TRAK2,FAM168B,LPXN,BRD9,ZNF787,HNRNPA1,PLXNA3,PRELID3B,MAPK3,HNRNPA3,CRTAP,RARRES2,PHF12,CAV1,RPL23A,SNHG5,SLC25A37,PINK1,RPS27,BCL6,HNRNPD,BCL2,SPIRE2,PLEKHM2,RPS20,ANP32B,PNPLA6,TARDBP,BCL2L2,GPR19
gene_set_query	272	ZNF837	386.3	ARCHS4 Coexpression,284;Enrichr Queries,868;GTEx Coexpression,7	CITED4,AKAP8L,HSPB1,RPL8,FBL,RPS16,RPS19,RPS18,SNRNP70,RNPEP,RPL36,MACROD1,RPL35,ARL6IP4,METTL17,RPS12,RPS9,RBM14,RPS5,GTPBP6,RPSA,MOGS,MFSD10,EEF1G,RPL29,RPL28,PLEC,MVK,PLEKHH3,SMIM29,RPL12,RPL11,AKAP17A,CCDC106,UNG,APH1A,MARVELD2,IRAK1,RPS3,RPL13,D2HGDH,RPS2,ZNF787,RPL18,RREB1,RPL17,PPP1R14B,LRBA,SNX21,RPS28,RPL27A,TRIP6,ECHDC2
gene_set_query	273	NR2F6	387.0	ARCHS4 Coexpression,70;Enrichr Queries,326;ReMap ChIP-seq,198;GTEx Coexpression,954	DOCK6,RPL3,HSPB1,RPL8,RND1,SPR,CAPNS1,FTH1,NMRK1,FLOT1,RAC3,TNKS1BP1,KIF1C,TGM2,ANXA2,PPP1R16A,ANO8,AXIN1,RNASE4,CSNK1D,MOGS,RPSA,TOMM40L,TUFM,MMP14,SLCO4A1,SNHG10,IRF1,S100A6,IER3-AS1,TAGLN2,NUPR1,RPL29,PLEC,RTN2,LAMA5,LRRC59,MVK,CEBPD,SMIM29,RPL12,PBXIP1,NDRG2,KLC4,DNAJB1,PDLIM2,MARVELD2,IRAK1,TP53INP2,GPC1,UBC,SERPINH1,GSE1,PLXNA1,ZNF787,RPS2,RPL18,MAPK3,PPP1R26,PPP1R14B,ICMT,GADD45A,PCGF2,PYCR1,LAMB1,NR1D1,VASN,GADD45G,PER1,TMEM54,VAC14-AS1,TRIP6,ECHDC2,MAFK,POLR3H,NECTIN2,TRAM2-AS1
gene_set_query	274	FOXP1	390.2	Literature ChIP-seq,19;ARCHS4 Coexpression,1303;Enrichr Queries,236;ReMap ChIP-seq,141;GTEx Coexpression,252	RPL4,RPL3,TMEM200C,RPL8,PNN,RPS16,FRAT2,CAPNS1,DHX58,RPL36,HABP4,ARL6IP4,EIF2D,RPS11,ATXN7L2,RPS12,ENTPD2,DAPK1,MOGS,MFSD11,LRRC37B,MFSD10,BCAN,ASPHD1,ETHE1,CDC37,TYRO3,RPL29,UBA52,TSTA3,SET,ZBTB4,ABR,GSE1,RREB1,SPTBN1,WWTR1,MYH7B,ICMT,FOXF2,LRBA,SIAH1,PARVA,NR1D1,ACADSB,NFATC4,GADD45G,GNG13,SMTN,TBL3,RPS27,WNK1,RPL27A,TRIP6,HNRNPD,RPS20,GPR19,ZFAS1,MTMR14,CLTB,ASGR1,SMG6,HEY1,TMEM44,AIFM2,RPLP2,TNKS1BP1,RAC3,RNF150,ARIH1,FGFBP3,APC2,FOXD1,ANXA2,MED22,LSG1,MMP14,PACS1,HNRNPH1,MMP17,ARHGEF3,HNRNPH3,YAP1,NEDD9,CCDC106,APOLD1,TRAK2,RPS3,RPS2,RPL18,RPL17,APBB3,MAP4K4,PCGF2,TYW1B,HIPK3,HIPK2,ALDH4A1,PER1,TMEM54,TTLL3,CASTOR3,STK17A,TACC2,PNPLA6,MSRB1,PRDM8,ATN1,FAM107A,CIB2,SBF2-AS1,PPP1CB,CCND3,CSKMT,SCMH1,MACROD1,ZNF326,SBF2,PPFIA3,RPS9,MIGA2,RPS6,TUFM,EEF1A1,TMEM135,RAB34,S100A6,SRSF4,RAF1,ZNF554,FTL,RTN2,LRRC59,TBC1D19,UBC,PLXNA2,LPXN,CRTAP,POU2F1,OGA,INHBA,PAN3,BCL6,ATG16L1,MAFF,BCL2,MAFK,BCL2L2,OSCP1,USP35,SRXN1,AKAP8L,NGLY1,PTEN,HMGB2,HSPB1,CHD2,PITPNC1,ZIC2,SPR,SNRNP70,EMILIN1,DGCR6,METTL17,ITGA1,RPL13A,COBL,EEF1G,PTP4A2,IRF1,TRAF5,PEX5,PLEC,TSEN34,LAMA5,PLEKHH3,SMIM29,NXN,PBXIP1,PRELP,ACVR1B,DLL3,PDLIM2,MARVELD2,ELMSAN1,E2F6,EIF4B,REPS1,PPP1R14B,PDE4DIP,RPL23A,POLR3H,EIF3D,TPT1,NECTIN2
gene_set_query	275	ZNF787	391.0	ARCHS4 Coexpression,343;Enrichr Queries,97;GTEx Coexpression,733	TSEN34,LRRC59,SMIM29,MTMR14,HSPB1,RPL8,APH1A,FBL,CCND3,FRAT2,RPS19,CAPNS1,IRAK1,SNRNP70,ZMIZ2,RPL36,RPLP2,RPS2,RPL18,GAS2L1,RPS9,PPP1R14B,TAF12,RPS5,PUS1,AXIN1,USB1,MOGS,NBEAL2,COMMD5,MFSD10,ATXN2L,TBL3,TMLHE,NDUFS8,SDHAF2,PLEKHM2,MAFK,PNPLA6,RPL28,NECTIN2,MSRB1,FTL,PLEC
gene_set_query	276	FOXC2	391.3	ARCHS4 Coexpression,92;Enrichr Queries,318;GTEx Coexpression,764	YAP1,USP35,FLT1,CEBPD,SMIM29,ADIRF,HSPB1,PRELP,PEAR1,PVR,CDH5,GPC1,SERPINH1,TIMP3,EMILIN1,TIMP1,TGM2,WWTR1,PPP1R14B,FOXD1,FOXF2,ANXA2,ITGA3,CAV1,EMP1,PARVA,LAMB1,INHBA,VASN,BMP2,MMP14,SMTN,CRISPLD1,CRISPLD2,CD109,COL5A2,TRIP6,FKBP9
gene_set_query	277	HES7	393.7	ARCHS4 Coexpression,461;Enrichr Queries,266;GTEx Coexpression,454	RPL4,SPTBN4,RPL3,KCNC1,CEBPD,SMIM29,CITED4,HSPB1,OSBPL10,ARVCF,TAF1D,ZIC2,HEY1,MARVELD2,CSKMT,RPL13,RNF150,RPL17,CA10,FOXD1,FKRP,RPL21,GADD45A,TSC22D3,RPL23A,NR1D1,GRIN2C,KCNAB3,TEX2,GNG13,GADD45G,SMTN,RIT2,HIST3H2A,BCL6,RAB37,SLCO4A1,CDH10,IRF1,MAFF,S100A6,NUPR1
gene_set_query	278	RUNX1	393.8	Literature ChIP-seq,10;ARCHS4 Coexpression,1343;Enrichr Queries,131;ReMap ChIP-seq,125;GTEx Coexpression,360	RPL4,ZNF175,NDST2,GOLGA3,RPS16,RPS19,CAPNS1,OPHN1,FTH1,GJA4,RPS11,ATXN7L2,TBC1D10A,ENTPD2,DAPK1,CSNK1D,MOGS,MFSD11,TMEM170B,WDR77,SYTL2,BCAN,INPP4B,DYNC1LI2,SNHG12,CDC37,SNHG10,TYRO3,TAGLN2,RPL29,CCNQ,UBA52,SPTBN4,NECAB3,PRDM15,ZBTB4,APH1A,ABR,SERPINH1,GSE1,AMZ2,MAP4,RREB1,SPTBN1,WWTR1,GADD45A,PYCR1,NBEAL2,NR1D1,HARS2,ACADSB,NFATC4,GADD45G,TBL3,ADCK2,WNK1,RPL27A,TRIP6,HNRNPD,KYAT3,ANP32B,GPR19,ZFAS1,MTMR14,CITED4,CLTB,AATF,ASGR1,SHE,HEY1,TMEM44,AIFM2,RPLP2,TIMP3,TIMP1,FGFBP3,CHST8,PRMT5,ANXA2,TSC22D3,ANO8,EMP1,SUMF1,MED22,MMP14,LSG1,SDHAF2,SLCO4A1,PACS1,HNRNPH1,ARHGEF3,ACSBG1,PIGL,FAM193A,PAFAH1B3,ATL2,ADCY4,NEDD9,CCDC106,WDR24,APOLD1,TRAK2,EPCAM,ANKRD54,BRD9,RPL18,APBB3,ZNF584,IGIP,HIPK2,PER1,HIST3H2A,KCNS1,STK17A,PNPLA6,RAMP1,MSRB1,PRDM8,RIPOR2,CTNND2,GALNT18,ATN1,GXYLT1,CASC3,CASC1,PPP1CB,CCND3,CSKMT,KIF5A,ZNF326,MAP3K6,SBF2,TGM2,CSGALNACT1,RPS9,USP4,RPS5,RALGAPA2,PPP1R16A,TEX2,TUFM,ATXN2L,EEF1A1,TOM1L2,DMTF1,RAB37,DMWD,RAB34,S100A6,CMPK1,PKP4,SNRNP200,ZNF554,FKBP5,FTL,RTN2,KMT2D,GSTCD,KLC1,FHIT,IRAK1,UBC,CDH23,ZNF426,MBP,ZNF787,GAS2L1,BICRAL,CAV1,ZBTB16,RARRES2,PHF12,NEK7,PCIF1,OGA,INHBA,PAN3,BCL6,ATG16L1,MAFF,COL5A2,BCL2,SPIRE2,MAFK,BCL2L2,PRR5,OSCP1,DOCK6,FLT1,AKAP8L,PTEN,HSPB1,ARHGEF10L,CHD2,PITPNC1,PHTF1,SPR,SCRN1,SNRNP70,PHACTR3,PGM2,EMILIN1,METTL17,BCAS1,PELP1,RBM14,COMMD10,RBM18,ITGA1,VPS13D,RPL13A,COBL,RTN4RL2,PATL1,EEF1G,LATS1,PTP4A2,NDUFS8,IRF1,TRAF5,CRY2,CHI3L2,ITGA7,PLEC,TSEN34,MVK,SMIM29,CEBPD,FOXK2,PBXIP1,CYTH3,DNAJB1,FAM168B,HNRNPA1,ATP9B,CLVS1,PPP1R14B,SEC24B,HNRNPA3,FKRP,TAF15,TAF12,PDE4DIP,RPL23A,PTPN11,SOD2,PC,NECTIN2,TPT1
gene_set_query	279	ZNF655	395.7	ARCHS4 Coexpression,885;Enrichr Queries,220;GTEx Coexpression,82	KMT2D,RIPOR2,SMIM29,PPWD1,HSPB1,AKAP17A,CHD2,PNN,SNRNP70,HABP4,RPL17,METTL17,SNTA1,MAP4K4,HNRNPA3,PPP1R14B,ANXA2,GADD45A,TSC22D3,PCGF2,OGA,PDE4DIP,TAP1,MOGS,SOD2,EEF1A1,ILF3,PINK1,PAN3,DMTF1,BCL6,TTLL3,HNRNPH1,WNK1,EEF1D,STK17A,IRF1,TRAF5,HNRNPD,SRSF4,PIGL,TARDBP,PLEC
gene_set_query	280	FOXO3	396.0	Literature ChIP-seq,48;ARCHS4 Coexpression,920;Enrichr Queries,77;GTEx Coexpression,539	TUSC3,POP4,MT1X,RPL9,CCND3,SLK,FRAT2,FTH1,ZMIZ2,SLC16A6,NUDT16,RPL39,TBC1D10A,RPS9,TLE1,USP4,RPS6,TAP1,MOGS,DNAAF4,TMEM170B,TUFM,EEF1A1,ILF3,SNHG12,GSAP,RPL29,SNRNP200,RPL28,FKBP5,GSTCD,KLC1,ZBTB4,UBC,RREB1,SPTBN1,PRELID3B,ICMT,GADD45A,ZBTB16,CAV1,PCIF1,OGA,CIDEA,SNHG6,USB1,HARS2,ACADSB,RPS27,PAN3,BCL6,WNK1,MAFF,BCL2,BCL2L2,GPR19,PTEN,HSPB1,PPWD1,CHD2,AATF,SNRNP70,TNKS1BP1,TIMP3,RPLP2,PGM2,KIF1C,ARIH1,RAC1,PELP1,ANXA2,TSC22D3,VPS13D,ARNT,PATL1,LATS1,PACS1,EEF1D,IRF1,NSRP1,CEBPD,SMIM29,TRAK2,DNAJB1,TAF1D,MFN2,D2HGDH,RPS2,HNRNPA1,ATP9B,USP24,SEC24B,HNRNPA3,FKRP,TAF12,SMOX,SQOR,PTPN11,HIPK3,HIPK2,PER1,SLC25A37,NAXD,EIF3D,TPT1
gene_set_query	281	XPA	397.0	ARCHS4 Coexpression,552;Enrichr Queries,226;GTEx Coexpression,413	LRRC59,SMIM29,PTEN,HMGB2,ATN1,NEDD9,HSPB1,ZBTB4,PPP1CB,APH1A,FAM168B,MPRIP,CAPNS1,SNRNP70,SCMH1,TNKS1BP1,MFN2,KIF1C,FAM120AOS,WWTR1,CRTAP,ANXA2,GADD45A,ZBTB16,TSC22D3,ITGA1,PDE4DIP,CDPF1,PTPN11,SNX21,MOGS,GADD45G,SMTN,DMTF1,BCL6,RAB34,IRF1,MPPED2,BCL2,ARHGEF3,SPIN2B,PLEKHM2,PNPLA6,FKBP5
gene_set_query	282	NRF1	397.0	ARCHS4 Coexpression,1085;ENCODE ChIP-seq,34;Enrichr Queries,579;ReMap ChIP-seq,21;GTEx Coexpression,266	RIPOR2,ZNF175,UBE2D4,IFT172,POP4,ATN1,CASC3,RPL8,PVR,GPATCH8,PPP1CB,PNN,FBL,LAPTM4A,RPS16,FRAT2,CAPNS1,RPL36,ARL6IP4,EIF2D,MAP3K6,SBF2,PPFIA3,RPS12,ENTPD2,DGAT1,RPS5,RALGAPA2,PPP1R16A,TAP1,MOGS,MFSD11,ATXN2L,EEF1A1,ILF3,DMTF1,RAB37,RAB34,CDC37,RAF1,CCNQ,UBA52,ZNF554,FTL,RTN2,KMT2D,AKAP17A,ZBTB4,DHRS7B,LPXN,AMZ2,ZNF787,RREB1,PLXNA3,WNT10B,MYH7B,POU2F1,ICMT,BICRAL,PHF12,LRBA,PCIF1,SIAH1,OGA,SNHG8,PYCR1,IFT122,NBEAL2,NR1D1,HARS2,SNHG5,TBL3,PAN3,BCL6,WNK1,TRIP6,HNRNPD,KYAT3,ACO2,BCL2L2,GPR19,HSPB6,MTMR14,ZFAND2A,NGLY1,PTEN,HMGB2,HSPB1,PPWD1,CHD2,AATF,SMG6,SNRNP70,RPLP2,RAC3,PELP1,APC2,ZNF483,PLA2G12A,RBM14,CERS6,AXIN1,ANO8,ARNT,RPL13A,PATL1,TAPBP,EEF1G,KAT2A,MED24,NDUFS8,EEF1D,HNRNPH1,IRF1,RPL37A,RBM12B,DNASE2,HNRNPH3,PAFAH1B3,PLEC,LAMA5,PLEKHH3,SLC43A2,RPL10,PBXIP1,CCDC106,WDR24,BPHL,APOLD1,DLL3,UNG,DNAJB1,MARVELD2,D2HGDH,RPS2,ZNF346,RPL18,HNRNPA1,E2F6,EIF4B,ZNF584,PPP1R14B,TAF12,DTNBP1,RPL23A,LAMB1,PER1,PINK1,TMLHE,CASTOR3,POLR3H,TARDBP,MSRB1,FAM50A
gene_set_query	283	SOX3	397.3	ARCHS4 Coexpression,43;Enrichr Queries,920;GTEx Coexpression,229	ADCYAP1R1,ARHGEF26-AS1,NXN,CTNND2,IGSF1,TMEM200C,FAM107A,RPL36A,CIB2,SAT2,CCDC106,NDRG2,DLL3,FAM171A2,ARVCF,HEY1,ZIC2,RPS19,EPCAM,RPS18,PEA15,PHACTR3,RPL13,RPL38,FGFBP3,HNRNPA1,NINL,RPL17,GDF11,RPS9,DTNA,TLE1,POU2F1,NORAD,TSC22D3,PCGF2,IGIP,ANO8,RPL13A,GADD45G,RGMA,NFATC4,BCAN,ASPHD1,MPPED2,RPL37A,GPR19
gene_set_query	284	FOXJ2	397.5	ARCHS4 Coexpression,537;Enrichr Queries,451;ReMap ChIP-seq,238;GTEx Coexpression,364	LINC01354,CTNND2,SETD6,ATN1,HSPB1,CHD2,CASC1,RND1,CCND3,RPS18,FTH1,RPL36,RPS9,RBM14,CERS6,RPS5,TSC22D3,VPS13D,ARNT,RPL13A,PATL1,SYTL2,TAPBP,EEF1G,ATXN2L,ILF3,MED24,PACS1,IRF1,TRAF5,RBM12B,ARHGEF3,TAGLN2,NUPR1,RAF1,ZNF510,PLEC,YAP1,RTN2,TSEN34,KMT2D,SMIM29,RPL11,NEDD9,PBXIP1,ZBTB4,DLL3,APH1A,ABR,PLXNA1,GSE1,MFN2,TSPAN3,HNRNPA1,GAS2L1,RREB1,RAB11FIP4,ZNF584,SEC24B,BICRAL,GADD45A,ZBTB16,RARRES2,PCIF1,IFT122,NBEAL2,HIPK3,HIPK2,PER1,BCL6,WNK1,MAFK,PNPLA6,DNAL4
gene_set_query	285	GTF2I	398.0	ARCHS4 Coexpression,398	KMT2D,HNRNPA3,TAF15,ATN1,PTPN11,ILF3,FAM168B,MPRIP,SCRN1,SNRNP70,WNK1,TNKS1BP1,GSE1,SNRNP200,HNRNPA1,EIF4B
gene_set_query	286	MYB	400.0	Literature ChIP-seq,86;ARCHS4 Coexpression,142;ENCODE ChIP-seq,115;Enrichr Queries,1053;ReMap ChIP-seq,159;GTEx Coexpression,845	RPL4,RPL3,PITPNA,ATN1,FNBP1L,NDST2,CCND3,RPS16,FRAT2,RPS19,CSKMT,SAP130,RPS11,TBC1D10A,RPS5,RPS6,CSNK1D,MOGS,MFSD11,TEX2,LZTFL1,ATXN2L,ILF3,RAB37,ETHE1,RAB34,CDC37,DMWD,TAGLN2,PKP4,RPL29,RAF1,FTL,FKBP5,RTN2,SET,UBC,LPXN,GSE1,MBP,RREB1,PRELID3B,GADD45A,LRBA,RARRES2,PHF12,CAV1,NEK7,NBEAL2,NR1D1,GNG13,BCL6,BCL2,SPIRE2,HNRNPD,PLEKHM2,MAFK,ANP32B,GPR19,HSPB6,HMGB2,ARHGEF10L,PITPNC1,RPS4X,RNPEP,FLOT1,RPLP2,RAC1,RBM14,PLA2G12A,ANXA2,RBM18,ANO8,RPL13A,EMP1,QRSL1,EEF1G,MED22,PTP4A2,HNRNPH1,IRF1,RHOJ,CHI3L2,PLEC,CEBPD,RPL12,NEDD9,PBXIP1,CCDC106,ACVR1B,WDR24,APOLD1,UNG,EPCAM,ELMSAN1,RPS3,RPS2,RPL18,HNRNPA1,EIF4B,MAP4K4,MAPK3,PPP1R14B,HNRNPA3,SEC24B,SMOX,SQOR,DTNBP1,RPL23A,PER1,SLC25A37,TMEM54,STK17A,TARDBP,RAMP1,TPT1
gene_set_query	287	HOXB7	400.8	Literature ChIP-seq,156;ARCHS4 Coexpression,595;Enrichr Queries,227;ReMap ChIP-seq,274;GTEx Coexpression,752	SNED1,TUSC3,ZFAS1,HSPB1,ADIRF,RPL9,HEY1,SPR,SCRN1,RASGEF1A,TMEM44,AIFM2,CA4,SLC16A6,MACROD1,RPLP2,SH3BGRL2,TIMP3,TIMP1,RAC1,DGCR6,BCAS1,TGM2,SNTA1,CSGALNACT1,FOXD1,MIGA2,DGAT1,ANXA2,RPS5,RALGAPA2,VPS13D,EMP1,COBL,CSNK1D,EEF1A1,LATS1,TOM1L2,TMEM135,MED24,NDUFS8,ETHE1,RAB34,CDH10,TRAF5,S100A6,TAGLN2,ACSBG1,LRRC59,CEBPD,SMIM29,MAGED1,ATL2,RPL11,KIF9-AS1,PRELP,C2CD4C,EPCAM,TP53INP2,UBC,SERPINH1,PLXNA2,RREB1,E2F6,RAB11FIP4,PRELID3B,ZNF584,PPP1R14B,CA10,FOXF2,CAV2,CAV1,SIAH1,IFT122,LAMB1,PARVA,GNG13,SLC25A37,TMEM54,COL5A2,MAFF,GTF2IRD1
gene_set_query	288	EBF2	401.5	ARCHS4 Coexpression,648;GTEx Coexpression,155	TMEM200C,ADCY4,NEDD9,PEAR1,FNBP1L,KLC1,APOLD1,DLL3,CYTH3,SHE,CDH5,KIF5C,GJA4,GDAP1L1,PLXNA2,TIMP3,SPTBN1,MAP4K4,APC2,SEMA6C,TLE1,CAV2,DCC,CAV1,LAMB1,HIPK3,RGMA,RHOJ,ITGA7,FKBP9
gene_set_query	289	NFAT5	402.3	ARCHS4 Coexpression,212;Enrichr Queries,713;GTEx Coexpression,282	KMT2D,PTEN,CCDC106,CHD2,RPL8,MTRNR2L1,FOXRED1,SLK,MPRIP,ELMSAN1,RPL36,TNKS1BP1,TIMP3,RPL18,RREB1,ATP9B,SPTBN1,USP24,SEC24B,POU2F1,LRBA,RPS5,VPS13D,ARNT,HIPK3,HIPK2,LATS1,PPP1R3F,PINK1,BCL6,WNK1,PEAK1,IRF1,PIGL,PLA2R1,RPL29,PLEC
gene_set_query	290	HOXD8	404.0	ARCHS4 Coexpression,190;Enrichr Queries,785;GTEx Coexpression,237	TBC1D19,CEBPD,PEAR1,OSBPL10,CYTH3,CDH5,LAPTM4A,HEY1,ZIC2,GOLGA6L4,SERPINH1,TIMP3,PLXNA1,KIF1C,EIF2D,WWTR1,CRTAP,FOXD1,FOXF2,CAV2,CAV1,ARNT,EMP1,LAMB1,PARVA,CYS1,NFATC4,EEF1A1,INPP4B,MMP14,TMEM135,SMTN,CD109,COL5A2,S100A6,RPS20,PKP4,FKBP9,PLA2R1,TPT1
gene_set_query	291	ETS2	404.8	Literature ChIP-seq,81;ARCHS4 Coexpression,1053;Enrichr Queries,41;GTEx Coexpression,444	DOCK6,HSPB1,ARHGEF10L,METRNL,FTH1,TIMP3,TIMP1,MAP3K6,TBC1D10A,TGM2,METTL17,ANXA2,ITGA3,TSC22D3,EMP1,CSNK1D,RNASE4,SDCBP2,TUFM,IRF1,MMP17,S100A6,SRSF4,TAGLN2,NUPR1,FKBP5,CEBPD,SMIM29,NEDD9,ACVR1B,PDLIM2,ELMSAN1,UBC,MBP,GADD45A,ZBTB16,CAV1,SIAH1,SQOR,NR1D1,SOD2,GADD45G,NFATC4,PER1,BMP2,BCL6,MAFF,PLEKHM2,MAFK,EIF3D
gene_set_query	292	ZNF326	405.0	ARCHS4 Coexpression,990;Enrichr Queries,197;GTEx Coexpression,28	HMGB2,CLTB,HSPB1,CHD2,PPP1CB,PNN,CAPNS1,KIF5B,PHACTR3,RAC1,BCAS1,FBXW4,PLA2G12A,PAQR6,RBM14,ANXA2,COBL,MOGS,MTURN,PTP4A2,DYNC1LI2,ILF3,DMTF1,ASPHD1,HNRNPH1,PKP4,TAGLN2,HNRNPH3,PLEC,TRAK2,APH1A,IRAK1,TP53INP2,MBP,MAP4,HNRNPA1,RAB11FIP4,SPTBN1,RBM11,MAP4K4,HNRNPA3,TAF15,IGIP,PTPN11,HIPK2,WNK1,HNRNPD,PLEKHM2,PNPLA6,TARDBP
gene_set_query	293	ZNF841	405.0	ARCHS4 Coexpression,364;Enrichr Queries,694;GTEx Coexpression,157	SMIM29,POP4,NEDD9,AKAP17A,RPL8,CHD2,APH1A,PNN,CAPNS1,SNRNP70,ZNF426,ZNF525,ZNF844,RPS2,RAC1,HNRNPA1,RPL18,ATP9B,PLXNA3,METTL17,HNRNPA3,ZNF483,RPS9,SMOX,PDE4DIP,RPSA,SYTL2,TUFM,PINK1,PAN3,DMTF1,SNHG12,BCL6,HNRNPH1,CD109,CDH10,RBM12B,HNRNPD,HNRNPH3,TARDBP,RPL29,UBA52,PLEC
gene_set_query	294	ELF1	406.6	Literature ChIP-seq,53;ARCHS4 Coexpression,1024;ENCODE ChIP-seq,63;ReMap ChIP-seq,57;GTEx Coexpression,836	ZNF175,TAMM41,ATN1,SAT2,MT1X,RPL8,GPATCH8,TOMM22,PPP1CB,PNN,FBL,CDH5,CCND3,RPS16,CSKMT,HABP4,RPL36,ARL6IP4,RPL35,RPL38,EIF2D,SLC25A42,RPS11,RPL39,PPFIA3,VPS39,RPS9,ENTPD2,DGAT1,RPS5,PPP1R16A,RPS6,TAP1,CSNK1D,MOGS,RPSA,MAPK8IP2,TUFM,ATXN2L,PPP1R3F,RAB37,DMWD,RAB34,CDC37,S100A6,SRSF4,TAGLN2,RPL29,FTL,FKBP5,RTN2,KMT2D,TSTA3,TBC1D19,MAGED1,GSTCD,AKAP17A,ZBTB4,APH1A,FAM171A2,UBC,LPXN,ZNF787,GAS2L1,RAB11FIP3,PPP1R26,MYH7B,PYCR1,RABL2B,NR1D1,HARS2,VASN,TBL3,RPS27,ATG16L1,TRIP6,KYAT3,MAFK,RPS20,ACO2,NOL12,BCL2L2,ZNF254,SERPINA3,HSPB6,SETD6,MTMR14,ZFAND2A,AATF,ASGR1,PHTF1,RPS4X,SHE,RARS,GDAP1L1,FLOT1,RPLP2,RAC3,ZNF525,PELP1,APC2,RBM14,IFT140,TSC22D3,ANO8,RPL13A,TAPBP,EEF1G,MED22,NDUFS8,MED24,SDHAF2,EEF1D,PACS1,IRF1,RPL37A,ITGA7,IER3-AS1,PIGL,PFDN5,PLEC,TSEN34,LAMA5,RPL10,RPL11,RPL36A,PBXIP1,PRELP,CCDC106,WDR24,DNAJB1,TAF1D,PDLIM2,ANKRD54,D2HGDH,RPS2,RPL18,E2F6,APBB3,ZNF584,USP24,GDF11,PPP1R14B,TAF15,TAF12,IGIP,RPL23A,PTPN11,PER1,TMEM54,POLR3H,NAXD,PNPLA6,EIF3D,TPT1,MSRB1
gene_set_query	295	GLI3	407.0	ARCHS4 Coexpression,401;Enrichr Queries,777;GTEx Coexpression,43	YAP1,MAGED1,NXN,RPL12,COL11A1,ATL2,FOXRED1,SCRN1,ZIC2,ELMSAN1,TNKS1BP1,TIMP3,EMILIN1,FGFBP3,HNRNPA1,SBF2,NINL,JAM2,ACVR1,WWTR1,GDF11,CRTAP,TLE1,POU2F1,CAV1,PCGF2,ARNT,EMP1,SNX21,PARVA,LAMB1,INHBA,NFATC4,RGMA,LATS1,MMP14,BMP2,RAB34,CD109,TRIP6,COL5A2,MPPED2,BCL2,FKBP9,EIF3F
gene_set_query	296	ZBED1	407.5	ARCHS4 Coexpression,706;Enrichr Queries,123;ReMap ChIP-seq,16;GTEx Coexpression,785	RPL3,UBE2D4,ATN1,MT1X,RPL8,PNN,RPS17,RPS16,RPS18,CSKMT,FTH1,MACROD1,RPL36,RPL35,RPS11,RPS12,RPS9,RPS5,RPS6,GTPBP6,RPSA,MOGS,MFSD11,LZTFL1,MFSD10,EEF1A1,DMTF1,SNHG12,RAB34,CDC37,S100A6,TAGLN2,RAF1,RPL29,LINC00641,FTL,FKBP5,TSTA3,APH1A,IRAK1,UBC,LPXN,ZNF787,CAV1,PCIF1,SNHG8,SNHG5,TBL3,RPS28,BCL6,RPL27A,PLEKHM2,ACO2,ZFAS1,HMGB2,HSPB1,ARHGEF10L,SNRNP70,FLOT1,RPLP2,TIMP3,KIF1C,TIMP1,APC2,ANXA2,TSC22D3,RPL13A,QRSL1,TAPBP,EEF1G,MED22,PTP4A2,EEF1D,IRF1,RPL37A,CHI3L2,IER3-AS1,TSEN34,RPL10,SMIM29,CEBPD,CCDC106,WDR24,APOLD1,DNAJB1,ARVCF,RPL13,MFN2,RPS2,HNRNPA1,E2F6,EIF4B,ZNF584,PPP1R14B,HNRNPA3,KCNJ11,PDE4DIP,RPL23A,SOD2,PINK1,HIST3H2A,TACC2,PNPLA6,MSRB1
gene_set_query	297	ZNF808	408.3	ARCHS4 Coexpression,384;Enrichr Queries,682;GTEx Coexpression,159	LRRC59,ADCYAP1R1,SMIM29,CTNND2,FAM107A,ATN1,CCDC106,ADCY8,FNBP1L,RPL8,APH1A,FAM168B,CAPNS1,IRAK1,KIF5C,PEA15,GDAP1L1,PHACTR3,HABP4,ZNF525,ZNF844,TNKS1BP1,ATP9B,APC2,ZNF483,PPP1R14B,RALGAPA2,VPS13D,PYCR1,MOGS,MAPK8IP2,BCL6,ASPHD1,WNK1,CD109,RBM12B,ARHGEF3,POLR3H,RPL29,LINC00641,INTS8,NECTIN2,FKBP5,PLEC
gene_set_query	298	ZNF784	411.7	ARCHS4 Coexpression,135;Enrichr Queries,374;GTEx Coexpression,726	RTN2,UBE2D4,HSPB6,CEBPD,SMIM29,CITED4,HSPB1,ARHGEF10L,CCDC106,APH1A,CAPNS1,SNRNP70,ZMIZ2,MACROD1,SERPINH1,RPL13,MFN2,KIF1C,ZNF787,MAP3K6,RAB11FIP3,SNTA1,SEMA6C,RPS9,KCNJ11,GADD45A,CSNK1D,MOGS,NR1D1,ANO5,GADD45G,SMTN,TMLHE,BCL6,IRF1,MAFF,TRIP6,PLEKHM2,RAF1,PLEC
gene_set_query	299	SOX10	412.0	ARCHS4 Coexpression,120;Enrichr Queries,796;ReMap ChIP-seq,269;GTEx Coexpression,463	LINC01354,FAM107A,ATN1,EFCAB5,PHTF1,LAPTM4A,SCRN1,HEY1,MPRIP,HABP4,SLC16A6,TIMP3,ZNF326,RNF150,FGFBP3,BCAS1,PAQR6,TLE1,ENTPD2,RBM18,GAB2,MFSD11,MTURN,RGMA,BCAN,TOM1L2,DYNC1LI2,TMEM135,RHOJ,MMP17,ARHGEF3,ACSBG1,PLEC,FKBP5,CEBPD,COL11A1,ATL2,METTL21A,NDRG2,CYTH3,DNAJB1,ABR,TP53INP2,SERPINH1,CDH23,ANKRD54,PLXNA1,MBP,MAP4,SPTBN1,RBM11,WWTR1,CA10,CRTAP,POU2F1,ZBTB16,CAV1,IGIP,DTNBP1,LINC00909,HIPK2,BCL6,STK17A,KYAT3,PLEKHM2,ANP32B,NOL12,GSTM5
gene_set_query	300	CREB3L2	412.0	ARCHS4 Coexpression,516;Enrichr Queries,261;GTEx Coexpression,459	YAP1,KMT2D,LRRC59,CEBPD,SMIM29,NEDD9,HSPB1,FOXRED1,TM9SF4,SERPINH1,TIMP3,TNKS1BP1,EMILIN1,TIMP1,RREB1,TGM2,ACVR1,CRTAP,ANXA2,ITGA3,CAV2,GADD45A,CAV1,COBL,EMP1,LAMB1,PARVA,VASN,HIPK2,PINK1,MMP14,SMTN,BCL6,WNK1,RAB34,TRIP6,COL5A2,FKBP9,PLA2R1,FKBP5
gene_set_query	301	MAFG	414.5	ARCHS4 Coexpression,495;Enrichr Queries,173;ReMap ChIP-seq,276;GTEx Coexpression,714	LINC01354,SRXN1,CITED4,PTEN,HSPB1,SHE,FTH1,ZMIZ2,SBF2,PLA2G12A,ANXA2,DAPK1,TSC22D3,RTN4RL2,CSNK1D,MOGS,GAB2,ANO5,PATL1,ATXN2L,PTP4A2,TMEM135,MMP14,IRF1,RBM12B,CMPK1,RAF1,FTL,PLEC,RTN2,KMT2D,LRRC59,CEBPD,SMIM29,RPL11,ATL2,APH1A,DNAJB1,ARVCF,FAM168B,IRAK1,UBC,MFN2,ZNF787,ZNF346,RPL18,E2F6,RREB1,RPL17,FAM120AOS,KCNJ11,BICRAL,GADD45A,SMOX,CAV1,NBEAL2,NR1D1,GADD45G,SLC25A37,PAN3,HIST3H2A,CASTOR3,BCL6,MAFF,PLEKHM2,MAFK,PNPLA6
gene_set_query	302	ZNF141	414.7	ARCHS4 Coexpression,349;Enrichr Queries,632;GTEx Coexpression,263	ZNF254,LRRC59,ZNF175,SMIM29,HMGB2,ATN1,CHD2,FNBP1L,APH1A,PNN,FAM168B,CAPNS1,IRAK1,SNRNP70,ZNF525,ZNF844,TNKS1BP1,MFN2,KIF1C,ZNF787,HNRNPA1,APBB3,PLXNA3,HNRNPA3,ZNF483,PPP1R14B,CRTAP,POU2F1,LRBA,PDE4DIP,MOGS,SYTL2,INPP4B,DMTF1,RBM12B,PLEKHM2,HNRNPH3,NAXD,TARDBP
gene_set_query	303	ZNF140	414.7	ARCHS4 Coexpression,79;Enrichr Queries,1056;GTEx Coexpression,109	ZNF254,LRRC59,ZNF175,CEBPD,SMIM29,RPL12,ATN1,PPWD1,FNBP1L,APH1A,PNN,FAM168B,MPRIP,CAPNS1,IRAK1,SNRNP70,ZMIZ2,ZNF525,ZNF426,TNKS1BP1,MFN2,KIF1C,ZNF787,RPL17,PLXNA3,HNRNPA3,RPS9,CRTAP,TAF15,GADD45A,NEK7,CSNK1D,MOGS,KAT2A,ILF3,PAN3,DMTF1,BCL6,HNRNPH1,IRF1,ECHDC2,PLEKHM2,HNRNPH3,PNPLA6,TARDBP,RPL28
gene_set_query	304	HOXC5	414.7	ARCHS4 Coexpression,179;Enrichr Queries,891;GTEx Coexpression,174	YAP1,RPL4,LRRC59,FLT1,CEBPD,RPL12,ATN1,ADIRF,PEAR1,RPL8,RPS17,FAM168B,HEY1,SPR,IRAK1,TIMP3,TNKS1BP1,PLXNA1,EIF2D,RPS2,TGM2,ACVR1,SEC24B,CRTAP,PPP1R14B,FOXD1,ICMT,FOXF2,CAV1,ZBTB16,ARNT,PYCR1,SNX21,VASN,RGMA,TUFM,MMP14,RAB34,COL5A2,TRIP6,POLR3H,FKBP9,PLEC
gene_set_query	305	GTF2B	415.3	ARCHS4 Coexpression,372;ENCODE ChIP-seq,54;ReMap ChIP-seq,100;GTEx Coexpression,1135	RPL3,TAMM41,POP4,MPI,ATN1,GXYLT1,MT1X,CASC3,GPATCH8,TOMM22,NDST2,PPP1CB,PNN,FBL,FRAT2,RPS16,RPS19,MPRIP,CAPNS1,CSKMT,KIF5B,RPL36,MACROD1,ZNF844,RPL38,EIF2D,RPS11,ATXN7L2,RPS9,ENTPD2,DGAT1,RPS5,RPS6,MOGS,RPSA,MFSD11,TMEM135,ILF3,RAB34,CD109,CDC37,PKP4,RPL29,RPL28,FTL,RTN2,SPTBN4,LRRC59,SET,NECAB3,KLC4,UBC,MAP4,RAB11FIP3,GADD45A,NEK7,SNHG8,IFT122,NBEAL2,NR1D1,VASN,TBL3,SMTN,RPS27,EIF2S3,WNK1,TRIP6,MAFK,RPS20,NOL12,INTS8,BCL2L2,GPR19,SETD6,ZFAND2A,HMGB2,CLTB,HSPB1,CHD2,PITPNC1,RND1,RPS4X,SNRNP70,RPLP2,SH3BGRL2,TNKS1BP1,KIF1C,EMILIN1,ANXA2,RBM18,TSC22D3,RPL13A,COMMD5,EEF1G,LATS1,PTP4A2,MED24,SDHAF2,IRF1,MMP17,ITGA7,DNASE2,NSRP1,PFDN5,PLEC,TSEN34,RPL10,RPL12,ATL2,RPL11,RPL36A,FOXK2,PBXIP1,CCDC106,WDR24,APOLD1,DNAJB1,TAF1D,FAM168B,ELMSAN1,RPL13,RPS2,HNRNPA1,E2F6,EIF4B,ZNF584,GDF11,PPP1R14B,HNRNPA3,TAF12,SQOR,RPL23A,PTPN11,ALDH4A1,PER1,HIST3H2A,MSRB1
gene_set_query	306	MBD6	416.0	ARCHS4 Coexpression,604;GTEx Coexpression,228	KMT2D,HNRNPA3,IFT140,IFT172,AKAP8L,ATN1,CSNK1D,NBEAL2,DNAAF4,AKAP17A,ATXN2L,PNN,ILF3,FRAT2,HNRNPH1,SNRNP70,PACS1,ZMIZ2,D2HGDH,ZNF787,PNPLA6,APBB3,RPL28,MSRB1
gene_set_query	307	ETV5	416.3	ARCHS4 Coexpression,806;Enrichr Queries,225;GTEx Coexpression,218	RIPOR2,SMIM29,TUSC3,MAGED1,CTNND2,HSPB1,PBXIP1,CCDC106,DLL3,CYTH3,FAM171A2,HEY1,SCRN1,GDAP1L1,TIMP3,TIMP1,LINC00632,TGM2,CHST8,PPP1R26,WWTR1,NORAD,ANXA2,DAPK1,GADD45A,TSC22D3,CAV1,EMP1,TAP1,NBEAL2,INHBA,MAPK8IP2,AGBL4,BCL6,ASPHD1,RAB37,IRF1,MAFF,S100A6,BCL2,POLR3H,TAGLN2,FKBP9,GPR19,FKBP5
gene_set_query	308	NR1D1	417.0	ARCHS4 Coexpression,47;Enrichr Queries,30;GTEx Coexpression,1174	KCNC1,CLTB,ATN1,HSPB1,FTH1,KIF5A,TIMP3,PHF24,TIMP1,PPFIA3,TGM2,SNTA1,PAQR6,ANXA2,TSC22D3,EMP1,COBL,MAPK8IP2,MTURN,TOM1L2,MMP14,IRF1,CRY2,S100A6,NUPR1,FKBP5,PLEC,SPTBN4,CEBPD,SMIM29,ZBTB47,ACVR1B,NDRG2,ZBTB4,ELMSAN1,TP53INP2,UBC,MAP4,GADD45A,KCNJ9,ZBTB16,SNX21,GRIN2C,GADD45G,PER1,PINK1,BCL6,MAFF,PLEKHM2,BCL2L2
gene_set_query	309	E4F1	418.0	Literature ChIP-seq,163;ARCHS4 Coexpression,292;Enrichr Queries,456;GTEx Coexpression,761	KMT2D,AKAP8L,ATN1,HSPB1,WDR24,SNRNP70,ZMIZ2,UBC,RPLP2,D2HGDH,BRD9,RPS2,ZNF787,RAB11FIP3,MIGA2,PUS1,PCIF1,PPP1R16A,AXIN1,GTPBP6,CSNK1D,MOGS,MFSD10,GADD45G,TBL3,ATG16L1,EEF1D,IRF1,MAFK,PNPLA6,PLEC
gene_set_query	310	ZNF512	419.0	ARCHS4 Coexpression,681;Enrichr Queries,416;GTEx Coexpression,160	ZNF175,RPL3,SMIM29,MAGED1,IFT172,HSPB1,ACVR1B,FNBP1L,KLC1,ZBTB4,SHD,UNG,TOMM22,PPP1CB,PNN,ARVCF,DHRS7B,FTH1,ZNF280C,GDAP1L1,MAP4,RPL18,HNRNPA1,SPTBN1,PLXNA3,MAP4K4,HNRNPA3,ANXA2,DCC,NFATC4,MED22,TTLL3,DMTF1,HNRNPH1,RAB34,RBM12B,HNRNPD,HNRNPH3,TARDBP,PAFAH1B3,FKBP5
gene_set_query	311	ZNF385B	419.7	ARCHS4 Coexpression,411;Enrichr Queries,621;GTEx Coexpression,227	SPTBN4,SNED1,KCNC1,CTNND2,CIB2,NDRG2,SHD,GRM5,RIMS3,KIF5A,PLXNA2,PHF24,TBC1D10A,SEMA6C,NTNG2,UNC13C,MPP3,CA10,DTNA,KCNJ11,KCNJ9,ZBTB16,CAV1,PDE4DIP,COBL,MYRIP,GRIN2C,MAPK8IP2,MTURN,PPP1R3F,INPP4B,RIT2,KCNS1,CDH10,MPPED2,ACO2,TACC2,BCL2L2,RAPGEF4,FKBP5
gene_set_query	312	DDIT3	420.7	ARCHS4 Coexpression,700;Enrichr Queries,47;GTEx Coexpression,515	SRXN1,CEBPD,SMIM29,ZFAND2A,HSPB1,METTL21A,FHIT,DNAJB1,FAM168B,MPRIP,SNRNP70,FTH1,ZMIZ2,UBC,SERPINH1,TIMP3,TIMP1,APBB3,TGM2,HNRNPA3,ANXA2,GADD45A,TSC22D3,CAV1,EMP1,MOGS,NR1D1,SOD2,GADD45G,SLC25A37,ILF3,BCL6,IRF1,MAFF,NUPR1,FAM50A,FTL
gene_set_query	313	USF3	421.0	ARCHS4 Coexpression,261;GTEx Coexpression,581	RTN2,LRRC59,UBE2D4,RPL8,MTRNR2L1,CHD2,APH1A,MACROD1,SERPINH1,RPL18,E2F6,ATP9B,USP24,PPP1R14B,KCNJ11,RALGAPA2,VPS13D,PDE4DIP,PYCR1,QRSL1,ANO5,TUFM,WNK1,PEAK1,TRIP6,RAF1,RPL29
gene_set_query	314	HOXB3	421.7	ARCHS4 Coexpression,342;Enrichr Queries,668;GTEx Coexpression,255	LAMA5,KMT2D,SMIM29,HSPB6,NXN,ATL2,ATN1,NEDD9,HEY1,MPRIP,CAPNS1,SNRNP70,ZMIZ2,SCMH1,TIMP3,TNKS1BP1,EMILIN1,RNF150,TGM2,WWTR1,CRTAP,HNRNPA3,FOXD1,TAF15,FOXF2,ITGA1,EMP1,PARVA,LAMB1,NFATC4,ATXN2L,SMTN,MMP14,ILF3,BCL6,CRISPLD2,TRAF5,COL5A2,BCL2,SRSF4
gene_set_query	315	ZZZ3	422.6	ARCHS4 Coexpression,414;ENCODE ChIP-seq,16;Enrichr Queries,849;ReMap ChIP-seq,259;GTEx Coexpression,575	RPL3,PTEN,CHD2,PVR,PPP1CB,CAPNS1,CSKMT,AIFM2,KIF5B,ZMIZ2,RPL36,FLOT1,RPL35,RPL38,ATXN7L2,SBF2,ACVR1,ANXA2,TSC22D3,CSNK1D,LATS1,PTP4A2,BCAN,MED22,MMP14,LSG1,DMTF1,CD109,CDC37,CHI3L2,TAGLN2,FKBP9,RPL29,RPL28,UBA52,SET,GSTCD,RPL11,WDR24,RPS3,ZNF787,RREB1,RPL17,EIF4B,PRELID3B,SEC24B,GADD45A,NEK7,OGA,PTPN11,NBEAL2,VASN,LAS1L,WNK1,COL5A2,KYAT3,PLEKHM2,EIF3F,PNPLA6,NOL12,MSRB1
gene_set_query	316	STAT6	422.8	Literature ChIP-seq,144;ARCHS4 Coexpression,1227;Enrichr Queries,116;GTEx Coexpression,204	HSPB1,CCND3,FRAT2,MPRIP,KIF5C,FTH1,RNPEP,HABP4,TIMP3,DGCR6,TIMP1,TGM2,APC2,ANXA2,TSC22D3,TAP2,EMP1,TAP1,TEX2,MAPK8IP2,TAPBP,PPP1R3F,MMP14,ASPHD1,PACS1,IRF1,CD109,PEX5,S100A6,TAGLN2,PLEC,CEBPD,PBXIP1,CCDC106,KLC1,NDRG2,FHIT,TRAK2,UBC,SERPINH1,SPTBN1,RAB11FIP4,MAPK3,NORAD,CAV1,PHF12,NBEAL2,HIPK2,PINK1,BCL6,BCL2,PNPLA6
gene_set_query	317	ZNF777	424.3	ARCHS4 Coexpression,139;Enrichr Queries,89;GTEx Coexpression,1045	LAMA5,KMT2D,LRRC59,CEBPD,SMIM29,ATN1,HSPB1,APH1A,ABR,FAM168B,CAPNS1,IRAK1,SNRNP70,ZMIZ2,GPC1,SERPINH1,PLXNA1,GSE1,MFN2,ZNF787,RPS2,RREB1,PELP1,ZNF584,RBM14,PPP1R14B,TAF15,SMOX,GADD45A,TSC22D3,PCIF1,AXIN1,PDE4DIP,MOGS,ATXN2L,SMTN,ILF3,ADCK2,BCL6,PLEKHM2,TACC2,PNPLA6,RAF1,ZNF554,RPL28,PLEC
gene_set_query	318	NFYB	424.4	ARCHS4 Coexpression,878;ENCODE ChIP-seq,87;Enrichr Queries,962;ReMap ChIP-seq,54;GTEx Coexpression,141	GALNT18,MPI,ATN1,SAT2,RPL9,GPATCH8,PPP1CB,FBL,PNN,RPS16,CAPNS1,CSKMT,KIF5B,SCMH1,SAP130,NUDT16,PPFIA3,TBC1D10A,ACVR1,RPS9,RPS5,MOGS,RPSA,CSNK1D,CYS1,TEX2,LZTFL1,TUFM,TOM1L2,TMEM135,CRISPLD2,RAB34,DMWD,CDC37,SNHG10,RPL28,UBA52,FTL,FKBP5,RTN2,SPTBN4,KMT2D,SET,APH1A,KLC4,DHRS7B,SMYD2,RDH14,ZNF787,TSPAN3,FAM120AOS,WWTR1,CRTAP,POU2F1,GADD45A,NEK7,PYCR1,IFT122,PARVA,NBEAL2,GADD45G,MARCH2,TBL3,SMTN,BCL6,LAS1L,HNRNPD,KYAT3,GTF2IRD1,NOL12,DNAL4,BCL2L2,TRAM2-AS1,ZNF254,OSCP1,HSPB6,MTMR14,ZFAND2A,AKAP8L,CITED4,PTEN,HMGB2,HSPB1,PPWD1,CHD2,RND1,HEY1,ZIC2,RPLP2,RAC3,PELP1,METTL17,PRMT5,RBM14,IFT140,ITGA1,ANO8,RPL13A,EMP1,QRSL1,TOMM40L,EEF1G,PTP4A2,NDUFS8,PACS1,IRF1,DNASE2,NSRP1,PAFAH1B3,ZBTB47,RPL10,FOXK2,PBXIP1,WDR24,FOXRED1,DNAJB1,ARVCF,RPS2,RPL18,HNRNPA1,APBB3,EIF4B,ZNF584,PPP1R14B,PTPN11,RPL23A,TYW1B,ALDH4A1,PER1,SLC25A37,HIST3H2A,POLR3H,EIF3F,NAXD,PNPLA6,EIF3D,MSRB1
gene_set_query	319	AEBP1	424.5	ARCHS4 Coexpression,68;GTEx Coexpression,781	YAP1,USP35,SNED1,ZBTB47,ATN1,PRELP,ZBTB4,CYTH3,MPRIP,SNRNP70,GPC1,SERPINH1,TNKS1BP1,PLXNA1,EMILIN1,MAP4,MAP3K6,CRTAP,ITGA3,PARVA,LAMB1,INHBA,VASN,NFATC4,MMP14,SMTN,CRISPLD1,RAB34,COL5A2,FKBP9
gene_set_query	320	CREB3L1	425.0	ARCHS4 Coexpression,347;Enrichr Queries,127;ReMap ChIP-seq,10;GTEx Coexpression,1216	ZNF175,CASC3,RPL8,PVR,CCND3,RPS16,CAPNS1,RPS18,FTH1,KIF5A,SLC25A42,RPS11,PPFIA3,TGM2,RPS9,DGAT1,RPS5,PPP1R16A,MOGS,CSNK1D,CRISPLD2,DMWD,RAB34,CDC37,S100A6,TAGLN2,NUPR1,FKBP9,FTL,FKBP5,RTN2,LRRC59,TSTA3,KMT2D,UBC,SERPINH1,MAP3K21,RREB1,PLXNA3,CAV1,PYCR1,NBEAL2,PARVA,NR1D1,INHBA,HARS2,VASN,GADD45G,NFATC4,TBL3,SMTN,RPS27,TRIP6,COL5A2,ANP32B,NOL12,HSPB6,HSPB1,ZIC2,FLOT1,RPLP2,RAC3,TIMP3,TNKS1BP1,EMILIN1,TIMP1,FOXD1,ANXA2,RPL13A,EMP1,TAPBP,EEF1G,MED22,PTP4A2,MMP14,EEF1D,IRF1,IER3-AS1,TSEN34,PLEKHH3,SMIM29,CEBPD,RPL12,NEDD9,PBXIP1,CCDC106,WDR24,DLL3,DNAJB1,ARVCF,GPC1,RPS2,RPL18,HNRNPA1,RPL23A,LAMB1,PER1,PNPLA6,MSRB1
gene_set_query	321	FOXC1	425.7	ARCHS4 Coexpression,282;Enrichr Queries,229;GTEx Coexpression,766	YAP1,USP35,BCAR3,RPL4,LRRC59,CEBPD,SMIM29,ATN1,ADIRF,HSPB1,FOXK2,PRELP,RPS4X,RPS17,HEY1,IRAK1,SNRNP70,TIMP3,TNKS1BP1,RAC3,TIMP1,RPS2,TGM2,PELP1,CRTAP,FOXD1,ICMT,TAF15,ANXA2,FOXF2,ITGA3,GADD45A,CAV1,EMP1,INHBA,BMP2,ILF3,CRISPLD1,BCL6,MAFF,COL5A2,S100A6
gene_set_query	322	ZNF488	426.0	ARCHS4 Coexpression,195;Enrichr Queries,657	SMIM29,NDRG2,RIMS3,TP53INP2,KIF5A,TIMP3,PLXNA1,PHF24,MBP,NUDT16,TGM2,BCAS1,PAQR6,CA10,DGAT1,GADD45A,KCNJ9,CAV1,EMP1,COBL,MYRIP,MAPK8IP2,MTURN,SYTL2,BCAN,TOM1L2,BCL6,PKP4,FKBP5
gene_set_query	323	ZNF550	426.0	ARCHS4 Coexpression,521;Enrichr Queries,712;GTEx Coexpression,45	RPL4,ZNF254,TAMM41,CLTB,ATN1,RPL8,CHD2,RPS4X,CAPNS1,RPS18,HABP4,FLOT1,ZNF844,TNKS1BP1,KIF1C,RAC1,RPL39,TSC22D3,RPS6,EEF1G,DMTF1,HNRNPH1,RBM12B,TRAF5,RPL29,LRRC59,SMIM29,RPL12,RPL11,PRDM15,RPL36A,APH1A,RPS3,ZNF426,RPS2,RPL17,EIF4B,CRTAP,GADD45A,RPL23A,HARS2,EIF2S3,BCL6,STK17A,RPL27A,MAFF,HNRNPD,PNPLA6,NECTIN2
gene_set_query	324	SCRT1	427.0	ARCHS4 Coexpression,97;Enrichr Queries,757	SPTBN4,SHC2,KCNC1,SMIM29,CTNND2,CCDC106,FAM171A2,CUX2,RIMS3,KIF5C,TP53INP2,KIF5A,GDAP1L1,GSE1,PHF24,PPFIA3,APC2,KCNJ9,ZBTB16,ANO8,NR1D1,MAPK8IP2,MTURN,TOM1L2,CASTOR3,KCNS1,ASPHD1,PLEC
gene_set_query	325	SOX12	429.0	ARCHS4 Coexpression,38;Enrichr Queries,1076;GTEx Coexpression,173	SPTBN4,SMIM29,IFT172,AKAP8L,ATN1,HSPB1,ZBTB4,SMG6,ARVCF,FAM171A2,SNRNP70,KIF5C,GPC1,ANKRD54,PLXNA1,GSE1,RAC3,ZNF787,NINL,RAB11FIP3,PPFIA3,PELP1,MAP4K4,APC2,PPP1R26,GDF11,HNRNPA3,TAF15,FOXF2,IFT140,PCGF2,ANO8,RABL2B,PYCR1,NR1D1,GRIN2C,ATXN2L,KAT2A,ILF3,LAS1L,DMTF1,BCL6,RPL37A,HNRNPD,FKBP5,PLEC
gene_set_query	326	INSM1	430.0	ARCHS4 Coexpression,345;Enrichr Queries,608;GTEx Coexpression,337	SPTBN4,SHC2,KCNC1,SMIM29,TUSC3,MAGED1,IGSF1,CTNND2,TMEM200C,FNBP1L,ACVR1B,DLL3,GOLGA3,FAM171A2,ARVCF,CUX2,HEY1,ZIC2,KIF5C,GDAP1L1,PLXNA2,GSE1,PPFIA3,LINC00632,PLXNA3,REPS1,CHST8,APC2,GDF11,FOXD1,DCC,ANO8,GADD45G,BMP2,CASTOR3,SPIRE2,GPR19
gene_set_query	327	ZNF23	431.0	ARCHS4 Coexpression,454;Enrichr Queries,172;GTEx Coexpression,667	LRRC59,ZNF175,SMIM29,MAGED1,IFT172,IGSF1,ATN1,PTEN,NEDD9,FNBP1L,PPP1CB,APH1A,HEY1,CAPNS1,IRAK1,SLC16A6,ZNF787,LINC00632,TGM2,CHST8,RPS9,GADD45A,ZBTB16,TSC22D3,CAV1,RABL2B,PDE4DIP,MOGS,LZTFL1,SYTL2,GADD45G,DMTF1,BCL6,CRISPLD2,EEF1D,MAFF,MPPED2,ECHDC2,SPIN2B,NUPR1,PNPLA6,UBA52,FKBP5
gene_set_query	328	ZNF524	431.3	ARCHS4 Coexpression,683;Enrichr Queries,124;GTEx Coexpression,487	TSEN34,CEBPD,SMIM29,CITED4,HSPB1,PBXIP1,CCND3,FRAT2,FTH1,MACROD1,ZNF787,TIMP1,RPS9,TAF12,GADD45A,TSC22D3,AXIN1,TAP1,NBEAL2,COMMD5,MFSD10,GADD45G,MARCH2,NDUFS8,SDHAF2,BCL6,EEF1D,RAB37,S100A6,TAGLN2,EIF3F,NUPR1,PNPLA6,RAF1,RPL28,MSRB1,PLEC
gene_set_query	329	ZNF48	431.3	ARCHS4 Coexpression,2;Enrichr Queries,720;GTEx Coexpression,572	CIB2,SHE,RPS17,RIMS3,RPS19,RPS18,KIF5C,FTH1,GDAP1L1,MACROD1,RPL36,RAC3,RPL38,RPS11,NINL,PELP1,APC2,RPS9,ANO8,RPL13A,CDPF1,RPSA,ATXN2L,PPP1R3F,ILF3,IRF1,RPL37A,SPIN2B,NUPR1,ZNF554,ZNF510,SMIM29,SLC43A2,NXN,RPL36A,C2CD4C,KLC1,FAM168B,FAM171A2,ARVCF,GSE1,RPL13,RPS2,ZNF787,RPL17,RAB11FIP3,MAP4K4,PPP1R26,GDF11,PPP1R14B,PCGF2,TRIP6,HNRNPD,RPS20,NECTIN2
gene_set_query	330	CENPT	431.3	ARCHS4 Coexpression,263;Enrichr Queries,567;GTEx Coexpression,464	SMIM29,AKAP8L,HMGB2,HSPB1,PBXIP1,PEAR1,CCND3,SNRNP70,ZMIZ2,SERPINH1,SH3BGRL2,ARL6IP4,BRD9,TIMP1,METTL17,TGM2,MIGA2,ANXA2,SMOX,EMP1,MOGS,LRRC37B,MFSD10,ATXN2L,MARCH2,KAT2A,PAN3,LAS1L,DMTF1,RAB37,CDC37,S100A6,TAGLN2,TRAM2-AS1,PLEC
gene_set_query	331	ZNF365	431.3	ARCHS4 Coexpression,278;Enrichr Queries,618;GTEx Coexpression,398	SPTBN4,SMIM29,KCNC1,CTNND2,NDRG2,FAM171A2,GRM5,RIMS3,KIF5C,KIF5A,GDAP1L1,PLXNA2,PHF24,TIMP3,PLXNA1,MBP,PPFIA3,TGM2,UNC13C,PAQR6,KCNJ9,CAV1,EMP1,INHBA,MAPK8IP2,MTURN,SYTL2,AGBL4,INPP4B,KCNS1,ARHGEF3,NUPR1,CTXN2,LINC00641,CAMK1G,BCL2L2,RAPGEF4
gene_set_query	332	ZNF460	431.7	ARCHS4 Coexpression,50;Enrichr Queries,234;GTEx Coexpression,1011	ZNF254,KMT2D,SMIM29,RPL10,TAMM41,TUSC3,PTEN,NEDD9,CHD2,RPL8,FNBP1L,MTRNR2L1,CAPNS1,ELMSAN1,FTH1,ZMIZ2,RPL36,ARIH1,RPS2,TSPAN3,RPL18,RPS11,RREB1,ATP9B,SPTBN1,SEC24B,ZNF483,RPS9,TSC22D3,LRBA,SIAH1,VPS13D,EMP1,PDE4DIP,SOD2,PATL1,BCL6,WNK1,MAFF,RBM12B,BCL2,TAGLN2,ANP32B,RPL29,RPL28,UBA52,PLEC
gene_set_query	333	ZNF226	433.0	ARCHS4 Coexpression,422;Enrichr Queries,755;GTEx Coexpression,122	ZNF254,LRRC59,SMIM29,MAGED1,IFT172,AKAP8L,ATN1,HMGB2,PPWD1,LRRC6,FNBP1L,APH1A,PNN,CAPNS1,IRAK1,SNRNP70,ZMIZ2,TNKS1BP1,MFN2,KIF1C,TIMP1,NINL,APBB3,HNRNPA3,IFT140,GADD45A,TSC22D3,RABL2B,PDE4DIP,MOGS,SYTL2,ATXN2L,KAT2A,ILF3,TTLL3,DMTF1,BCL6,IRF1,MPPED2,BCL2,PLEKHM2,PNPLA6
gene_set_query	334	STAT5A	434.0	Literature ChIP-seq,139;ARCHS4 Coexpression,1459;ENCODE ChIP-seq,96;Enrichr Queries,185;ReMap ChIP-seq,74;GTEx Coexpression,651	UBE2D4,POP4,MPI,ATN1,SAT2,CASC3,RPL8,TOMM22,NDST2,PNN,CCND3,RPS16,RPS19,RPS18,FTH1,DHX58,RPL36,RPL35,RPL38,SLC25A42,RPS11,MAP3K6,RPS12,TGM2,DGAT1,RPL21,RPS6,TAP2,TAP1,RPSA,MFSD11,TEX2,SDCBP2,MFSD10,TUFM,EEF1A1,TOM1L2,INPP4B,TMEM135,SNHG12,RAB34,CDC37,TAGLN2,SRSF4,NUPR1,RPL29,RAF1,LINC00641,UBA52,ZNF554,FTL,FKBP5,TSTA3,TBC1D19,AKAP17A,UBC,DTNA,GADD45A,CAV2,CAV1,PCIF1,NEK7,CIDEA,SNHG8,NBEAL2,SNHG5,HARS2,ACADSB,TBL3,RPS28,RPS27,BCL6,LAS1L,ATG16L1,MAFF,BCL2,ECHDC2,RPS20,BCL2L2,ZFAS1,CITED4,AKAP8L,PTEN,HSPB1,ARHGEF10L,CHD2,PHTF1,AIFM2,RARS,FLOT1,RPLP2,TIMP3,RAC3,TIMP1,ARIH1,ANXA2,TSC22D3,ITGA1,RPL13A,EMP1,QRSL1,PTP4A2,MED22,KAT2A,HNRNPH1,IRF1,RPL37A,CHI3L2,IER3-AS1,DNASE2,PIGL,NSRP1,PAFAH1B3,PFDN5,PLEKHH3,RPL10,CEBPD,ADCY4,CCDC106,APOLD1,RPS3,BRD9,RPS2,HNRNPA1,E2F6,APBB3,MAPK4,REPS1,HNRNPA3,FKRP,TAF15,SQOR,RPL23A,SOD2,LYVE1,HIPK3,PER1,PINK1,HIST3H2A,STK17A,NAXD,TARDBP,TPT1,MSRB1
gene_set_query	335	PURB	434.5	ARCHS4 Coexpression,215;GTEx Coexpression,654	KMT2D,LRRC59,ZNF175,KCNC1,ATN1,GPATCH8,APH1A,FAM168B,SLK,ZIC2,MPRIP,IRAK1,KIF5B,TNKS1BP1,EIF4B,SPTBN1,CA10,HNRNPA3,TAF15,VPS13D,PTPN11,GRIN2C,KCNAB3,LATS1,ILF3,RIT2,WNK1,ZNF510,BCL2L2
gene_set_query	336	AR	434.6	Literature ChIP-seq,74;ARCHS4 Coexpression,663;Enrichr Queries,205;ReMap ChIP-seq,249;GTEx Coexpression,982	TUSC3,GALNT18,POP4,CTNND2,ATN1,METRNL,CDC14B,PPP1CB,PNN,FBL,OPHN1,ZMIZ2,PPP4R4,KIF5B,SAP130,SLC16A6,MACROD1,ZNF326,SBF2,VPS39,TGM2,CSGALNACT1,TLE1,ENTPD2,RPL21,DAPK1,RALGAPA2,PUS1,TAP1,RNASE4,CSNK1D,SLC6A11,MAPK8IP2,LRRC37B,CRISPLD1,CRISPLD2,RAB34,CTXN3,FKBP9,FKBP5,RTN2,NECAB3,PRDM15,KLC1,FHIT,ABR,UBC,SERPINH1,PLXNA2,CDH23,GSE1,RDH14,MBP,ZNF787,GAS2L1,RREB1,RAB11FIP3,SPTBN1,WNT10B,NTNG2,CRTAP,ZBTB16,PHF12,CAV1,LRBA,RARRES2,PARVA,INHBA,NR1D1,ACADSB,GADD45G,BMP2,BCL6,LAS1L,ADCK2,WNK1,COL5A2,BCL2,ECHDC2,PRR5,FLT1,KCNC1,ZFAND2A,CITED4,NGLY1,PTEN,CLTB,HSPB1,CHD2,ASGR1,PITPNC1,SMG6,SGCD,SPR,SCRN1,ZIC2,TMEM44,RARS,ZNF280C,CA4,PHACTR3,RPLP2,TIMP3,TNKS1BP1,RAC3,RNF150,ARIH1,RAC1,NINL,BCAS1,CHST8,CERS6,FOXD1,ANXA2,DCC,BHMT2,TSC22D3,AXIN1,ARNT,EMP1,COBL,MYRIP,MKLN1-AS,SUMF1,EEF1G,SLCO4A1,IRF1,CDH10,RPL37A,MPPED2,RHOJ,RBM12B,PIGL,CAMK1G,PLEC,RAPGEF4,MVK,CEBPD,ATL2,FOXK2,PBXIP1,ADCY8,WDR24,UNG,CYTH3,CUX2,ELMSAN1,ATP9B,MAPK4,PPP1R14B,SEC24B,CA10,TAF15,TAF12,PDE4DIP,RPL23A,PTPN11,HIPK2,ALDH4A1,PER1,AGBL4,PC,RIT2,NAXD,TACC2,EIF3D,TPT1
gene_set_query	337	SMAD4	434.8	Literature ChIP-seq,112;ARCHS4 Coexpression,1007;Enrichr Queries,363;ReMap ChIP-seq,245;GTEx Coexpression,447	OSCP1,RPL3,PTEN,RPL8,FNBP1L,CHD2,NDST2,PPP1CB,PNN,RPS16,SLK,HEY1,ZIC2,SNRNP70,KIF5B,SCMH1,RPLP2,SBF2,PPFIA3,TGM2,ANXA2,VPS13D,ARNT,EMP1,MOGS,SYTL2,LATS1,EEF1A1,RAB37,CDC37,IRF1,RBM12B,RBM20,SRSF4,TAGLN2,ZNF554,RTN2,SMIM29,KIF9-AS1,NEDD9,NDRG2,ABR,FAM168B,CUX2,EPCAM,UBC,PLXNA2,GAS2L1,E2F6,EIF4B,RAB11FIP4,JAM2,SPTBN1,MAPK3,USP24,WWTR1,SEC24B,GADD45A,SMOX,CAV1,LRBA,PARVA,PTPN11,HIPK3,GADD45G,HIPK2,BCL6,WNK1,STK17A,TRIP6,FNDC10,HNRNPD,BCL2,MAFK,NECTIN2
gene_set_query	338	FOXP2	435.2	Literature ChIP-seq,63;ARCHS4 Coexpression,1134;ENCODE ChIP-seq,65;Enrichr Queries,1044;ReMap ChIP-seq,8;GTEx Coexpression,297	GXYLT1,RPL8,METRNL,FNBP1L,PPP1CB,CCND3,RPS16,FRAT2,CAPNS1,RPS19,KIF5C,FTH1,SCMH1,RPL36,MACROD1,ARL6IP4,EIF2D,RPS11,SBF2,PPFIA3,TGM2,RPS9,ENTPD2,DGAT1,RPS5,PPP1R16A,CSNK1D,MOGS,MFSD11,ATXN2L,TMEM135,CRISPLD1,RAB34,CDC37,TYRO3,FKBP9,NUPR1,RPL28,UBA52,FTL,FKBP5,RTN2,TSTA3,LRRC59,SHC2,TBC1D19,C2CD4C,ZBTB4,APH1A,PLXNA2,GSE1,AMZ2,GAS2L1,PLXNA3,WWTR1,NTNG2,ICMT,DTNA,FOXF2,ZBTB16,OGA,PYCR1,RABL2B,PARVA,NR1D1,INHBA,SMTN,TBL3,MAFF,BCL2,MAFK,DOCK6,MTMR14,HMGB2,HSPB1,PEAR1,HEY1,ZIC2,RASGEF1A,TMEM44,RARS,RPLP2,TNKS1BP1,EMILIN1,RNF150,ARIH1,APC2,DCC,ITGA1,VPS13D,ANO8,RPL13A,COBL,ANO5,RGMA,EEF1G,PTP4A2,NDUFS8,EEF1D,MPPED2,CRY2,PAFAH1B3,PLEC,TSEN34,LAMA5,PLEKHH3,RPL10,CEBPD,SMIM29,SLC43A2,NXN,RPL12,ATL2,CCDC106,WDR24,DNAJB1,PDLIM2,MARVELD2,MFN2,RPL18,EIF4B,PPP1R14B,FKRP,SMOX,PCGF2,DTNBP1,RPL23A,PER1,STK17A,POLR3H,TACC2,NECTIN2,FAM50A
gene_set_query	339	ZBTB40	435.3	ARCHS4 Coexpression,636;Enrichr Queries,412;GTEx Coexpression,258	KMT2D,SMIM29,PPWD1,HSPB1,AKAP17A,CHD2,PNN,SNRNP70,ZMIZ2,PLXNA2,PLXNA1,GSE1,RREB1,VPS39,EIF4B,METTL17,MAP4K4,USP24,ITGA1,VPS13D,PDE4DIP,CSNK1D,MOGS,NBEAL2,ATXN2L,MED22,ILF3,BCL6,HNRNPH1,WNK1,TRAF5,BCL2,SNRNP200,FKBP5
gene_set_query	340	ZFP41	435.7	ARCHS4 Coexpression,100;Enrichr Queries,766;GTEx Coexpression,441	KMT2D,LAMA5,ADCYAP1R1,SMIM29,HMGB2,ATN1,APH1A,FAM171A2,FAM168B,MPRIP,IRAK1,KIF5C,SNRNP70,GPC1,ZMIZ2,GDAP1L1,PLXNA2,PHF24,ANKRD54,RAC3,PLXNA1,GSE1,TNKS1BP1,ZNF787,PPFIA3,APC2,TAF15,PPP1R16A,MOGS,MAPK8IP2,ATXN2L,ILF3,BCL6,SLCO4A1,IRF1,TYRO3,FNDC10,BCL2,POLR3H,MAFK,PNPLA6,FKBP5,PLEC
gene_set_query	341	FAM200B	436.0	ARCHS4 Coexpression,802;GTEx Coexpression,70	KMT2D,LRRC59,ARHGEF26-AS1,CTNND2,FAM107A,CCDC106,DLL3,APH1A,SCRN1,RASGEF1A,IRAK1,KIF5C,SNRNP70,ZMIZ2,PEA15,PHACTR3,HABP4,RAB11FIP4,APC2,GDF11,TAF15,NORAD,IGIP,MOGS,MTURN,ATXN2L,ILF3,ASPHD1,PNPLA6,CTXN2,LINC00641,GPR19
gene_set_query	342	RXRA	436.7	Literature ChIP-seq,132;ARCHS4 Coexpression,1014;ENCODE ChIP-seq,95;Enrichr Queries,32;ReMap ChIP-seq,44;GTEx Coexpression,1303	PITPNA,CASC3,SBF2-AS1,GPATCH8,TOMM22,CCND3,AS3MT,RPS16,FRAT2,RPS19,CSKMT,FTH1,SCMH1,RPL36,SLC16A6,EIF2D,ATXN7L2,SBF2,PPFIA3,TGM2,PAQR6,TLE1,DGAT1,DAPK1,RNASE4,CSNK1D,MOGS,MFSD11,WDR77,EEF1A1,RAB34,SNHG10,S100A6,TAGLN2,RAF1,RPL29,FTL,FKBP5,RTN2,NECAB3,SET,NDRG2,KLC1,ZBTB4,APH1A,FAM171A2,UBC,GSE1,ZNF787,RREB1,RBM11,GADD45A,ZBTB16,CAV1,PYCR1,NBEAL2,NR1D1,VASN,TBL3,ADCK2,BCL6,WNK1,ATG16L1,BCL2,PLEKHM2,MAFK,INTS8,TRAM2-AS1,GSTM5,SRXN1,HSPB6,MTMR14,PTEN,HSPB1,CHD2,MTRNR2L1,AATF,SHD,ZIC2,TMEM44,FLOT1,RPLP2,RAC3,TIMP3,EMILIN1,DGCR6,APC2,FOXD1,ANXA2,ITGA3,IFT140,TSC22D3,VPS13D,NGB,AXIN1,RTN4RL2,EEF1G,PTP4A2,LSG1,SLCO4A1,PACS1,HNRNPH1,IRF1,RPL37A,ITGA7,IER3-AS1,HNRNPH3,FAM193A,NSRP1,PAFAH1B3,PLEC,YAP1,LAMA5,SMIM29,CEBPD,SLC43A2,PBXIP1,PRELP,CCDC106,WDR24,UNG,TAF1D,PDLIM2,ELMSAN1,TP53INP2,RPS2,RPL18,HNRNPA1,EIF4B,RPL23A,HIPK2,PER1,STK17A,PNPLA6,MSRB1
gene_set_query	343	ZNF282	438.0	ARCHS4 Coexpression,475;Enrichr Queries,288;GTEx Coexpression,551	LRRC59,CEBPD,SMIM29,ATN1,HSPB1,RPL8,APH1A,FRAT2,ZIC2,CAPNS1,IRAK1,SNRNP70,PEA15,HABP4,SERPINH1,PLXNA1,TNKS1BP1,ZNF787,RPS2,RPL18,RREB1,PPP1R14B,NORAD,RPS5,PUS1,PCIF1,AXIN1,NBEAL2,MOGS,ATXN2L,ILF3,DMTF1,BCL6,TRIP6,MAFK,RPL29,EIF3D,PLEC
gene_set_query	344	ZNF277	439.0	ARCHS4 Coexpression,239;Enrichr Queries,829;GTEx Coexpression,249	RIPOR2,RPL12,ZFAS1,ATN1,HSPB1,RPS17,TAF1D,FAM168B,MPRIP,CAPNS1,SNRNP70,FTH1,ZMIZ2,GPC1,TNKS1BP1,MFN2,KIF1C,EIF2D,RPS2,MAP4,RPL39,EIF4B,TAF15,TAF12,GADD45A,TSC22D3,RPL13A,RPL23A,CSNK1D,MOGS,SOD2,PATL1,EEF1A1,ATXN2L,ILF3,EIF2S3,BCL6,KYAT3,EIF3F,ANP32B,PNPLA6,EIF3D,FKBP5
gene_set_query	345	BRF2	439.3	ARCHS4 Coexpression,224;ReMap ChIP-seq,175;GTEx Coexpression,919	BCAR3,GALNT16,ZFAS1,MPI,LRRC6,FNBP1L,PVR,SHD,TOMM22,FBL,RPS19,MACROD1,RPL36,PGM2,RAC3,RPLP2,EMILIN1,RNF150,RPS11,RPS12,SNTA1,PRMT5,PAQR6,USP4,COMMD10,RPS5,RPS6,ITGA1,ANO8,RPL13A,RNASE4,QRSL1,MFSD11,COMMD5,TUFM,EEF1A1,SDHAF2,TRAF5,RPL37A,TYRO3,GSAP,RAF1,CTXN2,PAFAH1B3,UBA52,RTN2,RPL10,RPL36A,KIF9-AS1,C2CD4C,EPCAM,UBC,PLXNA2,RPS3,RPL18,E2F6,EIF4B,ZNF584,KCNJ11,TAF12,CAV1,IGIP,HARS2,PER1,RPS28,TMLHE,RPL27A,POLR3H,ACO2,NAXD,EIF3F
gene_set_query	346	KDM5B	439.6	Literature ChIP-seq,128;ARCHS4 Coexpression,564;ENCODE ChIP-seq,81;ReMap ChIP-seq,105;GTEx Coexpression,1320	RPL4,RPL3,PITPNA,MT1X,FNBP1L,PNN,RPS16,FRAT2,ZMIZ2,SAP130,RPL36,ARL6IP4,EIF2D,RPS12,ENTPD2,CSNK1D,MOGS,MFSD11,WDR77,DYNC1LI2,SNHG12,CDC37,SNHG10,GSAP,TAGLN2,RPL28,SET,MAGED1,PRDM15,ABR,GSE1,AMZ2,ICMT,FOXF2,PYCR1,PARVA,NR1D1,SNHG5,GNG13,TBL3,ADCK2,WNK1,TRIP6,HNRNPD,NOL12,INTS8,ZNF254,ZFAND2A,EFCAB5,SMG6,RARS,RPLP2,RAC3,KIF1C,ARIH1,RAC1,FGFBP3,NINL,APC2,ZNF483,FOXD1,IFT140,ANO8,MED22,LSG1,SLCO4A1,PACS1,HNRNPH1,MMP17,MPPED2,RHOJ,RBM12B,ARHGEF3,HNRNPH3,FAM193A,PAFAH1B3,RAPGEF4,RPL10,ATL2,CCDC106,ADCY8,METTL21A,WDR24,CUX2,EPCAM,RPS3,RPL13,RPS2,RPL18,JAM2,ZNF584,GDF11,MPP3,PCGF2,HIPK3,HIPK2,PER1,AGBL4,TACC2,TARDBP,PRDM8,TUSC3,GALNT18,ATN1,FAM107A,SAT2,CASC3,METRNL,PPP1CB,FBL,CCND3,CSKMT,KIF5B,MAP3K6,PPFIA3,FBXW4,MIGA2,TLE1,DGAT1,RPS5,PPP1R16A,RPS6,TAP1,TEX2,TUFM,EEF1A1,ATXN2L,TOM1L2,ILF3,DMTF1,DMWD,RAB34,PKP4,PLA2R1,SNRNP200,RAF1,FTL,RTN2,LRRC59,GSTCD,KLC1,MAP3K21,PLXNA3,CRTAP,POU2F1,CAV2,ZBTB16,RARRES2,CAV1,PHF12,PCIF1,OGA,IFT122,PAN3,BCL6,ATG16L1,SPIRE2,MAFK,DOCK6,FLT1,HSPB6,PTEN,HMGB2,HSPB1,PPWD1,CHD2,PITPNC1,PHTF1,RND1,SGCD,SPR,ZIC2,SNRNP70,BCAS1,PELP1,CERS6,DCC,RBM18,ITGA1,VPS13D,RPL13A,COBL,ARNT,PATL1,EEF1G,LATS1,NDUFS8,IRF1,RPL37A,RBM20,NSRP1,PFDN5,PLEC,LAMA5,PLEKHH3,SMIM29,NXN,FOXK2,PBXIP1,FOXRED1,DLL3,CYTH3,TAF1D,FAM168B,PDLIM2,HNRNPA1,EIF4B,REPS1,USP24,PPP1R14B,HNRNPA3,FKRP,TAF15,PDE4DIP,RPL23A,SOD2,EIF3D
gene_set_query	347	CIC	441.0	ARCHS4 Coexpression,117;Enrichr Queries,461;GTEx Coexpression,745	KMT2D,LAMA5,IFT172,AKAP8L,ATN1,HSPB1,ZBTB4,PHTF1,ABR,FAM168B,MPRIP,CAPNS1,SNRNP70,ZMIZ2,UBC,TNKS1BP1,PLXNA1,GSE1,ZNF787,SPTBN1,IFT122,CSNK1D,MOGS,NBEAL2,LRRC37B,ATXN2L,TOM1L2,LAS1L,BCL6,WNK1,PACS1,PLEKHM2,MAFK,FAM193A,PNPLA6,PLEC
gene_set_query	348	MYOD1	441.6	ARCHS4 Coexpression,390;ENCODE ChIP-seq,24;Enrichr Queries,883;ReMap ChIP-seq,94;GTEx Coexpression,817	RIPOR2,UBE2D4,TAMM41,POP4,GALNT18,CASC3,PVR,GPATCH8,FBL,CCND3,RPS16,MPRIP,CAPNS1,RPS19,RPS18,ZMIZ2,GJA4,MACROD1,RPL36,HABP4,RPL35,EIF2D,NUDT16,ATXN7L2,MAP3K6,SEMA6C,MIGA2,DGAT1,USP4,GTPBP6,CSNK1D,MOGS,CDPF1,TMEM170B,MFSD11,EEF1A1,BCAN,TMEM135,SNHG12,DMTF1,DMWD,SNHG10,CMPK1,PKP4,SRSF4,GSAP,NUPR1,RPL29,PLA2R1,RTN2,KMT2D,NECAB3,KLC1,FAM171A2,UBC,PLXNA2,PLXNA1,GSE1,AMZ2,MAP4,TSPAN3,GAS2L1,PLXNA3,WNT10B,MYH7B,WWTR1,DTNA,FOXF2,GADD45A,ZBTB16,CAV1,LRBA,PHF12,PCIF1,NEK7,PYCR1,PARVA,NBEAL2,SNHG6,USB1,NR1D1,SNHG5,GADD45G,MARCH2,TBL3,BCL6,VAC14-AS1,COL5A2,BCL2,MAFK,RPS20,ACO2,GSTM5,PRR5,BCAR3,DOCK6,SNED1,KCNC1,SRXN1,NGLY1,CLTB,PTEN,HSPB1,LRRC6,ARHGEF10L,SHD,SMG6,SGCD,HEY1,SCRN1,RASGEF1A,RNPEP,FLOT1,RPLP2,RAC3,KIF1C,EMILIN1,SNTA1,APC2,ZNF483,ITGA3,EMP1,COBL,ARNT,GAB2,QRSL1,ANO5,PATL1,RGMA,COMMD5,PTP4A2,NDUFS8,IRF1,RHOJ,ITGA7,RBM20,HNRNPH3,FAM193A,LAMA5,CEBPD,ZBTB47,NXN,FOXK2,PBXIP1,ADCY8,METTL21A,DNAJB1,ARVCF,FAM168B,PDLIM2,ELMSAN1,GPC1,D2HGDH,RPS2,E2F6,ATP9B,JAM2,EIF4B,GDF11,PPP1R14B,TAF15,KCNJ11,SNX21,HIPK3,ALDH4A1,PER1,PINK1,TPT1,NECTIN2,FAM50A
gene_set_query	349	GPBP1L1	443.5	ARCHS4 Coexpression,229;GTEx Coexpression,658	RPL4,RPL12,APH1A,SLK,MARVELD2,RNPEP,ZNF525,MFN2,RREB1,EIF4B,USP24,GDF11,HNRNPA3,LRBA,VPS13D,TAP2,MOGS,PATL1,EEF1A1,EEF1G,PPP1R3F,PTP4A2,HNRNPH1,WNK1,POLR3H,LINC00641,PAFAH1B3,TPT1
gene_set_query	350	GABPA	443.5	Literature ChIP-seq,131;ARCHS4 Coexpression,761;ENCODE ChIP-seq,79;Enrichr Queries,824;ReMap ChIP-seq,106;GTEx Coexpression,760	RPL4,ZNF175,RPL3,TAMM41,POP4,GXYLT1,ATN1,CASC3,RPL8,CASC1,GPATCH8,PPP1CB,RPS16,CAPNS1,RPS19,CSKMT,KIF5B,FTH1,MACROD1,RPL36,RPL35,ARL6IP4,RPS11,RPL39,PPFIA3,VPS39,RPS12,FBXW4,ENTPD2,DGAT1,USP4,DAPK1,RPS5,PUS1,PPP1R16A,RPS6,CSNK1D,MOGS,MFSD11,LZTFL1,EEF1A1,TMEM135,DMTF1,RAB34,CDC37,DMWD,CD109,CMPK1,SPIN2B,SRSF4,GSAP,RPL29,RAF1,UBA52,RPL28,FTL,FKBP5,RTN2,KMT2D,TSTA3,LRRC59,TBC1D19,MAGED1,GSTCD,KIF9-AS1,AKAP17A,UBC,PLXNA2,LPXN,TSPAN3,FAM120AOS,POU2F1,CAV2,CAV1,LRBA,PCDH20,NEK7,PCIF1,OGA,SNHG8,PYCR1,RABL2B,SNHG6,HARS2,VASN,GADD45G,TBL3,RPS27,BCL6,LAS1L,MAFF,ECHDC2,MAFK,ACO2,DNAL4,ZNF254,BCAR3,HSPB6,SRXN1,ZFAND2A,SETD6,PTEN,HMGB2,PEAR1,CHD2,ASGR1,RPS4X,AIFM2,TMEM44,RARS,RPLP2,RAC3,EMILIN1,RAC1,APC2,FOXD1,ANO8,AXIN1,RPL13A,ARNT,RGMA,LATS1,EEF1G,MED22,NDUFS8,SDHAF2,SLCO4A1,HNRNPH1,RPL37A,PIGL,PFDN5,PAFAH1B3,PLEC,LAMA5,RPL10,RPL12,ATL2,RPL36A,PBXIP1,CCDC106,ADCY8,WDR24,CYTH3,TAF1D,FAM168B,RPS3,RPL13,ANKRD54,RPS2,RPL18,HNRNPA1,E2F6,EIF4B,ZNF584,PPP1R14B,HNRNPA3,TAF12,SQOR,RPL23A,TYW1B,LYVE1,HIPK3,HIPK2,PER1,TMLHE,NAXD,TPT1
gene_set_query	351	POU3F2	444.3	Literature ChIP-seq,160;ARCHS4 Coexpression,568;Enrichr Queries,1024;GTEx Coexpression,25	ARHGEF26-AS1,CTNND2,TMEM200C,FAM107A,HMGB2,FNBP1L,CHD2,PPP1CB,OPHN1,HEY1,ZIC2,SCRN1,KIF5C,PEA15,GDAP1L1,PHACTR3,ARIH1,FGFBP3,BCAS1,APC2,TLE1,DCC,DAPK1,COMMD10,DNAAF4,QRSL1,MTURN,RGMA,BCAN,INPP4B,DYNC1LI2,DMTF1,ASPHD1,CDH10,MPPED2,ACSBG1,LINC00641,FKBP5,ADCYAP1R1,COL11A1,GSTCD,ADCY8,NDRG2,DLL3,FAM171A2,CUX2,PLXNA2,MAP4,RAB11FIP4,JAM2,GDF11,DTNA,POU2F1,TAF15,NORAD,SMOX,ZBTB16,IGIP,NEK7,SIAH1,PDE4DIP,SOD2,HIPK2,HIST3H2A,WNK1,VAC14-AS1,COL5A2,BCL2,POLR3H
gene_set_query	352	EBF1	445.6	ARCHS4 Coexpression,1011;ENCODE ChIP-seq,45;Enrichr Queries,795;ReMap ChIP-seq,266;GTEx Coexpression,111	RPL4,TAMM41,ATN1,FNBP1L,RPL9,TOMM22,NDST2,CCND3,RPS16,RPS19,CSKMT,KIF5C,GJA4,DHX58,RPL36,RPL35,ZNF844,RPL38,EIF2D,RPS11,TGM2,ACVR1,RPS9,ENTPD2,DGAT1,RPS5,PUS1,RPS6,CSNK1D,LZTFL1,MFSD10,WDR77,EEF1A1,INPP4B,TMEM135,RAB34,CDC37,S100A6,TAGLN2,SRSF4,GSAP,FKBP9,RPL29,RTN2,LRRC59,AKAP17A,KLC1,FHIT,ZBTB4,APH1A,ABR,UBC,SMYD2,LPXN,MBP,TSPAN3,FAM120AOS,WNT10B,CRTAP,DTNA,CAV2,CAV1,ZBTB16,CIDEA,PYCR1,IFT122,NBEAL2,INHBA,HARS2,ACADSB,NFATC4,TBL3,RPS27,PAN3,BCL6,RPL27A,COL5A2,TRIP6,ECHDC2,RPS20,ACO2,ANP32B,NOL12,ZNF254,OSCP1,PRR5,FLT1,ZFAND2A,AKAP8L,NGLY1,PTEN,ADIRF,HSPB1,LRRC6,PEAR1,AATF,CHD2,SMG6,RPS4X,SPR,AIFM2,SNRNP70,RNPEP,GDAP1L1,TIMP3,RPLP2,PGM2,RNF150,METTL17,RBM14,DCC,ANO8,ARNT,RPL13A,EMP1,SUMF1,EEF1G,PTP4A2,LSG1,KAT2A,NDUFS8,SLCO4A1,IRF1,RHOJ,RPL37A,PEX5,CRY2,CHI3L2,ITGA7,DNASE2,PIGL,NSRP1,PAFAH1B3,PFDN5,PLEC,TSEN34,PLEKHH3,SMIM29,RPL12,ATL2,RPL11,ADCY4,RPL36A,PBXIP1,CCDC106,WDR24,APOLD1,DLL3,CYTH3,ELMSAN1,RPS3,RPL13,RPS2,APBB3,JAM2,EIF4B,PPP1R14B,RPL23A,TYW1B,HIPK3,ALDH4A1,PER1,CASTOR3,NAXD,MSRB1
gene_set_query	353	FOXB1	446.7	ARCHS4 Coexpression,88;Enrichr Queries,1202;GTEx Coexpression,50	ARHGEF26-AS1,HMGB2,RPL9,ZIC2,RPS19,PEA15,RPL36,RPLP2,FGFBP3,RPL39,BCAS1,PAQR6,FOXD1,RPL21,NGB,RPL13A,SLC6A11,MTURN,RGMA,EEF1A1,DYNC1LI2,RPL37A,PKP4,PFDN5,ADCYAP1R1,SMIM29,RPL11,RPL36A,ADCY8,CUX2,TP53INP2,RPS3,MBP,MAP4,RPL18,HNRNPA1,RPL17,RAB11FIP4,GDF11,DTNA,FKRP,NORAD,FOXF2,SMOX,ZBTB16,IGIP,PTPN11,RPL23A,HIPK2,BMP2,RPS28,RPS27,RPS20
gene_set_query	354	ZNF334	447.3	ARCHS4 Coexpression,589;Enrichr Queries,344;GTEx Coexpression,409	RIPOR2,LRRC59,SMIM29,MAGED1,IFT172,ATN1,FNBP1L,APH1A,CAPNS1,IRAK1,ZIC2,SNRNP70,KIF5C,TIMP3,RNF150,NINL,APBB3,JAM2,PLXNA3,DTNA,IFT140,ZBTB16,RARRES2,TAP2,RABL2B,MOGS,SYTL2,RGMA,KAT2A,BMP2,LAS1L,DMTF1,CRISPLD1,EEF1D,MPPED2,COL5A2,SPIRE2,PLEKHM2,TAGLN2,TACC2,PNPLA6
gene_set_query	355	THAP1	448.2	ARCHS4 Coexpression,491;ENCODE ChIP-seq,70;Enrichr Queries,593;ReMap ChIP-seq,128;GTEx Coexpression,959	ZNF175,POP4,IFT172,ATN1,RPL8,METRNL,TOMM22,NDST2,PPP1CB,RPS17,RPS19,MPRIP,CAPNS1,RPS18,FTH1,ZMIZ2,MACROD1,RPL36,RPL35,ARL6IP4,ZNF326,EIF2D,NUDT16,MAP3K6,RPS11,PPFIA3,RPS12,ENTPD2,DGAT1,PUS1,RPS5,PPP1R16A,CSNK1D,MFSD11,TUFM,EEF1A1,ILF3,SNHG12,DMWD,RAB34,CDC37,RAF1,UBA52,FTL,RTN2,TSTA3,KMT2D,NECAB3,SET,AKAP17A,ABR,UBC,RDH14,ZNF787,RREB1,CRTAP,ICMT,POU2F1,GADD45A,ZBTB16,PYCR1,GRIN2C,GNG13,TBL3,BCL6,ATG16L1,TRIP6,MAFF,FNDC10,MAFK,RPS20,DNAL4,AKAP8L,NGLY1,PTEN,LRRC6,AATF,HEY1,SNRNP70,RPLP2,RAC3,TNKS1BP1,KIF1C,METTL17,APC2,PRMT5,RBM18,COMMD10,VPS13D,ANO8,RPL13A,QRSL1,MKLN1-AS,TOMM40L,TAPBP,SUMF1,LATS1,MED22,NDUFS8,EEF1D,HNRNPH1,IRF1,DNASE2,PLEC,TSEN34,LAMA5,CEBPD,SMIM29,RPL12,FOXK2,PBXIP1,CCDC106,WDR24,TM9SF4,FOXRED1,TRAK2,DNAJB1,ARVCF,RPL13,MFN2,RPS2,RPL18,E2F6,APBB3,PPP1R14B,IGIP,RPL23A,TYW1B,PTPN11,HIPK2,PER1,TMLHE,TMEM54,EIF3D,TPT1,MSRB1
gene_set_query	356	ZNF592	448.5	ARCHS4 Coexpression,1020;Enrichr Queries,53;ReMap ChIP-seq,232;GTEx Coexpression,489	RIPOR2,MTMR14,ATN1,HSPB1,METRNL,CHD2,GPATCH8,RPS16,OPHN1,MPRIP,SNRNP70,ZMIZ2,RNPEP,PHACTR3,TNKS1BP1,RPS11,BCAS1,ANXA2,VPS13D,AXIN1,RPL13A,MFSD11,ATXN2L,ILF3,SLCO4A1,PACS1,IRF1,RAF1,SNRNP200,PAFAH1B3,PLEC,KMT2D,SLC43A2,ELMSAN1,GSE1,BRD9,ZNF787,MAP4,RREB1,SPTBN1,PRELID3B,USP24,KCNJ11,TAF12,PHF12,PCIF1,NBEAL2,HIPK2,TMLHE,RPS27,WNK1,PLEKHM2,MAFK,PNPLA6
gene_set_query	357	NR4A2	448.8	Literature ChIP-seq,155;ARCHS4 Coexpression,1447;Enrichr Queries,144;GTEx Coexpression,49	ADCYAP1R1,ARHGEF26-AS1,CEBPD,SMIM29,CTNND2,FAM107A,ATN1,NEDD9,HSPB1,EFCAB5,CCDC106,ADCY8,NDRG2,CHD2,FOXRED1,DLL3,DNAJB1,KIF5C,PEA15,GDAP1L1,PHACTR3,TIMP3,TIMP1,RAB11FIP4,TGM2,APC2,DTNA,ANXA2,KCNJ9,GADD45A,ZBTB16,TSC22D3,IGIP,EMP1,INHBA,MAPK8IP2,SOD2,GADD45G,BCAN,PPP1R3F,PER1,BMP2,BCL6,ASPHD1,IRF1,MAFF,CTXN2,LINC00641
gene_set_query	358	THAP7	449.3	ARCHS4 Coexpression,467;Enrichr Queries,149;GTEx Coexpression,732	SMIM29,RPL10,IFT172,IGSF1,AKAP8L,MPI,HSPB1,RPL8,WDR24,CCND3,RPS16,RPS19,DHX58,RPL36,ANKRD54,ARL6IP4,RPL35,RPLP2,RPS2,RPL18,PELP1,RPS9,RPS5,PPP1R16A,PYCR1,MFSD10,TUFM,TBL3,RPS28,NDUFS8,EEF1D,NOL12,RPL28,PAFAH1B3,PLEC
gene_set_query	359	KLF16	452.3	ARCHS4 Coexpression,318;Enrichr Queries,634;GTEx Coexpression,405	LRRC59,SET,SMIM29,CTNND2,HSPB1,CCDC106,DLL3,APH1A,ABR,RASGEF1A,CAPNS1,IRAK1,SNRNP70,PPP4R4,ZMIZ2,RPL36,GSE1,ZNF787,RREB1,MAPK3,WNT10B,PPP1R14B,PUS1,CSNK1D,MOGS,NBEAL2,NR1D1,ATXN2L,BCAN,BCL6,ASPHD1,PACS1,MMP17,MAFF,PLEKHM2,MAFK,PNPLA6,RPL28,CAMK1G,FKBP5,PLEC
gene_set_query	360	GLI2	452.7	ARCHS4 Coexpression,462;Enrichr Queries,661;GTEx Coexpression,235	YAP1,CEBPD,MAGED1,NXN,COL11A1,SMG6,ZIC2,GPC1,SCMH1,PLXNA2,SERPINH1,TIMP3,EMILIN1,FGFBP3,HNRNPA1,NINL,WWTR1,CRTAP,FOXD1,GADD45A,PCGF2,ARNT,EMP1,PARVA,INHBA,VASN,NFATC4,RGMA,LATS1,SMTN,ILF3,BCL6,RAB34,TRIP6,COL5A2,BCL2,HNRNPD,FKBP9
gene_set_query	361	KLF6	452.8	ARCHS4 Coexpression,1370;Enrichr Queries,39;ReMap ChIP-seq,145;GTEx Coexpression,257	RPL3,MPI,MT1M,HSPB1,METRNL,PEAR1,TOMM22,RPS16,FTH1,TNKS1BP1,RPLP2,TIMP3,TIMP1,MAP3K6,TGM2,ANXA2,ITGA3,TSC22D3,PPP1R16A,ITGA1,ANO8,ARNT,EMP1,CSNK1D,MOGS,EEF1G,PPP1R3F,PTP4A2,MMP14,NDUFS8,SLCO4A1,RAB34,IRF1,S100A6,TAGLN2,NUPR1,PLEC,RTN2,LAMA5,PLEKHH3,RPL10,SMIM29,CEBPD,ADCY4,NEDD9,PBXIP1,CCDC106,KLC1,WDR24,FOXRED1,APOLD1,DNAJB1,PDLIM2,ELMSAN1,UBC,RPS3,MBP,RPS2,SEC24B,PPP1R14B,GADD45A,CAV1,SIAH1,SQOR,PYCR1,RPL23A,NBEAL2,NR1D1,SOD2,NFATC4,GADD45G,PER1,SLC25A37,BMP2,TBL3,RPS27,BCL6,MAFF
gene_set_query	362	DNTTIP1	453.0	ARCHS4 Coexpression,286;GTEx Coexpression,620	TSEN34,RIPOR2,TSTA3,MTMR14,RPL8,TOMM22,FRAT2,ARL6IP4,ZNF787,RPS2,RPL18,PRMT5,PPP1R14B,TAF12,RPS5,USB1,COMMD5,TUFM,TMLHE,SDHAF2,RAB34,TAGLN2,RPL29,MSRB1,FTL
gene_set_query	363	FOXD1	454.5	ARCHS4 Coexpression,130;GTEx Coexpression,779	LRRC59,GXYLT1,PVR,CYTH3,MPRIP,CAPNS1,IRAK1,GPC1,SERPINH1,EMILIN1,SBF2,PPP1R14B,CRTAP,ANXA2,ITGA3,CAV1,PARVA,LAMB1,INHBA,VASN,MMP14,SMTN,CD109,COL5A2,TRIP6,PLEC
gene_set_query	364	AHR	454.6	Literature ChIP-seq,116;ARCHS4 Coexpression,1151;Enrichr Queries,177;ReMap ChIP-seq,284;GTEx Coexpression,545	USP35,OSCP1,RIPOR2,LINC01354,RPL3,GXYLT1,HSPB1,PEAR1,CHD2,PITPNC1,RND1,FBL,LAPTM4A,RPS16,SLK,HEY1,KIF5C,CA4,PGM2,TIMP3,TIMP1,BCAS1,TGM2,SEMA6C,ENTPD2,TLE1,ANXA2,ITGA3,RBM18,TSC22D3,VPS13D,ARNT,EMP1,RNASE4,TEX2,MMP14,SLCO4A1,CRISPLD2,RAB34,IRF1,CD109,RHOJ,S100A6,ITGA7,FKBP9,PLEC,CEBPD,SMIM29,PRDM15,NEDD9,FHIT,APH1A,DNAJB1,UBC,GSE1,MBP,RREB1,E2F6,SPTBN1,EIF4B,PRELID3B,USP24,WNT10B,GDF11,GADD45A,CAV1,NEK7,LAMB1,RPL23A,INHBA,SOD2,HARS2,HIPK3,PINK1,BCL6,MAFF,BCL2,SPIRE2,NAXD,BCL2L2
gene_set_query	365	ZNF423	456.0	ARCHS4 Coexpression,322;Enrichr Queries,876;GTEx Coexpression,170	RTN2,UBE2D4,ZBTB47,HSPB6,CEBPD,SMIM29,MAGED1,CTNND2,FNBP1L,APH1A,FAM171A2,ARVCF,HEY1,ZIC2,SCRN1,KIF5C,RNPEP,TIMP3,DGCR6,FGFBP3,HNRNPA1,NINL,JAM2,SNTA1,APC2,SEMA6C,TLE1,KCNJ11,ZBTB16,CAV1,PCGF2,PDE4DIP,MOGS,NBEAL2,ANO5,RGMA,PPP1R3F,PINK1,COL5A2,TAGLN2
gene_set_query	366	POU5F1B	456.5	ARCHS4 Coexpression,905;GTEx Coexpression,8	SET,RPL10,ZBTB47,RPL12,SETD6,RPL11,RPL36A,AKAP17A,RPL8,APH1A,FBL,FAM168B,RPS19,ZIC2,RPS18,RNPEP,RPL36,HABP4,RPL35,RPLP2,D2HGDH,RPS2,RPL18,RREB1,RPS12,RPS9,POU2F1,RPL21,RPS5,IGIP,RPL23A,EEF1G,PPP1R3F,RPS28,RPS27,DMWD,RPL27A,HNRNPD,PIGL,RPL29,RPL28,EIF3D
gene_set_query	367	ZNF211	457.0	ARCHS4 Coexpression,505;Enrichr Queries,292;GTEx Coexpression,574	ZNF254,LRRC59,ZNF175,SMIM29,RPL12,AKAP8L,ATN1,NEDD9,MT1X,RPS17,HEY1,CAPNS1,IRAK1,SNRNP70,ZMIZ2,TP53INP2,TNKS1BP1,ZNF426,KIF1C,VPS39,METTL17,PPP1R14B,MIGA2,GADD45A,TSC22D3,PDE4DIP,MOGS,GAB2,HARS2,SYTL2,KAT2A,DMTF1,BCL6,WNK1,IRF1,MAFF,ARHGEF3,RPS20
gene_set_query	368	PA2G4	457.5	ARCHS4 Coexpression,181;GTEx Coexpression,734	RPL4,PRMT5,LRRC59,PPP1R14B,SET,RPL12,RPS5,PYCR1,RPSA,RPL8,TOMM22,WDR77,UNG,TUFM,FBL,RPS17,ILF3,LAS1L,RARS,HNRNPD,RPS2,ANP32B,RPL29,EIF3D
gene_set_query	369	SRCAP	458.7	ARCHS4 Coexpression,329;Enrichr Queries,767;GTEx Coexpression,280	KMT2D,PTEN,ATN1,CHD2,PNN,ABR,FAM168B,MPRIP,IRAK1,SNRNP70,FTH1,ZMIZ2,GSE1,RREB1,VPS39,SPTBN1,METTL17,HNRNPA3,TAF15,IFT140,CSNK1D,MOGS,PATL1,HIPK2,ATXN2L,ILF3,HNRNPH1,WNK1,PACS1,SNRNP200,TARDBP,PLEC
gene_set_query	370	HOXD13	459.3	Literature ChIP-seq,149;ARCHS4 Coexpression,145;Enrichr Queries,1106;GTEx Coexpression,437	PRDM8,RPL4,LAMA5,LRRC59,NXN,COL11A1,RPL36A,RPL8,RPS4X,FBL,RPS17,HEY1,ZIC2,IRAK1,SCMH1,TIMP3,RAC3,EMILIN1,RNF150,RPS2,RPL18,RPL39,PELP1,WWTR1,PRMT5,CRTAP,FOXD1,ICMT,DTNA,FOXF2,ZBTB16,CAV1,PARVA,RPSA,NFATC4,WDR77,EEF1G,MED22,SMTN,BMP2,ILF3,RAB37,RPL29,RAF1
gene_set_query	371	ZNF783	460.3	ARCHS4 Coexpression,1050;Enrichr Queries,224;GTEx Coexpression,107	KMT2D,RIPOR2,CEBPD,SMIM29,PPWD1,AKAP17A,NDST2,PNN,ABR,MPRIP,SNRNP70,ZMIZ2,GSE1,BRD9,APBB3,RREB1,METTL17,HNRNPA3,PUS1,VPS13D,PDE4DIP,NBEAL2,NFATC4,MFSD10,SYTL2,SLC25A37,KAT2A,ILF3,PAN3,TTLL3,DMTF1,HNRNPH1,IRF1,MAFF,BCL2,SRSF4,HNRNPH3,SNRNP200,EIF3D,PLEC
gene_set_query	372	E2F6	460.4	ARCHS4 Coexpression,989;ENCODE ChIP-seq,77;Enrichr Queries,329;ReMap ChIP-seq,30;GTEx Coexpression,877	UBE2D4,TAMM41,PITPNA,ATN1,CIB2,RPL8,METRNL,FNBP1L,GPATCH8,TOMM22,PPP1CB,PNN,FBL,RPS16,CSKMT,FTH1,KIF5B,SCMH1,MACROD1,ZNF326,SLC25A42,MAP3K6,RPS11,RPL39,PPFIA3,RPS12,FBXW4,RPS9,ENTPD2,DGAT1,DAPK1,RPS5,PPP1R16A,CSNK1D,MOGS,RNASE4,RPSA,LZTFL1,SYTL2,WDR77,EEF1A1,PPP1R3F,ILF3,DMTF1,RAB34,CDC37,ETHE1,RPL28,UBA52,ZNF554,FTL,FKBP5,TSTA3,NECAB3,AKAP17A,C2CD4C,KLC1,ZBTB4,ABR,UBC,SERPINH1,SMYD2,PLXNA3,WNT10B,ICMT,GADD45A,CAV1,SIAH1,PCIF1,OGA,SNHG8,PYCR1,RABL2B,NR1D1,VASN,GADD45G,TBL3,BCL6,ADCK2,ATG16L1,TRIP6,MAFF,FNDC10,BCL2,KYAT3,PLEKHM2,MAFK,RPS20,DNAL4,GPR19,SRXN1,MTMR14,HMGB2,HSPB1,AATF,ZIC2,TMEM44,ZNF280C,FLOT1,RPLP2,RAC3,TIMP3,ZNF525,PGM2,EMILIN1,PELP1,APC2,PRMT5,PLA2G12A,CERS6,ANXA2,TSC22D3,RBM18,VPS13D,ANO8,AXIN1,RPL13A,QRSL1,ANO5,TAPBP,COMMD5,PTP4A2,NDUFS8,EEF1D,IRF1,IER3-AS1,HNRNPH3,PAFAH1B3,PLEC,LAMA5,PLEKHH3,RPL10,SMIM29,CEBPD,RPL36A,FOXK2,PBXIP1,CCDC106,ACVR1B,WDR24,BPHL,UNG,DNAJB1,ARVCF,RPL13,MFN2,ANKRD54,RPS2,RPL18,ZNF346,APBB3,MAPK3,USP24,ZNF584,PPP1R14B,HNRNPA3,TAF15,KCNJ11,PCGF2,PDE4DIP,RPL23A,PER1,AGBL4,PINK1,TMLHE,TMEM54,CASTOR3,POLR3H,EIF3D,TPT1,MSRB1,FAM50A
gene_set_query	373	POGK	460.7	ARCHS4 Coexpression,770;Enrichr Queries,601;GTEx Coexpression,11	RPL4,ARHGEF26-AS1,CTNND2,FAM107A,HSPB1,SCRN1,KIF5B,PEA15,PHACTR3,ZNF326,RAC1,BCAS1,FBXW4,PAQR6,COBL,GAB2,MTURN,EEF1G,BCAN,PTP4A2,DYNC1LI2,ILF3,ASPHD1,PKP4,TAGLN2,SNRNP200,LINC00641,LRRC59,SET,SMIM29,TRAK2,APH1A,FAM168B,TP53INP2,PLXNA2,GSE1,MBP,MAP4,RAB11FIP4,EIF4B,MAP4K4,GDF11,GADD45A,IGIP,NEK7,PDE4DIP,PTPN11,HIPK2,BCL6,WNK1,HNRNPD,BCL2,BCL2L2
gene_set_query	374	MYT1	462.3	ARCHS4 Coexpression,205;Enrichr Queries,758;GTEx Coexpression,424	SPTBN4,SHC2,KCNC1,CTNND2,TMEM200C,KLC1,FNBP1L,DLL3,FAM171A2,ARVCF,CUX2,RIMS3,ZIC2,KIF5C,KIF5A,GDAP1L1,PLXNA2,GSE1,CHST8,APC2,CA10,DCC,ANO8,GRIN2C,KCNAB3,MAPK8IP2,GNG13,GADD45G,BCAN,RIT2,CASTOR3,RAB37,CDH10
gene_set_query	375	PREB	463.3	ARCHS4 Coexpression,388;Enrichr Queries,248;GTEx Coexpression,754	LRRC59,RPL3,UBE2D4,RPL12,HMGB2,HSPB1,RPL8,APH1A,SPR,RPS19,IRAK1,FTH1,UBC,MACROD1,SERPINH1,RPS3,RPL35,ARL6IP4,ZNF787,RPS2,RPL18,E2F6,PRMT5,PPP1R14B,KCNJ11,ANXA2,RPS5,RPL13A,PYCR1,MOGS,QRSL1,WDR77,TUFM,TAGLN2,ACO2,RPL29
gene_set_query	376	TFAP2A	463.5	Literature ChIP-seq,44;ARCHS4 Coexpression,546;ENCODE ChIP-seq,90;Enrichr Queries,597;ReMap ChIP-seq,178;GTEx Coexpression,1326	RPL3,TUSC3,GALNT18,MPI,ATN1,GXYLT1,MT1X,RPL8,METRNL,CDH5,GOLGA3,LAPTM4A,RPS17,RPS16,RPS19,FTH1,SCMH1,SLC16A6,ZNF326,RPL38,SLC25A42,SBF2,PPFIA3,TGM2,ENTPD2,DGAT1,RPL21,PPP1R16A,MOGS,CSNK1D,RNASE4,TEX2,TUFM,SYTL2,BCAN,DYNC1LI2,CRISPLD2,DMWD,RAB34,ETHE1,S100A6,TAGLN2,SRSF4,CCNQ,UBA52,RTN2,SPTBN4,TSTA3,LRRC59,KMT2D,KIF9-AS1,IRAK1,DHRS7B,ZNF426,GSE1,PLXNA1,LPXN,MBP,ZNF787,MAP4,TSPAN3,GAS2L1,RAB11FIP3,SPTBN1,PLXNA3,FAM120AOS,WNT10B,CRTAP,DTNA,FOXF2,GADD45A,CAV1,PHF12,ZBTB16,PCDH20,SIAH1,CIDEA,IFT122,RABL2B,SNHG6,NR1D1,GADD45G,BMP2,PAN3,BCL6,WNK1,RPL27A,TRIP6,SPIRE2,BCL2,HNRNPD,KYAT3,MAFK,TRAM2-AS1,USP35,SERPINA3,HSPB6,ZFAS1,AKAP8L,CITED4,CLTB,PTEN,HSPB1,AATF,PHTF1,ZIC2,AIFM2,SNRNP70,CA4,RNPEP,RPLP2,TIMP3,TNKS1BP1,RAC3,BCAS1,PELP1,RBM14,ANXA2,IFT140,ITGA3,TSC22D3,AXIN1,ANO8,RPL13A,EMP1,COBL,RTN4RL2,KCNAB3,RGMA,LATS1,PTP4A2,KAT2A,MED24,SLCO4A1,HNRNPH1,IRF1,MMP17,MPPED2,PEX5,CRY2,ITGA7,DNASE2,PAFAH1B3,PFDN5,PLEC,TSEN34,LAMA5,PLEKHH3,CEBPD,ZBTB47,SLC43A2,NXN,RPL12,RPL36A,GDPD2,ACVR1B,WDR24,DNAJB1,TAF1D,PDLIM2,EPCAM,ELMSAN1,TP53INP2,GPC1,RPL13,BRD9,RPL17,ATP9B,MAPK4,PPP1R14B,HNRNPA3,SMOX,PCGF2,RPL23A,PTPN11,HIPK3,PER1,PC,RIT2,PNPLA6,TPT1,FAM50A
gene_set_query	377	ZNF775	464.7	ARCHS4 Coexpression,64;Enrichr Queries,314;GTEx Coexpression,1016	PLEKHH3,CEBPD,SMIM29,SLC43A2,HMGB2,HSPB1,CIB2,PBXIP1,CCDC106,FAM171A2,ARVCF,SNRNP70,ZMIZ2,GDAP1L1,SERPINH1,TNKS1BP1,ARL6IP4,GSE1,RPLP2,RPL13,ARIH1,RPS2,ZNF787,RPL18,RPS11,PPP1R26,APC2,SEC24B,RPS9,GADD45A,PCGF2,ANO8,RPL13A,RTN4RL2,MOGS,MFSD10,GADD45G,MED22,SMTN,BCL6,PACS1,IRF1,RPL27A,RPL28,FKBP5,PLEC
gene_set_query	378	PAX8	465.0	ARCHS4 Coexpression,598;Enrichr Queries,447;ReMap ChIP-seq,173;GTEx Coexpression,642	RPL3,POP4,ZFAND2A,GALNT18,ATN1,GXYLT1,HSPB1,RPL8,CHD2,GOLGA3,RIMS3,RPS16,CAPNS1,ZMIZ2,RARS,RPLP2,TIMP3,PELP1,TGM2,CSGALNACT1,PRMT5,ANXA2,IFT140,USP4,ITGA3,PUS1,TSC22D3,VPS13D,EMP1,RTN4RL2,DNAAF4,CYS1,MFSD11,COMMD5,BCAN,ILF3,TMEM135,SLCO4A1,CD109,IRF1,MPPED2,CMPK1,DNASE2,PKP4,HNRNPH3,PLA2R1,RPL28,FKBP5,LAMA5,SMIM29,CEBPD,IGSF1,PRDM15,METTL21A,ZBTB4,TM9SF4,CYTH3,ARVCF,MARVELD2,MFN2,MAP3K21,MAP4,E2F6,REPS1,MAP4K4,KCNJ9,GADD45A,ZBTB16,SNX21,PARVA,LAMB1,HARS2,RPS27,BCL6,RIOX2,MAFF,HNRNPD,SPIRE2,BCL2,ECHDC2,GTF2IRD1,MAFK
gene_set_query	379	GATA3	465.2	Literature ChIP-seq,49;ARCHS4 Coexpression,729;ENCODE ChIP-seq,85;Enrichr Queries,169;ReMap ChIP-seq,278;GTEx Coexpression,1481	LINC01354,GALNT18,ATN1,CASC3,NDST2,PNN,FBL,LAPTM4A,FRAT2,CAPNS1,CSKMT,FTH1,SCMH1,SLC16A6,SLC25A42,SBF2,TGM2,RPS12,TLE1,ENTPD2,DAPK1,PPP1R16A,SLC6A11,DNAAF4,MFSD11,TEX2,MAPK8IP2,SDCBP2,SYTL2,WDR77,TOM1L2,INPP4B,PPP1R3F,RAB34,S100A6,TAGLN2,APH1A,UBC,GSE1,GADD45A,ZBTB16,CAV1,OGA,NBEAL2,NR1D1,GNG13,BMP2,BCL6,SPIRE2,BCL2,MAFK,TRAM2-AS1,ZFAND2A,CLTB,HSPB1,CHD2,PITPNC1,RND1,SGCD,HEY1,SNRNP70,RNPEP,FLOT1,TIMP3,TNKS1BP1,RAC1,BCAS1,CHST8,PRMT5,ANXA2,TSC22D3,EMP1,EEF1G,PTP4A2,MED22,EEF1D,PACS1,IRF1,ARHGEF3,ITGA7,IER3-AS1,PLEC,LAMA5,CEBPD,SMIM29,RPL12,ACVR1B,CYTH3,TAF1D,ELMSAN1,EPCAM,RPL17,PPP1R14B,TAF15,RPL23A,LAMB1,PINK1,TARDBP,EIF3D,NECTIN2,TPT1
gene_set_query	380	SALL2	466.0	ARCHS4 Coexpression,457;Enrichr Queries,808;GTEx Coexpression,133	SPTBN4,ADCYAP1R1,SET,KCNC1,SMIM29,NXN,CIB2,KLC1,NDRG2,FNBP1L,UNG,FAM171A2,ARVCF,SCRN1,HEY1,ZIC2,KIF5C,SERPINH1,TIMP3,FGFBP3,HNRNPA1,NINL,APC2,CA10,POU2F1,KCNJ9,SMOX,IGIP,GRIN2C,MAPK8IP2,RGMA,ILF3,RIT2,CDH10,RAB34,VAC14-AS1,COL5A2,HNRNPD,LINC00641,GPR19
gene_set_query	381	BAZ2A	466.3	ARCHS4 Coexpression,542;Enrichr Queries,458;GTEx Coexpression,399	KMT2D,ATN1,AKAP17A,CHD2,PNN,ELMSAN1,SNRNP70,ZMIZ2,UBC,ZNF525,GSE1,MAP4,RREB1,SPTBN1,HNRNPA3,TAF15,PHF12,CSNK1D,MOGS,NBEAL2,PATL1,HIPK2,ATXN2L,PPP1R3F,ILF3,PAN3,HNRNPH1,WNK1,PACS1,SNRNP200,PLEC
gene_set_query	382	ZNF346	466.3	ARCHS4 Coexpression,611;Enrichr Queries,193;GTEx Coexpression,595	SMIM29,AKAP8L,KLC1,CHD2,WDR24,PVR,ZBTB4,PHTF1,APH1A,MPRIP,CAPNS1,SLC16A6,GSE1,TNKS1BP1,KIF1C,RREB1,MAP4K4,GADD45A,MOGS,KCNAB3,LRRC37B,SLC25A37,ILF3,MMP14,HIST3H2A,DMTF1,BCL6,RAB37,WNK1,HNRNPH1,IRF1,CRY2,MPPED2,CMPK1,BCL2,PLEKHM2,HNRNPH3,PIGL,PAFAH1B3,BCL2L2,FKBP5
gene_set_query	383	ZNF195	467.0	ARCHS4 Coexpression,419;Enrichr Queries,676;GTEx Coexpression,306	YAP1,ZNF254,SPTBN4,SMIM29,HMGB2,FNBP1L,ZBTB4,FOXRED1,APH1A,PNN,LAPTM4A,TAF1D,MPRIP,CAPNS1,IRAK1,SNRNP70,KIF1C,CA10,CRTAP,POU2F1,KCNJ9,GADD45A,MOGS,KCNAB3,MAPK8IP2,SYTL2,RIT2,DMTF1,BCL6,HNRNPH1,PACS1,CDH10,SPIRE2,PLEKHM2,TAGLN2,PNPLA6,PAFAH1B3,GPR19
gene_set_query	384	BPTF	467.5	ARCHS4 Coexpression,818;GTEx Coexpression,117	ZNF175,CLTB,MTRNR2L1,GPATCH8,ZIC2,SNRNP70,ARL6IP4,HNRNPA1,ATP9B,PLXNA3,GDF11,HNRNPA3,POU2F1,BICRAL,OGA,TOMM40L,LATS1,PAN3,LAS1L,DMTF1,WNK1,PEAK1,TAGLN2,HNRNPH3,FAM193A,SNRNP200,TARDBP
gene_set_query	385	CTCF	469.2	Literature ChIP-seq,73;ARCHS4 Coexpression,1040;ENCODE ChIP-seq,6;Enrichr Queries,821;ReMap ChIP-seq,18;GTEx Coexpression,857	RPL3,POP4,PITPNA,RPL9,GPATCH8,NDST2,PNN,RPS17,RPS19,RPL36,HABP4,RPL35,ARL6IP4,RPL38,EIF2D,TRIM26,RPS11,ATXN7L2,TBC1D10A,ENTPD2,DAPK1,GTPBP6,MOGS,WDR77,MFSD10,BCAN,PPP1R3F,DYNC1LI2,SNHG12,CDC37,TYRO3,TAGLN2,RPL29,RPL28,SET,ABR,FAM171A2,SERPINH1,GSE1,AMZ2,RDH14,MAP4,PPP1R26,WNT10B,NTNG2,ICMT,GADD45A,SNHG8,NR1D1,GRIN2C,HARS2,SNHG5,ACADSB,GADD45G,TBL3,SMTN,LAS1L,ADCK2,WNK1,HNRNPD,KYAT3,RPS20,ANP32B,NOL12,INTS8,KCNC1,ZFAND2A,PEAR1,AATF,ASGR1,TMEM44,RARS,RPLP2,RAC3,RAC1,RNF150,FGFBP3,APC2,ANXA2,IFT140,TSC22D3,ANO8,TOMM40L,MED22,MMP14,LSG1,KAT2A,MED24,SDHAF2,HNRNPH1,PACS1,MMP17,MPPED2,HNRNPH3,PAFAH1B3,SLC43A2,RPL11,ADCY4,GDPD2,CCDC106,METTL21A,WDR24,ARVCF,RPS3,RPS2,RPL18,GDF11,MPP3,PCGF2,SQOR,SNX21,HIPK3,PER1,HIST3H2A,TARDBP,RAMP1,TAMM41,ATN1,CIB2,CASC3,TOMM22,PPP1CB,FBL,SCMH1,KIF5A,MACROD1,SLC16A6,MAP3K6,PPFIA3,TGM2,TLE1,MIGA2,DGAT1,USP4,RPS5,PUS1,PPP1R16A,TAP2,CDPF1,TEX2,LZTFL1,ATXN2L,EEF1A1,ILF3,DMTF1,RAB37,RAB34,S100A6,SRSF4,RAF1,SNRNP200,FKBP5,RTN2,KMT2D,LRRC59,NDRG2,KLC1,IRAK1,UBC,SMYD2,PLXNA2,CDH23,PLXNA1,GAS2L1,PLXNA3,CRTAP,POU2F1,BICRAL,PHF12,NEK7,PCIF1,IFT122,USB1,BCL6,ATG16L1,MAFF,BCL2L2,OSCP1,SRXN1,NGLY1,PTEN,HMGB2,CHD2,PITPNC1,RPS4X,SPR,SNRNP70,FLOT1,EMILIN1,DGCR6,METTL17,PELP1,PLA2G12A,AXIN1,RPL13A,RTN4RL2,PATL1,TAPBP,LATS1,PTP4A2,IRF1,CDH10,TRAF5,PEX5,ITGA7,PFDN5,CAMK1G,PLEC,LAMA5,MVK,SMIM29,CEBPD,NXN,RPL36A,PBXIP1,FOXRED1,PDLIM2,HNRNPA1,E2F6,EIF4B,MAPK3,REPS1,USP24,SEC24B,PPP1R14B,HNRNPA3,FKRP,TAF15,KCNJ11,KCNJ9,DTNBP1,RPL23A,SOD2,SLC25A37,PINK1,POLR3H,EIF3F,TPT1,NECTIN2
gene_set_query	386	KLF4	470.0	Literature ChIP-seq,12;ARCHS4 Coexpression,1016;Enrichr Queries,76;ReMap ChIP-seq,107;GTEx Coexpression,1139	PRDM8,ATN1,METRNL,RPL8,LAPTM4A,RPS16,SLK,CAPNS1,RPS19,CSKMT,FTH1,KIF5A,EIF2D,RPS11,TGM2,DGAT1,RPL21,PPP1R16A,GTPBP6,CSNK1D,MOGS,SDCBP2,EEF1A1,CRISPLD2,RAB34,CD109,S100A6,TAGLN2,NUPR1,RAF1,FKBP5,RTN2,KMT2D,LRRC59,TBC1D19,SET,KLC1,NDRG2,KLC4,UBC,SMYD2,RREB1,CRTAP,POU2F1,GADD45A,ZBTB16,CAV1,NEK7,OGA,NBEAL2,USB1,NR1D1,GADD45G,NFATC4,TBL3,BMP2,BCL6,TRIP6,MAFF,KYAT3,ECHDC2,NOL12,BCL2L2,BCAR3,HSPB6,CLTB,ADIRF,HSPB1,ZIC2,RPLP2,TNKS1BP1,RAC3,TIMP3,SH3BGRL2,PGM2,KIF1C,EMILIN1,TIMP1,RBM14,ANXA2,ITGA3,IFT140,TSC22D3,ANO8,EMP1,RPL13A,ARNT,COBL,TOMM40L,RGMA,TAPBP,EEF1G,PTP4A2,MMP14,KAT2A,MED24,SLCO4A1,HNRNPH1,IRF1,ITGA7,PAFAH1B3,PLEC,TSEN34,LAMA5,PLEKHH3,RPL10,SMIM29,CEBPD,RPL12,ADCY4,NEDD9,PBXIP1,CCDC106,ACVR1B,WDR24,APOLD1,UNG,CYTH3,DNAJB1,PDLIM2,ELMSAN1,GPC1,MFN2,RPS2,RPL18,HNRNPA1,JAM2,PPP1R14B,PDE4DIP,RPL23A,SOD2,PER1,TMEM54,TPT1,NECTIN2
gene_set_query	387	ZNF496	470.3	ARCHS4 Coexpression,493;Enrichr Queries,434;GTEx Coexpression,484	LAMA5,KMT2D,SMIM29,CLTB,ATN1,PPWD1,ARVCF,GPC1,SCMH1,SERPINH1,PLXNA1,GSE1,EIF2D,RAC1,HNRNPA1,RREB1,EIF4B,PELP1,PPP1R26,TSC22D3,PYCR1,NR1D1,NFATC4,HIPK2,ATXN2L,EEF1G,ILF3,TTLL3,DMTF1,EEF1D,IRF1,RBM12B,HNRNPD,TAGLN2,SNRNP200,PLEC
gene_set_query	388	ESR1	471.8	Literature ChIP-seq,62;ARCHS4 Coexpression,980;ENCODE ChIP-seq,86;Enrichr Queries,400;ReMap ChIP-seq,216;GTEx Coexpression,1087	SERPINA3,RPL3,FLT1,MT1M,PTEN,ADIRF,CIB2,HSPB1,ARHGEF10L,METRNL,RPS4X,RPS16,OPHN1,ZIC2,AIFM2,CA4,SLC16A6,RPLP2,TIMP3,TNKS1BP1,ZNF525,TBC1D10A,BCAS1,TGM2,PELP1,CHST8,TLE1,CERS6,ANXA2,DCC,AXIN1,ARNT,EMP1,TEX2,MFSD10,SYTL2,EEF1A1,INPP4B,PTP4A2,BCAN,NDUFS8,SLCO4A1,CRISPLD2,RAB34,SNHG10,IRF1,TAGLN2,HNRNPH3,PLEC,SPTBN4,LAMA5,NECAB3,CEBPD,SLC43A2,RPL12,KIF9-AS1,NEDD9,WDR24,APH1A,MARVELD2,ELMSAN1,TP53INP2,UBC,RPS3,RPL13,GSE1,D2HGDH,GAS2L1,EIF4B,NORAD,SMOX,GADD45A,ZBTB16,CAV1,RPL23A,NBEAL2,NR1D1,INHBA,NFATC4,TTLL3,BCL6,MAFF,SPIRE2,BCL2,MAFK,GTF2IRD1,NECTIN2
gene_set_query	389	HOXA9	472.8	ARCHS4 Coexpression,302;Enrichr Queries,473;ReMap ChIP-seq,258;GTEx Coexpression,858	RPL4,RIPOR2,RPL3,MTRNR2L1,RPL8,RPS4X,SNRNP70,TIMP3,ARL6IP4,RAC3,RPL38,SBF2,PPFIA3,TGM2,CSGALNACT1,FOXD1,USP4,DCC,RPS6,EMP1,MYRIP,TUFM,EEF1G,EEF1A1,BCAN,MED22,LSG1,NDUFS8,SNHG12,RAB37,DMWD,IRF1,RPL37A,NUPR1,RPL29,RAF1,ZNF510,CEBPD,SMIM29,RPL10,NXN,IGSF1,RPL12,RPL11,KIF9-AS1,ACVR1B,KLC1,PDLIM2,ELMSAN1,RPS3,RPS2,RPL18,RPL17,DTNA,BICRAL,ZBTB16,CAV1,SNX21,PTPN11,SNHG6,NR1D1,HIPK3,PER1,PINK1,BMP2,PAN3,BCL6,COL5A2,BCL2,EIF3F,TARDBP,EIF3D,TPT1
gene_set_query	390	BARX1	474.0	ARCHS4 Coexpression,198;Enrichr Queries,994;GTEx Coexpression,230	PRDM8,RPL4,LAMA5,LRRC59,SMIM29,NXN,RPL12,ATL2,CITED4,RPL8,APH1A,FBL,RPS16,HEY1,ZIC2,IRAK1,SCMH1,RNPEP,EMILIN1,RNF150,RPS2,ZNF787,PELP1,WWTR1,PPP1R14B,CERS6,FOXD1,FOXF2,ITGA1,PYCR1,PARVA,MOGS,RGMA,NFATC4,GADD45G,SMTN,BMP2,CRISPLD2,DMWD,FNDC10,RPL29
gene_set_query	391	TBR1	475.7	ARCHS4 Coexpression,317;Enrichr Queries,721;GTEx Coexpression,389	PRDM8,KCNC1,TMEM200C,PTEN,LRRC6,C2CD4C,CHD2,KLC1,APH1A,ABR,FAM171A2,RIMS3,CUX2,KIF5C,KIF5A,GDAP1L1,HABP4,PHF24,NINL,CHST8,APC2,NTNG2,GDF11,MPP3,DCC,ZBTB16,PCGF2,ANO8,COBL,AGBL4,KCNS1,CASTOR3,PLEKHM2,CTXN2,CAMK1G,RAPGEF4
gene_set_query	392	SHOX2	476.3	ARCHS4 Coexpression,782;Enrichr Queries,466;GTEx Coexpression,181	LRRC59,SMIM29,ZBTB47,COL11A1,CITED4,ADIRF,PEAR1,CDC14B,CYTH3,HEY1,ZIC2,KIF5C,SERPINH1,TIMP3,PLXNA1,EMILIN1,SBF2,ACVR1,CRTAP,FOXD1,FOXF2,CAV1,ARNT,EMP1,INHBA,VASN,NFATC4,MMP14,BMP2,PEAK1,CD109,COL5A2,FKBP9
gene_set_query	393	XBP1	478.0	ARCHS4 Coexpression,1141;Enrichr Queries,12;ReMap ChIP-seq,135;GTEx Coexpression,624	DOCK6,RPL4,SERPINA3,RPL3,ZFAS1,ZFAND2A,HSPB1,LRRC6,RPL8,FNBP1L,SHD,CCND3,LAPTM4A,RPS19,SPR,TMEM44,CSKMT,FTH1,RPL36,MACROD1,RPL35,TIMP1,RPS11,NINL,BCAS1,SNTA1,RBM14,RPS9,ANXA2,RPS5,TSC22D3,PPP1R16A,RPL13A,EMP1,MOGS,TMEM170B,MFSD11,EEF1A1,SNHG12,HNRNPH1,EEF1D,CD109,IRF1,S100A6,GSAP,DNASE2,TAGLN2,NUPR1,UBA52,FTL,FKBP5,LRRC59,SHC2,CEBPD,RPL12,NEDD9,BPHL,ZBTB4,TM9SF4,APH1A,KLC4,DNAJB1,TAF1D,MARVELD2,EPCAM,UBC,RPS3,MAP3K21,GSE1,BRD9,RPS2,RPL18,RREB1,PRELID3B,LINC01006,ZNF584,FOXF2,NORAD,BICRAL,GADD45A,CAV1,PCIF1,SNHG8,PYCR1,SNX21,SOD2,MARCH2,RPS28,PC,BCL6,STK17A,EIF3D,TPT1,NECTIN2
gene_set_query	394	ZNF33B	478.7	ARCHS4 Coexpression,126;Enrichr Queries,585;GTEx Coexpression,725	LRRC59,SHC2,PLEKHH3,CEBPD,SMIM29,SETD6,PTEN,CLTB,FNBP1L,APH1A,SHE,MARVELD2,CAPNS1,IRAK1,NMRK1,PLXNA2,SERPINH1,MAP3K21,MFN2,KIF1C,MAP4,PPP1R14B,CRTAP,DAPK1,GADD45A,TSC22D3,SNHG8,OGA,PDE4DIP,MOGS,MMP14,PAN3,DMTF1,BCL6,HNRNPH1,BCL2,PLEKHM2,NUPR1,PNPLA6,NECTIN2
gene_set_query	395	SATB1	478.8	ARCHS4 Coexpression,336;Enrichr Queries,749;ReMap ChIP-seq,280;GTEx Coexpression,550	SNED1,RIPOR2,UBE2D4,POP4,HSPB1,PEAR1,METRNL,PVR,FBL,GOLGA3,MPRIP,SPR,TIMP3,ZNF326,RAC1,TBC1D10A,PLA2G12A,TLE1,ANXA2,RBM18,RALGAPA2,PUS1,TSC22D3,COBL,MYRIP,ANO5,PPP1R3F,DYNC1LI2,CRISPLD2,PACS1,IRF1,MMP17,TRAF5,ARHGEF3,ZNF510,RTN2,SPTBN4,LRRC59,NECAB3,CEBPD,SMIM29,DNAH6,RPL36A,PBXIP1,SERPINH1,BRD9,PPP1R14B,KCNJ11,CAV2,GADD45A,ZBTB16,PYCR1,LAMB1,INHBA,PAN3,CASTOR3,BCL6,RPL27A,COL5A2,TRIP6,FNDC10,BCL2,EIF3F,NECTIN2,TPT1
gene_set_query	396	ZNF536	479.0	ARCHS4 Coexpression,644;Enrichr Queries,725;GTEx Coexpression,68	SMIM29,MAGED1,CTNND2,RPL12,KLC1,NDRG2,FNBP1L,CUX2,RIMS3,SCRN1,KIF5C,TP53INP2,PEA15,KIF5A,GDAP1L1,PHACTR3,PLXNA2,CDH23,MBP,MAP4,RAB11FIP4,BCAS1,RBM11,APC2,CHST8,PAQR6,CA10,KCNJ9,DCC,ZBTB16,IGIP,COBL,MAPK8IP2,MTURN,HIPK2,DYNC1LI2,ASPHD1,MPPED2,PKP4,LINC00641,PAFAH1B3
gene_set_query	397	ZFP3	479.3	ARCHS4 Coexpression,334;Enrichr Queries,520;GTEx Coexpression,584	RTN2,RIPOR2,LRRC59,UBE2D4,CEBPD,SMIM29,RPL12,DNAH6,PTEN,RPL8,PPP1CB,RPS17,MACROD1,RPL36,SERPINH1,TIMP3,RPL18,E2F6,PPP1R14B,CA10,KCNJ11,RBM18,TSC22D3,PDE4DIP,EMP1,PYCR1,RPSA,QRSL1,ANO5,GADD45G,TUFM,PAN3,BCL6,CRISPLD2,MPPED2,BCL2,ARHGEF3,ACO2,NUPR1,FKBP5
gene_set_query	398	ZSCAN9	480.0	ARCHS4 Coexpression,667;GTEx Coexpression,293	ZNF254,ZNF175,MAGED1,AKAP8L,TMEM200C,PPWD1,FNBP1L,KLC1,DLL3,PNN,GDAP1L1,ZNF525,RAC1,HNRNPA1,RBM14,MPP3,DCC,CSNK1D,ATXN2L,DMTF1,RBM12B,FAM193A,HNRNPH3,SNRNP200,INTS8,PAFAH1B3
gene_set_query	399	ADNP	480.5	ARCHS4 Coexpression,961;Enrichr Queries,432;ReMap ChIP-seq,151;GTEx Coexpression,378	OSCP1,PRR5,DOCK6,ZNF175,SRXN1,PTEN,CLTB,PPWD1,AATF,CHD2,PVR,SHD,PPP1CB,PNN,ZIC2,CSKMT,ZNF280C,KIF5A,ZNF525,TIMP1,TBC1D10A,BCAS1,TGM2,PRMT5,MIGA2,RBM18,ANO8,RNASE4,TOMM40L,MTURN,TUFM,EEF1G,LATS1,EEF1A1,PTP4A2,ILF3,NDUFS8,HNRNPH1,CDC37,IRF1,RBM12B,ARHGEF3,RBM20,TAGLN2,SNRNP200,RAF1,PLEC,SET,SMIM29,RPL11,CYTH3,UBC,SERPINH1,CDH23,GSE1,RPL18,GAS2L1,HNRNPA1,SPTBN1,HNRNPA3,CRTAP,PCGF2,LINC02175,IFT122,PTPN11,MARCH2,ALDH4A1,PER1,EIF2S3,PAN3,WNK1,HNRNPD,PLEKHM2,ECHDC2,GTF2IRD1,TARDBP,DNAL4,NECTIN2
gene_set_query	400	REPIN1	480.7	ARCHS4 Coexpression,368;Enrichr Queries,498;GTEx Coexpression,576	LAMA5,LRRC59,SET,UBE2D4,SMIM29,MPI,ATN1,HSPB1,RPL8,APH1A,FAM168B,SPR,CAPNS1,IRAK1,SNRNP70,FTH1,ZMIZ2,UBC,MACROD1,GSE1,ZNF787,TAF15,KCNJ11,ANXA2,GADD45A,PPP1R16A,MOGS,QRSL1,ANO5,TUFM,EEF1A1,ATXN2L,KAT2A,ILF3,NDUFS8,BCL6,IRF1,TAGLN2,SNRNP200,PLEC
gene_set_query	401	FOXK2	481.0	ARCHS4 Coexpression,649;Enrichr Queries,246;ReMap ChIP-seq,139;GTEx Coexpression,890	LINC01354,CITED4,PTEN,ATN1,CASC3,CHD2,FBL,CCND3,RPS16,FRAT2,MPRIP,RPS18,CSKMT,FTH1,KIF5A,FLOT1,ARIH1,PPFIA3,RPS9,ANO8,RNASE4,CSNK1D,MOGS,TAPBP,EEF1G,ATXN2L,PTP4A2,ILF3,MED24,DMWD,CDC37,SNHG10,IER3-AS1,DNASE2,PKP4,SNRNP200,PAFAH1B3,FTL,FKBP5,PLEC,RTN2,TSEN34,SPTBN4,KMT2D,LRRC59,SET,PBXIP1,CCDC106,KLC1,ABR,ARVCF,FAM168B,IRAK1,UBC,GSE1,PLXNA1,RPL18,HNRNPA1,E2F6,RREB1,SPTBN1,MAP4K4,ZNF584,POU2F1,TAF15,KCNJ11,GADD45A,RARRES2,PCIF1,IFT122,PYCR1,NR1D1,HARS2,HIPK2,PER1,TBL3,RPS27,HIST3H2A,WNK1,TRIP6,HNRNPD,GTF2IRD1,MAFK,TACC2,BCL2L2,NECTIN2
gene_set_query	402	ZNF671	481.7	ARCHS4 Coexpression,487;Enrichr Queries,429;GTEx Coexpression,529	SPTBN4,RIPOR2,LRRC59,ZNF175,KCNC1,SMIM29,SLC43A2,NEDD9,PBXIP1,PHTF1,ZIC2,IRAK1,GOLGA6L4,ZNF844,TNKS1BP1,KIF1C,RAC1,ZNF346,TGM2,CA10,PPP1R14B,USP4,TSC22D3,TAP2,PYCR1,LAMB1,GRIN2C,KCNAB3,LZTFL1,SYTL2,RIT2,BCL6,RAB37,CRISPLD2,IRF1,DMWD,CDH10,MPPED2,BCL2,ARHGEF3
gene_set_query	403	GBX2	482.0	Literature ChIP-seq,124;ARCHS4 Coexpression,496;Enrichr Queries,1219;GTEx Coexpression,89	ADCYAP1R1,CTNND2,GALNT18,TMEM200C,CCDC106,ADCY8,NDRG2,FHIT,FAM171A2,ARVCF,FAM168B,HEY1,ZIC2,SCRN1,PEA15,PHACTR3,HABP4,RPL13,RAC3,RNF150,FGFBP3,RPL17,RAB11FIP3,SBF2,RAB11FIP4,MAPK4,APC2,GDF11,FOXD1,NORAD,FOXF2,GADD45A,ZBTB16,PCGF2,IGIP,MYRIP,MTURN,HIPK2,GADD45G,RGMA,EEF1A1,BCAN,ILF3,CRISPLD1,ASPHD1,GTF2IRD1,LINC00641
gene_set_query	404	SP2	482.2	ARCHS4 Coexpression,1148;ENCODE ChIP-seq,40;Enrichr Queries,269;ReMap ChIP-seq,37;GTEx Coexpression,917	RIPOR2,TAMM41,GALNT18,ATN1,RPL8,TOMM22,PNN,LAPTM4A,RPS17,MPRIP,CSKMT,ZMIZ2,SAP130,RPL36,HABP4,ZNF326,SLC25A42,NUDT16,RPS11,PPFIA3,SEMA6C,RPS9,USP4,RPS5,PPP1R16A,RPS6,GTPBP6,MOGS,RPSA,LZTFL1,TUFM,ATXN2L,PPP1R3F,TOM1L2,CDC37,DMWD,SNHG10,PKP4,TAGLN2,UBA52,ZNF554,RPL28,FTL,RTN2,LRRC59,KMT2D,AKAP17A,FHIT,KLC4,DHRS7B,GSE1,ZNF787,MAP4,TSPAN3,RREB1,FAM120AOS,POU2F1,BICRAL,GADD45A,PHF12,PCIF1,NEK7,PYCR1,IFT122,NBEAL2,NR1D1,HARS2,MARCH2,TBL3,RPS27,BCL6,LAS1L,WNK1,ATG16L1,MAFF,HNRNPD,RPS20,ACO2,NOL12,DNAL4,BCL2L2,HSPB6,MTMR14,ZFAND2A,AKAP8L,HMGB2,CHD2,RND1,RPS4X,HEY1,RARS,TNKS1BP1,RAC3,EMILIN1,APC2,PRMT5,RBM14,CERS6,AXIN1,ANO8,RPL13A,TOMM40L,PATL1,COMMD5,EEF1G,PTP4A2,NDUFS8,PACS1,IRF1,RPL37A,CRY2,DNASE2,PAFAH1B3,PFDN5,PLEC,PLEKHH3,MVK,RPL10,SMIM29,SLC43A2,RPL11,RPL36A,FOXK2,PBXIP1,CCDC106,WDR24,UNG,DNAJB1,ARVCF,ANKRD54,RPS2,RPL18,HNRNPA1,ZNF584,GDF11,PPP1R14B,SNX21,TYW1B,HIPK2,PER1,SLC25A37,PC,PNPLA6,NAXD,MSRB1
gene_set_query	405	SOX11	483.0	Literature ChIP-seq,21;ARCHS4 Coexpression,1077;Enrichr Queries,912;ReMap ChIP-seq,263;GTEx Coexpression,142	RPL4,PRDM8,ARHGEF26-AS1,RPL3,CTNND2,GXYLT1,FNBP1L,CASC1,CCND3,SLK,KIF5C,HABP4,RPL36,RPL35,SLC25A42,TGM2,SEMA6C,TMEM170B,TEX2,MTURN,TUFM,ATXN2L,BCAN,ILF3,DMTF1,ASPHD1,RAB34,CD109,S100A6,CMPK1,CTXN2,LINC00641,LRRC59,ADCYAP1R1,MAGED1,KLC1,UBC,PLXNA2,PLXNA1,GSE1,RDH14,AMZ2,MAP4,SPTBN1,LINC01006,PPP1R26,WNT10B,NTNG2,DTNA,SIAH1,NR1D1,INHBA,GADD45G,BMP2,BCL6,ADCK2,COL5A2,HNRNPD,BCL2,MAFK,ZNF254,PRR5,HSPB6,CITED4,HMGB2,RND1,RPS4X,RASGEF1A,ZIC2,SNRNP70,PEA15,GDAP1L1,RNPEP,PHACTR3,RPLP2,TIMP3,SH3BGRL2,PELP1,FOXD1,ANXA2,DCC,QRSL1,PATL1,TOMM40L,COMMD5,EEF1G,PEAK1,HNRNPH1,CDH10,MMP17,RPL37A,MPPED2,TRAF5,PAFAH1B3,MVK,SMIM29,RPL10,COL11A1,ATL2,FOXK2,CCDC106,DLL3,DNAJB1,TAF1D,APBB3,ZNF584,GDF11,NORAD,IGIP,LAMB1,RPL23A,HIPK3,HIST3H2A,PNPLA6
gene_set_query	406	FOXD4	485.7	ARCHS4 Coexpression,285;Enrichr Queries,554;GTEx Coexpression,618	PRDM8,SPTBN4,LRRC59,MVK,KCNC1,CEBPD,SMIM29,CITED4,RPL36A,KLC1,RPL9,RPS17,ZIC2,IRAK1,PLXNA1,RPL13,APC2,GDF11,CA10,FOXD1,FOXF2,GADD45A,ZBTB16,PCGF2,ANO8,PDE4DIP,RPL13A,PYCR1,CSNK1D,GRIN2C,KCNAB3,GADD45G,BMP2,RIT2,DMTF1,RAB37,CDH10,RPL37A,GTF2IRD1,POLR3H
gene_set_query	407	NR2E1	487.0	ARCHS4 Coexpression,416;Enrichr Queries,1010;GTEx Coexpression,35	ADCYAP1R1,ARHGEF26-AS1,MAGED1,CTNND2,RPL12,FAM107A,CCDC106,ADCY8,NDRG2,PITPNC1,DLL3,ABR,CUX2,OPHN1,HEY1,ZIC2,NMRK1,PEA15,KIF5A,PHACTR3,TSPAN3,MAPK4,JAM2,APC2,UNC13C,DTNA,FOXF2,SMOX,DCC,ZBTB16,BCAN,ASPHD1,MMP17,VAC14-AS1,MPPED2,BCL2,ACSBG1,POLR3H
gene_set_query	408	ZNF627	487.3	ARCHS4 Coexpression,161;Enrichr Queries,810;GTEx Coexpression,491	RPL4,ZNF254,LRRC59,CEBPD,SMIM29,MAGED1,HMGB2,HSPB1,FNBP1L,RPL9,APH1A,DNAJB1,MPRIP,CAPNS1,IRAK1,SNRNP70,ZMIZ2,ZNF525,ZNF844,MFN2,KIF1C,EIF2D,BICRAL,GADD45A,DCC,TSC22D3,OGA,TAP2,ARNT,MOGS,GADD45G,EEF1A1,LATS1,EIF2S3,BCL6,IRF1,RBM12B,MPPED2,PLEKHM2,MAFK,PNPLA6,PAFAH1B3
gene_set_query	409	IRX6	488.0	ARCHS4 Coexpression,298;Enrichr Queries,557;GTEx Coexpression,609	DOCK6,FLT1,SMIM29,ZBTB47,HSPB6,COL11A1,CLTB,FAM107A,ADCY4,ADIRF,PRELP,METRNL,HEY1,AIFM2,ELMSAN1,CDH23,RPLP2,TIMP3,TNKS1BP1,KIF1C,MAP3K6,MAPK4,SPTBN1,NTNG2,MYH7B,CRTAP,CAV2,ZBTB16,VPS13D,CIDEA,SNX21,NR1D1,RGMA,BMP2,PC,ITGA7
gene_set_query	410	BACH1	488.2	Literature ChIP-seq,92;ARCHS4 Coexpression,1550;ENCODE ChIP-seq,91;Enrichr Queries,260;ReMap ChIP-seq,61;GTEx Coexpression,875	ZNF175,POP4,CTNND2,ATN1,RPL9,GPATCH8,CDC14B,PPP1CB,LAPTM4A,RPS17,CAPNS1,RPS19,CSKMT,KIF5C,FTH1,PPP4R4,SLC16A6,HABP4,EIF2D,TRIM26,SBF2,PPFIA3,VPS39,TGM2,RPS9,ENTPD2,DGAT1,RPS5,PUS1,PPP1R16A,TAP2,MOGS,RNASE4,MFSD11,MFSD10,BCAN,TMEM135,CRISPLD1,CRISPLD2,RAB34,CDC37,S100A6,SRSF4,PLA2R1,UBA52,ZNF554,RPL28,FTL,FKBP5,SPTBN4,TSTA3,ADCYAP1R1,MAGED1,ABR,UBC,AMZ2,MBP,MAP4,FAM120AOS,PPP1R26,ICMT,DTNA,GADD45A,SNHG8,CIDEA,PYCR1,NBEAL2,SNHG6,GRIN2C,HARS2,GADD45G,TBL3,SMTN,BMP2,BCL6,ADCK2,TRIP6,MAFF,COL5A2,KYAT3,HNRNPD,BCL2,MAFK,RPS20,ANP32B,BCL2L2,GSTM5,SNED1,FLT1,SRXN1,KCNC1,ZFAND2A,NGLY1,CHD2,AATF,PITPNC1,OSBPL10,ZIC2,AIFM2,SNRNP70,TMEM44,FLOT1,RPLP2,TIMP3,PHF24,EMILIN1,ARIH1,TIMP1,APC2,RBM14,ANXA2,TSC22D3,BHMT2,EMP1,RTN4RL2,MYRIP,QRSL1,ANO5,PATL1,TOMM40L,PTP4A2,PEAK1,IRF1,CDH10,MMP17,CHI3L2,ITGA7,IER3-AS1,DNASE2,PAFAH1B3,ZNF510,PLEC,PLEKHH3,SMIM29,SLC43A2,CEBPD,ZBTB47,RPL10,NXN,COL11A1,NEDD9,GDPD2,PBXIP1,PRELP,CCDC106,METTL21A,WDR24,TAF1D,EPCAM,TP53INP2,D2HGDH,RPS2,ZNF346,HNRNPA1,APBB3,ATP9B,EIF4B,JAM2,MAPK3,ZNF584,SEC24B,HNRNPA3,TAF12,DTNBP1,PDE4DIP,RPL23A,SOD2,LYVE1,HIPK3,SLC25A37,PER1,CASTOR3,POLR3H,TACC2,RAMP1,MSRB1
gene_set_query	411	FOXS1	488.3	ARCHS4 Coexpression,429;Enrichr Queries,61;GTEx Coexpression,975	USP35,CEBPD,SMIM29,KCNC1,COL11A1,ADIRF,HSPB1,PRELP,PEAR1,CYTH3,SERPINH1,TIMP3,EMILIN1,TIMP1,TGM2,FOXD1,FOXF2,ITGA3,CAV1,ITGA1,EMP1,PARVA,LAMB1,INHBA,VASN,GADD45G,NFATC4,MMP14,SMTN,CRISPLD1,CRISPLD2,MAFF,RHOJ,COL5A2,S100A6,NUPR1
gene_set_query	412	DRAP1	489.0	ARCHS4 Coexpression,33;Enrichr Queries,6;GTEx Coexpression,1428	RPL4,RPL3,HMGB2,CLTB,HSPB1,RPL8,FBL,RPS16,RPS19,CAPNS1,RPS18,FTH1,RPL36,RPL35,RPLP2,ARL6IP4,RPL38,TIMP1,RPS11,RPS9,FOXD1,ANXA2,ITGA3,RPS5,RPS6,RPL13A,RPSA,MOGS,MFSD10,EEF1A1,MMP14,NDUFS8,EEF1D,CDC37,RPL37A,S100A6,TAGLN2,RPL28,PFDN5,PLEC,LRRC59,RPL12,RPL11,APH1A,IRAK1,GPC1,UBC,RPS3,AMZ2,RPS2,ZNF787,RPL18,PPP1R14B,RPS28,SMTN,RPL27A,TRIP6,RPS20,PNPLA6,DNAL4,TPT1,FAM50A
gene_set_query	413	ELF2	489.0	ARCHS4 Coexpression,382;Enrichr Queries,741;GTEx Coexpression,344	LRRC59,SMIM29,CTNND2,MPI,PTEN,ATN1,CCDC106,CHD2,RPL8,APH1A,ABR,CAPNS1,IRAK1,KIF5A,GDAP1L1,GSE1,TNKS1BP1,ARIH1,RAC1,RREB1,ATP9B,SPTBN1,MAP4K4,APC2,PPP1R14B,NEK7,PYCR1,MOGS,HIPK3,TUFM,BCL6,WNK1,IRF1,TRIP6,FNDC10,HNRNPD,POLR3H,PAFAH1B3,NECTIN2,FKBP5
gene_set_query	414	ZNF792	489.3	ARCHS4 Coexpression,456;Enrichr Queries,515;GTEx Coexpression,497	DOCK6,RPL3,CEBPD,SMIM29,ADCY4,PTEN,NEDD9,PBXIP1,PEAR1,PITPNC1,CDH5,CCND3,HABP4,SERPINH1,RPLP2,TIMP3,PLXNA1,SH3BGRL2,PLA2G12A,MIGA2,NORAD,SMOX,TSC22D3,LRBA,RPS6,TAP2,MARCH2,TOM1L2,MMP14,BCL6,RAB37,IRF1,TRAF5,BCL2,ARHGEF3,CMPK1,TAGLN2,TPT1
gene_set_query	415	MEIS3	489.7	ARCHS4 Coexpression,196;Enrichr Queries,953;GTEx Coexpression,320	RTN2,SHC2,SMIM29,SLC43A2,MAGED1,CTNND2,ATN1,HSPB1,C2CD4C,FAM171A2,ARVCF,RIMS3,SCRN1,KIF5C,PPP4R4,GPC1,KIF5A,GDAP1L1,PLXNA2,PHF24,TIMP3,PPFIA3,TGM2,APC2,KCNJ9,LAMB1,MYRIP,MAPK8IP2,RGMA,AGBL4,CRISPLD2,MMP17,COL5A2,RAPGEF4
gene_set_query	416	MBNL2	490.3	ARCHS4 Coexpression,69;Enrichr Queries,311;GTEx Coexpression,1091	SMIM29,NEDD9,HSPB1,NDRG2,ZBTB4,GRM5,SLK,FTH1,RNPEP,KIF5A,SERPINH1,TIMP3,PHF24,MBP,MAP4,RPL18,SPTBN1,MAP4K4,PLA2G12A,ANXA2,GADD45A,KCNJ9,TSC22D3,CAV1,IGIP,NEK7,VPS13D,EMP1,COBL,PDE4DIP,PTPN11,NBEAL2,NR1D1,MTURN,HIPK2,TOM1L2,BCL6,S100A6,PKP4,RPL29,BCL2L2,RAPGEF4
gene_set_query	417	ZNF25	491.3	ARCHS4 Coexpression,732;Enrichr Queries,307;GTEx Coexpression,435	SMIM29,CTNND2,HSPB1,KLC1,APH1A,GRM5,RIMS3,SCRN1,KIF5C,RNPEP,GDAP1L1,KIF5A,SERPINH1,TIMP3,PHF24,TIMP1,CLVS1,TGM2,ANXA2,GADD45A,KCNJ9,ZBTB16,TSC22D3,CAV1,IGIP,EMP1,PDE4DIP,MTURN,PPP1R3F,BCL6,CDH10,RHOJ,COL5A2,NUPR1,CTXN2,LINC00641,ZNF510,RAPGEF4
gene_set_query	418	SOX1	492.0	ARCHS4 Coexpression,176;Enrichr Queries,1102;GTEx Coexpression,198	ADCYAP1R1,ARHGEF26-AS1,KCNC1,MAGED1,CTNND2,TMEM200C,CCDC106,NDRG2,FNBP1L,DLL3,FAM171A2,ARVCF,ZIC2,KIF5C,PEA15,GDAP1L1,PHACTR3,RPL13,FGFBP3,NINL,RPL17,JAM2,APC2,GDF11,POU2F1,NORAD,FOXF2,DCC,ZBTB16,PCGF2,ANO8,MAPK8IP2,GADD45G,RGMA,NFATC4,BCAN,HNRNPH3,CTXN2,LINC00641
gene_set_query	419	HHEX	492.0	ARCHS4 Coexpression,1201;Enrichr Queries,273;ReMap ChIP-seq,200;GTEx Coexpression,294	ZNF254,OSCP1,SERPINA3,HSPB1,PVR,ASGR1,OSBPL10,PNN,AS3MT,LAPTM4A,CCND3,FRAT2,HEY1,RPS18,TIMP3,RAC3,ARL6IP4,SLC25A42,TIMP1,BCAS1,RPS12,TGM2,CSGALNACT1,ANXA2,IFT140,RALGAPA2,TSC22D3,RPL13A,EMP1,RTN4RL2,RNASE4,MOGS,DNAAF4,MAPK8IP2,SDCBP2,TOMM40L,MED22,MMP14,RAB37,RAB34,CDC37,IRF1,MPPED2,RPL37A,SRARP,S100A6,GSAP,TAGLN2,NUPR1,PLA2R1,YAP1,CEBPD,SMIM29,GSTCD,NEDD9,AKAP17A,NDRG2,DNAJB1,PDLIM2,MARVELD2,RPL13,MFN2,RPL18,REPS1,HNRNPA3,GADD45A,CAV1,SIAH1,PCIF1,RPL23A,LAMB1,NBEAL2,NR1D1,GADD45G,BCL6,SPIRE2,ECHDC2,BCL2L2,MSRB1
gene_set_query	420	KLF15	492.7	ARCHS4 Coexpression,1122;Enrichr Queries,136;GTEx Coexpression,220	CEBPD,GALNT18,FAM107A,HSPB1,PRELP,NDRG2,PPP1CB,PNN,CSKMT,SCMH1,TIMP3,RDH14,MAP3K6,LINC01006,TGM2,TLE1,GADD45A,ZBTB16,BHMT2,TSC22D3,VPS13D,GTPBP6,COBL,RNASE4,RPL23A,NR1D1,HIPK3,MKLN1-AS,GADD45G,RGMA,ALDH4A1,PC,BCL6,CRISPLD2,ATG16L1,MAFF,ITGA7,NUPR1,FKBP5
gene_set_query	421	TBX3	493.0	Literature ChIP-seq,101;ARCHS4 Coexpression,519;Enrichr Queries,270;GTEx Coexpression,1082	FLT1,SETD6,ATN1,HSPB1,SAT2,METRNL,CHD2,AS3MT,HEY1,MPRIP,SCMH1,SAP130,TIMP3,TNKS1BP1,KIF1C,EMILIN1,RNF150,TGM2,UNC13C,ANXA2,ITGA1,EMP1,COBL,LZTFL1,RGMA,INPP4B,MMP14,TYRO3,ARHGEF3,NUPR1,RAF1,LRRC59,TSTA3,NECAB3,CEBPD,SMIM29,RPL11,NEDD9,UNG,CYTH3,PLXNA2,SERPINH1,SMYD2,GSE1,MBP,RPL18,GADD45A,KCNJ9,RARRES2,CAV1,LRBA,PHF12,SQOR,IFT122,PARVA,LAMB1,INHBA,NR1D1,VASN,NFATC4,BMP2,SMTN,PINK1,BCL6,ECHDC2,PNPLA6
gene_set_query	422	ZHX2	493.3	ARCHS4 Coexpression,827;Enrichr Queries,365;ReMap ChIP-seq,42;GTEx Coexpression,739	DOCK6,UBE2D4,HSPB6,ZFAND2A,HSPB1,ASGR1,PITPNC1,RPS16,FTH1,ZMIZ2,DHX58,MACROD1,HABP4,FLOT1,RPLP2,RAC3,EMILIN1,SBF2,APC2,ENTPD2,TLE1,ANXA2,DAPK1,RPS5,TSC22D3,PPP1R16A,GTPBP6,AXIN1,TAP2,RPL13A,TAP1,RNASE4,CSNK1D,MOGS,MAPK8IP2,MFSD11,ANO5,EEF1G,SLCO4A1,EEF1D,PACS1,IRF1,ARHGEF3,IER3-AS1,NUPR1,RAF1,RPL29,UBA52,FTL,FKBP5,PLEC,RTN2,TSTA3,LAMA5,KMT2D,PLEKHH3,ZBTB47,SLC43A2,CEBPD,SMIM29,FOXK2,NEDD9,PBXIP1,CCDC106,NDRG2,WDR24,ZBTB4,APH1A,DNAJB1,PDLIM2,UBC,GSE1,D2HGDH,RPS2,PPP1R14B,KCNJ11,GADD45A,PCGF2,PCIF1,PDE4DIP,PYCR1,NR1D1,SOD2,MARCH2,PER1,TBL3,TMLHE,BCL6,MAFF,SPIRE2,BCL2,PLEKHM2,MAFK,BCL2L2,MSRB1
gene_set_query	423	ZNF606	494.0	ARCHS4 Coexpression,312;Enrichr Queries,977;GTEx Coexpression,193	ZNF254,LRRC59,ZNF175,SMIM29,MAGED1,IFT172,RPL12,AKAP8L,ATN1,NEDD9,FNBP1L,APOLD1,APH1A,PNN,CAPNS1,IRAK1,SNRNP70,ZMIZ2,ZNF426,ZNF844,KIF1C,NINL,HNRNPA3,CRTAP,IFT140,DCC,TSC22D3,RABL2B,MOGS,DNAAF4,SYTL2,ILF3,DMTF1,BCL6,PLEKHM2,MAFK,TAGLN2,TARDBP,RPL29
gene_set_query	424	C11ORF95	495.0	GTEx Coexpression,495	CRTAP,DMWD,RAB34,RHOJ,ATN1,EMILIN1,NBEAL2,ZBTB4,RAB11FIP3,NFATC4,GSTM5
gene_set_query	425	FOXL1	496.0	ARCHS4 Coexpression,98;Enrichr Queries,615;GTEx Coexpression,775	YAP1,USP35,LRRC59,FLT1,CEBPD,SMIM29,ADIRF,PVR,MPRIP,GPC1,SERPINH1,TIMP3,TNKS1BP1,EMILIN1,TIMP1,MAP4,TGM2,ACVR1,PPP1R14B,FOXD1,FOXF2,ITGA3,ZBTB16,CAV1,ITGA1,EMP1,PARVA,LAMB1,INHBA,VASN,MMP14,SMTN,CRISPLD1,BCL6,CRISPLD2,RAB34,COL5A2,PLEC
gene_set_query	426	NFKB2	496.5	ARCHS4 Coexpression,489;Enrichr Queries,333;ReMap ChIP-seq,221;GTEx Coexpression,943	PRDM8,LINC01354,ZFAS1,ATN1,HSPB1,METRNL,CAPNS1,RASGEF1A,ZMIZ2,DHX58,PHF24,KIF1C,TIMP1,BCAS1,PELP1,TGM2,FBXW4,ANXA2,DAPK1,TAP2,TAP1,EMP1,RNASE4,MOGS,GAB2,PATL1,TAPBP,MFSD10,ATXN2L,EEF1A1,EEF1G,PTP4A2,MMP14,SNHG12,IRF1,DMWD,CDC37,S100A6,TAGLN2,PLEC,RTN2,RPL10,CEBPD,SLC43A2,NEDD9,AKAP17A,APOLD1,IRAK1,ELMSAN1,UBC,LPXN,AMZ2,TSPAN3,LINC01006,MAPK3,PPP1R26,WNT10B,PPP1R14B,GADD45A,SQOR,NBEAL2,NR1D1,SOD2,HIPK2,BCL6,MAFF,PLEKHM2,MAFK,PNPLA6,NOL12,GPR19
gene_set_query	427	GLYR1	496.7	ARCHS4 Coexpression,362;ReMap ChIP-seq,282;GTEx Coexpression,846	SETD6,ZFAS1,ATN1,CHD2,PPP1CB,CAPNS1,SNRNP70,RARS,KIF5B,ZMIZ2,PEA15,RPL36,RNF150,TBC1D10A,PRMT5,PAQR6,RBM18,MOGS,LRRC37B,PATL1,RGMA,ATXN2L,ILF3,SDHAF2,HNRNPH3,SNRNP200,LINC00641,KMT2D,LRRC59,ZBTB47,ATL2,APH1A,FAM168B,TAF1D,MFN2,ANKRD54,BRD9,GAS2L1,EIF4B,PRELID3B,HNRNPA3,TAF15,FOXF2,OGA,SOD2,EIF2S3,SPIRE2,ANP32B,PNPLA6,EIF3D
gene_set_query	428	ZNF175	499.5	ARCHS4 Coexpression,772;Enrichr Queries,339;ReMap ChIP-seq,67;GTEx Coexpression,820	RPL3,LINC01354,SRXN1,HSPB1,CASC3,RPL8,GPATCH8,RPS16,ZIC2,HEY1,SNRNP70,FTH1,FLOT1,RPLP2,RAC3,TIMP3,ARL6IP4,TIMP1,SBF2,TGM2,RPS9,PLA2G12A,ENTPD2,TSC22D3,PPP1R16A,AXIN1,EMP1,RNASE4,CSNK1D,MOGS,MFSD10,LATS1,PTP4A2,MMP14,TMEM135,NDUFS8,DMTF1,EEF1D,RAB34,IRF1,RHOJ,ARHGEF3,IER3-AS1,NUPR1,ZNF510,FTL,PLEC,RTN2,TSEN34,LAMA5,SMIM29,NXN,PBXIP1,CCDC106,NDRG2,APH1A,DNAJB1,ARVCF,ELMSAN1,TP53INP2,UBC,SERPINH1,GSE1,RPS2,USP24,PPP1R14B,GADD45A,PCGF2,RARRES2,CAV1,LRBA,PCIF1,PYCR1,PDE4DIP,RPL23A,LAMB1,NR1D1,HIPK2,MARCH2,PER1,SLC25A37,TBL3,LAS1L,BCL6,MAFF,SPIRE2,BCL2,MAFK,ANP32B,NECTIN2,TRAM2-AS1,MSRB1
gene_set_query	429	KLF2	501.3	Literature ChIP-seq,157;ARCHS4 Coexpression,1108;Enrichr Queries,46;GTEx Coexpression,694	RIPOR2,CEBPD,SMIM29,ADCY4,NEDD9,HSPB1,PBXIP1,PEAR1,CDH5,DNAJB1,CCND3,FRAT2,FTH1,GJA4,SERPINH1,TIMP3,TIMP1,TGM2,ANXA2,GADD45A,TSC22D3,CAV1,PCIF1,EMP1,NBEAL2,GADD45G,PER1,BCL6,CRISPLD2,PACS1,IRF1,MAFF,S100A6,TAGLN2,NUPR1,TPT1,MSRB1
gene_set_query	430	PRDM5	503.5	Literature ChIP-seq,76;ARCHS4 Coexpression,1187;Enrichr Queries,470;GTEx Coexpression,281	PPWD1,PEAR1,CDC14B,LAPTM4A,CCND3,CAPNS1,OPHN1,SCRN1,GOLGA6L4,SCMH1,FLOT1,TIMP3,SH3BGRL2,EMILIN1,TRIM26,RAC1,PPFIA3,DGAT1,DAPK1,RBM18,PPP1R16A,ARNT,EMP1,COBL,MOGS,TMEM170B,SYTL2,TAPBP,LATS1,MED22,INPP4B,DMTF1,PEAK1,RAB34,CD109,RHOJ,ZNF510,FKBP5,PLEC,LRRC59,SET,MAGED1,AKAP17A,BPHL,APH1A,KLC4,IRAK1,MARVELD2,BRD9,ATP9B,RREB1,REPS1,WWTR1,CRTAP,DTNA,SMOX,CAV2,ZBTB16,CAV1,DTNBP1,PARVA,LAMB1,NFATC4,HIPK2,TMLHE,TTLL3,BCL6,LAS1L,STK17A,COL5A2,GTF2IRD1,ANP32B,INTS8,FAM50A
gene_set_query	431	TSHZ3	504.0	ARCHS4 Coexpression,262;Enrichr Queries,781;GTEx Coexpression,469	SMIM29,ZBTB4,RPS18,GPC1,SCMH1,PLXNA2,SERPINH1,RPS3,TIMP3,EMILIN1,RPL18,MAP4K4,WWTR1,CRTAP,FOXD1,ZBTB16,CAV1,ITGA1,RPS6,EMP1,PARVA,LAMB1,INHBA,VASN,NFATC4,RGMA,MED22,SMTN,MMP14,PINK1,BCL6,CRISPLD2,RAB34,COL5A2,FKBP9
gene_set_query	432	REXO4	504.5	ARCHS4 Coexpression,24;GTEx Coexpression,985	RPL4,LRRC59,RPL12,NGLY1,CCDC106,RPL8,TOMM22,APH1A,RPS17,IRAK1,RPLP2,ARL6IP4,RPS2,ZNF787,RPL18,PELP1,PRMT5,RPS9,PPP1R14B,TAF15,KCNJ11,PUS1,RPS5,PYCR1,RPSA,MOGS,QRSL1,TUFM,EEF1G,ILF3,EEF1D,TRIP6,RPL29,RPL28
gene_set_query	433	GATAD2B	505.3	ARCHS4 Coexpression,395;Enrichr Queries,199;GTEx Coexpression,922	RIPOR2,KMT2D,PTEN,ATN1,HSPB1,CASC3,CHD2,GPATCH8,ZMIZ2,GSE1,RREB1,SPTBN1,USP24,HNRNPA3,POU2F1,TAF15,USP4,BICRAL,PHF12,PCIF1,AXIN1,PATL1,HIPK3,HIPK2,ATXN2L,EEF1A1,ILF3,WNK1,HNRNPH1,PACS1,HNRNPD,FAM193A,SNRNP200,PLEC
gene_set_query	434	ZSCAN18	505.7	ARCHS4 Coexpression,118;Enrichr Queries,859;GTEx Coexpression,540	LAMA5,SHC2,SMIM29,CTNND2,ATN1,CCDC106,NDRG2,ZBTB4,FAM171A2,ARVCF,RIMS3,IRAK1,KIF5C,KIF5A,GDAP1L1,HABP4,TIMP3,PHF24,PPFIA3,MAPK4,APC2,ZNF483,PAQR6,NORAD,GADD45A,KCNJ9,ZBTB16,TSC22D3,IGIP,ANO8,EMP1,COBL,MAPK8IP2,PATL1,MTURN,RGMA,TOM1L2,CASTOR3,DMWD,MPPED2,BCL2,ARHGEF3
gene_set_query	435	ZNF177	505.7	ARCHS4 Coexpression,705;Enrichr Queries,569;GTEx Coexpression,243	BCAR3,LRRC59,SMIM29,MAGED1,IFT172,AKAP8L,NEDD9,FNBP1L,APOLD1,SMG6,APH1A,IRAK1,HEY1,CAPNS1,SNRNP70,ANKRD54,TIMP3,KIF1C,NINL,ZNF483,DCC,ZBTB16,SQOR,IGIP,RABL2B,COBL,LAMB1,MOGS,KAT2A,BMP2,LAS1L,DMTF1,BCL6,CRISPLD2,COL5A2,PLEKHM2,TAGLN2,HNRNPH3,PAFAH1B3
gene_set_query	436	GATA1	506.3	Literature ChIP-seq,77;ARCHS4 Coexpression,801;ENCODE ChIP-seq,68;Enrichr Queries,550;ReMap ChIP-seq,184;GTEx Coexpression,1358	RPL4,ZNF175,RPL3,POP4,PITPNA,RPL8,NDST2,PNN,AS3MT,RPS17,RPS16,FRAT2,CAPNS1,RPS19,FTH1,SAP130,RPL35,RPL38,RPL39,PAQR6,DAPK1,RNASE4,CSNK1D,TMEM170B,MFSD11,MTURN,PPP1R3F,SNHG12,CRISPLD2,SNHG10,CDC37,TAGLN2,UBA52,RPL28,SPTBN4,SET,APH1A,GSE1,RREB1,RAB11FIP3,RAB11FIP4,PRELID3B,ICMT,GADD45A,LRBA,CIDEA,NBEAL2,GADD45G,GNG13,TBL3,RPS28,RPS27,TRIP6,RPS20,ANP32B,TRAM2-AS1,SETD6,CITED4,PEAR1,ASGR1,RARS,TNKS1BP1,SH3BGRL2,TIMP3,TIMP1,ARIH1,NINL,PRMT5,ANXA2,GAB2,TOMM40L,COMMD5,MED22,MMP14,KAT2A,SDHAF2,HNRNPH1,FAM193A,PAFAH1B3,RPL10,ATL2,ADCY4,APOLD1,TRAK2,UNG,ARVCF,RPS3,RPS2,ZNF584,GDF11,SNX21,HIPK2,ALDH4A1,PER1,HIST3H2A,RAMP1,MSRB1,RIPOR2,LINC01354,TAMM41,MPI,ATN1,CASC3,TOMM22,PPP1CB,FBL,CCND3,LAPTM4A,KIF5B,MACROD1,ZNF326,SLC25A42,MAP3K6,SBF2,TGM2,FBXW4,SEMA6C,RPS9,MIGA2,DGAT1,USP4,RPS5,PUS1,TAP2,TEX2,TOM1L2,TMEM135,ILF3,RAB37,S100A6,CMPK1,SRSF4,NUPR1,PLXNA2,CDH23,LPXN,PLXNA1,MBP,GAS2L1,POU2F1,ZBTB16,NEK7,PCIF1,IFT122,MARCH2,PAN3,BCL6,BCL2,SPIRE2,MAFK,ACO2,BCL2L2,OSCP1,DOCK6,FLT1,AKAP8L,HMGB2,HSPB1,ARHGEF10L,CHD2,PITPNC1,RPS4X,SCRN1,FLOT1,PGM2,EMILIN1,PLA2G12A,VPS13D,AXIN1,RPL13A,ARNT,COBL,PATL1,TAPBP,PTP4A2,IRF1,RPL37A,PEX5,CHI3L2,DNASE2,TSEN34,PLEKHH3,MVK,CEBPD,RPL36A,PBXIP1,ACVR1B,CYTH3,DNAJB1,TAF1D,FAM168B,D2HGDH,HNRNPA1,USP24,PPP1R14B,FKRP,SMOX,DTNBP1,PDE4DIP,RPL23A,SLC25A37,PINK1,POLR3H,EIF3D,NECTIN2
gene_set_query	437	SIX1	508.3	ARCHS4 Coexpression,397;Enrichr Queries,275;GTEx Coexpression,853	RTN2,UBE2D4,CEBPD,SMIM29,ZBTB47,HSPB6,HSPB1,SGCD,HEY1,ZIC2,MACROD1,TIMP3,KIF1C,TIMP1,MAP4,E2F6,SNTA1,SEMA6C,FOXD1,KCNJ11,ANXA2,GADD45A,CAV1,PDE4DIP,EMP1,PARVA,INHBA,ANO5,BMP2,BCL6,IRF1,COL5A2,ITGA7,NUPR1,TACC2
gene_set_query	438	HAND2	509.3	ARCHS4 Coexpression,547;Enrichr Queries,570;GTEx Coexpression,411	SMIM29,NXN,COL11A1,HSPB1,FOXK2,SHD,APH1A,ARVCF,FAM168B,RIMS3,HEY1,SCMH1,TIMP3,PLXNA1,EMILIN1,RNF150,WWTR1,FOXF2,ZBTB16,ITGA1,PYCR1,PARVA,LAMB1,NFATC4,GADD45G,RGMA,SMTN,BMP2,ILF3,CRISPLD2,MPPED2,COL5A2,RPL37A,ITGA7,RBM20,RAMP1
gene_set_query	439	ZBTB33	510.2	ARCHS4 Coexpression,534;ENCODE ChIP-seq,29;Enrichr Queries,1052;ReMap ChIP-seq,25;GTEx Coexpression,911	RPL4,RPL3,TAMM41,POP4,ATN1,CASC3,RPL8,RPL9,GPATCH8,TOMM22,PPP1CB,GOLGA3,PNN,RPS16,CAPNS1,RPS19,RPS18,CSKMT,FTH1,KIF5B,SCMH1,RPL35,RPL38,EIF2D,RPS11,RPS12,RPS9,DGAT1,USP4,RPS5,PUS1,RPS6,MOGS,RNASE4,RPSA,MFSD11,TUFM,WDR77,ATXN2L,EEF1A1,DMTF1,SNHG12,DMWD,RAB34,S100A6,SRSF4,RAF1,RPL28,ZNF554,FTL,TSTA3,LRRC59,TBC1D19,SET,GSTCD,APH1A,UBC,LPXN,ICMT,LRBA,OGA,SNHG8,HARS2,ACADSB,TBL3,RPS28,RPS27,BCL6,LAS1L,WNK1,RPL27A,TRIP6,HNRNPD,SPIRE2,MAFK,RPS20,NOL12,GPR19,HSPB6,MTMR14,ZFAND2A,AKAP8L,PTEN,PPWD1,LRRC6,AATF,RPS4X,SNRNP70,RARS,FLOT1,RPLP2,RAC3,PELP1,PRMT5,RBM14,CERS6,ANXA2,ITGA3,IFT140,TSC22D3,RPL13A,TAPBP,SUMF1,EEF1G,MED22,LSG1,NDUFS8,EEF1D,HNRNPH1,IRF1,RPL37A,RBM12B,ITGA7,IER3-AS1,PIGL,HNRNPH3,NSRP1,TSEN34,LAMA5,PLEKHH3,RPL10,RPL12,RPL36A,FOXK2,PBXIP1,CCDC106,ACVR1B,WDR24,TM9SF4,TAF1D,FAM168B,ANKRD54,RPL13,RPS2,RPL18,ZNF346,HNRNPA1,RPL17,E2F6,EIF4B,REPS1,ZNF584,USP24,PPP1R14B,TAF12,PCGF2,RPL23A,PTPN11,HIPK3,PER1,HIST3H2A,TARDBP,EIF3D,TPT1,MSRB1
gene_set_query	440	HMX1	510.3	ARCHS4 Coexpression,319;Enrichr Queries,1197;GTEx Coexpression,15	ARHGEF26-AS1,FLT1,CTNND2,FAM107A,SHD,ZIC2,HEY1,PEA15,PHACTR3,RAC3,BCAS1,PELP1,APC2,CHST8,PAQR6,FOXD1,COBL,MTURN,WDR77,BCAN,DYNC1LI2,ASPHD1,PKP4,LINC00641,ADCYAP1R1,SMIM29,FOXK2,CCDC106,ADCY8,NDRG2,DLL3,FAM171A2,CUX2,IRAK1,TP53INP2,RPS2,ZNF787,RAB11FIP4,MAP4K4,GDF11,PPP1R14B,DTNA,NORAD,FOXF2,SMOX,IGIP,PYCR1,HIPK2,BMP2,ADCK2,TRIP6,FNDC10,POLR3H
gene_set_query	441	HIF3A	510.7	ARCHS4 Coexpression,1375;Enrichr Queries,92;GTEx Coexpression,65	LAMA5,FLT1,CEBPD,SMIM29,HSPB6,GALNT18,FAM107A,PRELP,NDRG2,APOLD1,PPP1CB,FAM168B,MARVELD2,SCMH1,TIMP3,RNF150,MAP3K6,TGM2,WWTR1,CRTAP,DTNA,FOXF2,ZBTB16,TSC22D3,CAV1,ITGA1,EMP1,PARVA,MOGS,HIPK3,NFATC4,SMTN,BCL6,SLCO4A1,DMWD,RAB34,MAFF,S100A6,ITGA7,NUPR1,PAFAH1B3,FKBP5
gene_set_query	442	ZGLP1	511.0	ARCHS4 Coexpression,758;GTEx Coexpression,264	SPTBN4,PEAR1,CDC14B,FAM171A2,CCND3,SNRNP70,GDAP1L1,RAC3,SH3BGRL2,GAS2L1,APC2,PLA2G12A,MIGA2,KCNJ9,SMOX,RABL2B,GRIN2C,MAPK8IP2,MARCH2,RIT2,RAB37,CDH10,SPIRE2,TAGLN2,PAFAH1B3,GPR19
gene_set_query	443	ZKSCAN8	511.5	ARCHS4 Coexpression,655;GTEx Coexpression,368	KMT2D,ZNF175,PPWD1,CHD2,FAM168B,GOLGA6L4,GSE1,HNRNPA1,EIF4B,USP24,WWTR1,HNRNPA3,POU2F1,LRBA,ARNT,HIPK3,LATS1,ATXN2L,ILF3,PAN3,DMTF1,WNK1,RBM12B,SRSF4,PIGL,SNRNP200
gene_set_query	444	ZFPM1	511.7	ARCHS4 Coexpression,204;Enrichr Queries,160;GTEx Coexpression,1171	PRR5,TSTA3,LAMA5,KMT2D,PLEKHH3,CEBPD,SMIM29,CITED4,ATN1,HSPB1,METRNL,ABR,CCND3,SNRNP70,GPC1,ZMIZ2,MAP3K21,PLXNA1,GSE1,BRD9,ZNF787,RREB1,RAB11FIP3,PELP1,GADD45A,ZBTB16,PPP1R16A,GTPBP6,PYCR1,MOGS,CSNK1D,NBEAL2,HIPK2,GADD45G,ATXN2L,BCL6,PACS1,MAFK,RPL28,FKBP5,PLEC
gene_set_query	445	ZNF71	512.0	ARCHS4 Coexpression,646;Enrichr Queries,194;GTEx Coexpression,696	PRDM8,LRRC59,ZNF175,ZBTB47,SMIM29,MAGED1,RPL12,HSPB1,FNBP1L,ZBTB4,APH1A,CCND3,MARVELD2,GDAP1L1,TIMP3,PLXNA1,RDH14,ZNF787,ZNF346,E2F6,NINL,PLXNA3,MAP4K4,ZNF584,GDF11,TLE1,DTNA,DCC,PARVA,CDPF1,MOGS,RGMA,SMTN,SLCO4A1,BCL2,S100A6,SPIN2B,ITGA7,PIGL,PAFAH1B3
gene_set_query	446	FOXP4	512.0	ARCHS4 Coexpression,104;Enrichr Queries,342;GTEx Coexpression,1090	LAMA5,KMT2D,PLEKHH3,SMIM29,SLC43A2,ATN1,HSPB1,TM9SF4,MARVELD2,CAPNS1,IRAK1,SNRNP70,ZMIZ2,GPC1,SCMH1,PLXNA2,MAP3K21,PLXNA1,GSE1,TNKS1BP1,KIF1C,ZNF787,RREB1,PELP1,ENTPD2,PCGF2,PPP1R16A,MOGS,CSNK1D,HIPK2,GADD45G,ATXN2L,ILF3,BCL6,IRF1,MAFK,NECTIN2,PLEC
gene_set_query	447	RFX5	512.8	ARCHS4 Coexpression,110;ENCODE ChIP-seq,15;Enrichr Queries,863;ReMap ChIP-seq,13;GTEx Coexpression,1563	RPL4,RPL3,POP4,PITPNA,ATN1,RPL8,RPL9,CASC1,GPATCH8,LAPTM4A,RPS17,RPS19,RPS18,CSKMT,FTH1,KIF5B,ZMIZ2,SLC16A6,RPL36,HABP4,RPL35,TRIM26,MAP3K6,RPS11,SBF2,RPS12,RPS9,RPL21,DGAT1,RPS5,TAP2,TAP1,CSNK1D,MOGS,RPSA,LZTFL1,TUFM,EEF1A1,ATXN2L,TOM1L2,PPP1R3F,DYNC1LI2,ILF3,DMTF1,SNHG12,DMWD,CDC37,SNHG10,TAGLN2,SRSF4,RAF1,RPL29,SNRNP200,RPL28,UBA52,FTL,RTN2,SPTBN4,GSTCD,KIF9-AS1,AKAP17A,ZBTB4,APH1A,IRAK1,UBC,LPXN,ZNF426,TSPAN3,GADD45A,PCIF1,PYCR1,IFT122,SNHG6,NR1D1,HARS2,SNHG5,TBL3,RPS28,BCL6,ATG16L1,TRIP6,SPIRE2,BCL2,MAFK,RPS20,ACO2,BCL2L2,HSPB6,ZFAND2A,SETD6,CITED4,PTEN,HMGB2,CLTB,HSPB1,CHD2,AATF,RPS4X,SNRNP70,NMRK1,ZNF280C,FLOT1,RPLP2,APC2,PRMT5,RBM14,ANXA2,IFT140,TSC22D3,RBM18,ANO8,RPL13A,TOMM40L,TAPBP,EEF1G,NDUFS8,SDHAF2,HNRNPH1,IRF1,ITGA7,IER3-AS1,DNASE2,PAFAH1B3,TSEN34,LAMA5,PLEKHH3,RPL10,SLC43A2,CEBPD,SMIM29,RPL12,ATL2,RPL11,PBXIP1,CCDC106,WDR24,UNG,TRAK2,DNAJB1,ARVCF,TP53INP2,RPS3,RPL13,MFN2,BRD9,RPS2,RPL18,HNRNPA1,E2F6,APBB3,EIF4B,MAPK3,REPS1,ZNF584,GDF11,TAF15,TAF12,TYW1B,PTPN11,PER1,SLC25A37,HIST3H2A,PC,TPT1,MSRB1
gene_set_query	448	SOX6	513.0	ARCHS4 Coexpression,134;Enrichr Queries,1066;ReMap ChIP-seq,167;GTEx Coexpression,685	FLT1,UBE2D4,CITED4,PEAR1,CHD2,RPL8,FNBP1L,CCND3,CAPNS1,OPHN1,FTH1,KIF5A,MACROD1,FLOT1,TIMP3,EMILIN1,DGCR6,RPS11,SBF2,SEMA6C,RPL13A,COBL,RNASE4,CSNK1D,MOGS,GAB2,ANO5,SUMF1,TAPBP,RGMA,PTP4A2,BCAN,EEF1D,RAB34,IRF1,MPPED2,IER3-AS1,SRSF4,TAGLN2,DNASE2,RPL29,FTL,RTN2,SPTBN4,LRRC59,NECAB3,SMIM29,MAGED1,COL11A1,RPL12,CCDC106,WDR24,TRAK2,APH1A,DNAJB1,IRAK1,UBC,RPS3,PLXNA2,RPS2,TSPAN3,RPL18,HNRNPA1,JAM2,USP24,HNRNPA3,DTNA,KCNJ11,GADD45A,ZBTB16,NEK7,PDE4DIP,IFT122,RPL23A,NBEAL2,MARCH2,PER1,SLC25A37,PINK1,TBL3,HIST3H2A,BCL6,BCL2,MAFK,BCL2L2,TRAM2-AS1
gene_set_query	449	HOXB2	513.3	ARCHS4 Coexpression,924;Enrichr Queries,312;GTEx Coexpression,304	LAMA5,CEBPD,SMIM29,HSPB1,PPP1CB,PDLIM2,HEY1,SCMH1,SERPINH1,TIMP3,ARL6IP4,EMILIN1,TIMP1,RPS2,TGM2,WWTR1,CRTAP,FOXD1,FOXF2,ZBTB16,CAV1,TSC22D3,ITGA1,EMP1,PARVA,INHBA,NFATC4,MFSD10,ATXN2L,MED22,SMTN,BCL6,CRISPLD2,RAB34,CDC37,COL5A2,S100A6,MAFK
gene_set_query	450	SNAPC4	513.8	ARCHS4 Coexpression,294;Enrichr Queries,584;ReMap ChIP-seq,241;GTEx Coexpression,936	PRDM8,USP35,IFT172,AKAP8L,ATN1,CASC3,MTRNR2L1,RPL9,PITPNC1,CAPNS1,SNRNP70,RARS,NMRK1,ZMIZ2,RNPEP,RPL35,FGFBP3,RPS11,PPFIA3,PELP1,RBM14,RPL13A,ARNT,CSNK1D,MOGS,ATXN2L,PTP4A2,KAT2A,ILF3,CDC37,IRF1,S100A6,FAM193A,SNRNP200,PAFAH1B3,PFDN5,PLEC,RTN2,SPTBN4,LAMA5,KMT2D,LRRC59,RPL12,FOXK2,PRELP,WDR24,IRAK1,PLXNA1,MAP3K21,ZNF787,APBB3,RAB11FIP3,FAM120AOS,CRTAP,TAF15,TAF12,IFT122,SNX21,PER1,RPS27,HIST3H2A,PLEKHM2,MAFK,PNPLA6,DNAL4
gene_set_query	451	ZHX1	514.0	ARCHS4 Coexpression,1124;Enrichr Queries,535;ReMap ChIP-seq,62;GTEx Coexpression,335	ARHGEF26-AS1,TUSC3,MTMR14,CITED4,ATN1,PTEN,HSPB1,CHD2,SLK,RPS16,FRAT2,OPHN1,RPS18,CSKMT,KIF5B,MACROD1,FLOT1,SH3BGRL2,RPL35,RAC3,TIMP3,RAC1,RPS11,SBF2,PPFIA3,APC2,ENTPD2,CERS6,DGAT1,ANXA2,RPS5,PPP1R16A,ANO8,EMP1,RPL13A,CSNK1D,MOGS,MFSD11,TAPBP,EEF1G,BCAN,PTP4A2,DYNC1LI2,NDUFS8,DMTF1,RAB34,CDC37,CMPK1,S100A6,IER3-AS1,TAGLN2,RPL28,FTL,PLEC,LAMA5,SET,NECAB3,RPL10,SMIM29,PBXIP1,CCDC106,WDR24,DNAJB1,PDLIM2,UBC,RPS2,RPL18,HNRNPA1,SPTBN1,ZNF584,PPP1R14B,NORAD,PHF12,PCGF2,NEK7,PDE4DIP,PTPN11,RPL23A,NR1D1,HIPK3,PER1,TBL3,RPS27,BCL6,WNK1,TRIP6,BCL2,GTF2IRD1,MAFK,BCL2L2,MSRB1
gene_set_query	452	STAT1	517.7	Literature ChIP-seq,141;ARCHS4 Coexpression,1047;ENCODE ChIP-seq,43;Enrichr Queries,390;ReMap ChIP-seq,123;GTEx Coexpression,1362	UBE2D4,IFT172,POP4,MT1M,MPI,ATN1,GXYLT1,CIB2,SAT2,CASC3,TOMM22,RPS16,RPS19,CSKMT,FTH1,DHX58,SLC16A6,RPL36,ZNF844,EIF2D,NUDT16,SBF2,VPS39,TGM2,RPL21,USP4,RPS6,TAP2,TAP1,RAB34,CDC37,S100A6,SPIN2B,GSAP,TAGLN2,NUPR1,PLA2R1,FKBP5,RTN2,TSTA3,SET,ZBTB4,APH1A,ABR,UBC,LPXN,ZNF426,MBP,RDH14,TSPAN3,RBM11,ICMT,DTNA,GADD45A,CAV2,CAV1,SNHG8,IFT122,NBEAL2,SNHG6,NR1D1,TBL3,RPS27,BCL6,LAS1L,ADCK2,RPL27A,MAFF,TRIP6,RIOX2,BCL2,ECHDC2,MAFK,RPS20,ANP32B,NOL12,BCL2L2,GSTM5,BCAR3,SETD6,MTMR14,AKAP8L,HSPB1,LRRC6,AATF,SMG6,SHE,RARS,RNPEP,CA4,RPLP2,ZNF525,TIMP1,PELP1,SNTA1,ANXA2,RBM18,ANO8,RPL13A,ARNT,TAPBP,SUMF1,EEF1G,PTP4A2,MMP14,KAT2A,NDUFS8,SLCO4A1,IRF1,CHI3L2,ITGA7,DNASE2,PIGL,PLEC,CEBPD,SLC43A2,RPL11,ADCY4,RPL36A,PBXIP1,CCDC106,WDR24,APOLD1,TRAK2,TAF1D,PDLIM2,ELMSAN1,MFN2,ANKRD54,D2HGDH,RPS2,RPL18,APBB3,E2F6,REPS1,PPP1R14B,FKRP,SQOR,RPL23A,TYW1B,SOD2,ALDH4A1,SLC25A37,PER1,PINK1,HIST3H2A,TTLL3,TPT1
gene_set_query	453	ZNF575	518.7	ARCHS4 Coexpression,1072;Enrichr Queries,306;GTEx Coexpression,178	SPTBN4,CEBPD,SMIM29,PRDM15,HSPB1,MT1X,CCDC106,ABR,FAM171A2,CCND3,PDLIM2,RASGEF1A,GDAP1L1,TIMP1,FGFBP3,MAP3K6,RREB1,MAPK3,APC2,WNT10B,ZBTB16,DTNBP1,EMP1,NR1D1,MARCH2,PPP1R3F,BCL6,HNRNPH1,RAB37,PACS1,ETHE1,IRF1,MMP17,S100A6,SPIN2B,TAGLN2,NUPR1,NECTIN2,PLEC
gene_set_query	454	HOXD9	519.0	ARCHS4 Coexpression,455;Enrichr Queries,1008;GTEx Coexpression,94	FLT1,RPL10,NXN,ATN1,RPL8,RPL9,SHD,RPS4X,ZIC2,SNRNP70,SERPINH1,RPL13,TIMP3,RAC3,EMILIN1,RPS11,PELP1,CRTAP,FOXD1,FOXF2,ZBTB16,PCGF2,RPS6,ARNT,LAMB1,CYS1,NFATC4,RGMA,EEF1A1,ATXN2L,KAT2A,BMP2,ILF3,TTLL3,RAB34,TRIP6,COL5A2,SRSF4,RPS20
gene_set_query	455	BCL6	519.8	Literature ChIP-seq,100;ARCHS4 Coexpression,929;Enrichr Queries,107;ReMap ChIP-seq,204;GTEx Coexpression,1259	RIPOR2,ATN1,CDH5,FRAT2,RPS16,RIMS3,RPS19,FTH1,SAP130,SLC16A6,HABP4,RPL38,RPS11,SBF2,TGM2,UNC13C,RPS5,PUS1,PPP1R16A,RNASE4,CSNK1D,DNAAF4,LRRC37B,MFSD10,EEF1A1,RAB37,RAB34,CDC37,ETHE1,S100A6,NUPR1,RAF1,FKBP5,RTN2,SHC2,NECAB3,PRDM15,FHIT,ABR,IRAK1,DHRS7B,UBC,MBP,RREB1,RAB11FIP3,SPTBN1,PLXNA3,PPP1R26,NTNG2,GADD45A,ZBTB16,OGA,SNHG8,PYCR1,NBEAL2,VASN,GADD45G,TBL3,RPS28,EIF2S3,BCL6,WNK1,ATG16L1,MAFF,COL5A2,SPIRE2,BCL2,PLEKHM2,BCAR3,SERPINA3,SNED1,MTMR14,HSPB1,CHD2,AATF,ASGR1,SHE,SCRN1,RPLP2,TIMP3,TNKS1BP1,SH3BGRL2,PGM2,TIMP1,FGFBP3,PELP1,ANXA2,TSC22D3,RPL13A,EMP1,GAB2,SUMF1,EEF1G,MED22,SDHAF2,SLCO4A1,IRF1,RPL37A,CHI3L2,PLEC,LAMA5,SMIM29,CEBPD,SLC43A2,NXN,NEDD9,PBXIP1,CCDC106,ACVR1B,WDR24,BPHL,APOLD1,TM9SF4,ELMSAN1,RPS2,RPL18,GDF11,PPP1R14B,TAF12,RPL23A,SNX21,PTPN11,SOD2,PER1,SLC25A37,TMEM54,STK17A,RAMP1,MSRB1
gene_set_query	456	MBD4	521.2	ARCHS4 Coexpression,438;ENCODE ChIP-seq,55;Enrichr Queries,522;ReMap ChIP-seq,64;GTEx Coexpression,1527	RPL4,RPL3,IFT172,ATN1,CASC3,RPL9,GPATCH8,TOMM22,PPP1CB,PNN,LAPTM4A,RPS16,RPS19,MPRIP,FTH1,SCMH1,RPL36,RPL35,RPL38,EIF2D,RPS11,PPFIA3,RPS12,RPS9,TLE1,RPL21,PUS1,RPS6,RNASE4,RPSA,CSNK1D,MOGS,MFSD11,EEF1A1,TOM1L2,TMEM135,DYNC1LI2,SNHG12,DMTF1,SNHG10,GSAP,RPL29,SNRNP200,LINC00641,RPL28,UBA52,FTL,LRRC59,TBC1D19,SET,GSTCD,UBC,SMYD2,SERPINH1,ZNF426,LPXN,MAP4,RAB11FIP3,SPTBN1,LINC01006,GADD45A,SNHG8,SNHG6,SNHG5,TBL3,RPS27,BCL6,ATG16L1,RPL27A,HNRNPD,BCL2,RPS20,ANP32B,BCL2L2,ZFAS1,ZFAND2A,SETD6,NGLY1,PTEN,HMGB2,HSPB1,CHD2,ASGR1,OSBPL10,SCRN1,SNRNP70,FLOT1,TNKS1BP1,KIF1C,RBM14,CERS6,RPL13A,TOMM40L,LATS1,EEF1G,MED22,PTP4A2,LSG1,MED24,HNRNPH1,IRF1,RPL37A,RBM12B,IER3-AS1,HNRNPH3,PIGL,RPL10,RPL12,NEDD9,WDR24,APOLD1,TM9SF4,UNG,TRAK2,TAF1D,FAM168B,GPC1,RPS3,RPL13,RPS2,HNRNPA1,RPL18,RPL17,E2F6,EIF4B,HNRNPA3,NORAD,TAF12,RPL23A,SOD2,STK17A,TARDBP,RAMP1,EIF3D,TPT1
gene_set_query	457	GATA6	522.8	Literature ChIP-seq,37;ARCHS4 Coexpression,927;Enrichr Queries,327;ReMap ChIP-seq,242;GTEx Coexpression,1081	GALNT16,POP4,FNBP1L,METRNL,CASC1,PVR,AS3MT,LAPTM4A,FRAT2,FTH1,KIF5B,SAP130,SLC16A6,ATXN7L2,SBF2,TGM2,ACVR1,TLE1,RALGAPA2,PUS1,PPP1R16A,MOGS,RNASE4,SDCBP2,SYTL2,WDR77,ATXN2L,EEF1A1,ILF3,TMEM135,SNHG12,RAB34,ETHE1,TYRO3,S100A6,TAGLN2,SRSF4,NUPR1,FTL,SPTBN4,NECAB3,SERPINH1,PLXNA2,GSE1,ZNF787,LINC01006,POU2F1,GADD45A,RARRES2,CAV1,PHF12,NR1D1,INHBA,GADD45G,BMP2,SMTN,RPS27,BCL6,MAFF,COL5A2,SPIRE2,PLEKHM2,ANP32B,BCAR3,DOCK6,SRXN1,CITED4,NGLY1,ARHGEF10L,PEAR1,SPR,HEY1,ZIC2,RNPEP,CA4,RPLP2,TIMP3,SH3BGRL2,EMILIN1,ANXA2,ITGA3,VPS13D,ANO8,COBL,EMP1,ARNT,EEF1G,LATS1,PTP4A2,MMP14,LSG1,MED24,HNRNPH1,IRF1,RBM20,NSRP1,PLEC,YAP1,LAMA5,CEBPD,SMIM29,RPL11,NEDD9,FOXK2,PBXIP1,ACVR1B,TRAK2,DNAJB1,ELMSAN1,EPCAM,RPS3,MFN2,RPL18,HNRNPA1,E2F6,REPS1,MAP4K4,MAPK3,GDF11,PPP1R14B,HNRNPA3,PCGF2,PDE4DIP,RPL23A,LAMB1,PER1,HIST3H2A,TMEM54,TARDBP,NECTIN2
gene_set_query	458	IRF1	523.3	Literature ChIP-seq,111;ARCHS4 Coexpression,1350;ENCODE ChIP-seq,64;Enrichr Queries,249;ReMap ChIP-seq,97;GTEx Coexpression,1269	PITPNA,RPL8,FNBP1L,GPATCH8,NDST2,RPS16,FRAT2,RPS19,FTH1,DHX58,RPL36,RPL35,ZNF844,RPL38,EIF2D,RPS11,RPL39,VPS39,TBC1D10A,RPS12,ACVR1,UNC13C,CSNK1D,MOGS,DNAAF4,MFSD11,SYTL2,MFSD10,ETHE1,CDC37,SNHG10,SPIN2B,TAGLN2,RPL29,CCNQ,UBA52,TSTA3,NECAB3,AKAP17A,ZBTB4,FAM171A2,AMZ2,RDH14,MAP4,PRELID3B,GADD45A,NBEAL2,NR1D1,HARS2,SNHG5,ACADSB,VASN,TBL3,RPS28,RPS27,TRIP6,GTF2IRD1,RPS20,ANP32B,ZNF254,ZFAS1,MTMR14,ZFAND2A,CITED4,CLTB,SMG6,RARS,RPLP2,TIMP1,ANXA2,TSC22D3,ANO8,EMP1,SUMF1,MMP14,LSG1,MED24,SLCO4A1,HNRNPH1,MMP17,PIGL,RPL12,ATL2,RPL11,CCDC106,WDR24,APOLD1,TRAK2,UNG,ARVCF,RPS3,RPL13,MFN2,BRD9,RPS2,RPL18,RPL17,APBB3,MPP3,TYW1B,ALDH4A1,HIST3H2A,CASTOR3,TACC2,PNPLA6,TARDBP,MSRB1,RIPOR2,UBE2D4,TAMM41,SAT2,CASC3,TOMM22,FBL,CSKMT,NUDT16,PPFIA3,TGM2,RPS9,DGAT1,USP4,RPS5,RPS6,TAP2,TAP1,RPSA,LZTFL1,EEF1A1,RAB34,DMWD,S100A6,SRSF4,NUPR1,ZNF554,FTL,FKBP5,RTN2,LRRC59,GSTCD,KLC1,NDRG2,KLC4,IRAK1,UBC,SMYD2,PLXNA3,BICRAL,CAV2,CAV1,NEK7,IFT122,BCL6,ATG16L1,MAFF,RIOX2,PLEKHM2,ACO2,BCL2L2,HSPB6,AKAP8L,HSPB1,PPWD1,CHD2,RPS4X,RNPEP,ZNF525,DGCR6,METTL17,PLA2G12A,ITGA3,DCC,RBM18,VPS13D,AXIN1,RPL13A,ARNT,QRSL1,PATL1,TAPBP,EEF1G,PTP4A2,NDUFS8,EEF1D,IRF1,RPL37A,DNASE2,PLEC,TSEN34,LAMA5,SMIM29,CEBPD,PBXIP1,BPHL,DNAJB1,TAF1D,ELMSAN1,D2HGDH,ATP9B,E2F6,EIF4B,REPS1,PPP1R14B,HNRNPA3,SMOX,RPL23A,LAMB1,SOD2,SLC25A37,TMLHE,NAXD,EIF3D
gene_set_query	459	SMAD5	523.5	ARCHS4 Coexpression,1184;Enrichr Queries,588;ReMap ChIP-seq,33;GTEx Coexpression,289	RPL3,HSPB6,ZFAS1,PTEN,GXYLT1,CHD2,RPL9,RPS4X,PPP1CB,PNN,RPS16,SLK,RASGEF1A,RPS19,RPS18,CSKMT,KIF5B,RPL36,FLOT1,TNKS1BP1,RPL35,RPLP2,RPS11,RPS12,ACVR1,APC2,RPS9,RBM14,RPS5,ARNT,RPL13A,TAP1,RPSA,CSNK1D,MFSD11,MFSD10,TUFM,TAPBP,LATS1,ATXN2L,EEF1A1,EEF1G,MED22,MMP14,DMTF1,HNRNPH1,EEF1D,RAB34,IRF1,RPL37A,IER3-AS1,FKBP9,LINC00641,RPL28,FTL,YAP1,RTN2,TSEN34,TSTA3,RPL10,RPL12,RPL11,CCDC106,WDR24,FOXRED1,IRAK1,RPS3,RPS2,RPL18,HNRNPA1,RREB1,EIF4B,MAP4K4,SEC24B,CRTAP,PPP1R14B,HNRNPA3,PCGF2,RPL23A,PTPN11,LAMB1,HIPK3,HIPK2,PER1,TBL3,RPS27,TTLL3,BCL6,WNK1,TRIP6,BCL2,PNPLA6,EIF3D
gene_set_query	460	ZNF737	524.0	ARCHS4 Coexpression,162;GTEx Coexpression,886	ZNF254,LRRC59,RPL12,FNBP1L,APH1A,CAPNS1,IRAK1,SNRNP70,TNKS1BP1,MFN2,ZNF426,KIF1C,ZNF787,ZNF483,PPP1R14B,CRTAP,IFT140,DCC,MOGS,DNAAF4,EIF2S3,MPPED2,RBM12B,PLEKHM2,MAFK,PLA2R1
gene_set_query	461	ZNF629	524.0	ARCHS4 Coexpression,175;Enrichr Queries,688;GTEx Coexpression,709	KMT2D,LRRC59,SMIM29,ATN1,HSPB1,ABR,FAM171A2,ARVCF,FAM168B,MPRIP,GPC1,SERPINH1,MFN2,PLXNA1,GSE1,TNKS1BP1,KIF1C,RDH14,E2F6,RREB1,RAB11FIP3,ZNF584,PPP1R26,ICMT,CERS6,ITGA3,TSC22D3,PCGF2,PDE4DIP,CSNK1D,MOGS,ILF3,BCL6,ACO2,TACC2,SNRNP200,NECTIN2,FKBP5,PLEC
gene_set_query	462	MLX	524.3	ARCHS4 Coexpression,403;Enrichr Queries,845;GTEx Coexpression,325	RPL3,MTMR14,CTNND2,HSPB1,SMG6,TOMM22,CCND3,RIMS3,SPR,SCRN1,KIF5C,DHRS7B,FTH1,KIF5A,FLOT1,ZNF787,RPL18,SPTBN1,TAF12,ANXA2,SQOR,TAP1,MFSD11,QRSL1,MTURN,WDR77,HIPK2,COMMD5,TUFM,TMLHE,LAS1L,SDHAF2,BCL6,IRF1,S100A6,TAGLN2,RAF1,MSRB1,FTL
gene_set_query	463	RELB	525.0	ARCHS4 Coexpression,916;Enrichr Queries,139;ReMap ChIP-seq,180;GTEx Coexpression,865	LINC01354,ZFAS1,ATN1,PTEN,HMGB2,HSPB1,SBF2-AS1,CHD2,METRNL,ZIC2,FTH1,KIF5A,DHX58,TNKS1BP1,PHF24,EMILIN1,TIMP1,TBC1D10A,BCAS1,TGM2,ENTPD2,ANXA2,TSC22D3,TAP2,TAP1,EMP1,RNASE4,PATL1,TAPBP,MFSD10,TUFM,ATXN2L,EEF1A1,EEF1G,PTP4A2,MMP14,IRF1,DMWD,CDC37,SNHG10,S100A6,TAGLN2,NUPR1,PLEC,RPL10,CEBPD,SMIM29,SLC43A2,NEDD9,C2CD4C,CCDC106,METTL21A,APOLD1,CUX2,ELMSAN1,PLXNA1,LPXN,ZNF787,TSPAN3,LINC01006,MAPK3,USP24,WNT10B,PPP1R14B,GADD45A,SQOR,PYCR1,INHBA,SOD2,HIPK2,BCL6,STK17A,MAFF,PLEKHM2,NOL12,DNAL4,GPR19
gene_set_query	464	FEZF2	525.0	ARCHS4 Coexpression,385;Enrichr Queries,1013;GTEx Coexpression,177	PRDM8,SMIM29,CTNND2,TMEM200C,FAM107A,RPL36A,SAT2,C2CD4C,ABR,FAM171A2,ZIC2,RPS19,KIF5C,RPS18,KIF5A,GDAP1L1,PHACTR3,PHF24,PLXNA1,RPL13,NINL,RPL17,NTNG2,GDF11,DCC,ZBTB16,PCGF2,ANO8,RPL13A,MAPK8IP2,RGMA,NFATC4,BCAN,AGBL4,ASPHD1,MMP17,RPL37A,MPPED2,RAPGEF4
gene_set_query	465	HOXA2	525.8	Literature ChIP-seq,162;ARCHS4 Coexpression,773;Enrichr Queries,896;GTEx Coexpression,272	YAP1,PRDM8,LAMA5,SMIM29,MAGED1,PPP1CB,HEY1,ZIC2,SCMH1,EMILIN1,TSPAN3,FGFBP3,SBF2,WWTR1,CRTAP,HNRNPA3,FOXD1,FOXF2,GADD45A,ZBTB16,CAV1,ITGA1,EMP1,PARVA,LAMB1,RGMA,SMTN,BMP2,ILF3,CRISPLD1,RAB34,TRAF5,MAFK
gene_set_query	466	HOXC11	525.8	ARCHS4 Coexpression,226;Enrichr Queries,1014;ReMap ChIP-seq,234;GTEx Coexpression,629	RPL4,LRRC59,SMIM29,COL11A1,RPL12,HSPB1,METRNL,RPL8,APH1A,ZIC2,IRAK1,TNKS1BP1,GSE1,RPS2,RAC1,ACVR1,PPP1R14B,CRTAP,FOXD1,ICMT,ANXA2,FOXF2,ZBTB16,CAV1,PYCR1,SNX21,INHBA,VASN,EEF1A1,MMP14,MED24,BCL6,CD109,COL5A2,TRIP6,BCL2,FKBP9
gene_set_query	467	ZNF43	526.0	ARCHS4 Coexpression,508;Enrichr Queries,780;GTEx Coexpression,290	ZNF254,LRRC59,ZNF175,SMIM29,CLTB,PTEN,PPWD1,FNBP1L,APH1A,CAPNS1,IRAK1,SNRNP70,ZNF280C,ZNF525,TIMP3,MFN2,ZNF426,KIF1C,HNRNPA1,HNRNPA3,ZBTB16,TSC22D3,PDE4DIP,MOGS,SYTL2,ATXN2L,ILF3,BMP2,PAN3,DMTF1,HNRNPH1,COL5A2,PLEKHM2,PNPLA6,SNRNP200,GPR19
gene_set_query	468	CHCHD3	526.5	ARCHS4 Coexpression,221;GTEx Coexpression,832	UBE2D4,HSPB6,RPL11,RPL36A,HMGB2,RPL9,RPS19,MACROD1,RPL36,RPS3,MFN2,RPLP2,RPL18,HNRNPA1,RPL39,RPL21,RPS5,PDE4DIP,RPL13A,RPL23A,QRSL1,ANO5,EEF1A1,RPS27,RPL37A,ACO2,PFDN5
gene_set_query	469	ZFP28	526.7	ARCHS4 Coexpression,936;Enrichr Queries,277;GTEx Coexpression,367	SMIM29,MAGED1,RPL12,CTNND2,NEDD9,RPL8,FNBP1L,KLC1,ZBTB4,APH1A,MPRIP,SCRN1,KIF5C,RNPEP,GDAP1L1,HABP4,PLXNA2,TIMP3,ZNF483,ANXA2,GADD45A,ZBTB16,TSC22D3,CAV1,SQOR,IGIP,EMP1,PDE4DIP,NBEAL2,GADD45G,LAS1L,DMTF1,BCL6,EEF1D,DMWD,RAB34,MAFF,BCL2,RPL29
gene_set_query	470	ZNF253	526.7	ARCHS4 Coexpression,192;Enrichr Queries,836;GTEx Coexpression,552	ZNF254,LRRC59,ZNF175,SMIM29,METRNL,FNBP1L,GPATCH8,APH1A,FAM168B,MPRIP,CAPNS1,IRAK1,KIF5C,SNRNP70,ZMIZ2,SH3BGRL2,ZNF426,ZNF844,TNKS1BP1,MFN2,TBC1D10A,USP24,ZNF483,CRTAP,POU2F1,RBM18,MOGS,QRSL1,LINC00909,HARS2,ACADSB,ANO5,CASTOR3,PLEKHM2,MAFK,TAGLN2,PNPLA6,ZNF510,FKBP5
gene_set_query	471	HMGA1	527.3	ARCHS4 Coexpression,291;Enrichr Queries,8;GTEx Coexpression,1283	RPL4,RPL3,HMGB2,HSPB1,RPL8,TOMM22,FBL,RPS16,RPS19,RPS18,RARS,FTH1,RPL36,RPL35,RPLP2,RAC3,TIMP1,RPS11,TGM2,RPS9,ANXA2,RPS5,RPS6,EMP1,RPL13A,RPSA,EEF1A1,ATXN2L,ILF3,EEF1D,S100A6,TAGLN2,RPL28,PLEC,LRRC59,SET,SMIM29,GSTCD,RPL12,IRAK1,UBC,RPS3,SERPINH1,RPS2,ZNF787,RPL18,HNRNPA1,PPP1R14B,HNRNPA3,ICMT,TAF15,PYCR1,HNRNPD,ANP32B,NECTIN2
gene_set_query	472	ASCL1	528.3	ARCHS4 Coexpression,1145;Enrichr Queries,556;ReMap ChIP-seq,222;GTEx Coexpression,190	KCNC1,CTNND2,FAM107A,ATN1,HSPB1,RIMS3,MPRIP,HEY1,KIF5C,PHACTR3,MACROD1,RPLP2,RPL38,PPFIA3,CHST8,APC2,ENTPD2,DCC,RPL13A,COBL,MOGS,MAPK8IP2,BCAN,NDUFS8,SNHG12,ASPHD1,DMWD,RAB34,S100A6,RPL29,RTN2,LAMA5,SPTBN4,SHC2,ADCYAP1R1,NECAB3,MVK,MAGED1,IGSF1,RPL12,CCDC106,WDR24,DLL3,FAM171A2,CUX2,EPCAM,PLXNA2,GSE1,RPS2,ZNF787,RPL18,LINC00632,PPP1R26,PPP1R14B,ICMT,KCNJ11,ZBTB16,IGIP,PCIF1,PYCR1,RPL23A,NR1D1,GADD45G,TBL3,BMP2,PC,ATG16L1,SPIRE2,BCL2,MAFK,PNPLA6,NECTIN2,GPR19
gene_set_query	473	RUNX2	529.4	Literature ChIP-seq,23;ARCHS4 Coexpression,1392;Enrichr Queries,219;ReMap ChIP-seq,195;GTEx Coexpression,818	RPL3,LINC01354,GXYLT1,SBF2-AS1,METRNL,PVR,CDC14B,LAPTM4A,MPRIP,CAPNS1,RPS19,KIF5C,FTH1,MACROD1,TRIM26,SBF2,TGM2,ACVR1,TLE1,MIGA2,RALGAPA2,TAP2,CSNK1D,DNAAF4,MFSD11,SDCBP2,SYTL2,EEF1A1,CRISPLD2,CD109,SNHG10,S100A6,TAGLN2,PKP4,CTXN3,NUPR1,FKBP5,RTN2,KLC1,FAM171A2,SERPINH1,PLXNA1,LPXN,GSE1,MBP,RDH14,RREB1,WNT10B,FOXF2,CAV2,GADD45A,CAV1,PHF12,OGA,INHBA,NR1D1,VASN,NFATC4,RPS28,SMTN,PAN3,BCL6,WNK1,COL5A2,MAFF,VAC14-AS1,BCL2,HNRNPD,MAFK,RPS20,ANP32B,NOL12,TRAM2-AS1,SNED1,AKAP8L,HSPB1,LRRC6,ARHGEF10L,PEAR1,CHD2,PITPNC1,RPLP2,TIMP3,EMILIN1,TIMP1,RAC1,PELP1,SNTA1,RBM14,FOXD1,ANXA2,ITGA3,TSC22D3,ANO8,AXIN1,EMP1,COBL,TAPBP,EEF1G,PTP4A2,MMP14,KAT2A,HNRNPH1,IRF1,TRAF5,ARHGEF3,ITGA7,PLEC,PLEKHH3,CEBPD,SMIM29,NEDD9,PBXIP1,WDR24,APOLD1,TM9SF4,PDLIM2,ELMSAN1,GDF11,PPP1R14B,HIPK2,SLC25A37,PER1,PC,KCNS1,POLR3H,PNPLA6,NECTIN2
gene_set_query	474	WIZ	529.7	ARCHS4 Coexpression,52;Enrichr Queries,117;GTEx Coexpression,1420	KMT2D,LRRC59,AKAP8L,ATN1,HSPB1,APH1A,FAM168B,MPRIP,CAPNS1,IRAK1,SNRNP70,ZMIZ2,GPC1,SERPINH1,TNKS1BP1,PLXNA1,GSE1,KIF1C,MAP4,ZNF787,RREB1,SPTBN1,PELP1,RBM14,PPP1R14B,TAF15,IFT122,CSNK1D,MOGS,ATXN2L,ILF3,SMTN,WNK1,HNRNPH1,DMWD,PLEKHM2,PNPLA6,PLEC
gene_set_query	475	ERF	530.3	ARCHS4 Coexpression,111;Enrichr Queries,343;GTEx Coexpression,1137	KMT2D,LRRC59,LAMA5,UBE2D4,CEBPD,SMIM29,ATN1,HSPB1,AKAP17A,APH1A,FAM168B,CAPNS1,IRAK1,SNRNP70,ZMIZ2,SERPINH1,GSE1,TNKS1BP1,KIF1C,ZNF787,TAF15,GADD45A,PHF12,CSNK1D,MOGS,NR1D1,GADD45G,ATXN2L,PER1,MMP14,ILF3,TTLL3,BCL6,IRF1,MAFF,TAGLN2,MAFK,PNPLA6,NECTIN2,FKBP5,PLEC
gene_set_query	476	YBX1	530.3	ARCHS4 Coexpression,72;Enrichr Queries,1;GTEx Coexpression,1518	RPL4,RPL3,HMGB2,HSPB1,EFCAB5,RPL8,RPL9,RPS4X,FBL,RPS17,RPS16,RPS19,RPS18,FTH1,RPL36,RPL35,RPLP2,RPL38,RPS11,RPS9,RPL21,ANXA2,RPS5,RPS6,RPL13A,RPSA,MOGS,EEF1A1,EEF1G,ATXN2L,ILF3,HNRNPH1,EEF1D,RPL37A,S100A6,TAGLN2,RPL29,SNRNP200,RPL28,UBA52,FTL,LRRC59,SET,RPL12,RPL11,APH1A,FAM168B,IRAK1,UBC,RPS3,MFN2,RPS2,ZNF787,RPL18,HNRNPA1,RPL17,EIF4B,PPP1R14B,HNRNPA3,ICMT,TAF15,RPL23A,PTPN11,RPS28,RPS27,RPL27A,HNRNPD,RPS20,EIF3F,ANP32B,TPT1
gene_set_query	477	ZBTB42	531.5	ARCHS4 Coexpression,549;GTEx Coexpression,514	LRRC59,LAMA5,PPP1R14B,PLEKHH3,ENTPD2,SETD6,PPP1R16A,HSPB1,MOGS,RPL8,WDR77,TUFM,APH1A,SPR,IRAK1,MARVELD2,CAPNS1,EEF1D,TNKS1BP1,GSE1,RREB1,NECTIN2
gene_set_query	478	POU3F4	533.0	ARCHS4 Coexpression,468;Enrichr Queries,428;GTEx Coexpression,703	ZNF254,ADCYAP1R1,MAGED1,COL11A1,CTNND2,RPL12,TMEM200C,CCDC106,ADCY8,FNBP1L,DLL3,GRM5,CUX2,HEY1,ZIC2,PPP4R4,GDAP1L1,HABP4,PLXNA2,FGFBP3,JAM2,CLVS1,APC2,WNT10B,DTNA,DCC,DTNBP1,INHBA,GADD45G,RGMA,DMTF1,CDH10,PAFAH1B3,ZNF554,CAMK1G,GPR19
gene_set_query	479	ZBTB22	534.0	ARCHS4 Coexpression,439;Enrichr Queries,422;GTEx Coexpression,741	TSEN34,CEBPD,SMIM29,ATN1,HSPB1,PBXIP1,METRNL,APH1A,DNAJB1,ABR,CCND3,CAPNS1,SNRNP70,FTH1,ZMIZ2,FLOT1,ZNF787,TBC1D10A,GADD45A,TSC22D3,PCIF1,TAP2,NBEAL2,MOGS,SUMF1,GADD45G,TAPBP,ADCK2,BCL6,PACS1,S100A6,PLEKHM2,DNASE2,MAFK,PNPLA6,DNAL4,PLEC
gene_set_query	480	TFE3	534.3	ARCHS4 Coexpression,628;Enrichr Queries,120;GTEx Coexpression,855	TSEN34,CEBPD,SMIM29,ATN1,HSPB1,APH1A,CCND3,FRAT2,IRAK1,CAPNS1,FTH1,ZMIZ2,PEA15,UBC,FLOT1,TNKS1BP1,TIMP1,ZNF787,MAPK3,ANXA2,GADD45A,TSC22D3,EMP1,USB1,MOGS,NBEAL2,SOD2,TUFM,TAPBP,MED22,BCL6,PACS1,RAB34,IRF1,MAFF,S100A6,PLEKHM2,TAGLN2,MAFK,PNPLA6,FTL,PLEC
gene_set_query	481	STAT2	535.0	ARCHS4 Coexpression,1274;ENCODE ChIP-seq,113;Enrichr Queries,779;ReMap ChIP-seq,239;GTEx Coexpression,270	ZFAS1,CITED4,PPWD1,CASC3,TOMM22,GOLGA3,PNN,CCND3,DHX58,SAP130,SLC25A42,TIMP1,METTL17,RPS12,TGM2,RPS9,ANXA2,TSC22D3,VPS13D,TAP2,TAP1,TAPBP,PTP4A2,KAT2A,DMTF1,HNRNPH1,ETHE1,IRF1,GSAP,NUPR1,PLEC,TSEN34,KMT2D,SPTBN4,PLEKHH3,SMIM29,SLC43A2,CEBPD,AKAP17A,ARVCF,UBC,MFN2,RPS2,HNRNPA1,PLXNA3,CLVS1,FKRP,SQOR,NBEAL2,SOD2,SLC25A37,PINK1,TBL3,RPS28,PAN3,TTLL3,BCL6,TRIP6,HNRNPD,ACO2,ANP32B,INTS8,TPT1,MSRB1
gene_set_query	482	ZNF366	535.0	ARCHS4 Coexpression,1360;Enrichr Queries,126;GTEx Coexpression,119	DOCK6,LRRC59,FLT1,SMIM29,KCNC1,SLC43A2,ADCY4,NEDD9,PEAR1,APOLD1,SHE,CDH5,HEY1,TMEM44,AIFM2,GOLGA6L4,GJA4,TIMP3,SPTBN1,EIF4B,TGM2,CSGALNACT1,WWTR1,CAV2,CAV1,ITGA1,CIDEA,EMP1,COBL,PDE4DIP,INHBA,LYVE1,HIPK3,SLCO4A1,CRISPLD2,DMWD,RHOJ,ITGA7
gene_set_query	483	KCMF1	535.3	ARCHS4 Coexpression,277;Enrichr Queries,353;GTEx Coexpression,976	LRRC59,SET,UBE2D4,SRXN1,RPL12,NGLY1,ATL2,HSPB1,CHD2,PPP1CB,APH1A,FAM168B,SLK,CAPNS1,IRAK1,FTH1,KIF5B,UBC,MACROD1,MFN2,KIF1C,ZNF787,RAC1,E2F6,EIF4B,MAP4K4,PPP1R14B,HNRNPA3,ICMT,KCNJ11,ANXA2,GADD45A,PATL1,EEF1A1,PTP4A2,WNK1,HNRNPD,RAF1,TPT1
gene_set_query	484	SP5	536.3	ARCHS4 Coexpression,538;Enrichr Queries,934;GTEx Coexpression,137	SMIM29,IGSF1,RPL11,RPL8,METRNL,ACVR1B,RPL9,ASGR1,TM9SF4,APH1A,HEY1,ZIC2,ELMSAN1,EPCAM,CA4,RPL36,TNKS1BP1,RPL18,TBC1D10A,MAP4K4,HNRNPA3,ENTPD2,RPS5,ZBTB16,PCGF2,PYCR1,RNASE4,SNX21,MOGS,NR1D1,GADD45G,RGMA,ALDH4A1,MMP14,BMP2,TMEM54,RPL37A,PKP4,PIGL,EIF3F,RPL29
gene_set_query	485	ZNF317	536.3	ARCHS4 Coexpression,464;Enrichr Queries,726;GTEx Coexpression,419	RPL4,RPL3,RPL12,AKAP17A,CHD2,FBL,DNAJB1,RPS19,RPS18,UBC,HABP4,ZNF426,RPS2,RREB1,EIF4B,USP24,RBM14,GADD45A,RPS5,TSC22D3,OGA,RPL23A,EEF1G,EEF1A1,LSG1,ILF3,PAN3,BCL6,WNK1,IRF1,MAFF,BCL2,SRSF4,RPL29,EIF3D
gene_set_query	486	TIGD5	536.7	ARCHS4 Coexpression,252;Enrichr Queries,351;GTEx Coexpression,1007	RPL4,PLEKHH3,CEBPD,SMIM29,CITED4,MPI,ATN1,HSPB1,CCDC106,RPL8,METRNL,WDR24,TAF1D,FRAT2,BRD9,ZNF787,RAB11FIP3,PPFIA3,ZNF584,PRMT5,PUS1,PPP1R16A,PYCR1,CSNK1D,MOGS,QRSL1,TEX2,WDR77,COMMD5,GADD45G,TBL3,EEF1D,SPIRE2,MAFK,POLR3H,PAFAH1B3,PLEC
gene_set_query	487	PRDM8	536.7	ARCHS4 Coexpression,251;Enrichr Queries,804;GTEx Coexpression,555	SPTBN4,SMIM29,ATN1,ZBTB4,ABR,FAM168B,RIMS3,HEY1,MPRIP,ZMIZ2,KIF5A,PLXNA2,PLXNA1,PHF24,MAP4K4,NTNG2,FOXF2,KCNJ9,ZBTB16,CAV1,EMP1,PARVA,INHBA,MAPK8IP2,MTURN,SYTL2,TOM1L2,SMTN,KCNS1,CRISPLD2,SLCO4A1,DMWD,BCL2,PLEKHM2,BCL2L2
gene_set_query	488	SKOR2	537.0	ARCHS4 Coexpression,539;GTEx Coexpression,535	APC2,SPTBN4,CA10,PLEKHH3,KCNC1,FOXF2,PUS1,CSNK1D,GRIN2C,MAPK8IP2,LRRC37B,PHTF1,GNG13,ATXN2L,FAM171A2,ARVCF,LAS1L,ZIC2,IRAK1,RAC3,ZNF787,PPFIA3,PELP1
gene_set_query	489	NFE2	537.6	ARCHS4 Coexpression,1135;ENCODE ChIP-seq,46;Enrichr Queries,244;ReMap ChIP-seq,88;GTEx Coexpression,1175	RIPOR2,ATN1,CASC3,GPATCH8,CCND3,LAPTM4A,FRAT2,RPS16,FTH1,DHX58,HABP4,ARL6IP4,RPS11,PPFIA3,TGM2,FBXW4,RPS9,RPL21,DAPK1,RPS5,PUS1,PPP1R16A,CSNK1D,MFSD11,LZTFL1,WDR77,TUFM,EEF1A1,ILF3,SNHG12,CRISPLD2,RAB37,CDC37,SNHG10,S100A6,TAGLN2,SNRNP200,UBA52,FTL,FKBP5,RTN2,SPTBN4,TBC1D19,NECAB3,KLC4,UBC,SERPINH1,LPXN,ZNF787,RREB1,GADD45A,ZBTB16,OGA,SNHG8,PYCR1,USB1,NBEAL2,NR1D1,GADD45G,MARCH2,TBL3,RPS28,RPS27,BCL6,ATG16L1,MAFF,TRIP6,HNRNPD,BCL2,KYAT3,MAFK,ACO2,NOL12,GPR19,SETD6,ZFAS1,HMGB2,HSPB1,PPWD1,AATF,RPLP2,EMILIN1,TIMP1,PRMT5,PLA2G12A,RBM14,CERS6,ANXA2,IFT140,TSC22D3,ANO8,RPL13A,RTN4RL2,PATL1,SUMF1,EEF1G,PTP4A2,LSG1,IRF1,ITGA7,DNASE2,PIGL,PAFAH1B3,PLEC,TSEN34,PLEKHH3,MVK,RPL10,SMIM29,CEBPD,PBXIP1,CCDC106,WDR24,TM9SF4,FOXRED1,DLL3,CYTH3,FAM168B,MARVELD2,RPL13,D2HGDH,RPS2,RPL18,HNRNPA1,RPL17,APBB3,EIF4B,MAPK3,PPP1R14B,HNRNPA3,FKRP,TAF15,TAF12,ALDH4A1,SLC25A37,PER1,PINK1,HIST3H2A,PC,PNPLA6,EIF3F,MSRB1
gene_set_query	490	RARB	538.3	Literature ChIP-seq,148;ARCHS4 Coexpression,978;Enrichr Queries,559;GTEx Coexpression,468	SRXN1,AKAP8L,ATN1,GPATCH8,CDC14B,PPP1CB,HEY1,ZMIZ2,SCMH1,RPL36,SLC16A6,TIMP3,SH3BGRL2,RNF150,ATXN7L2,TBC1D10A,TGM2,APC2,RPS9,ANXA2,DGAT1,ITGA1,TAP1,RTN4RL2,COMMD5,EEF1G,INPP4B,MED24,NDUFS8,EEF1D,PACS1,DMWD,CDC37,MPPED2,RHOJ,HNRNPH3,FAM193A,UBA52,FKBP5,SHC2,SMIM29,CEBPD,SLC43A2,ATL2,PBXIP1,KLC1,ZBTB4,FAM168B,ARVCF,CUX2,PDLIM2,PLXNA2,SPTBN1,WWTR1,FOXF2,ZBTB16,CAV1,PHF12,PYCR1,PARVA,LAMB1,INHBA,SMTN,BMP2,TBL3,RPS28,BCL6,TTLL3,KCNS1,COL5A2,BCL2,PNPLA6
gene_set_query	491	ZNF609	538.7	ARCHS4 Coexpression,459;Enrichr Queries,547;GTEx Coexpression,610	KMT2D,ATN1,CHD2,GPATCH8,SMG6,FAM168B,MPRIP,ELMSAN1,ZMIZ2,SAP130,ZNF525,GSE1,MAP4,RREB1,SPTBN1,EIF4B,MAP4K4,HNRNPA3,TAF15,VPS13D,IFT122,HIPK3,NFATC4,HIPK2,ATXN2L,ILF3,DMTF1,WNK1,RBM12B,FAM193A,SNRNP200,PLEC
gene_set_query	492	PURA	540.0	ARCHS4 Coexpression,140;GTEx Coexpression,940	ZBTB4,GRM5,SLK,KIF5A,PHF24,RDH14,MBP,SPTBN1,BCAS1,UNC13C,ZNF483,PAQR6,ICMT,KCNJ9,RBM18,VPS13D,IGIP,PDE4DIP,MKLN1-AS,MTURN,HIPK2,WNK1,SPIN2B,PKP4,NSRP1,BCL2L2,TRAM2-AS1,RAPGEF4
gene_set_query	493	FOXA1	542.3	Literature ChIP-seq,133;ARCHS4 Coexpression,1156;ENCODE ChIP-seq,47;Enrichr Queries,488;ReMap ChIP-seq,199;GTEx Coexpression,1231	LINC01354,GALNT18,GXYLT1,FAM107A,FNBP1L,CASC1,GPATCH8,PPP1CB,FRAT2,CAPNS1,KIF5C,PPP4R4,MACROD1,RPL38,EIF2D,SBF2,TGM2,ACVR1,RPS9,TLE1,ENTPD2,DAPK1,PPP1R16A,RPS6,MOGS,RNASE4,LZTFL1,SYTL2,TUFM,TMEM135,CRISPLD2,RAB34,SNHG10,S100A6,CMPK1,TAGLN2,PKP4,CTXN3,NUPR1,FTL,TSTA3,ADCYAP1R1,APH1A,ABR,DHRS7B,UBC,LPXN,GSE1,MBP,TSPAN3,SPTBN1,POU2F1,DTNA,PHF12,ZBTB16,CAV1,NEK7,SIAH1,OGA,SNHG6,NR1D1,INHBA,SNHG5,VASN,GADD45G,NFATC4,BMP2,BCL6,WNK1,MAFF,SPIRE2,BCL2,MAFK,GPR19,BCAR3,MTMR14,AKAP8L,PTEN,CLTB,HSPB1,CHD2,PITPNC1,RND1,RASGEF1A,TNKS1BP1,ARIH1,BCAS1,ZNF483,RBM14,CERS6,ANXA2,RBM18,EMP1,COBL,ARNT,QRSL1,MKLN1-AS,SUMF1,EEF1G,PTP4A2,MED22,LSG1,NDUFS8,SDHAF2,HNRNPH1,IRF1,RBM12B,RPL37A,PEX5,RAPGEF4,PLEC,YAP1,CEBPD,NEDD9,APOLD1,CYTH3,MARVELD2,ELMSAN1,EPCAM,TP53INP2,RPL13,HNRNPA1,APBB3,EIF4B,REPS1,HNRNPA3,KCNJ11,RPL23A,LAMB1,TYW1B,HIPK3,PER1,CASTOR3,NAXD,EIF3D,RAMP1,NECTIN2
gene_set_query	494	NFATC1	545.2	ARCHS4 Coexpression,1388;ENCODE ChIP-seq,50;Enrichr Queries,135;ReMap ChIP-seq,116;GTEx Coexpression,1037	RIPOR2,RPL3,UBE2D4,POP4,ATN1,CASC3,RPL8,RPL9,NDST2,PNN,CCND3,RPS16,RPS19,CSKMT,MACROD1,RPL35,RPL38,RPS11,VPS39,RPS12,RPS9,PAQR6,RPL21,DAPK1,RPS5,TAP1,RPSA,CSNK1D,LZTFL1,MFSD10,TUFM,EEF1A1,ATXN2L,DMTF1,RAB34,RAF1,RPL29,LINC00641,UBA52,ZNF554,LRRC59,TBC1D19,GSTCD,APH1A,LPXN,GSE1,ZNF426,AMZ2,RREB1,GADD45A,ZBTB16,PCIF1,OGA,SNHG5,HARS2,GADD45G,TBL3,RPS27,BCL6,ATG16L1,MAFF,SPIRE2,HNRNPD,BCL2,ACO2,BCL2L2,ZNF254,HSPB6,SETD6,NGLY1,PTEN,HMGB2,HSPB1,CHD2,RARS,RPLP2,TIMP3,PGM2,EMILIN1,APC2,PRMT5,RBM14,ANXA2,TSC22D3,RPL13A,EMP1,PATL1,EEF1G,PTP4A2,MED22,HNRNPH1,PACS1,IRF1,RPL37A,RBM12B,CHI3L2,ARHGEF3,HNRNPH3,PFDN5,PLEC,RPL10,CEBPD,SMIM29,RPL36A,NEDD9,PBXIP1,CCDC106,RPS3,RPL13,MFN2,RPS2,HNRNPA1,RPL18,RPL17,APBB3,ZNF584,GDF11,PPP1R14B,HNRNPA3,PTPN11,RPL23A,LINC00909,PER1,TMLHE,HIST3H2A,TTLL3,STK17A,NAXD
gene_set_query	495	ZNF3	545.3	ARCHS4 Coexpression,746;Enrichr Queries,410;GTEx Coexpression,480	SET,SMIM29,CTNND2,RPL36A,FNBP1L,RPS17,RPS16,RPS18,PPP4R4,GDAP1L1,HABP4,RPL36,PHF24,GSE1,RPL35,RPLP2,RPL38,RPS2,RPL18,RREB1,EIF4B,METTL17,MAP4K4,RPS12,POU2F1,GADD45A,NR1D1,HIPK2,ILF3,DMTF1,WNK1,TRIP6,RPL37A,SRSF4,PIGL,EIF3D,FKBP5,PLEC
gene_set_query	496	TFAP2C	545.3	Literature ChIP-seq,95;ARCHS4 Coexpression,1224;ENCODE ChIP-seq,100;Enrichr Queries,258;ReMap ChIP-seq,137;GTEx Coexpression,1458	RPL3,CTNND2,GALNT18,MPI,ATN1,GXYLT1,CIB2,METRNL,PPP1CB,LAPTM4A,RPS16,FRAT2,CAPNS1,MPRIP,FTH1,SCMH1,SLC16A6,MACROD1,ZNF326,SLC25A42,MAP3K6,PPFIA3,TBC1D10A,TGM2,ENTPD2,TLE1,DGAT1,RPS5,PPP1R16A,MOGS,CYS1,TUFM,SYTL2,BCAN,SNHG12,CRISPLD2,RAB34,ETHE1,S100A6,TAGLN2,SRSF4,RPL28,ZNF554,RTN2,LRRC59,NECAB3,SET,KIF9-AS1,ZBTB4,ABR,UBC,PLXNA2,ZNF426,GSE1,MBP,MAP4,TSPAN3,GAS2L1,RREB1,RAB11FIP3,RAB11FIP4,FAM120AOS,PRELID3B,PLXNA3,CAV1,SIAH1,IFT122,SNHG6,NR1D1,ACADSB,VASN,GADD45G,GNG13,TBL3,BMP2,PAN3,BCL6,ATG16L1,TRIP6,SPIRE2,HNRNPD,KYAT3,MAFK,GTF2IRD1,BCAR3,SERPINA3,SNED1,ZFAS1,AKAP8L,CITED4,CLTB,HSPB1,PHTF1,HEY1,ZIC2,AIFM2,SNRNP70,CA4,RNPEP,GDAP1L1,FLOT1,RPLP2,RAC3,TIMP3,TIMP1,BCAS1,ANXA2,ITGA3,TSC22D3,AXIN1,ANO8,EMP1,COBL,EEF1G,LATS1,PTP4A2,NDUFS8,SLCO4A1,HNRNPH1,EEF1D,IRF1,ARHGEF3,ACSBG1,PAFAH1B3,PLEC,LAMA5,PLEKHH3,RPL10,CEBPD,SMIM29,RPL12,RPL36A,FOXK2,NEDD9,PRELP,CCDC106,ACVR1B,METTL21A,WDR24,DNAJB1,PDLIM2,ELMSAN1,EPCAM,RPS2,RPL18,ATP9B,PPP1R14B,HNRNPA3,TAF15,RPL23A,PTPN11,LAMB1,HIPK3,ALDH4A1,PC,TACC2,TPT1,FAM50A
gene_set_query	497	NFIB	546.3	Literature ChIP-seq,146;ARCHS4 Coexpression,1211;Enrichr Queries,583;GTEx Coexpression,245	DOCK6,PRDM8,POP4,ADCY4,PTEN,HSPB1,FNBP1L,PEAR1,NDRG2,CHD2,FHIT,GPATCH8,CDH5,SNRNP70,GJA4,SERPINH1,PLXNA2,PHACTR3,TIMP3,DNAH10OS,MAP3K6,RREB1,SPTBN1,MAPK4,CLVS1,SNTA1,WWTR1,CRTAP,POU2F1,ANXA2,CAV2,DAPK1,ZBTB16,CAV1,PCIF1,ANO8,EMP1,RNASE4,TEX2,SDCBP2,RHOJ,COL5A2,MPPED2,FKBP9,PNPLA6,HNRNPH3,NECTIN2
gene_set_query	498	ASH1L	546.3	ARCHS4 Coexpression,269;Enrichr Queries,753;GTEx Coexpression,617	PRR5,KMT2D,PTEN,CHD2,RPL8,MTRNR2L1,ZBTB4,GPATCH8,FAM168B,SLK,KIF5B,RPL18,RREB1,ATP9B,SPTBN1,USP24,ZNF483,BICRAL,LRBA,RPS5,VPS13D,OGA,PDE4DIP,HIPK3,TAPBP,HIPK2,LATS1,WNK1,PEAK1,RPL29,ZNF510,PLEC
gene_set_query	499	ZNF335	547.8	ARCHS4 Coexpression,974;Enrichr Queries,643;ReMap ChIP-seq,297;GTEx Coexpression,277	KMT2D,LAMA5,AKAP8L,AKAP17A,TM9SF4,NDST2,SNRNP70,ZMIZ2,FTH1,MAP4,RREB1,METTL17,PHF12,PCIF1,AXIN1,PTPN11,CSNK1D,NBEAL2,ATXN2L,PER1,ILF3,PAN3,BCL6,ATG16L1,PACS1,IRF1,PNPLA6,PLEC
gene_set_query	500	DLX1	548.0	ARCHS4 Coexpression,864;Enrichr Queries,398;GTEx Coexpression,382	PRDM8,ZNF254,CEBPD,SMIM29,MAGED1,CTNND2,C2CD4C,FNBP1L,KLC1,DLL3,RIMS3,HEY1,ZIC2,PPP4R4,KIF5A,GDAP1L1,PLXNA2,PHF24,TIMP3,PLXNA1,HNRNPA1,FOXD1,NORAD,ZBTB16,CAV1,RBM18,NGB,EMP1,INHBA,SYTL2,AGBL4,BCL6,FNDC10,CTXN2,PAFAH1B3,GPR19
gene_set_query	501	ZNF418	548.3	ARCHS4 Coexpression,580;Enrichr Queries,565;GTEx Coexpression,500	ZNF254,RIPOR2,LRRC59,ZNF175,KCNC1,SMIM29,ATN1,CLTB,FNBP1L,GPATCH8,APH1A,ABR,ARVCF,ZIC2,CAPNS1,IRAK1,SNRNP70,ZNF844,NINL,ZNF483,DTNA,ZBTB16,COBL,PDE4DIP,MOGS,GRIN2C,KCNAB3,SYTL2,INPP4B,LAS1L,DMTF1,CRISPLD1,MPPED2,MAFK,TAGLN2,TACC2
gene_set_query	502	ZNF251	548.7	ARCHS4 Coexpression,892;Enrichr Queries,414;GTEx Coexpression,340	ZNF175,CEBPD,SMIM29,AKAP8L,ATN1,FNBP1L,ZBTB4,TOMM22,PPP1CB,PNN,ARVCF,SNRNP70,ZNF280C,TIMP3,GSE1,NINL,PLXNA3,IFT140,GADD45A,ZBTB16,TSC22D3,SQOR,EMP1,SYTL2,LAS1L,DMTF1,BCL6,HNRNPH1,IRF1,MPPED2,S100A6,SPIRE2,GTF2IRD1,TAGLN2,TACC2,FKBP5,PLEC
gene_set_query	503	ZMAT1	549.0	ARCHS4 Coexpression,896;Enrichr Queries,622;GTEx Coexpression,129	RIPOR2,LRRC59,SMIM29,IFT172,IGSF1,ATN1,NEDD9,RPL8,TOMM22,PNN,IRAK1,SNRNP70,ZMIZ2,TIMP3,APBB3,ATP9B,PLXNA3,HNRNPA3,PPP1R14B,ICMT,DTNA,IFT140,DAPK1,ZBTB16,TSC22D3,RABL2B,PYCR1,DNAAF4,SYTL2,INPP4B,TTLL3,DMTF1,BCL6,PEAK1,MPPED2,BCL2,GSAP,HNRNPH3,TARDBP
gene_set_query	504	ZNF875	549.0	ARCHS4 Coexpression,1165;Enrichr Queries,295;GTEx Coexpression,187	SNED1,LRRC59,SMIM29,SLC43A2,IFT172,AKAP8L,ATN1,METTL21A,CHD2,ZBTB4,APH1A,PNN,PDLIM2,MPRIP,OPHN1,SNRNP70,ZMIZ2,NINL,APBB3,RAB11FIP4,MAP4K4,ACVR1,HNRNPA3,IFT140,OGA,RABL2B,PDE4DIP,MOGS,INPP4B,KAT2A,ILF3,TTLL3,DMTF1,HNRNPH1,CRISPLD2,WNK1,DMWD,SPIRE2,ZNF554,PLEC
gene_set_query	505	ALX4	549.7	ARCHS4 Coexpression,518;Enrichr Queries,1007;GTEx Coexpression,124	BCAR3,RPL4,FLT1,SMIM29,RPL12,COL11A1,CITED4,RPL36A,ATN1,RPL8,FBL,FAM168B,ELMSAN1,RPS18,SERPINH1,TNKS1BP1,EMILIN1,RPS2,RPL39,RBM11,ACVR1,FOXD1,ANXA2,FOXF2,ZBTB16,SNX21,LAMB1,RGMA,NFATC4,EEF1G,MMP14,BMP2,KAT2A,ILF3,CRISPLD2,CD109,COL5A2,FKBP9,RPL29
gene_set_query	506	MEIS2	551.0	ARCHS4 Coexpression,781;Enrichr Queries,691;ReMap ChIP-seq,161;GTEx Coexpression,571	ZNF175,LINC01354,SRXN1,TUSC3,CTNND2,CLTB,HSPB1,AATF,FNBP1L,HEY1,SCRN1,KIF5C,FTH1,KIF5A,FLOT1,TIMP3,EMILIN1,RNF150,BCAS1,TGM2,RPS9,PLA2G12A,DAPK1,DCC,ANO8,EMP1,GAB2,MKLN1-AS,EEF1G,LATS1,PTP4A2,DMWD,CDC37,MPPED2,IER3-AS1,TAGLN2,RPL29,TSEN34,SMIM29,MAGED1,NEDD9,PBXIP1,ZBTB4,APOLD1,DLL3,DNAJB1,FAM168B,ARVCF,UBC,PLXNA2,GSE1,ZNF787,TSPAN3,HNRNPA1,RREB1,RPL17,PRELID3B,HNRNPA3,POU2F1,GADD45A,RARRES2,ZBTB16,CAV1,NEK7,PARVA,NBEAL2,SNHG6,LAMB1,NR1D1,SLC25A37,PER1,SMTN,PINK1,BMP2,PC,HIST3H2A,COL5A2,RAMP1,BCL2L2
gene_set_query	507	TCF15	551.0	ARCHS4 Coexpression,816;Enrichr Queries,280;GTEx Coexpression,557	FLT1,HSPB6,SMIM29,ADCY4,RPL36A,HSPB1,APOLD1,CDH5,HEY1,RPS19,EPCAM,GJA4,CA4,MACROD1,SMYD2,RPL36,MFN2,TIMP3,RPL35,RPL38,TGM2,MYH7B,SEMA6C,ZBTB16,CAV1,EMP1,GADD45G,BMP2,RPS28,NDUFS8,MPPED2,RPL37A,S100A6,HNRNPD,RBM20,RPS20,NUPR1
gene_set_query	508	ZNF662	552.3	ARCHS4 Coexpression,842;Enrichr Queries,202;GTEx Coexpression,613	LRRC59,FLT1,SMIM29,PTEN,NEDD9,METTL21A,PPP1CB,APH1A,PNN,SHE,FAM168B,CUX2,MARVELD2,SNRNP70,CDH23,SH3BGRL2,TIMP3,RPL18,JAM2,METTL17,CSGALNACT1,DTNA,ZBTB16,CAV1,MOGS,INHBA,SYTL2,RGMA,PAN3,DMTF1,BCL6,HNRNPH1,CRISPLD2,SPIRE2,PIGL,TARDBP,ZNF554,RAPGEF4
gene_set_query	509	HOXA11	553.0	ARCHS4 Coexpression,42;Enrichr Queries,946;GTEx Coexpression,671	RPL4,LRRC59,TBC1D19,CEBPD,NXN,PVR,RPS4X,RPS17,ZIC2,IRAK1,SERPINH1,RPL35,RAC3,KIF1C,EMILIN1,RPL38,RPS2,CRTAP,PPP1R14B,FOXD1,ICMT,FOXF2,ZBTB16,CAV1,EMP1,PYCR1,PARVA,LAMB1,INHBA,VASN,NFATC4,SMTN,BMP2,RAB34,TRIP6,NUPR1,FKBP9,RPL29,RAMP1
gene_set_query	510	TFCP2L1	553.0	ARCHS4 Coexpression,922;Enrichr Queries,221;GTEx Coexpression,516	KMT2D,LAMA5,CEBPD,SMIM29,HSPB1,FNBP1L,NDRG2,APH1A,SLK,MARVELD2,EPCAM,RNPEP,PLXNA2,SH3BGRL2,TIMP3,TNKS1BP1,D2HGDH,RREB1,TGM2,MYH7B,ANXA2,LRBA,ZBTB16,TSC22D3,CAV1,VPS13D,EMP1,COBL,CYS1,SDCBP2,GADD45G,TMEM54,HNRNPH1,NUPR1,PLA2R1,FKBP5
gene_set_query	511	NPAS3	553.3	ARCHS4 Coexpression,289;Enrichr Queries,1351;GTEx Coexpression,20	LRRC59,ADCYAP1R1,ARHGEF26-AS1,CTNND2,RPL12,FAM107A,ADCY8,NDRG2,PITPNC1,DLL3,OPHN1,HEY1,SCRN1,KIF5C,PEA15,PHACTR3,TIMP3,FGFBP3,RAB11FIP4,MAPK4,JAM2,APC2,GDF11,DTNA,NORAD,SMOX,DCC,ZBTB16,IGIP,MOGS,MTURN,HIPK2,RGMA,BCAN,CRISPLD1,ASPHD1,VAC14-AS1,MPPED2,ACSBG1,POLR3H,RPL29,LINC00641
gene_set_query	512	HMGN3	553.5	ARCHS4 Coexpression,1271;ENCODE ChIP-seq,23;ReMap ChIP-seq,51;GTEx Coexpression,869	RPL3,GALNT16,POP4,PITPNA,MPI,ATN1,CIB2,METRNL,RPL9,RIMS3,MPRIP,RPS18,KIF5A,RPL36,ARL6IP4,MAP3K6,RPS11,RPL39,PPFIA3,TBC1D10A,RPS12,RPS9,PAQR6,ENTPD2,DGAT1,RPS5,PUS1,PPP1R16A,RPS6,CSNK1D,MOGS,WDR77,ILF3,DMWD,RAB34,CDC37,ETHE1,S100A6,TAGLN2,SNRNP200,UBA52,RPL28,ZNF554,RTN2,TSTA3,LRRC59,KMT2D,NECAB3,GSTCD,AKAP17A,KLC1,APH1A,ABR,KLC4,ZNF426,RAB11FIP3,PLXNA3,FAM120AOS,PRELID3B,PPP1R26,ICMT,PHF12,SNHG8,PYCR1,IFT122,VASN,GNG13,MARCH2,TBL3,BCL6,TRIP6,HNRNPD,PLEKHM2,BCAR3,OSCP1,PRR5,HSPB6,MTMR14,ZFAS1,CITED4,NGLY1,PTEN,HSPB1,ZIC2,SPR,RPLP2,RAC3,TIMP1,DGCR6,SNTA1,APC2,CHST8,PLA2G12A,FOXD1,AXIN1,RPL13A,RTN4RL2,MYRIP,TAPBP,MED22,KAT2A,NDUFS8,EEF1D,PACS1,DNASE2,PAFAH1B3,ZNF510,PFDN5,PLEC,TSEN34,LAMA5,PLEKHH3,RPL10,SMIM29,CEBPD,NXN,CCDC106,ACVR1B,WDR24,BPHL,ARVCF,TAF1D,RPS3,RPL13,RPS2,RPL18,ZNF346,APBB3,MAP4K4,PPP1R14B,KCNJ11,TAF12,SMOX,SQOR,RPL23A,TYW1B,SOD2,ALDH4A1,PER1,HIST3H2A,PNPLA6,EIF3F,NECTIN2,FAM50A
gene_set_query	513	ZNF14	554.0	ARCHS4 Coexpression,435;Enrichr Queries,555;GTEx Coexpression,672	RPL4,LRRC59,ZNF175,SMIM29,PTEN,HMGB2,ATN1,PPWD1,METTL21A,PPP1CB,APH1A,MPRIP,CAPNS1,IRAK1,SNRNP70,ZNF844,ZNF426,TNKS1BP1,MFN2,KIF1C,TIMP1,ZNF483,PPP1R14B,CRTAP,BICRAL,GADD45A,TSC22D3,MOGS,SYTL2,LATS1,EIF2S3,BCL6,IRF1,S100A6,ARHGEF3,PLEKHM2,ZNF510
gene_set_query	514	NKX25	554.0	ARCHS4 Coexpression,432;GTEx Coexpression,676	MYH7B,MPP3,GALNT16,CIB2,CCDC106,BMP2,NDUFS8,IRAK1,GPC1,TRIP6,SMYD2,MFN2,RBM20,ITGA7,RAC3,KIF1C,RPL38,ACO2,RPS2,SNTA1
gene_set_query	515	FLI1	554.0	Literature ChIP-seq,27;ARCHS4 Coexpression,1228;ENCODE ChIP-seq,88;Enrichr Queries,484;ReMap ChIP-seq,63;GTEx Coexpression,1434	RPL4,ZNF175,RPL3,IFT172,POP4,RPL8,GOLGA3,PNN,RPS17,RPS16,FRAT2,RPS19,MPRIP,CAPNS1,OPHN1,RPS18,FTH1,GJA4,RPL36,RPL38,RPS11,VPS39,ACVR1,ENTPD2,RPL21,CSNK1D,MOGS,LRRC37B,MFSD10,BCAN,INPP4B,SNHG12,CDC37,SNHG10,CD109,SPIN2B,TAGLN2,GSAP,RPL29,UBA52,RPL28,NECAB3,PRDM15,ZBTB4,APH1A,ABR,SERPINH1,GSE1,AMZ2,RREB1,RAB11FIP3,PRELID3B,WNT10B,LRBA,SNHG8,PYCR1,NBEAL2,SNHG6,NR1D1,HARS2,GNG13,GADD45G,TBL3,SMTN,RPS27,LAS1L,RPL27A,TRIP6,HNRNPD,ECHDC2,RPS20,NOL12,INTS8,GPR19,MTMR14,ZFAND2A,SETD6,LRRC6,PEAR1,AATF,ASGR1,OSBPL10,SMG6,SHE,HEY1,TMEM44,RARS,RPLP2,RAC3,TIMP3,KIF1C,RAC1,TIMP1,ARIH1,FGFBP3,APC2,ANXA2,ANO8,EMP1,TOMM40L,COMMD5,MED22,LSG1,MMP14,KAT2A,SDHAF2,SLCO4A1,HNRNPH1,RHOJ,RBM12B,ARHGEF3,ACSBG1,PIGL,FAM193A,PAFAH1B3,RAPGEF4,RPL10,RPL12,RPL11,NEDD9,CCDC106,WDR24,TM9SF4,APOLD1,CUX2,GPC1,RPS3,RPL13,MFN2,BRD9,RPS2,RPL18,APBB3,HIPK2,PER1,CASTOR3,STK17A,RAMP1,RIPOR2,TUSC3,CTNND2,ATN1,CASC1,TOMM22,PPP1CB,CDH5,FBL,CCND3,CSKMT,KIF5C,SCMH1,MAP3K6,PPFIA3,TGM2,FBXW4,USP4,RPS5,RALGAPA2,PPP1R16A,RPS6,RPSA,TEX2,LZTFL1,TUFM,ATXN2L,ILF3,DMTF1,RAB37,DMWD,RAB34,SRSF4,PKP4,SNRNP200,FKBP5,RTN2,GSTCD,KLC1,IRAK1,DHRS7B,UBC,CDH23,LPXN,MBP,ZNF787,GAS2L1,POU2F1,CAV1,ZBTB16,PHF12,OGA,IFT122,EIF2S3,ATG16L1,BCL2,MAFK,OSCP1,PRR5,DOCK6,SNED1,FLT1,SRXN1,NGLY1,HMGB2,PPWD1,CHD2,PITPNC1,PHTF1,SCRN1,RNPEP,CA4,PHACTR3,PGM2,EMILIN1,DGCR6,METTL17,PELP1,BCAS1,CERS6,ITGA3,COMMD10,RBM18,VPS13D,AXIN1,RPL13A,RTN4RL2,MYRIP,EEF1G,LATS1,PTP4A2,NDUFS8,IRF1,RPL37A,CRY2,CHI3L2,ITGA7,DNASE2,NSRP1,PFDN5,PLEC,TSEN34,SMIM29,DNAH6,RPL36A,FOXK2,PBXIP1,FOXRED1,DNAJB1,PDLIM2,HNRNPA1,ATP9B,E2F6,EIF4B,USP24,PPP1R14B,SEC24B,FKRP,TAF15,TAF12,SMOX,DTNBP1,PDE4DIP,RPL23A,PTPN11,SOD2,SLC25A37,POLR3H,NAXD,EIF3D,TPT1
gene_set_query	516	ZNF354A	554.7	ARCHS4 Coexpression,299;Enrichr Queries,204;GTEx Coexpression,1161	RIPOR2,CEBPD,SMIM29,HMGB2,ATN1,HSPB1,FNBP1L,PPP1CB,FRAT2,HEY1,MPRIP,CAPNS1,SNRNP70,SERPINH1,SMYD2,MFN2,KIF1C,MAP4,RAB11FIP3,TAF12,GADD45A,TSC22D3,COMMD10,USB1,TYW1B,MOGS,SYTL2,GADD45G,LSG1,DMTF1,BCL6,HNRNPH1,IRF1,MAFF,PLEKHM2,NUPR1,BCL2L2,MSRB1,FKBP5
gene_set_query	517	BCL11A	556.6	ARCHS4 Coexpression,614;ENCODE ChIP-seq,117;Enrichr Queries,703;ReMap ChIP-seq,190;GTEx Coexpression,1159	RIPOR2,RPL3,ZFAS1,PITPNA,CLTB,ATN1,PTEN,RPL8,CHD2,FNBP1L,RPS16,CAPNS1,RPL36,FLOT1,PHACTR3,RPLP2,EMILIN1,DNAH10OS,RPS11,PPFIA3,DGAT1,DAPK1,PPP1R16A,TAP2,RPL13A,COBL,CSNK1D,MOGS,MFSD11,EEF1A1,PTP4A2,HNRNPH1,RAB34,CDC37,IRF1,MPPED2,CHI3L2,TYRO3,IER3-AS1,TAGLN2,PAFAH1B3,PLEC,LRRC59,NECAB3,RPL10,SMIM29,NEDD9,PBXIP1,CCDC106,ACVR1B,WDR24,APOLD1,APH1A,ABR,PDLIM2,UBC,GSE1,RPS2,PPP1R14B,RARRES2,ZBTB16,OGA,PYCR1,RPL23A,NBEAL2,NR1D1,PER1,TBL3,PAN3,ADCK2,BCL6,STK17A,MAFF,BCL2,GPR19
gene_set_query	518	SETDB2	556.7	ARCHS4 Coexpression,987;Enrichr Queries,459;GTEx Coexpression,224	LRRC59,SMIM29,HMGB2,ATN1,PPWD1,AKAP17A,CHD2,PNN,FAM168B,DHX58,SERPINH1,ZNF525,LPXN,TNKS1BP1,KIF1C,APBB3,METTL17,PPP1R14B,CERS6,GADD45A,TSC22D3,PYCR1,GADD45G,PPP1R3F,ILF3,PAN3,TTLL3,DMTF1,BCL6,HNRNPH1,IRF1,RBM12B,ARHGEF3,NUPR1,SNRNP200,INTS8,NECTIN2,FKBP5
gene_set_query	519	GLIS1	557.3	ARCHS4 Coexpression,123;Enrichr Queries,775;GTEx Coexpression,774	SNED1,KCNC1,SMIM29,ZBTB47,COL11A1,ZBTB4,CYTH3,HEY1,GPC1,PLXNA2,SERPINH1,RAC3,TIMP3,TNKS1BP1,EMILIN1,MAP4,CRTAP,FOXD1,ANXA2,FOXF2,ZBTB16,CAV1,PARVA,LAMB1,INHBA,KCNAB3,VASN,NFATC4,MMP14,SMTN,CRISPLD2,CD109,COL5A2,TRIP6,S100A6,GSAP,FKBP9
gene_set_query	520	ZNF160	558.0	ARCHS4 Coexpression,718;Enrichr Queries,798;GTEx Coexpression,158	ZNF254,LRRC59,CEBPD,SMIM29,ADCY4,PPWD1,NEDD9,AKAP17A,RPL8,APH1A,SHE,PNN,CAPNS1,IRAK1,MARVELD2,ZNF426,APBB3,ATP9B,METTL17,HNRNPA3,PPP1R14B,TSC22D3,OGA,LAMB1,MOGS,NFATC4,TUFM,KAT2A,PAN3,TTLL3,DMTF1,BCL6,HNRNPH1,WNK1,SRSF4,GSAP,HNRNPH3,RPL29
gene_set_query	521	HOXC4	558.0	ARCHS4 Coexpression,270;Enrichr Queries,734;GTEx Coexpression,670	YAP1,PRDM8,RPL4,KMT2D,LRRC59,SMIM29,ATN1,ADIRF,RPS4X,FBL,RPS17,HEY1,ZIC2,IRAK1,SNRNP70,TIMP3,RAC3,RPS2,PELP1,ACVR1,PPP1R14B,FOXD1,TAF15,ANXA2,ZBTB16,CAV1,VASN,GADD45G,RGMA,ATXN2L,MMP14,ILF3,BCL6,CD109,COL5A2,TRIP6,FKBP9,RPL29
gene_set_query	522	CSRNP2	558.5	ARCHS4 Coexpression,387;GTEx Coexpression,730	OSCP1,SPTBN4,IFT172,CTNND2,ATN1,FNBP1L,KLC1,ACVR1B,APH1A,FAM171A2,FAM168B,RIMS3,SCRN1,KIF5C,RNPEP,ANKRD54,AMZ2,MAP4,ARIH1,RAB11FIP3,PPFIA3,PELP1,MAP4K4,APC2,LZTFL1
gene_set_query	523	ZNF117	559.3	ARCHS4 Coexpression,337;Enrichr Queries,1109;GTEx Coexpression,232	ZNF254,LRRC59,SMIM29,ADCY4,NEDD9,PBXIP1,PEAR1,RPL8,FNBP1L,SHE,CDH5,AS3MT,LAPTM4A,IRAK1,AIFM2,ARL6IP4,RPL18,ATP9B,PPP1R14B,DCC,RARRES2,RPS5,CIDEA,OGA,COBL,PDE4DIP,TMEM170B,LYVE1,SYTL2,TUFM,PPP1R3F,KAT2A,TMEM135,TTLL3,DMTF1,BCL6,EEF1D,RPL29
gene_set_query	524	MLXIP	560.7	ARCHS4 Coexpression,363;Enrichr Queries,290;GTEx Coexpression,1029	KMT2D,SMIM29,NXN,ATN1,HSPB1,MPRIP,SNRNP70,ZMIZ2,SCMH1,MACROD1,PLXNA2,PLXNA1,GSE1,KIF1C,D2HGDH,E2F6,RREB1,SPTBN1,MAP4K4,SEMA6C,MIGA2,KCNJ11,GADD45A,ZBTB16,TSC22D3,CSNK1D,NBEAL2,HIPK2,ATXN2L,PER1,BCL6,TTLL3,WNK1,PACS1,TACC2,RAF1,FKBP5,PLEC
gene_set_query	525	PLAGL1	561.0	ARCHS4 Coexpression,1242;Enrichr Queries,399;GTEx Coexpression,42	CEBPD,SMIM29,TUSC3,MAGED1,IGSF1,PTEN,NEDD9,RPL8,METTL21A,NDRG2,FOXRED1,RPS4X,GOLGA3,LAPTM4A,ELMSAN1,SERPINH1,TNKS1BP1,TIMP3,D2HGDH,TIMP1,RPL18,RPL17,RAB11FIP4,PLXNA3,METTL17,TGM2,APC2,PPP1R14B,ANXA2,KCNJ9,DAPK1,CAV1,EMP1,SNX21,LAMB1,TMEM170B,GADD45G,PPP1R3F,PINK1,BCL6,EEF1D,MAFF,COL5A2,PIGL,FKBP9
gene_set_query	526	MYF6	561.0	ARCHS4 Coexpression,400;Enrichr Queries,389;GTEx Coexpression,894	RTN2,UBE2D4,CEBPD,HSPB6,ZBTB47,HSPB1,NDRG2,SGCD,MACROD1,MFN2,KIF1C,TIMP1,MAP4,E2F6,SNTA1,MYH7B,SEMA6C,DTNA,KCNJ11,GADD45A,ZBTB16,CIDEA,PDE4DIP,EMP1,GADD45G,PINK1,BCL6,COL5A2,TACC2,ACO2
gene_set_query	527	TFAP4	561.0	ARCHS4 Coexpression,1482;Enrichr Queries,542;ReMap ChIP-seq,174;GTEx Coexpression,46	DOCK6,RPL3,LINC01354,TAMM41,SETD6,HMGB2,HSPB1,CASC3,RPL8,FBL,RPS19,MPRIP,RPS18,FTH1,DHX58,RPL36,RPL35,RPLP2,TNKS1BP1,RAC3,EMILIN1,RPL39,SBF2,APC2,ENTPD2,RPS5,PUS1,PPP1R16A,AXIN1,ANO8,RNASE4,CSNK1D,MOGS,MFSD11,EEF1G,KAT2A,ILF3,SLCO4A1,DMWD,RAB34,SNHG10,RPL29,ZNF554,PLEC,FKBP5,SPTBN4,LAMA5,RPL10,SMIM29,RPL12,RPL36A,PBXIP1,CCDC106,METTL21A,TM9SF4,UNG,PDLIM2,MARVELD2,ELMSAN1,UBC,GSE1,RPS2,RPL18,HNRNPA1,EIF4B,PPP1R14B,PYCR1,RPL23A,NR1D1,PER1,RPS28,TBL3,BCL6,MAFF,VAC14-AS1,SPIRE2,MAFK,EIF3F,ANP32B,EIF3D,MSRB1
gene_set_query	528	MEF2C	561.2	ARCHS4 Coexpression,982;ENCODE ChIP-seq,114;Enrichr Queries,467;ReMap ChIP-seq,255;GTEx Coexpression,988	RIPOR2,UBE2D4,ZFAS1,ATN1,PTEN,HSPB1,CHD2,RPS17,GRM5,RIMS3,KIF5A,FLOT1,RPL35,TIMP3,PHF24,SBF2,SEMA6C,ANXA2,RBM18,RALGAPA2,TSC22D3,RPS6,TAP2,TAP1,EMP1,RPSA,ANO5,LZTFL1,MTURN,PTP4A2,INPP4B,DMTF1,CDC37,SRARP,CHI3L2,IER3-AS1,RAPGEF4,RTN2,PLEKHH3,SMIM29,GSTCD,FOXK2,NEDD9,CCDC106,APOLD1,TRAK2,ELMSAN1,UBC,LPXN,RPS2,SPTBN1,KCNJ11,KCNJ9,LRBA,CAV1,DTNBP1,PDE4DIP,PER1,TBL3,BCL6,COL5A2,BCL2,RPS20,ACO2
gene_set_query	529	FOXA2	561.7	Literature ChIP-seq,13;ARCHS4 Coexpression,1511;ENCODE ChIP-seq,27;Enrichr Queries,465;ReMap ChIP-seq,231;GTEx Coexpression,1123	RPL3,POP4,IFT172,RPL8,RPL9,GPATCH8,PNN,RPS17,FRAT2,RPS19,FTH1,DHX58,HABP4,EIF2D,TRIM26,ENTPD2,DAPK1,MOGS,RNASE4,CSNK1D,SLC6A11,MFSD11,INPP4B,CRISPLD2,SNHG10,CD109,TYRO3,TAGLN2,GSAP,RPL29,UBA52,MAGED1,ZBTB4,GSE1,RREB1,RAB11FIP3,SPTBN1,RAB11FIP4,MYH7B,WWTR1,FOXF2,LRBA,NR1D1,HARS2,ACADSB,GADD45G,NFATC4,SMTN,GPR19,KCNC1,MTMR14,ZFAND2A,ASGR1,OSBPL10,SMG6,TNKS1BP1,SH3BGRL2,TIMP3,ARIH1,RAC1,PRMT5,FOXD1,ANXA2,IFT140,GAB2,LSG1,SLCO4A1,PACS1,RBM12B,MPPED2,ARHGEF3,PIGL,RAPGEF4,YAP1,ATL2,ADCY4,NEDD9,APOLD1,EPCAM,RPS3,RPL13,ANKRD54,BRD9,RPS2,RPL18,APBB3,MAP4K4,MPP3,SQOR,HIPK2,PER1,CASTOR3,TACC2,RIPOR2,LINC01354,CTNND2,GXYLT1,CDC14B,PPP1CB,KIF5B,SCMH1,KIF5A,MACROD1,ZNF326,SBF2,TGM2,CSGALNACT1,RPS9,TLE1,DGAT1,RPS5,TEX2,SDCBP2,TUFM,EEF1A1,ILF3,TMEM135,RAB37,RAB34,S100A6,SRSF4,NUPR1,RTN2,LRRC59,TBC1D19,FHIT,DHRS7B,UBC,PLXNA2,CDH23,MAP3K21,LPXN,MBP,LINC01006,BICRAL,ZBTB16,CAV1,PCIF1,OGA,BMP2,BCL6,ATG16L1,MAFF,COL5A2,SPIRE2,BCL2,PLEKHM2,MAFK,BCAR3,DOCK6,SNED1,NGLY1,HSPB1,ARHGEF10L,CHD2,PITPNC1,RND1,RPS4X,SPR,SNRNP70,PHACTR3,BCAS1,PELP1,SNTA1,CERS6,ITGA3,DCC,VPS13D,AXIN1,COBL,RPL13A,RTN4RL2,MYRIP,QRSL1,EEF1G,PTP4A2,IRF1,CRY2,CHI3L2,RBM20,ZNF510,TSEN34,LAMA5,MVK,CEBPD,NXN,FOXK2,BPHL,CYTH3,TAF1D,PDLIM2,MARVELD2,ELMSAN1,TP53INP2,E2F6,EIF4B,USP24,TAF15,KCNJ11,TAF12,DTNBP1,PDE4DIP,RPL23A,LAMB1,PTPN11,PC,NAXD,EIF3D,NECTIN2
gene_set_query	530	SIX2	562.3	ARCHS4 Coexpression,366;Enrichr Queries,811;ReMap ChIP-seq,273;GTEx Coexpression,799	RIPOR2,LINC01354,UBE2D4,POP4,GALNT18,TMEM200C,FAM107A,ATN1,HSPB1,PPP1CB,HEY1,SCRN1,ZIC2,RNPEP,MACROD1,TNKS1BP1,TIMP3,KIF1C,FBXW4,SEMA6C,CERS6,FOXD1,IFT140,EMP1,COBL,ANO5,RGMA,BCAN,RBM20,PKP4,GSAP,CTXN3,FKBP9,RTN2,SMIM29,COL11A1,APOLD1,TM9SF4,FAM171A2,FAM168B,GPC1,SMYD2,PLXNA2,SERPINH1,TSPAN3,MAP4,E2F6,SPTBN1,CLVS1,USP24,PPP1R14B,KCNJ11,FOXF2,SNX21,PARVA,GADD45G,BMP2,COL5A2,BCL2,GTF2IRD1,NAXD,TPT1
gene_set_query	531	ZNF362	562.7	ARCHS4 Coexpression,511;Enrichr Queries,486;GTEx Coexpression,691	YAP1,CEBPD,SMIM29,MAGED1,AKAP8L,ATN1,ADIRF,NEDD9,HSPB1,ARHGEF10L,PRELP,PBXIP1,FAM171A2,SGCD,SNRNP70,TP53INP2,FTH1,ZMIZ2,SERPINH1,GSE1,GAS2L1,RAB11FIP3,CRTAP,BICRAL,GADD45A,TSC22D3,PCGF2,PCIF1,ANO8,AXIN1,NFATC4,ATXN2L,CRISPLD1,BCL6,PACS1,IRF1,NUPR1
gene_set_query	532	ZNF275	564.0	ARCHS4 Coexpression,602;Enrichr Queries,210;GTEx Coexpression,880	KMT2D,NECAB3,SMIM29,TUSC3,MAGED1,ATN1,NEDD9,HSPB1,SAT2,ZBTB4,UNG,AS3MT,FAM168B,SNRNP70,ZMIZ2,SERPINH1,TIMP3,TIMP1,TGM2,GADD45A,RARRES2,TSC22D3,CAV1,EMP1,HIPK2,ATXN2L,BCAN,KAT2A,ILF3,FNDC4,BCL6,WNK1,IRF1,BCL2,FKBP5
gene_set_query	533	TERF2	567.3	ARCHS4 Coexpression,1298;Enrichr Queries,607;ReMap ChIP-seq,229;GTEx Coexpression,135	PTEN,HSPB1,SBF2-AS1,RPS19,KIF5C,ZMIZ2,GDAP1L1,DHX58,DGCR6,RNF150,NUDT16,RPS11,APC2,UNC13C,PRMT5,RBM14,ANXA2,USP4,ANO8,AXIN1,RPL13A,MOGS,MAPK8IP2,TMEM170B,KCNAB3,TOMM40L,LZTFL1,EEF1G,PPP1R3F,PTP4A2,KAT2A,ILF3,PACS1,CDH10,IRF1,TRAF5,RBM12B,CTXN2,SNRNP200,NSRP1,LINC00641,ZNF554,UBA52,PFDN5,FTL,PLEC,RTN2,SET,RPL11,PRELP,KLC1,METTL21A,APH1A,MARVELD2,ELMSAN1,UBC,ANKRD54,GSE1,RPL18,MAP4K4,KCNJ9,BICRAL,HARS2,PER1,PINK1,TBL3,RPS27,HIST3H2A,CASTOR3,BCL6,WNK1,MAFF,HNRNPD,BCL2,SPIRE2,PLEKHM2,BCL2L2
gene_set_query	534	NFKB1	567.5	ARCHS4 Coexpression,937;Enrichr Queries,191;ReMap ChIP-seq,185;GTEx Coexpression,957	LINC01354,HMGB2,ATN1,PTEN,HSPB1,RPL8,METRNL,FTH1,DHX58,RPL36,RPLP2,RAC3,KIF1C,TIMP1,PPFIA3,TGM2,ENTPD2,ANXA2,PPP1R16A,TAP2,TAP1,EMP1,RNASE4,PATL1,MFSD10,EEF1G,MED22,PPP1R3F,DMWD,RAB34,CDC37,IRF1,ITGA7,TAGLN2,PAFAH1B3,FTL,PLEC,RTN2,RPL10,SMIM29,CEBPD,SLC43A2,PBXIP1,CCDC106,KLC1,WDR24,IRAK1,UBC,LPXN,D2HGDH,RPS2,PLXNA3,MAPK3,MAP4K4,PPP1R26,PPP1R14B,GADD45A,CAV1,SQOR,RPL23A,NR1D1,SOD2,HIPK2,PER1,TBL3,EIF2S3,BCL6,MAFF,BCL2,PLEKHM2,FAM50A
gene_set_query	535	NCOA2	568.0	ARCHS4 Coexpression,860;Enrichr Queries,445;ReMap ChIP-seq,219;GTEx Coexpression,748	SERPINA3,RIPOR2,PTEN,CIB2,HSPB1,ARHGEF10L,CHD2,PITPNC1,PHTF1,SLK,MPRIP,CA4,SLC16A6,MACROD1,PGM2,ARL6IP4,RPLP2,BCAS1,IFT140,PUS1,RALGAPA2,VPS13D,ARNT,WDR77,SYTL2,SUMF1,EEF1G,BCAN,NDUFS8,SLCO4A1,CRISPLD2,MMP17,CHI3L2,PLEC,KMT2D,NEDD9,DNAJB1,ELMSAN1,UBC,GSE1,AMZ2,RREB1,SPTBN1,PRELID3B,MAPK3,MAP4K4,USP24,SEC24B,POU2F1,BICRAL,LRBA,CAV1,PDE4DIP,NBEAL2,NR1D1,HIPK3,GADD45G,GNG13,HIPK2,PAN3,BCL6,WNK1,MAFF,SPIRE2,BCL2,GTF2IRD1,MAFK,NECTIN2,FAM50A
gene_set_query	536	ZNF771	568.3	ARCHS4 Coexpression,909;Enrichr Queries,464;GTEx Coexpression,332	RPL3,SMIM29,CTNND2,HSPB1,CCDC106,NDRG2,METTL21A,DLL3,APH1A,FAM171A2,RPS19,FTH1,GPC1,DHRS7B,GDAP1L1,HABP4,MACROD1,RPL36,ANKRD54,RPL18,EIF4B,MAP4K4,APC2,PPP1R14B,FOXD1,PUS1,MAPK8IP2,TUFM,ATXN2L,PPP1R3F,ASPHD1,IRF1,MMP17,SPIRE2,POLR3H,NUPR1,ZNF554
gene_set_query	537	ZNF34	568.7	ARCHS4 Coexpression,730;Enrichr Queries,265;GTEx Coexpression,711	LAMA5,LRRC59,CEBPD,SMIM29,MAGED1,ADIRF,ARHGEF10L,RPL8,FNBP1L,ZBTB4,APH1A,ARVCF,FAM168B,ZIC2,HEY1,CAPNS1,IRAK1,TP53INP2,TNKS1BP1,ZNF426,KIF1C,POU2F1,DGAT1,BICRAL,GADD45A,DCC,ZBTB16,TSC22D3,PCIF1,PPP1R16A,PDE4DIP,MOGS,TUFM,BCL6,SLCO4A1,IRF1,MAFF,PLEC
gene_set_query	538	LHX6	572.0	ARCHS4 Coexpression,1143;Enrichr Queries,482;GTEx Coexpression,91	FLT1,SMIM29,MAGED1,ADCY4,NEDD9,C2CD4C,PEAR1,FNBP1L,KLC1,APOLD1,SHE,CDH5,CUX2,HEY1,TMEM44,AIFM2,GJA4,CA4,KIF5A,GDAP1L1,PLXNA2,TIMP3,JAM2,SPTBN1,TGM2,LRBA,ZBTB16,CAV1,RBM18,CIDEA,EMP1,HIPK3,RGMA,BCL6,RHOJ,MAFF,PAFAH1B3,GPR19
gene_set_query	539	ZFHX2	574.0	ARCHS4 Coexpression,550;Enrichr Queries,281;GTEx Coexpression,891	OSCP1,LAMA5,SMIM29,SLC43A2,CTNND2,HSPB1,EFCAB5,CASC1,FAM171A2,ARVCF,KIF5C,KIF5A,GDAP1L1,PLXNA2,GSE1,AMZ2,RREB1,NINL,APC2,GDF11,MPP3,DCC,DAPK1,GADD45A,PCGF2,ANO8,IFT122,COBL,NR1D1,HIPK2,GADD45G,BCL6,CASTOR3,SPIRE2,DNAL4,PLEC
gene_set_query	540	ZC3H8	574.8	ARCHS4 Coexpression,997;Enrichr Queries,914;ReMap ChIP-seq,129;GTEx Coexpression,259	KCNC1,CITED4,ATN1,HMGB2,HSPB1,CHD2,ASGR1,PNN,FBL,CCND3,RPS16,CAPNS1,SCRN1,CSKMT,FTH1,RPL38,DGCR6,ATXN7L2,RPS11,PPFIA3,TBC1D10A,PELP1,PAQR6,ANXA2,ITGA3,TSC22D3,EMP1,RPL13A,RNASE4,MOGS,KCNAB3,MFSD10,TUFM,WDR77,ATXN2L,PPP1R3F,PTP4A2,SNHG12,RAB34,CD109,S100A6,ITGA7,NSRP1,ZNF554,ZNF510,RPL28,UBA52,FKBP5,SPTBN4,LRRC59,SMIM29,PBXIP1,CCDC106,METTL21A,APH1A,PDLIM2,MARVELD2,UBC,SERPINH1,RPS3,EIF4B,REPS1,CLVS1,ZNF584,GDF11,CRTAP,KCNJ11,TAF12,GADD45A,SNX21,NR1D1,NFATC4,SLC25A37,PER1,SMTN,RPS27,CASTOR3,BCL6,MAFF,SPIRE2,MAFK,PNPLA6,NOL12,TPT1
gene_set_query	541	ZIC1	575.3	ARCHS4 Coexpression,188;Enrichr Queries,789;GTEx Coexpression,749	SPTBN4,FLT1,KCNC1,COL11A1,CTNND2,ATN1,NDRG2,ARVCF,FAM171A2,RIMS3,ZIC2,HEY1,SCRN1,KIF5C,KIF5A,TIMP3,PLXNA1,PPFIA3,MAP4K4,APC2,CA10,FOXD1,KCNJ9,ZBTB16,ANO8,INHBA,GRIN2C,KCNAB3,MAPK8IP2,MTURN,RIT2,BCL6,RAB37,COL5A2
gene_set_query	542	ZNF2	575.5	ARCHS4 Coexpression,709;Enrichr Queries,442	BCAR3,LRRC59,SMIM29,ATN1,ZBTB4,APH1A,FAM168B,FRAT2,HEY1,MPRIP,CAPNS1,MARVELD2,SNRNP70,UBC,MFN2,RREB1,GADD45A,TSC22D3,PDE4DIP,MOGS,NR1D1,GADD45G,BCL6,IRF1,PLEKHM2,ZNF554,FKBP5
gene_set_query	543	RARA	576.0	Literature ChIP-seq,127;ARCHS4 Coexpression,1446;Enrichr Queries,73;ReMap ChIP-seq,69;GTEx Coexpression,1165	RIPOR2,GALNT16,PITPNA,CASC3,CDC14B,GOLGA3,CCND3,FRAT2,RPS16,RPS19,CSKMT,FTH1,ZMIZ2,KIF5B,RPL35,MAP3K6,RPS11,TBC1D10A,TGM2,ENTPD2,DGAT1,RPS5,PUS1,PPP1R16A,CSNK1D,MOGS,MTURN,TUFM,ATXN2L,INPP4B,RAB34,CDC37,SNHG10,TAGLN2,UBA52,FKBP5,RTN2,SHC2,NECAB3,SET,ZBTB4,ABR,FAM171A2,UBC,GSE1,RREB1,RAB11FIP3,PLXNA3,GADD45A,PHF12,PCIF1,PYCR1,USB1,NBEAL2,NR1D1,VASN,GADD45G,TBL3,BCL6,ATG16L1,MAFF,TRIP6,BCL2,MAFK,ACO2,BCAR3,HSPB6,CLTB,HSPB1,SHD,PITPNC1,RND1,ZIC2,RPLP2,RAC1,PELP1,APC2,FOXD1,ANXA2,ITGA3,TSC22D3,ANO8,AXIN1,NGB,RPL13A,EEF1G,PTP4A2,MMP14,KAT2A,MED24,NDUFS8,PACS1,IRF1,RPL37A,ITGA7,DNASE2,HNRNPH3,FAM193A,NSRP1,PAFAH1B3,PLEC,RAPGEF4,TSEN34,MVK,RPL10,CEBPD,SMIM29,SLC43A2,NEDD9,PRELP,CCDC106,WDR24,FAM168B,PDLIM2,RPS2,RPL18,EIF4B,ZNF584,PPP1R14B,FKRP,SNX21,RPL23A,ALDH4A1,PER1,TTLL3,KCNS1,MSRB1,FAM50A
gene_set_query	544	TBX5	576.3	Literature ChIP-seq,18;ARCHS4 Coexpression,424;Enrichr Queries,1157;GTEx Coexpression,706	TUSC3,GALNT18,CIB2,CDC14B,TOMM22,PPP1CB,GOLGA3,RPS17,CCND3,FRAT2,GJA4,SCMH1,KIF5A,MACROD1,HABP4,TBC1D10A,RPS12,SEMA6C,PAQR6,USP4,PPP1R16A,RNASE4,CYS1,TMEM135,DMTF1,RAB37,FKBP9,RAF1,RPL28,RTN2,TBC1D19,NDRG2,SERPINH1,RDH14,MAP4,GAS2L1,RREB1,MYH7B,ICMT,FOXF2,ZBTB16,CAV1,LRBA,NEK7,PARVA,VASN,BMP2,ATG16L1,MAFF,SPIRE2,BCL2,KYAT3,PLEKHM2,ACO2,DOCK6,FLT1,HSPB6,SETD6,CLTB,AATF,SHD,PITPNC1,SMG6,RND1,SGCD,TIMP3,RPLP2,SH3BGRL2,EMILIN1,TIMP1,RNF150,DGCR6,ANXA2,IFT140,BHMT2,AXIN1,QRSL1,COMMD5,TAPBP,MED22,NDUFS8,PEAK1,PACS1,RBM20,NSRP1,PFDN5,RAPGEF4,PLEC,YAP1,MVK,SMIM29,ACVR1B,WDR24,ARVCF,CUX2,MFN2,BRD9,RPL18,E2F6,APBB3,EIF4B,MAPK3,MPP3,PPP1R14B,LAMB1,SOD2,SLC25A37,CASTOR3
gene_set_query	545	ZNF18	577.7	ARCHS4 Coexpression,131;Enrichr Queries,526;GTEx Coexpression,1076	TSEN34,RIPOR2,LRRC59,HNRNPA1P48,LAMA5,CEBPD,SMIM29,ATN1,FAM168B,FRAT2,MPRIP,CAPNS1,SCRN1,IRAK1,SERPINH1,TNKS1BP1,PLXNA1,KIF1C,MAP4,RAC1,SPTBN1,METTL17,TLE1,TAF15,TAF12,GADD45A,RALGAPA2,ZBTB16,TSC22D3,USB1,PTPN11,MOGS,GADD45G,BCL6,IRF1,MAFF,CRY2,ARHGEF3,BCL2L2,MSRB1,FKBP5
gene_set_query	546	NFIL3	578.7	ARCHS4 Coexpression,1137;Enrichr Queries,79;GTEx Coexpression,520	CEBPD,SMIM29,NEDD9,HSPB1,METRNL,DNAJB1,FRAT2,FTH1,TIMP1,TGM2,PPP1R26,SEC24B,ANXA2,GADD45A,ZBTB16,TSC22D3,SIAH1,ARNT,EMP1,NBEAL2,INHBA,GAB2,SOD2,PATL1,GADD45G,PER1,BCL6,CRISPLD2,IRF1,MAFF,S100A6,NUPR1,FKBP5,MSRB1
gene_set_query	547	GLI1	578.8	Literature ChIP-seq,123;ARCHS4 Coexpression,1136;Enrichr Queries,167;GTEx Coexpression,889	KMT2D,FLT1,SMIM29,COL11A1,HSPB1,PEAR1,FHIT,FRAT2,HEY1,TIMP3,PLXNA1,RPL38,SPTBN1,TGM2,NTNG2,TLE1,ENTPD2,SMOX,TSC22D3,ZBTB16,CAV1,EMP1,CSNK1D,NBEAL2,INHBA,NFATC4,RGMA,ATXN2L,MMP14,ILF3,TTLL3,BCL6,RAB34,COL5A2,BCL2,PLEC,FKBP5
gene_set_query	548	E2F1	579.3	Literature ChIP-seq,8;ARCHS4 Coexpression,482;ENCODE ChIP-seq,82;Enrichr Queries,1396;ReMap ChIP-seq,29;GTEx Coexpression,1479	RPL4,RPL3,PITPNA,RPL8,FNBP1L,NDST2,GOLGA3,PNN,AS3MT,RPS17,RPS16,CAPNS1,RPS18,FTH1,RPL35,EIF2D,TRIM26,RPS11,ATXN7L2,RPL39,VPS39,RPS12,RPL21,DAPK1,CSNK1D,MOGS,MFSD11,WDR77,PPP1R3F,DYNC1LI2,SNHG12,ETHE1,CDC37,RPL29,RPL28,UBA52,TSTA3,SET,NECAB3,MAGED1,APH1A,RDH14,TSPAN3,RAB11FIP3,WWTR1,ICMT,GADD45A,SIAH1,PYCR1,NBEAL2,NR1D1,SNHG5,GNG13,TBL3,RPS28,SMTN,RPS27,LAS1L,WNK1,RPL27A,HNRNPD,KYAT3,ECHDC2,GTF2IRD1,RPS20,INTS8,ZFAS1,CITED4,CLTB,AATF,HEY1,TMEM44,AIFM2,RARS,RPLP2,KIF1C,SH3BGRL2,RAC1,TIMP1,APC2,PRMT5,ANXA2,ANO8,EMP1,GAB2,TOMM40L,SUMF1,LSG1,KAT2A,MED24,SLCO4A1,PACS1,HNRNPH1,HNRNPH3,PAFAH1B3,YAP1,RPL10,SLC43A2,RPL12,ATL2,RPL11,CCDC106,WDR24,APOLD1,TM9SF4,UNG,EPCAM,GPC1,RPS3,MFN2,BRD9,RPS2,RPL18,RPL17,APBB3,MAP4K4,ZNF584,GDF11,PCGF2,SQOR,HIPK3,ALDH4A1,PER1,HIST3H2A,TACC2,PNPLA6,TARDBP,MSRB1,ATN1,GXYLT1,CASC3,PVR,PPP1CB,LAPTM4A,CSKMT,SCMH1,MACROD1,ZNF326,NUDT16,MAP3K6,SBF2,PPFIA3,RPS9,TLE1,RPS5,RALGAPA2,RPS6,RPSA,TUFM,ATXN2L,EEF1A1,ILF3,DMTF1,RAB34,DMWD,S100A6,PKP4,FKBP9,SNRNP200,FTL,RTN2,LRRC59,TBC1D19,KLC1,IRAK1,DHRS7B,UBC,SMYD2,LPXN,CRTAP,NEK7,IFT122,EIF2S3,ATG16L1,MAFF,SPIRE2,BCL2,MAFK,ACO2,BCL2L2,DOCK6,SNED1,HSPB6,AKAP8L,NGLY1,HMGB2,PTEN,HSPB1,PPWD1,ARHGEF10L,CHD2,PITPNC1,PHTF1,RND1,SNRNP70,RNPEP,PGM2,DGCR6,PELP1,RBM14,COMMD10,RBM18,ITGA1,RPL13A,COBL,KCNAB3,EEF1G,PTP4A2,NDUFS8,EEF1D,PEAK1,IRF1,RPL37A,ITGA7,PLEC,LAMA5,PLEKHH3,SMIM29,CEBPD,RPL36A,FOXK2,PBXIP1,ACVR1B,BPHL,FOXRED1,DNAJB1,TAF1D,FAM168B,D2HGDH,HNRNPA1,ATP9B,EIF4B,MAPK4,MAPK3,PPP1R14B,HNRNPA3,FKRP,TAF15,TAF12,RPL23A,SOD2,POLR3H,EIF3F,EIF3D,TPT1,NECTIN2
gene_set_query	549	ZNF212	580.0	ARCHS4 Coexpression,290;Enrichr Queries,299;GTEx Coexpression,1151	BCAR3,PRR5,MVK,SMIM29,ZFAND2A,MTMR14,HMGB2,HSPB1,RPL8,FRAT2,SNRNP70,ZMIZ2,RNPEP,UBC,SH3BGRL2,ZNF787,RREB1,TBC1D10A,SPTBN1,RPS9,RBM14,GADD45A,TSC22D3,PUS1,AXIN1,RPSA,CSNK1D,PARVA,MTURN,HIPK2,EEF1G,TBL3,ILF3,BCL6,IRF1,MAFF,FKBP9,BCL2L2,PLEC
gene_set_query	550	CREB5	580.7	ARCHS4 Coexpression,107;Enrichr Queries,384;GTEx Coexpression,1251	RIPOR2,CEBPD,SMIM29,RPL12,NEDD9,RPL8,RPS17,FRAT2,RPS18,RPS3,CDH23,TIMP3,RPL18,JAM2,TGM2,NTNG2,DTNA,GADD45A,CAV1,RPS6,EMP1,USB1,RPSA,NBEAL2,INHBA,GAB2,SLC25A37,BCL6,CRISPLD2,IRF1,MAFF,MPPED2,BCL2,RPL29,RAF1,MSRB1
gene_set_query	551	SALL1	580.8	Literature ChIP-seq,143;ARCHS4 Coexpression,640;Enrichr Queries,909;GTEx Coexpression,631	ADCYAP1R1,SMIM29,MAGED1,CTNND2,PHTF1,ZIC2,SCRN1,KIF5C,TIMP3,MBP,SLC25A42,FGFBP3,HNRNPA1,JAM2,BCAS1,PAQR6,POU2F1,IFT140,ZBTB16,COBL,RTN4RL2,DNAAF4,INHBA,MTURN,RGMA,EEF1A1,BMP2,ILF3,MPPED2,TYRO3,PKP4,TAGLN2,FKBP5
gene_set_query	552	ZFP62	581.3	ARCHS4 Coexpression,953;Enrichr Queries,731;GTEx Coexpression,60	ZNF254,SET,SMIM29,RPL11,PTEN,HMGB2,RPL8,FNBP1L,CHD2,RPS4X,PPP1CB,PNN,ZIC2,KIF5B,D2HGDH,RPL18,HNRNPA1,RPL17,EIF4B,METTL17,HNRNPA3,RPL21,RPS6,OGA,EEF1G,KAT2A,TMEM135,RPS27,DMTF1,HNRNPH1,WNK1,RPL27A,IRF1,HNRNPD,TAGLN2,HNRNPH3,PLA2R1,TARDBP
gene_set_query	553	ARHGAP35	581.5	ARCHS4 Coexpression,63;GTEx Coexpression,1100	OSCP1,KMT2D,ZBTB47,ATN1,EFCAB5,ZBTB4,ABR,FAM168B,MPRIP,SCRN1,ZMIZ2,GPC1,TNKS1BP1,PLXNA1,KIF1C,AMZ2,MAP4,SPTBN1,PPFIA3,PPP1R26,DCC,PTPN11,HIPK2,TOM1L2,WNK1,PEX5,PKP4,DNAL4,BCL2L2
gene_set_query	554	KLF11	582.3	ARCHS4 Coexpression,1439;Enrichr Queries,254;GTEx Coexpression,54	ZNF254,CEBPD,SMIM29,MPI,NEDD9,HSPB1,CCDC106,DLL3,SHE,FAM171A2,LAPTM4A,RASGEF1A,ELMSAN1,PHACTR3,TIMP3,GSE1,ARIH1,TGM2,APC2,GDF11,SEC24B,GADD45A,ZBTB16,TSC22D3,CAV1,SIAH1,IGIP,ARNT,EMP1,RNASE4,NR1D1,GAB2,HIPK3,GADD45G,PPP1R3F,PER1,BCL6,ASPHD1,IRF1,MAFF,PEX5,PAFAH1B3,GPR19,FKBP5
gene_set_query	555	ZSCAN26	584.0	ARCHS4 Coexpression,621;GTEx Coexpression,547	LRRC59,ZNF175,MAGED1,IGIP,ATN1,MOGS,FNBP1L,ZBTB4,APH1A,ARVCF,LAS1L,DMTF1,CAPNS1,IRAK1,SNRNP70,NMRK1,SAP130,ARHGEF3,TNKS1BP1,KIF1C,MAFK,NINL,ZNF510,PAFAH1B3
gene_set_query	556	ZNF469	585.0	ARCHS4 Coexpression,193;GTEx Coexpression,977	FOXD1,ZBTB47,COL11A1,ATN1,PARVA,LAMB1,SBF2-AS1,INHBA,VASN,MMP14,SMTN,MPRIP,CD109,GPC1,COL5A2,SERPINH1,PLXNA1,TNKS1BP1,MAFK,EMILIN1,FKBP9,MAP4,PLEC
gene_set_query	557	FOXN3	585.3	ARCHS4 Coexpression,1144;Enrichr Queries,241;GTEx Coexpression,371	YAP1,KMT2D,SMIM29,HSPB6,NEDD9,CHD2,PITPNC1,PPP1CB,ABR,ZMIZ2,TIMP3,GSE1,ARIH1,RREB1,SPTBN1,MAP4K4,PPP1R26,USP24,SEC24B,BICRAL,ZBTB16,TSC22D3,VPS13D,ARNT,PDE4DIP,SNX21,HIPK3,HIPK2,LATS1,BCL6,WNK1,BCL2,ARHGEF3,FKBP5
gene_set_query	558	MYBL2	585.7	Literature ChIP-seq,59;ARCHS4 Coexpression,344;ENCODE ChIP-seq,101;Enrichr Queries,1401;ReMap ChIP-seq,149;GTEx Coexpression,1460	RPL4,RPL3,TAMM41,CASC3,RPL8,RPL9,TOMM22,PNN,FBL,LAPTM4A,RPS17,CCND3,FRAT2,RPS16,RPS19,RPS18,FTH1,ZMIZ2,RPL36,RPL35,RPS11,RPL39,RPS12,RPS9,TLE1,USP4,RPS6,RNASE4,MOGS,CSNK1D,RPSA,MFSD11,TUFM,EEF1A1,PPP1R3F,TMEM135,ILF3,SNHG12,DMTF1,SNHG10,RAB34,CMPK1,GSAP,SRSF4,RPL29,RAF1,SNRNP200,FTL,LRRC59,TBC1D19,SET,IRAK1,UBC,LPXN,GSE1,ZNF426,PLXNA3,CRTAP,POU2F1,ICMT,GADD45A,PHF12,SNHG8,RABL2B,IFT122,PYCR1,SNHG6,NR1D1,SNHG5,HARS2,ACADSB,NFATC4,RPS28,RPS27,BCL6,WNK1,ATG16L1,RPL27A,TRIP6,SPIRE2,HNRNPD,BCL2,RPS20,ACO2,NOL12,BCL2L2,BCAR3,SERPINA3,ZFAS1,NGLY1,HMGB2,CHD2,ASGR1,PITPNC1,RND1,ZIC2,SNRNP70,RARS,ZNF280C,FLOT1,ARIH1,METTL17,ANXA2,ANO8,ARNT,RPL13A,RTN4RL2,KCNAB3,TOMM40L,SUMF1,COMMD5,EEF1G,LSG1,KAT2A,HNRNPH1,RPL37A,IER3-AS1,PIGL,PFDN5,YAP1,TSEN34,MVK,RPL10,RPL12,ATL2,RPL36A,NEDD9,CCDC106,BPHL,WDR24,APOLD1,TM9SF4,UNG,DLL3,FAM168B,TAF1D,CUX2,PDLIM2,MARVELD2,EPCAM,TP53INP2,ANKRD54,MFN2,RPS2,HNRNPA1,JAM2,MAP4K4,HNRNPA3,PPP1R14B,FKRP,TAF12,PCGF2,LAMB1,PTPN11,RPL23A,ALDH4A1,PER1,POLR3H,NAXD,PNPLA6,EIF3D,TPT1,MSRB1
gene_set_query	559	ZNF354B	585.7	ARCHS4 Coexpression,325;Enrichr Queries,1231;GTEx Coexpression,201	LAMA5,KMT2D,CEBPD,SMIM29,ADCY4,PEAR1,OSBPL10,PNN,TAF1D,SLK,MPRIP,CSKMT,RREB1,ATP9B,EIF4B,SPTBN1,METTL17,USP24,UNC13C,ZNF483,GADD45A,ZBTB16,LRBA,VPS13D,ARNT,HIPK3,NFATC4,LATS1,PINK1,PAN3,DMTF1,HNRNPH1,PEAK1,COL5A2,SRSF4,PIGL,TARDBP,RAPGEF4
gene_set_query	560	SP7	586.7	ARCHS4 Coexpression,669;Enrichr Queries,396;GTEx Coexpression,695	SNED1,FLT1,CEBPD,SMIM29,COL11A1,APH1A,MPRIP,GPC1,PEA15,PHACTR3,HABP4,PLXNA2,SERPINH1,PLXNA1,MBP,EMILIN1,SPTBN1,RBM11,CSGALNACT1,FOXD1,NORAD,PYCR1,INHBA,ANO5,MTURN,VASN,NFATC4,GADD45G,BMP2,MMP14,DMTF1,BCL6,COL5A2
gene_set_query	561	CEBPG	587.5	ARCHS4 Coexpression,829;Enrichr Queries,252;ReMap ChIP-seq,212;GTEx Coexpression,1057	OSCP1,RPL4,LINC01354,HSPB6,SRXN1,HMGB2,PPWD1,HSPB1,CHD2,PPP1CB,RPS4X,RPS17,RPS16,HEY1,FTH1,KIF5B,KIF5A,FLOT1,RAC1,TGM2,ANXA2,TSC22D3,ARNT,RTN4RL2,GAB2,WDR77,SUMF1,EEF1G,PTP4A2,LSG1,PACS1,CRISPLD2,IRF1,RBM20,IER3-AS1,SRSF4,NUPR1,FKBP5,LRRC59,PLEKHH3,CEBPD,SMIM29,APOLD1,DNAJB1,FAM168B,ELMSAN1,UBC,CDH23,MAP4,HNRNPA1,E2F6,APBB3,EIF4B,PRELID3B,HNRNPA3,ICMT,KCNJ11,SMOX,GADD45A,PYCR1,SNX21,LAMB1,PTPN11,SOD2,HIPK3,GADD45G,PER1,PC,HIST3H2A,BCL6,MAFF,TACC2,ANP32B
gene_set_query	562	SOHLH1	587.7	ARCHS4 Coexpression,267;Enrichr Queries,1174;GTEx Coexpression,322	SPTBN4,CITED4,C2CD4C,NDRG2,ABR,FAM171A2,RIMS3,CUX2,KIF5C,KIF5A,GDAP1L1,PHF24,MBP,PPFIA3,BCAS1,PAQR6,KCNJ9,ZBTB16,CIDEA,COBL,MAPK8IP2,MTURN,AGBL4,TOM1L2,BMP2,KCNS1,ASPHD1,ATG16L1,PLEKHM2,CAMK1G,RAPGEF4
gene_set_query	563	FOXE3	587.7	ARCHS4 Coexpression,56;Enrichr Queries,1099;GTEx Coexpression,608	RPL4,SPTBN4,LRRC59,KCNC1,SMIM29,CITED4,RPL36A,NDRG2,RPL8,APH1A,RPS4X,PNN,RPS17,FAM168B,MPRIP,SCRN1,ZIC2,SNRNP70,CA4,MFN2,RAC3,SPTBN1,PRMT5,HNRNPA3,ENTPD2,FOXD1,ICMT,TAF15,FOXF2,ZBTB16,CSNK1D,WDR77,KAT2A,ILF3,MED24,LAS1L,HNRNPD,SNRNP200,LINC00641,EIF3D,PLEC
gene_set_query	564	ZNF10	588.0	ARCHS4 Coexpression,678;Enrichr Queries,807;GTEx Coexpression,279	ZNF254,SMIM29,MAGED1,IFT172,IGSF1,ATN1,FNBP1L,APOLD1,APH1A,GOLGA3,PNN,CAPNS1,IRAK1,TP53INP2,GSE1,SH3BGRL2,ZNF426,LINC00632,PLXNA3,CHST8,ZNF483,PPP1R14B,CRTAP,IFT140,GADD45A,TSC22D3,OGA,MOGS,SYTL2,ILF3,DMTF1,EEF1D,PLEKHM2,TAGLN2,PNPLA6
gene_set_query	565	ZNF511	588.7	ARCHS4 Coexpression,1172;Enrichr Queries,60;GTEx Coexpression,534	SET,UBE2D4,HSPB6,RPL12,HMGB2,HSPB1,MT1X,RPL8,TOMM22,FBL,RPS16,SPR,MACROD1,RPL36,RPL35,ARL6IP4,ZNF787,TIMP1,RPS2,RPL18,RPS9,PPP1R14B,RPS5,GTPBP6,CDPF1,TOMM40L,TUFM,TMLHE,NDUFS8,HNRNPD,S100A6,TAGLN2,ANP32B,RAF1,RPL29,RPL28,FKBP5
gene_set_query	566	FOXJ3	589.0	ARCHS4 Coexpression,486;Enrichr Queries,439;GTEx Coexpression,842	KMT2D,PTEN,CASC3,CHD2,GPATCH8,DNAJB1,FAM168B,ARIH1,E2F6,RREB1,EIF4B,MAP4K4,USP24,SEC24B,HNRNPA3,POU2F1,TAF15,KCNJ11,GADD45A,TSC22D3,SIAH1,VPS13D,OGA,HIPK3,PATL1,HIPK2,ATXN2L,ILF3,DMTF1,BCL6,WNK1,BCL2,SNRNP200,TPT1
gene_set_query	567	HOXA5	589.7	ARCHS4 Coexpression,684;Enrichr Queries,525;GTEx Coexpression,560	RPL4,NECAB3,CEBPD,SMIM29,RPL36A,HSPB1,SAT2,UNG,RPS4X,AS3MT,RPS19,MARVELD2,RPL36,TIMP3,RPL13,RAC3,RNF150,RPS2,JAM2,METTL17,REPS1,DGAT1,GADD45A,RARRES2,ZBTB16,TSC22D3,CAV1,ITGA1,RPS6,EMP1,BMP2,FNDC4,BCL6,IRF1,MAFF,BCL2
gene_set_query	568	HOXB6	590.7	ARCHS4 Coexpression,217;Enrichr Queries,483;GTEx Coexpression,1072	KMT2D,LRRC59,LAMA5,CEBPD,SMIM29,ATN1,HSPB1,PVR,FBL,CAPNS1,IRAK1,TMEM44,EPCAM,TIMP3,PLXNA1,RAC3,TIMP1,RPS2,TGM2,FOXD1,ICMT,TAF15,DGAT1,CAV1,SQOR,EMP1,LAMB1,INHBA,BMP2,ILF3,SMTN,TMEM54,ETHE1,IRF1,COL5A2,TRIP6,S100A6
gene_set_query	569	ZNF83	590.8	ARCHS4 Coexpression,1218;Enrichr Queries,881;ReMap ChIP-seq,193;GTEx Coexpression,71	ZNF175,IFT172,POP4,ATN1,CHD2,RPL8,PITPNC1,TOMM22,PPP1CB,PNN,CCND3,SLK,MPRIP,SPR,SNRNP70,FTH1,RPL36,HABP4,EMILIN1,TIMP1,NINL,RBM14,ANXA2,IFT140,TSC22D3,ANO8,GAB2,TOMM40L,SYTL2,PTP4A2,KAT2A,DMTF1,RAB37,PEAK1,SRSF4,HNRNPH3,PIGL,NUPR1,PAFAH1B3,TSTA3,SPTBN4,LRRC59,CEBPD,SMIM29,GSTCD,ACVR1B,ZBTB4,TM9SF4,TRAK2,APH1A,FAM168B,IRAK1,DHRS7B,MFN2,HNRNPA1,APBB3,ATP9B,PLXNA3,PRELID3B,GDF11,HNRNPA3,PPP1R14B,TAF12,RARRES2,PHF12,OGA,RABL2B,PDE4DIP,HARS2,SNHG5,NFATC4,RPS27,TTLL3,BCL6,WNK1,HNRNPD,ANP32B,PNPLA6,TARDBP,DNAL4
gene_set_query	570	EMX1	591.0	ARCHS4 Coexpression,606;Enrichr Queries,784;GTEx Coexpression,383	PRDM8,KCNC1,C2CD4C,ACVR1B,FAM171A2,RIMS3,CUX2,HEY1,ZIC2,KIF5C,KIF5A,GDAP1L1,PHF24,RAB11FIP3,PPFIA3,CHST8,APC2,UNC13C,FOXD1,KCNJ9,ZBTB16,RTN4RL2,CYS1,MAPK8IP2,RGMA,AGBL4,BMP2,KCNS1,CTXN3,CAMK1G,RAPGEF4
gene_set_query	571	HOXA3	591.7	ARCHS4 Coexpression,731;Enrichr Queries,890;GTEx Coexpression,154	YAP1,LAMA5,RPL3,CEBPD,SMIM29,ATL2,PTEN,NEDD9,PPP1CB,SCMH1,TIMP3,EMILIN1,WWTR1,CRTAP,FOXD1,FOXF2,ANXA2,CAV2,ZBTB16,CAV1,ITGA1,RPS6,EMP1,PARVA,LAMB1,SMTN,BCL6,RAB34,IRF1,CD109,TRAF5,ITGA7,MAFK,FKBP9,GPR19
gene_set_query	572	GFI1B	592.0	Literature ChIP-seq,60;ARCHS4 Coexpression,841;Enrichr Queries,756;ReMap ChIP-seq,48;GTEx Coexpression,1255	RIPOR2,TUSC3,PITPNA,CDC14B,PNN,CCND3,AS3MT,FRAT2,RPS16,RPS18,FTH1,KIF5A,RPL35,EIF2D,TRIM26,MAP3K6,PPFIA3,TGM2,RPS9,MIGA2,DGAT1,DAPK1,USP4,PPP1R16A,TAP1,CSNK1D,RNASE4,MOGS,TUFM,EEF1A1,TMEM135,RAB37,RAB34,CDC37,DMWD,TYRO3,S100A6,TAGLN2,SNRNP200,RPL28,FTL,RTN2,LRRC59,TBC1D19,NECAB3,KLC4,UBC,SERPINH1,RDH14,RAB11FIP3,GADD45A,ZBTB16,PHF12,PCIF1,PYCR1,USB1,NR1D1,HARS2,ACADSB,GADD45G,MARCH2,TBL3,RPS28,BCL6,ADCK2,TRIP6,MAFF,KYAT3,BCAR3,SRXN1,CITED4,AKAP8L,HMGB2,PTEN,PEAR1,FLOT1,RPLP2,SH3BGRL2,KIF1C,EMILIN1,RNF150,METTL17,APC2,CHST8,PLA2G12A,IFT140,ANO8,AXIN1,RPL13A,EMP1,ARNT,GAB2,TAPBP,EEF1G,PTP4A2,NDUFS8,HNRNPH1,EEF1D,IRF1,IER3-AS1,DNASE2,PIGL,PLEC,TSEN34,LAMA5,PLEKHH3,MVK,SMIM29,CEBPD,FOXK2,PBXIP1,CCDC106,METTL21A,WDR24,BPHL,DLL3,DNAJB1,ARVCF,ANKRD54,BRD9,RPS2,RPL18,HNRNPA1,MAP4K4,CLVS1,PPP1R14B,FKRP,TAF15,SMOX,SNX21,RPL23A,SOD2,SLC25A37,PER1,HIST3H2A,PNPLA6,RAMP1,MSRB1
gene_set_query	573	PAX6	592.0	Literature ChIP-seq,113;ARCHS4 Coexpression,1127;Enrichr Queries,1131;ReMap ChIP-seq,41;GTEx Coexpression,548	RPL3,TUSC3,POP4,MT1M,MPI,RPL8,RPL9,PPP1CB,PNN,RPS19,CSKMT,KIF5C,RPL38,RPS11,RPL39,RPS12,TGM2,RPS9,RPL21,RPS5,RPS6,GTPBP6,MOGS,DNAAF4,MFSD10,EEF1A1,PPP1R3F,SNHG12,RAB37,CRISPLD2,DMWD,RAB34,TAGLN2,RPL29,RPL28,FTL,SPTBN4,KLC1,UBC,PLXNA2,RDH14,PRELID3B,DTNA,POU2F1,GADD45A,ZBTB16,PCIF1,SNHG8,GRIN2C,SNHG5,TBL3,RPS28,RPS27,BCL6,RPL27A,TRIP6,BCL2,RPS20,BCL2L2,BCAR3,KCNC1,ZFAS1,PTEN,CHD2,SCRN1,ZIC2,GDAP1L1,RPLP2,TIMP3,ZNF483,ANXA2,ITGA3,NGB,EMP1,RPL13A,KCNAB3,ANO5,MED22,LSG1,NDUFS8,CDH10,RPL37A,RBM12B,HNRNPH3,RPL10,SMIM29,RPL12,RPL11,RPL36A,NEDD9,CCDC106,WDR24,APOLD1,DNAJB1,MARVELD2,RPL13,BRD9,RPS2,RPL18,HNRNPA1,RPL17,ZNF584,CA10,PPP1R14B,HNRNPA3,TAF12,RPL23A,RIT2,HIST3H2A,TACC2,TPT1
gene_set_query	574	GATAD2A	593.3	ARCHS4 Coexpression,707;Enrichr Queries,50;GTEx Coexpression,1023	KMT2D,LRRC59,SET,HSPB1,METRNL,ZBTB4,APH1A,ABR,MPRIP,IRAK1,SNRNP70,FTH1,GSE1,ZNF787,HNRNPA1,RREB1,TBC1D10A,EIF4B,SPTBN1,MAP4K4,RBM14,TAF15,ANXA2,AXIN1,NBEAL2,MOGS,ATXN2L,EEF1A1,TBL3,ILF3,WNK1,HNRNPH1,EEF1D,HNRNPD,TAGLN2,PNPLA6,SNRNP200,FKBP5,PLEC
gene_set_query	575	TBX15	594.0	ARCHS4 Coexpression,392;Enrichr Queries,487;GTEx Coexpression,903	RTN2,FLT1,UBE2D4,CEBPD,SMIM29,ZBTB47,HSPB6,COL11A1,SGCD,ZIC2,MACROD1,TIMP3,KIF1C,MAP4,E2F6,SNTA1,USP24,MYH7B,SEMA6C,FOXD1,KCNJ11,FOXF2,ZBTB16,CAV1,EMP1,PDE4DIP,LAMB1,INHBA,QRSL1,COL5A2,ITGA7,FKBP9,TACC2
gene_set_query	576	HOXC9	594.3	Literature ChIP-seq,24;ARCHS4 Coexpression,789;Enrichr Queries,387;GTEx Coexpression,1177	PRDM8,ZNF175,RPL3,POP4,ATN1,GXYLT1,TOMM22,NDST2,GOLGA3,RPS16,RPS19,CSKMT,FTH1,MACROD1,RPL36,HABP4,RPL38,EIF2D,TRIM26,NUDT16,VPS39,RPS9,PUS1,RPS6,MFSD11,LZTFL1,TUFM,TMEM135,DMTF1,SNHG12,CDC37,SNHG10,RAF1,FTL,RTN2,TBC1D19,KIF9-AS1,APH1A,DHRS7B,PLXNA2,PLXNA1,ZNF426,RDH14,FAM120AOS,MYH7B,POU2F1,FOXF2,ZBTB16,CAV1,SNHG8,INHBA,HARS2,SNHG5,GADD45G,RPS28,ATG16L1,COL5A2,TRIP6,GTF2IRD1,ANP32B,NOL12,BCL2L2,OSCP1,FLT1,AKAP8L,HSPB1,PPWD1,RND1,HEY1,ZIC2,SNRNP70,TIMP3,RAC1,RNF150,ZNF483,RBM14,FOXD1,IFT140,RBM18,EMP1,QRSL1,MMP14,LSG1,NDUFS8,RPL37A,PIGL,HNRNPH3,PAFAH1B3,PFDN5,SMIM29,DNAH6,RPL36A,CCDC106,TM9SF4,FOXRED1,TAF1D,RPS2,RPL18,E2F6,RPL17,APBB3,EIF4B,USP24,PPP1R14B,KCNJ11,TYW1B,RIT2,POLR3H,PNPLA6,MSRB1
gene_set_query	577	JAZF1	595.3	ARCHS4 Coexpression,313;Enrichr Queries,910;GTEx Coexpression,563	USP35,RIPOR2,SMIM29,RPL12,NEDD9,RPL8,ZBTB4,TRAK2,APH1A,RPS17,MARVELD2,RPS18,FLOT1,TIMP3,RNF150,RPS2,RPL18,TGM2,PPP1R14B,CAV1,RPS5,ITGA1,RPS6,EMP1,PYCR1,RPSA,TUFM,MED22,SLC25A37,SMTN,BCL6,WNK1,IRF1,BCL2,ARHGEF3,SPIN2B,RPL29
gene_set_query	578	THAP2	595.7	ARCHS4 Coexpression,585;Enrichr Queries,513;GTEx Coexpression,689	SPTBN4,LRRC59,CEBPD,SMIM29,RPL12,PTEN,FOXK2,METTL21A,FNBP1L,PHTF1,APH1A,MPRIP,CAPNS1,IRAK1,SNRNP70,TNKS1BP1,MFN2,KIF1C,AMZ2,CA10,CRTAP,GADD45A,DCC,TSC22D3,EMP1,PDE4DIP,MOGS,INHBA,DMTF1,BCL6,WNK1,IRF1,MAFF,BCL2,PIGL,GPR19
gene_set_query	579	NPAS2	596.3	ARCHS4 Coexpression,346;Enrichr Queries,163;GTEx Coexpression,1280	BCAR3,LAMA5,CEBPD,CLTB,NEDD9,PVR,SLK,MPRIP,IRAK1,GPC1,PLXNA2,TIMP3,KIF1C,TIMP1,TGM2,MAP4K4,WWTR1,DAPK1,GADD45A,ITGA3,ZBTB16,CAV1,ITGA1,EMP1,LAMB1,NR1D1,INHBA,SDCBP2,BMP2,SMTN,BCL6,MAFF,COL5A2,BCL2,MAFK,UBA52,BCL2L2,FKBP5,PLEC
gene_set_query	580	ZNF816	597.0	ARCHS4 Coexpression,185;GTEx Coexpression,1009	LRRC59,ZNF175,ATN1,APH1A,FAM168B,MPRIP,CAPNS1,SNRNP70,ZMIZ2,ZNF525,TNKS1BP1,MFN2,KIF1C,MAP4,CRTAP,MOGS,LATS1,TOM1L2,PINK1,EIF2S3,PEX5,PLEKHM2,PNPLA6,INTS8,BCL2L2
gene_set_query	581	PIN1	597.0	ARCHS4 Coexpression,899;GTEx Coexpression,295	APC2,KCNJ9,CTNND2,CCDC106,MAPK8IP2,AGBL4,PPP1R3F,FAM171A2,RIMS3,NDUFS8,ASPHD1,PPP4R4,KIF5A,GDAP1L1,HABP4,PHF24,ARL6IP4,RPL38,CTXN2,EIF4B,PPFIA3
gene_set_query	582	ZNF121	597.3	ARCHS4 Coexpression,660;Enrichr Queries,1027;GTEx Coexpression,105	SET,HMGB2,RPL8,APH1A,FBL,PNN,TAF1D,RPS19,CAPNS1,ZIC2,MARVELD2,ELMSAN1,RPL36,HABP4,FLOT1,RPL35,ZNF426,RPS2,RPL18,MAP3K6,HNRNPA1,RREB1,RPS5,PUS1,MOGS,RPS28,ILF3,EIF2S3,PAN3,DMTF1,DMWD,RPL27A,MAFF,HNRNPD,PLEKHM2,SRSF4,PNPLA6,RPL28
gene_set_query	583	MSANTD4	597.5	ARCHS4 Coexpression,735;GTEx Coexpression,460	ZNF254,GDF11,TBC1D19,DTNA,ZBTB47,TUSC3,MAGED1,RBM18,PTPN11,NBEAL2,FNBP1L,APH1A,PPP1R3F,FAM168B,CAPNS1,SCRN1,EEF1D,RNPEP,TAGLN2,TSPAN3,ZNF510,RPL28,TBC1D10A
gene_set_query	584	ZNF235	597.7	ARCHS4 Coexpression,232;Enrichr Queries,627;GTEx Coexpression,934	LRRC59,ZNF175,CEBPD,SMIM29,ATN1,GPATCH8,APH1A,FAM168B,MPRIP,CAPNS1,IRAK1,SNRNP70,TIMP3,TNKS1BP1,MFN2,KIF1C,PPP1R14B,CRTAP,BICRAL,DAPK1,GADD45A,TSC22D3,EMP1,CDPF1,MOGS,GADD45G,LATS1,ATXN2L,DMTF1,BCL6,IRF1,BCL2,SPIN2B,PLEKHM2,TAGLN2,PNPLA6,ZNF510,PLEC
gene_set_query	585	GATA4	598.8	Literature ChIP-seq,106;ARCHS4 Coexpression,1060;Enrichr Queries,1031;ReMap ChIP-seq,98;GTEx Coexpression,699	CTNND2,PITPNA,ATN1,CIB2,CASC3,FNBP1L,CDC14B,RPS16,CAPNS1,RPS19,FTH1,KIF5B,SBF2,PPFIA3,RPS9,TLE1,ENTPD2,DGAT1,DAPK1,RPS5,RALGAPA2,PPP1R16A,RNASE4,CSNK1D,MOGS,SLC6A11,TUFM,SYTL2,TMEM135,DMTF1,ETHE1,RAB34,S100A6,TYRO3,TAGLN2,PKP4,FTL,RTN2,TSTA3,LRRC59,NECAB3,UBC,SMYD2,ZNF787,TSPAN3,SPTBN1,PRELID3B,MYH7B,POU2F1,FOXF2,GADD45A,ZBTB16,LRBA,PHF12,NEK7,PYCR1,NBEAL2,NR1D1,GADD45G,TBL3,BMP2,RPS27,BCL6,MAFF,SPIRE2,PLEKHM2,ACO2,TRAM2-AS1,GSTM5,BCAR3,FLT1,SRXN1,ZFAS1,CITED4,HSPB1,CHD2,ASGR1,HEY1,TMEM44,RNPEP,RPLP2,TIMP3,EMILIN1,SNTA1,BCAS1,ANXA2,VPS13D,RPL13A,ARNT,GAB2,EEF1G,NDUFS8,MED24,SLCO4A1,RBM20,NSRP1,PLEC,YAP1,LAMA5,PLEKHH3,SMIM29,ATL2,DNAH6,PBXIP1,CCDC106,ADCY8,METTL21A,ACVR1B,WDR24,APOLD1,CYTH3,DNAJB1,ARVCF,PDLIM2,MFN2,RPS2,RPL18,REPS1,MPP3,PPP1R14B,SQOR,RPL23A,LAMB1,SNX21,PER1,CASTOR3,STK17A,PNPLA6,NECTIN2
gene_set_query	586	ZNF189	599.0	ARCHS4 Coexpression,926;Enrichr Queries,206;GTEx Coexpression,665	SHC2,CEBPD,SMIM29,NEDD9,METRNL,RPL8,APOLD1,DNAJB1,PDLIM2,RPS19,ZIC2,KIF5C,RPL36,MBP,TIMP1,RPL18,TBC1D10A,SPTBN1,PLA2G12A,PAQR6,CERS6,GADD45A,ZBTB16,TSC22D3,RPS5,PDE4DIP,TEX2,ACADSB,SYTL2,GADD45G,CASTOR3,DMTF1,BCL6,MAFF,ARHGEF3,ZNF510,BCL2L2,FKBP5
gene_set_query	587	PRDM2	599.0	ARCHS4 Coexpression,721;Enrichr Queries,356;GTEx Coexpression,720	LRRC59,KMT2D,SMIM29,CHD2,ZBTB4,GPATCH8,SPR,PLXNA2,GSE1,RREB1,ATP9B,SPTBN1,MAP4K4,USP24,PPP1R14B,BICRAL,GADD45A,TSC22D3,VPS13D,OGA,PDE4DIP,PYCR1,TUFM,HIPK2,PER1,BCL6,WNK1,BCL2,ZNF510,NECTIN2,PLEC
gene_set_query	588	MESP1	599.3	ARCHS4 Coexpression,620;Enrichr Queries,380;GTEx Coexpression,798	RTN2,TSEN34,NECAB3,UBE2D4,CEBPD,SMIM29,CITED4,HSPB1,MT1X,CCDC106,DLL3,HEY1,ZIC2,EPCAM,MACROD1,RPL36,RPL35,RPL38,DGCR6,PPP1R14B,KCNJ11,RBM18,GTPBP6,RPL13A,GADD45G,RGMA,PPP1R3F,PINK1,BMP2,TMEM54,S100A6,FNDC10,POLR3H,RPS20,UBA52
gene_set_query	589	THAP3	599.7	ARCHS4 Coexpression,915;Enrichr Queries,409;GTEx Coexpression,475	BCAR3,SMIM29,RPL11,HSPB1,ARHGEF10L,TOMM22,RPS19,RPL36,MACROD1,ARL6IP4,RPLP2,ZNF787,DGCR6,ZNF346,RPS9,TAF12,GADD45A,TSC22D3,PCIF1,GTPBP6,CDPF1,NR1D1,COMMD5,TUFM,PINK1,TMLHE,NDUFS8,WNK1,S100A6,SPIN2B,NOL12,PAFAH1B3,FAM50A
gene_set_query	590	GZF1	599.7	ARCHS4 Coexpression,809;Enrichr Queries,293;GTEx Coexpression,697	LRRC59,SMIM29,RPL11,RPL36A,CHD2,APH1A,FAM168B,KIF5B,UBC,RPL35,TNKS1BP1,GSE1,RPL17,RREB1,EIF4B,NTNG2,TLE1,GADD45A,TSC22D3,NEK7,PDE4DIP,PTPN11,GAB2,NR1D1,TMEM170B,PATL1,GADD45G,PTP4A2,PER1,BCL6,WNK1,RPL27A,IRF1,MAFF,PLEKHM2,FKBP5
gene_set_query	591	HES3	602.7	ARCHS4 Coexpression,720;Enrichr Queries,924;GTEx Coexpression,164	SPTBN4,FLT1,KCNC1,CITED4,HSPB1,CIB2,KLC1,PHTF1,UNG,CUX2,ZIC2,KIF5C,GDAP1L1,CA4,SERPINH1,RAC3,HNRNPA1,PELP1,CHST8,UNC13C,CA10,HNRNPA3,ICMT,TAF15,KCNJ9,KCNAB3,MAPK8IP2,LRRC37B,GNG13,GADD45G,RGMA,ILF3,RIT2,CDH10,HNRNPD,PAFAH1B3,NECTIN2
gene_set_query	592	ZNF835	603.3	ARCHS4 Coexpression,1289;Enrichr Queries,330;GTEx Coexpression,191	SPTBN4,RIPOR2,LRRC59,ADCYAP1R1,KCNC1,SMIM29,CTNND2,KLC1,ZBTB4,APH1A,FAM171A2,FAM168B,CUX2,SCRN1,KIF5C,PLXNA2,CDH23,TIMP3,CHST8,MYH7B,CA10,KCNJ9,DAPK1,DCC,BHMT2,RARRES2,IGIP,MOGS,GRIN2C,MAPK8IP2,RGMA,PPP1R3F,RIT2,CDH10,SPIRE2,ZNF510,ZNF554
gene_set_query	593	CLOCK	604.0	Literature ChIP-seq,20;ARCHS4 Coexpression,677;Enrichr Queries,1194;ReMap ChIP-seq,250;GTEx Coexpression,879	GALNT16,ZFAND2A,PTEN,EFCAB5,GPATCH8,OSBPL10,PPP1CB,CDH5,CCND3,RIMS3,SLK,SCRN1,ZMIZ2,KIF5B,CA4,PHACTR3,PGM2,RAC3,ARL6IP4,TIMP3,ATXN7L2,MAP3K6,TGM2,SNTA1,UNC13C,RPS9,CERS6,ANXA2,DGAT1,IFT140,DAPK1,RPS5,TSC22D3,PPP1R16A,COBL,CSNK1D,MOGS,CYS1,TAPBP,SUMF1,ILF3,MMP14,RAB34,RPL37A,S100A6,TAGLN2,RPL29,PLEC,FKBP5,LRRC59,RPL10,FOXK2,NEDD9,PBXIP1,ADCY8,CYTH3,DNAJB1,ELMSAN1,UBC,SERPINH1,MFN2,D2HGDH,RPL18,E2F6,RREB1,EIF4B,ICMT,POU2F1,KCNJ11,GADD45A,OGA,USB1,NR1D1,HIPK3,HIPK2,PER1,HIST3H2A,BCL6,ATG16L1,WNK1,TRIP6,RIOX2,BCL2,GTF2IRD1,MAFK,LINC00900,TARDBP,INTS8
gene_set_query	594	FOXD4L4	604.5	ARCHS4 Coexpression,1021;GTEx Coexpression,188	SPTBN4,KCNC1,MPI,KLC1,METTL21A,APOLD1,KLC4,HEY1,ZIC2,AIFM2,RAC3,RAB11FIP3,CA10,CIDEA,CSNK1D,TMEM170B,TEX2,KCNAB3,PC,RIT2,CDH10,SPIRE2,LINC00641,ZNF510,ZNF554
gene_set_query	595	POU3F1	605.0	Literature ChIP-seq,88;ARCHS4 Coexpression,287;Enrichr Queries,773;GTEx Coexpression,1272	BCAR3,RPL3,TUSC3,TMEM200C,CLTB,LRRC6,CHD2,RPL9,PVR,SHD,CDC14B,CDH5,PNN,HEY1,ZIC2,RPS19,MPRIP,SPR,KIF5C,KIF5B,GDAP1L1,RPL36,MACROD1,TNKS1BP1,RPL38,EMILIN1,DGCR6,ARIH1,RAC1,NINL,BCAS1,APC2,FBXW4,PRMT5,RBM14,TLE1,RPL21,VPS13D,RPL13A,ARNT,MFSD11,QRSL1,PATL1,RGMA,PTP4A2,INPP4B,KAT2A,NDUFS8,SLCO4A1,HNRNPH1,IRF1,RPL37A,MPPED2,PEX5,CRY2,LAMA5,SMIM29,NXN,COL11A1,RPL11,RPL36A,PBXIP1,ACVR1B,APOLD1,FAM171A2,CUX2,PLXNA2,GSE1,RDH14,HNRNPA1,MAPK4,REPS1,WWTR1,PPP1R14B,POU2F1,GADD45A,ZBTB16,PCGF2,PHF12,NEK7,PCIF1,PARVA,NR1D1,GADD45G,NFATC4,SLC25A37,RPS27,RIT2,ADCK2,WNK1,TPT1
gene_set_query	596	KLF5	605.6	Literature ChIP-seq,102;ARCHS4 Coexpression,1329;Enrichr Queries,178;ReMap ChIP-seq,59;GTEx Coexpression,1360	CTNND2,ATN1,CASC3,RPL8,FNBP1L,METRNL,CDH5,RPS16,SLK,CAPNS1,RPS19,MPRIP,CSKMT,RPL35,NUDT16,RPS11,PPFIA3,TGM2,PAQR6,ENTPD2,MIGA2,DAPK1,RPS5,PPP1R16A,MOGS,RNASE4,TMEM170B,SDCBP2,INPP4B,CRISPLD1,SNHG12,ETHE1,RAB34,CDC37,S100A6,TAGLN2,NUPR1,FTL,RTN2,SPTBN4,ADCYAP1R1,SET,NECAB3,UBC,PLXNA2,GSE1,GAS2L1,RREB1,SPTBN1,FAM120AOS,GADD45A,CAV1,PCDH20,PHF12,NEK7,NBEAL2,NR1D1,INHBA,TBL3,BMP2,BCL6,ATG16L1,RPL27A,MAFF,SPIRE2,GTF2IRD1,MAFK,ANP32B,NOL12,HSPB6,CLTB,HSPB1,CHD2,SGCD,TMEM44,RPLP2,KIF1C,TIMP3,TNKS1BP1,PHF24,TIMP1,PELP1,CERS6,FOXD1,ANXA2,ITGA3,ANO8,RPL13A,EMP1,MYRIP,EEF1G,PTP4A2,MED24,NDUFS8,SLCO4A1,PACS1,IRF1,CDH10,MPPED2,PLEC,RAPGEF4,LAMA5,PLEKHH3,RPL10,CEBPD,SMIM29,NEDD9,GDPD2,PBXIP1,CCDC106,ACVR1B,WDR24,DNAJB1,PDLIM2,ELMSAN1,EPCAM,RPS3,RPS2,RPL18,MAPK3,MAP4K4,PPP1R14B,RPL23A,PER1,TMEM54,TACC2
gene_set_query	597	MGA	605.7	ARCHS4 Coexpression,426;Enrichr Queries,818;GTEx Coexpression,573	ZNF175,CHD2,MTRNR2L1,TAF1D,CAPNS1,KIF5B,ZNF280C,FLOT1,ZNF525,RAC1,RREB1,ATP9B,SPTBN1,EIF4B,MAP4K4,USP24,ZNF483,POU2F1,LINC02175,LRBA,VPS13D,HIPK3,ATXN2L,LATS1,DMTF1,WNK1,HNRNPH1,PEAK1,RBM12B,TAGLN2,FAM193A,SNRNP200,INTS8,PLEC
gene_set_query	598	ZNF696	605.7	ARCHS4 Coexpression,228;Enrichr Queries,372;GTEx Coexpression,1217	LAMA5,PLEKHH3,CEBPD,SMIM29,RPL36A,RPL8,ABR,FAM171A2,RPS19,OPHN1,FTH1,SERPINH1,RPL36,PLXNA1,GSE1,ZNF787,RPL18,RBM14,PUS1,PCGF2,RPL13A,PYCR1,COMMD5,ILF3,BCL6,SLCO4A1,EEF1D,IRF1,RPL27A,RPL37A,SPIRE2,GTF2IRD1,ZNF554,ZNF510,PLEC
gene_set_query	599	BARHL1	606.7	ARCHS4 Coexpression,160;Enrichr Queries,1005;GTEx Coexpression,655	SPTBN4,KCNC1,CTNND2,ATN1,NDRG2,ZBTB4,ARVCF,FAM171A2,CUX2,RIMS3,ZIC2,SCRN1,KIF5C,KIF5A,CDH23,MBP,PPFIA3,APC2,NTNG2,CA10,PAQR6,KCNJ9,ZBTB16,RTN4RL2,GRIN2C,KCNAB3,MAPK8IP2,MTURN,GNG13,BMP2,RIT2,RAB37
gene_set_query	600	CGGBP1	607.5	ARCHS4 Coexpression,657;GTEx Coexpression,558	RPL4,RPS6,NEK7,CLTB,PBXIP1,EEF1A1,LATS1,RPS4X,EEF1G,TBL3,CCND3,EIF2S3,RAB37,RBM12B,FNDC10,CMPK1,SH3BGRL2,HNRNPH3,GAS2L1,TPT1,EIF4B
gene_set_query	601	NR5A1	607.7	ARCHS4 Coexpression,861;Enrichr Queries,90;GTEx Coexpression,872	CEBPD,SMIM29,IGSF1,GDPD2,HSPB1,SAT2,RPL8,ASGR1,TM9SF4,UNG,AS3MT,CCND3,FTH1,GPC1,UBC,SERPINH1,TGM2,ANXA2,RARRES2,CAV1,ITGA1,MOGS,NR1D1,ACADSB,LYVE1,GADD45G,ALDH4A1,ILF3,KAT2A,FNDC4,BCL6,EEF1D,IRF1,BCL2,FKBP5,PLEC
gene_set_query	602	ZNF827	607.7	ARCHS4 Coexpression,656;Enrichr Queries,580;GTEx Coexpression,587	LRRC59,ZNF175,CEBPD,SMIM29,CTNND2,ATN1,NEDD9,METRNL,FNBP1L,ZBTB4,GPATCH8,APH1A,IRAK1,SNRNP70,KIF5C,FTH1,GSE1,RNF150,NINL,SPTBN1,POU2F1,CAV1,SQOR,EMP1,SYTL2,HIPK2,INPP4B,BCL6,EEF1D,MPPED2,BCL2,TAGLN2,ZNF510,FTL
gene_set_query	603	ZNF708	609.0	ARCHS4 Coexpression,244;Enrichr Queries,1372;GTEx Coexpression,211	ZNF254,LRRC59,SMIM29,FNBP1L,TRAK2,APH1A,FAM168B,SCRN1,CAPNS1,IRAK1,SNRNP70,TP53INP2,PEA15,ZNF426,TNKS1BP1,KIF1C,ZNF326,MBP,BCAS1,RBM11,MAP4K4,PAQR6,ZNF483,PPP1R14B,CRTAP,DCC,IGIP,MOGS,LINC00909,MTURN,HIPK2,DYNC1LI2,PLEKHM2,PKP4,PNPLA6
gene_set_query	604	ZNF814	610.0	ARCHS4 Coexpression,833;GTEx Coexpression,387	YAP1,SPTBN4,LRRC59,CRTAP,AKAP8L,MOGS,GRIN2C,KCNAB3,METTL21A,PHTF1,APH1A,FAM168B,ZIC2,IRAK1,RAB37,SNRNP70,SPIRE2,MFN2,ZNF346,PAFAH1B3,ZNF554,ATP9B
gene_set_query	605	ZKSCAN1	610.2	ARCHS4 Coexpression,1140;ENCODE ChIP-seq,72;Enrichr Queries,738;ReMap ChIP-seq,38;GTEx Coexpression,1063	RPL3,TUSC3,IFT172,TMEM200C,MPI,ATN1,RPL8,FNBP1L,GPATCH8,NDST2,LAPTM4A,RPS16,RPS18,FTH1,KIF5B,HABP4,ZNF326,MAP3K6,RPS11,SBF2,PPFIA3,TGM2,RPS9,ENTPD2,MIGA2,DGAT1,RPS5,PPP1R16A,MOGS,CSNK1D,RNASE4,LZTFL1,RAB34,CDC37,SPIN2B,TAGLN2,RPL29,RAF1,FTL,RTN2,TSTA3,LRRC59,TBC1D19,NECAB3,MAGED1,GSTCD,KIF9-AS1,AKAP17A,KLC1,APH1A,ABR,UBC,SERPINH1,MAP3K21,GSE1,AMZ2,RDH14,TSPAN3,GAS2L1,RREB1,SPTBN1,NEK7,OGA,PYCR1,NR1D1,TBL3,RPS28,SMTN,BCL6,WNK1,ATG16L1,TRIP6,RIOX2,MAFF,ECHDC2,RPS20,ACO2,NOL12,BCL2L2,SRXN1,NGLY1,HSPB1,LRRC6,CHD2,AATF,RPS4X,SNRNP70,RARS,RNPEP,FLOT1,RPLP2,RAC3,EMILIN1,TIMP1,APC2,IFT140,DCC,TSC22D3,ANO8,AXIN1,RPL13A,EMP1,RTN4RL2,TAPBP,EEF1G,LSG1,NDUFS8,SDHAF2,EEF1D,PEAK1,TRAF5,IER3-AS1,DNASE2,PAFAH1B3,PLEC,TSEN34,LAMA5,RPL10,SMIM29,RPL12,CCDC106,WDR24,TM9SF4,FOXRED1,DNAJB1,ARVCF,TAF1D,MARVELD2,RPS3,RPL13,D2HGDH,RPS2,RPL18,RPL17,E2F6,ATP9B,ZNF584,USP24,PPP1R14B,MPP3,PCGF2,RPL23A,TYW1B,HIPK3,HIPK2,PER1,SLC25A37,POLR3H,EIF3D,TPT1,MSRB1
gene_set_query	606	ZNF649	610.7	ARCHS4 Coexpression,839;Enrichr Queries,490;GTEx Coexpression,503	YAP1,ZNF254,BCAR3,RIPOR2,SET,SMIM29,MT1X,FNBP1L,PPP1CB,APH1A,FRAT2,ZIC2,CAPNS1,IRAK1,EPCAM,KIF5C,ZNF426,HNRNPA1,ZNF584,ACVR1,WWTR1,SEC24B,RARRES2,PPP1R16A,PARVA,MOGS,LATS1,BMP2,TAGLN2,PNPLA6,NSRP1,GPR19
gene_set_query	607	NFYC	610.7	ARCHS4 Coexpression,1023;Enrichr Queries,52;GTEx Coexpression,757	RIPOR2,SET,MTMR14,RPL11,CITED4,HMGB2,HSPB1,CCND3,FRAT2,FTH1,UBC,TNKS1BP1,ZNF787,SPTBN1,RPS9,ANXA2,GADD45A,TSC22D3,PCIF1,PTPN11,NBEAL2,LAMB1,SOD2,EEF1A1,PTP4A2,ILF3,TMLHE,SDHAF2,BCL6,WNK1,HNRNPH1,RPL27A,IRF1,HNRNPD,SRSF4,RAF1,MSRB1,PLEC
gene_set_query	608	EOMES	611.8	Literature ChIP-seq,32;ARCHS4 Coexpression,563;Enrichr Queries,816;ReMap ChIP-seq,275;GTEx Coexpression,1373	RIPOR2,TMEM200C,GXYLT1,CASC3,NDST2,PPP1CB,LAPTM4A,KIF5C,ZMIZ2,FTH1,SCMH1,EIF2D,SLC25A42,RPL39,RPS12,TLE1,USP4,DAPK1,PPP1R16A,RPS6,GTPBP6,RNASE4,RPSA,LZTFL1,SYTL2,RAB37,RAB34,TYRO3,TAGLN2,RTN2,SET,GSTCD,KLC1,ABR,UBC,PLXNA2,MBP,RREB1,CRTAP,GADD45A,PHF12,PCDH20,GADD45G,RPS28,BMP2,SMTN,RPS27,BCL6,BCL2,HNRNPD,MAFK,ANP32B,GPR19,BCAR3,CITED4,HSPB1,CHD2,RND1,ZIC2,HEY1,AIFM2,GDAP1L1,RNPEP,PHACTR3,TIMP3,ARIH1,RAC1,CHST8,APC2,RBM14,ANXA2,DCC,ITGA1,ANO8,ARNT,PTP4A2,MED24,PACS1,HNRNPH1,IRF1,PEX5,CHI3L2,ARHGEF3,RBM20,YAP1,CEBPD,SMIM29,NXN,ATL2,NEDD9,APOLD1,PDLIM2,CUX2,EPCAM,MFN2,RPL17,MAP4K4,USP24,GDF11,SEC24B,MPP3,HNRNPA3,FKRP,DTNBP1,RPL23A,PINK1,HIST3H2A,CASTOR3,EIF3F,TACC2,TARDBP,TPT1,NECTIN2
gene_set_query	609	ZNF333	612.0	ARCHS4 Coexpression,1307;Enrichr Queries,86;GTEx Coexpression,443	LRRC59,ZNF175,SMIM29,SLC43A2,PTEN,CHD2,METTL21A,ZBTB4,TOMM22,NDST2,APH1A,DNAJB1,HEY1,MARVELD2,FTH1,CDH23,ZNF844,TIMP1,APBB3,ATP9B,SPTBN1,POU2F1,BICRAL,PHF12,TSC22D3,PCIF1,ARNT,PDE4DIP,NR1D1,TUFM,LATS1,PAN3,DMTF1,BCL6,CRISPLD2,WNK1,DMWD,IRF1,BCL2,PLEC
gene_set_query	610	ZNF589	612.3	ARCHS4 Coexpression,903;Enrichr Queries,915;ReMap ChIP-seq,270;GTEx Coexpression,361	ZNF175,LINC01354,CLTB,PPWD1,CASC3,CHD2,NDST2,PNN,FRAT2,ZIC2,SNRNP70,FTH1,KIF5A,FLOT1,EMILIN1,METTL17,DAPK1,TSC22D3,TOMM40L,MFSD10,TAPBP,PTP4A2,ILF3,DYNC1LI2,DMTF1,HNRNPH1,CDC37,IRF1,GSAP,IER3-AS1,SRSF4,NUPR1,SET,CEBPD,SMIM29,NEDD9,AKAP17A,ACVR1B,ADCY8,UNG,PLXNA2,MFN2,RPS2,MAP4,HNRNPA1,PRELID3B,MAP4K4,HNRNPA3,POU2F1,NORAD,TAF12,PHF12,PARVA,NR1D1,GRIN2C,SLC25A37,TBL3,PAN3,TMEM54,MAFF,HNRNPD,GTF2IRD1,ANP32B
gene_set_query	611	ZNF439	613.0	ARCHS4 Coexpression,1092;Enrichr Queries,563;GTEx Coexpression,184	ZNF254,RIPOR2,LRRC59,ZNF175,CEBPD,SMIM29,ATN1,PPWD1,NEDD9,APH1A,PNN,ARVCF,CAPNS1,OPHN1,SNRNP70,TIMP3,ZNF844,MFN2,PLXNA3,USP24,HNRNPA3,POU2F1,TSC22D3,OGA,SYTL2,ILF3,PAN3,DMTF1,BCL6,HNRNPH1,TRAF5,BCL2,ARHGEF3,HNRNPH3,TARDBP,ZNF554
gene_set_query	612	TSHZ1	613.0	ARCHS4 Coexpression,431;Enrichr Queries,692;GTEx Coexpression,716	KMT2D,SMIM29,ATN1,NEDD9,ACVR1B,ZBTB4,ABR,FAM168B,MPRIP,KIF5C,ZMIZ2,PLXNA2,TIMP3,RNF150,NINL,RAB11FIP3,APC2,ZBTB16,CAV1,EMP1,GADD45G,HIPK2,LATS1,TOM1L2,BCL6,WNK1,TYRO3,BCL2,ARHGEF3,ZNF510,BCL2L2,GSTM5,FKBP5
gene_set_query	613	ZBTB9	614.3	ARCHS4 Coexpression,137;Enrichr Queries,928;GTEx Coexpression,778	LRRC59,SMIM29,TUSC3,MAGED1,IGSF1,RPL12,FNBP1L,RPL8,TM9SF4,UNG,APH1A,GOLGA3,FBL,RPS3,GSE1,RPS2,RPL18,HNRNPA1,LINC00632,CHST8,PRMT5,RBM14,GADD45A,RPS5,PYCR1,RPSA,WDR77,TUFM,EEF1A1,EEF1G,ILF3,BCL6,IRF1,ARHGEF3,RPL29,DNAL4,FKBP5
gene_set_query	614	CAMTA1	614.3	ARCHS4 Coexpression,597;Enrichr Queries,1075;GTEx Coexpression,171	SPTBN4,CTNND2,KLC1,ABR,FAM171A2,GRM5,RIMS3,SCRN1,KIF5C,GDAP1L1,KIF5A,PLXNA2,GSE1,PHF24,SH3BGRL2,CLVS1,MAP4K4,APC2,CA10,PLA2G12A,KCNJ9,ZBTB16,IGIP,PDE4DIP,MOGS,MAPK8IP2,MTURN,PPP1R3F,RIT2,CDH10,TACC2,CTXN2,LINC00641,RAPGEF4
gene_set_query	615	PRDM1	614.8	ARCHS4 Coexpression,1273;ENCODE ChIP-seq,109;Enrichr Queries,394;ReMap ChIP-seq,246;GTEx Coexpression,1052	PRDM8,RPL3,ZFAS1,MT1M,CITED4,HMGB2,EFCAB5,SAT2,PEAR1,AATF,CHD2,MTRNR2L1,CDC14B,PPP1CB,LAPTM4A,SLK,SPR,SCRN1,RARS,NMRK1,RNPEP,PGM2,EIF2D,TIMP1,SLC25A42,TGM2,CSGALNACT1,MIGA2,ANXA2,IFT140,TAP2,NGB,EMP1,TAP1,ARNT,SDCBP2,PATL1,TOMM40L,TAPBP,EEF1A1,BCAN,TOM1L2,PPP1R3F,NDUFS8,CRISPLD1,DMTF1,IRF1,S100A6,CHI3L2,ARHGEF3,TAGLN2,DNASE2,FKBP5,SPTBN4,CEBPD,SMIM29,RPL10,IGSF1,NEDD9,CCDC106,DNAJB1,ZNF426,LPXN,AMZ2,ZNF787,HNRNPA1,APBB3,HNRNPA3,POU2F1,TAF15,GADD45A,CAV1,IGIP,NEK7,IFT122,NBEAL2,NR1D1,INHBA,SLC25A37,BMP2,BCL6,ATG16L1,MAFF,TRIP6,BCL2,KYAT3,POLR3H,NOL12,TPT1
gene_set_query	616	ZNF33A	615.7	ARCHS4 Coexpression,242;Enrichr Queries,1229;GTEx Coexpression,376	ZNF254,KMT2D,LRRC59,SETD6,PTEN,CLTB,PPWD1,FNBP1L,CHD2,RPL8,APH1A,PNN,CAPNS1,IRAK1,NMRK1,GDAP1L1,SERPINH1,VPS39,METTL17,PPP1R14B,CRTAP,BICRAL,DCC,PHF12,OGA,MOGS,HARS2,PAN3,DMTF1,WNK1,TRIP6,PLEKHM2,RPL29
gene_set_query	617	MYT1L	616.0	ARCHS4 Coexpression,548;Enrichr Queries,746;GTEx Coexpression,554	SPTBN4,CTNND2,PTEN,KLC1,CHD2,ABR,FAM171A2,GRM5,RIMS3,KIF5C,PPP4R4,GDAP1L1,KIF5A,PLXNA2,PHACTR3,GSE1,PHF24,CLVS1,UNC13C,ZNF483,KCNJ9,DCC,COBL,MAPK8IP2,MTURN,CDH10,CTXN2,LINC00641,RAPGEF4
gene_set_query	618	AEBP2	616.3	ARCHS4 Coexpression,579;Enrichr Queries,481;GTEx Coexpression,789	YAP1,SET,SMIM29,ATL2,PTEN,ADIRF,CHD2,FOXRED1,PPP1CB,APH1A,ZIC2,ELMSAN1,SNRNP70,KIF5B,GSE1,RREB1,MAP4K4,PRELID3B,SEC24B,CRTAP,RPS9,CERS6,GADD45A,COMMD10,NEK7,MOGS,HIPK3,LATS1,EIF2S3,PAN3,BCL6,WNK1,HNRNPH1,TRIP6
gene_set_query	619	STAT5B	616.5	ARCHS4 Coexpression,999;Enrichr Queries,243;ReMap ChIP-seq,160;GTEx Coexpression,1064	PRDM8,RIPOR2,ATN1,PTEN,HSPB1,MT1X,PITPNC1,CCND3,FRAT2,RPS16,RPS19,CSKMT,FTH1,RPL35,RPLP2,EMILIN1,FGFBP3,RPS11,PELP1,TGM2,ENTPD2,ANXA2,RPS5,TSC22D3,TAP2,RPL13A,ARNT,TAP1,CSNK1D,MOGS,KCNAB3,MFSD11,EEF1G,PTP4A2,PPP1R3F,PACS1,RAB34,CDC37,SNHG10,IRF1,CHI3L2,DNASE2,SNRNP200,UBA52,FKBP5,TSEN34,RTN2,PBXIP1,CCDC106,UBC,RPS3,AMZ2,RPS2,PRELID3B,MAP4K4,MAPK3,ZNF584,PPP1R14B,GADD45A,PHF12,ZBTB16,USB1,RPL23A,PTPN11,NBEAL2,PER1,SLC25A37,TBL3,RPS27,HIST3H2A,BCL6,WNK1,RPL27A,BCL2,PNPLA6,MSRB1
gene_set_query	620	ZNF114	616.7	ARCHS4 Coexpression,702;Enrichr Queries,723;GTEx Coexpression,425	ZNF254,LRRC59,FLT1,CEBPD,SMIM29,ATN1,APOLD1,APH1A,FAM168B,ZIC2,MPRIP,CAPNS1,EPCAM,SNRNP70,ZMIZ2,SLC16A6,TIMP3,MFN2,CSGALNACT1,IFT140,EMP1,RTN4RL2,MOGS,DNAAF4,INHBA,BCL6,SLCO4A1,RIOX2,MPPED2,BCL2,SPIRE2,PLEKHM2,PNPLA6,PLA2R1,ZNF554,GPR19
gene_set_query	621	DPF1	617.0	ARCHS4 Coexpression,266;Enrichr Queries,1375;GTEx Coexpression,210	SMIM29,CTNND2,CCDC106,KLC1,FAM171A2,RIMS3,CUX2,KIF5C,PPP4R4,KIF5A,GDAP1L1,PHACTR3,PHF24,PPFIA3,APC2,WNT10B,KCNJ9,MAPK8IP2,RGMA,AGBL4,ASPHD1,MMP17,TYRO3,SPIRE2,CTXN2,PAFAH1B3,CAMK1G
gene_set_query	622	ZNF44	617.3	ARCHS4 Coexpression,1195;Enrichr Queries,536;GTEx Coexpression,121	ZNF254,RIPOR2,LRRC59,ZBTB47,SMIM29,AKAP17A,CHD2,APH1A,PNN,FAM168B,CAPNS1,IRAK1,PEA15,ZNF525,ZNF426,ZNF844,APBB3,ATP9B,METTL17,GDF11,NORAD,DAPK1,PHF12,TSC22D3,PDE4DIP,PTPN11,MOGS,SYTL2,PPP1R3F,PAN3,TTLL3,DMTF1,BCL6,HNRNPH1,IRF1,TRAF5,POLR3H,BCL2L2
gene_set_query	623	TSHZ2	617.3	ARCHS4 Coexpression,778;Enrichr Queries,1043;GTEx Coexpression,31	LRRC59,SNED1,RPL3,RPL10,SMIM29,RPL11,ADCY4,PEAR1,RPL8,RPL9,APH1A,SHE,LAPTM4A,HEY1,OPHN1,IRAK1,GOLGA6L4,PLXNA2,TIMP3,ATP9B,JAM2,CRTAP,PPP1R14B,ZBTB16,CAV1,RPS6,RPL13A,ARNT,EMP1,RNASE4,LYVE1,NFATC4,EEF1A1,KAT2A,TMEM135,TTLL3,CRISPLD2,PEAK1,RHOJ,COL5A2,ECHDC2,SRSF4,RPS20,RPL29,TPT1
gene_set_query	624	ZNF880	617.5	ARCHS4 Coexpression,255;GTEx Coexpression,980	ACVR1,KMT2D,LRRC59,TBC1D19,TAF15,ATN1,MOGS,ATXN2L,APH1A,FAM168B,MPRIP,CAPNS1,IRAK1,SNRNP70,RAB34,ZMIZ2,TNKS1BP1,MFN2,PLEKHM2,KIF1C,PNPLA6,NSRP1,SBF2,TRAM2-AS1
gene_set_query	625	PITX1	619.0	ARCHS4 Coexpression,474;Enrichr Queries,231;GTEx Coexpression,1152	LRRC59,LAMA5,PLEKHH3,CEBPD,SMIM29,CLTB,HSPB1,RPL8,SLK,ZIC2,IRAK1,MARVELD2,EPCAM,RPL36,ZNF426,PGM2,TIMP3,TNKS1BP1,RPS2,RREB1,PPP1R14B,FOXD1,FOXF2,ZBTB16,CAV1,EMP1,PYCR1,LAMB1,INHBA,SDCBP2,BMP2,IRF1,COL5A2,TRIP6,S100A6,NUPR1
gene_set_query	626	RFX4	619.3	ARCHS4 Coexpression,328;Enrichr Queries,479;GTEx Coexpression,1051	OSCP1,LRRC59,ADCYAP1R1,MAGED1,CTNND2,RPL12,FAM107A,GDPD2,EFCAB5,ADCY8,CASC1,CUX2,HEY1,ZIC2,SCRN1,TIMP3,AMZ2,TSPAN3,FGFBP3,JAM2,MAPK4,DTNA,DCC,ZBTB16,IFT122,RGMA,BCAN,BCL6,CRISPLD1
gene_set_query	627	GPBP1	620.5	ARCHS4 Coexpression,316;GTEx Coexpression,925	LRRC59,PPP1R14B,CRTAP,IFT172,CLTB,ATN1,MOGS,CASC1,LRRC37B,ATXN2L,PPP1CB,CAPNS1,IRAK1,HNRNPH1,ZMIZ2,ANKRD54,TNKS1BP1,KIF1C,AMZ2,MAFK,ZNF787,RAC1,PNPLA6,PELP1
gene_set_query	628	ZBTB8B	621.5	ARCHS4 Coexpression,1210;GTEx Coexpression,33	ADCYAP1R1,ARHGEF26-AS1,SMIM29,CTNND2,FAM107A,ADCY8,NDRG2,METTL21A,DLL3,APH1A,OPHN1,KIF5C,PEA15,GDAP1L1,PHACTR3,ZNF844,APC2,GDF11,DTNA,NORAD,IGIP,NGB,MAPK8IP2,MTURN,BCAN,ASPHD1,SPIRE2,CTXN2,NSRP1,LINC00641,ZNF554,GPR19
gene_set_query	629	ZNF142	622.3	ARCHS4 Coexpression,876;Enrichr Queries,438;GTEx Coexpression,553	KMT2D,SMIM29,ATN1,HSPB1,WDR24,GPATCH8,NDST2,MPRIP,SNRNP70,ZMIZ2,GSE1,RREB1,USP24,RBM14,BICRAL,PCIF1,NBEAL2,HIPK2,ATXN2L,MED22,ILF3,ATG16L1,WNK1,PACS1,CRY2,SNRNP200,ZNF554,ZNF510,NECTIN2,PLEC
gene_set_query	630	ZNF587B	622.5	ARCHS4 Coexpression,423;GTEx Coexpression,822	SET,NORAD,MTMR14,IGIP,CLTB,ATN1,NBEAL2,ZBTB4,PPP1CB,APH1A,TOM1L2,EIF2S3,PAN3,OPHN1,CAPNS1,ZIC2,HNRNPH1,RARS,PEA15,HABP4,FLOT1,PLEKHM2,SPTBN1
gene_set_query	631	NANOG	623.2	Literature ChIP-seq,38;ARCHS4 Coexpression,996;ENCODE ChIP-seq,93;Enrichr Queries,1310;ReMap ChIP-seq,203;GTEx Coexpression,1099	ATN1,SAT2,CASC1,PVR,AS3MT,CCND3,FRAT2,CAPNS1,RPS19,RPS18,KIF5A,SLC16A6,SBF2,TGM2,ACVR1,SEMA6C,TLE1,RPL21,PPP1R16A,MOGS,MFSD11,TEX2,CRISPLD1,RAB34,CDC37,TYRO3,GSAP,RAF1,ZNF554,RTN2,TBC1D19,SET,MAGED1,IGSF1,FHIT,APH1A,SMYD2,GSE1,MBP,RREB1,ICMT,POU2F1,FOXF2,RARRES2,ZBTB16,PHF12,OGA,CIDEA,PYCR1,GADD45G,TBL3,BCL6,RPL27A,TRIP6,SPIRE2,ECHDC2,GPR19,BCAR3,HSPB6,ZFAND2A,CITED4,HMGB2,PTEN,HSPB1,CHD2,PITPNC1,ZIC2,ZNF280C,RPLP2,RAC3,RAC1,METTL17,PELP1,APC2,CHST8,ZNF483,RBM14,FOXD1,DCC,ITGA1,ANO8,COBL,ARNT,TOMM40L,RGMA,TAPBP,KAT2A,IRF1,CDH10,YAP1,LAMA5,PLEKHH3,RPL10,CCDC106,METTL21A,WDR24,BPHL,FAM168B,PDLIM2,MARVELD2,EPCAM,RPL13,RPS2,HNRNPA1,E2F6,JAM2,EIF4B,MAPK4,REPS1,MAP4K4,PPP1R14B,HNRNPA3,PDE4DIP,RPL23A,PER1
gene_set_query	632	TFCP2	623.3	ARCHS4 Coexpression,409;Enrichr Queries,453;GTEx Coexpression,1008	RPL4,SET,HMGB2,HSPB1,CASC3,RPS4X,ZIC2,HNRNPA1,RREB1,EIF4B,HNRNPA3,RBM14,TAF15,RBM18,OGA,CDPF1,QRSL1,LINC00909,MKLN1-AS,EEF1A1,EEF1G,ILF3,BCL6,WNK1,HNRNPH1,IRF1,HNRNPD,HNRNPH3,TARDBP,NECTIN2,FKBP5,PLEC
gene_set_query	633	ZNF704	624.0	ARCHS4 Coexpression,739;Enrichr Queries,207;GTEx Coexpression,926	CEBPD,SMIM29,POP4,CTNND2,NEDD9,ARHGEF10L,NDRG2,FNBP1L,ZBTB4,TOMM22,ARVCF,RIMS3,MPRIP,HEY1,KIF5C,PLXNA2,TIMP3,RNF150,SPTBN1,DTNA,PUS1,ZBTB16,CAV1,VPS13D,EMP1,COBL,SYTL2,RGMA,HIPK2,INPP4B,DYNC1LI2,WNK1,BCL2,TAGLN2
gene_set_query	634	HNF4A	624.7	Literature ChIP-seq,14;ARCHS4 Coexpression,1357;ENCODE ChIP-seq,58;Enrichr Queries,812;ReMap ChIP-seq,158;GTEx Coexpression,1349	IFT172,FNBP1L,GPATCH8,GOLGA3,AS3MT,RPS16,MPRIP,RPS19,FTH1,PPP4R4,SAP130,HABP4,RPL35,RPL38,TRIM26,RPS11,RPS12,ACVR1,ENTPD2,DAPK1,RNASE4,CSNK1D,MOGS,SLC6A11,DNAAF4,TMEM170B,MFSD11,WDR77,DYNC1LI2,FNDC4,ETHE1,TYRO3,GSAP,RPL29,SPTBN4,NECAB3,IGSF1,ZBTB4,GSE1,RDH14,MAP4,TSPAN3,RREB1,RAB11FIP3,SPTBN1,RAB11FIP4,PRELID3B,MYH7B,WWTR1,ICMT,GADD45A,LRBA,SNHG8,PYCR1,NR1D1,GRIN2C,SNHG5,ACADSB,VASN,SMTN,LAS1L,WNK1,RPL27A,TRIP6,HNRNPD,KYAT3,ECHDC2,GTF2IRD1,RPS20,NOL12,TRAM2-AS1,SERPINA3,KCNC1,ZFAS1,ZFAND2A,AATF,ASGR1,OSBPL10,SMG6,SHE,AIFM2,RARS,RPLP2,TIMP3,SH3BGRL2,KIF1C,TNKS1BP1,NINL,PRMT5,ANXA2,IFT140,BHMT2,ANO8,GAB2,TOMM40L,SUMF1,LSG1,MED24,HNRNPH1,SLCO4A1,PACS1,MMP17,MPPED2,RBM12B,ARHGEF3,PIGL,RAPGEF4,YAP1,SLC43A2,ATL2,ADCY4,NEDD9,METTL21A,ADCY8,TM9SF4,TRAK2,ARVCF,EPCAM,RPS3,MFN2,BRD9,RPS2,RPL18,MAP4K4,MPP3,CA10,PCGF2,HIPK2,ALDH4A1,PER1,TMEM54,TACC2,RAMP1,MSRB1,RIPOR2,CTNND2,GALNT18,MPI,GXYLT1,SAT2,CASC3,PVR,CDC14B,TOMM22,LAPTM4A,KIF5B,SCMH1,KIF5A,NUDT16,SLC25A42,SBF2,TGM2,SEMA6C,TLE1,MIGA2,DGAT1,USP4,PUS1,RPS6,RPSA,TEX2,SDCBP2,ATXN2L,TOM1L2,TMEM135,ILF3,RAB37,RAB34,CMPK1,PKP4,SRSF4,NUPR1,SNRNP200,RAF1,FTL,FKBP5,SHC2,TBC1D19,GSTCD,NDRG2,FHIT,KLC4,DHRS7B,UBC,SMYD2,PLXNA2,CDH23,LPXN,MBP,ZNF787,POU2F1,BICRAL,ZBTB16,CAV1,PHF12,PCIF1,OGA,RABL2B,IFT122,BCL6,ATG16L1,VAC14-AS1,MAFF,COL5A2,SPIRE2,BCL2,PLEKHM2,MAFK,ACO2,BCL2L2,USP35,BCAR3,PRR5,DOCK6,SNED1,SRXN1,AKAP8L,PTEN,HSPB1,ARHGEF10L,CHD2,PHTF1,PITPNC1,RND1,SGCD,SPR,RNPEP,GDAP1L1,PHACTR3,BCAS1,METTL17,RBM14,CERS6,ITGA1,VPS13D,AXIN1,COBL,ARNT,RTN4RL2,QRSL1,PATL1,TAPBP,EEF1G,PTP4A2,NDUFS8,IRF1,PEX5,CRY2,RBM20,PFDN5,LAMA5,MVK,PLEKHH3,CEBPD,NXN,FOXK2,PBXIP1,ACVR1B,BPHL,DNAJB1,TAF1D,FAM168B,PDLIM2,MARVELD2,ELMSAN1,TP53INP2,D2HGDH,ATP9B,EIF4B,REPS1,CLVS1,USP24,PPP1R14B,TAF12,SMOX,DTNBP1,PDE4DIP,RPL23A,PTPN11,LAMB1,SOD2,SLC25A37,PINK1,PC,POLR3H,EIF3F,NAXD,EIF3D,NECTIN2,TPT1
gene_set_query	635	ARID3A	625.8	ARCHS4 Coexpression,1452;ENCODE ChIP-seq,66;Enrichr Queries,237;ReMap ChIP-seq,99;GTEx Coexpression,1275	RIPOR2,LINC01354,IFT172,POP4,ATN1,RPL8,CDC14B,TOMM22,PPP1CB,FRAT2,RPS16,RPS19,CSKMT,FTH1,KIF5B,DHX58,RPL36,RPL35,ZNF844,RPL38,EIF2D,RPL39,TGM2,RPS9,DGAT1,RNASE4,CSNK1D,MOGS,MFSD11,MFSD10,CRISPLD2,RAB34,SNHG10,ETHE1,CMPK1,SPIN2B,TAGLN2,RPL28,FTL,FKBP5,RTN2,LRRC59,GSTCD,PRDM15,KLC1,KLC4,FAM171A2,UBC,LPXN,GSE1,ZNF426,ZNF787,RREB1,POU2F1,GADD45A,PCIF1,NEK7,PYCR1,IFT122,USB1,NBEAL2,NR1D1,HARS2,ACADSB,VASN,GADD45G,TBL3,RPS28,RPS27,BCL6,ATG16L1,MAFF,KYAT3,ECHDC2,GTF2IRD1,RPS20,NOL12,DNAL4,BCL2L2,TRAM2-AS1,HMGB2,HSPB1,PPWD1,CHD2,AATF,ASGR1,RND1,SCRN1,AIFM2,SNRNP70,FLOT1,EMILIN1,RBM14,ANXA2,ANO8,ARNT,TOMM40L,TAPBP,SUMF1,EEF1G,PTP4A2,SDHAF2,IRF1,IER3-AS1,HNRNPH3,PAFAH1B3,PFDN5,PLEC,TSEN34,LAMA5,PLEKHH3,CEBPD,SMIM29,SLC43A2,RPL11,RPL36A,PBXIP1,CCDC106,METTL21A,WDR24,APOLD1,FOXRED1,TRAK2,DNAJB1,MARVELD2,TP53INP2,MFN2,BRD9,RPS2,RPL18,HNRNPA1,USP24,PPP1R14B,TAF12,SMOX,PCGF2,PDE4DIP,RPL23A,LAMB1,ALDH4A1,PER1,SLC25A37,PNPLA6
gene_set_query	636	HOXD10	626.7	ARCHS4 Coexpression,507;Enrichr Queries,578;GTEx Coexpression,795	RPL4,LAMA5,KMT2D,FLT1,NXN,COL11A1,ATN1,RPS4X,ZIC2,HEY1,SNRNP70,TIMP3,RAC3,EMILIN1,TIMP1,RPS2,PELP1,FOXD1,ICMT,TAF15,FOXF2,ZBTB16,CAV1,LAMB1,INHBA,NFATC4,BMP2,ILF3,TTLL3,RAB34,COL5A2,BCL2,SRSF4,RAMP1
gene_set_query	637	KLF1	627.8	Literature ChIP-seq,57;ARCHS4 Coexpression,1247;Enrichr Queries,368;ReMap ChIP-seq,90;GTEx Coexpression,1377	RPL4,RPL3,PITPNA,ATN1,RPL8,FBL,CCND3,RPS16,CAPNS1,RPS19,RPS18,FTH1,ZMIZ2,MACROD1,RPL35,RPS11,PPFIA3,TGM2,RPS9,MIGA2,DGAT1,RPS5,PUS1,PPP1R16A,CSNK1D,MOGS,MFSD11,TUFM,EEF1A1,ILF3,RAB34,CDC37,S100A6,SRSF4,TAGLN2,RPL29,UBA52,FTL,FKBP5,SPTBN4,TSTA3,LRRC59,SET,ZBTB4,UBC,SMYD2,TSPAN3,GADD45A,ZBTB16,PYCR1,NBEAL2,GADD45G,TBL3,RPS28,BCL6,TRIP6,MAFF,MAFK,ANP32B,SRXN1,CITED4,HMGB2,HSPB1,PEAR1,CHD2,RPS4X,RNPEP,RPLP2,EMILIN1,PELP1,APC2,IFT140,ANO8,RPL13A,EEF1G,MED22,PTP4A2,LSG1,NDUFS8,SLCO4A1,IRF1,RPL37A,DNASE2,PAFAH1B3,PFDN5,PLEC,PLEKHH3,RPL10,SMIM29,CEBPD,PBXIP1,CCDC106,WDR24,TRAK2,UNG,ARVCF,RPS3,RPS2,ZNF346,RPL18,HNRNPA1,E2F6,EIF4B,PPP1R14B,FKRP,TAF12,SMOX,RPL23A,PTPN11,SLC25A37,PER1,HIST3H2A,PNPLA6
gene_set_query	638	IRX3	631.0	ARCHS4 Coexpression,218;Enrichr Queries,189;GTEx Coexpression,1486	LAMA5,PLEKHH3,NECAB3,CEBPD,SMIM29,CITED4,CLTB,ATN1,HSPB1,ACVR1B,APH1A,HEY1,CAPNS1,EPCAM,PEA15,TIMP3,TNKS1BP1,GSE1,KIF1C,TIMP1,MAP3K6,RAB11FIP3,TGM2,ANXA2,GADD45A,IFT140,ZBTB16,CAV1,PCGF2,PPP1R16A,ANO8,EMP1,GADD45G,BMP2,BCL6,COL5A2,S100A6,NUPR1,NECTIN2
gene_set_query	639	THAP8	632.0	ARCHS4 Coexpression,910;Enrichr Queries,119;GTEx Coexpression,867	RTN2,PLEKHH3,SMIM29,SLC43A2,MAGED1,HSPB1,SAT2,FNBP1L,ZBTB4,BPHL,SLK,TP53INP2,FTH1,GDAP1L1,SNTA1,SEMA6C,FOXF2,TAF12,GADD45A,RPS5,VPS13D,PDE4DIP,CDPF1,NR1D1,MAPK8IP2,VASN,RGMA,NFATC4,GADD45G,MARCH2,SMTN,NDUFS8,BCL6,IRF1,PAFAH1B3,FKBP5,PLEC,FTL
gene_set_query	640	TBX19	632.7	ARCHS4 Coexpression,694;Enrichr Queries,605;GTEx Coexpression,599	LRRC59,CEBPD,SMIM29,TUSC3,MAGED1,IFT172,IGSF1,PBXIP1,GOLGA3,FAM168B,MPRIP,PLXNA2,GSE1,TNKS1BP1,KIF1C,MAP4,EIF4B,SPTBN1,LINC00632,PLXNA3,CHST8,GADD45A,TSC22D3,SQOR,EMP1,PTPN11,NR1D1,KCNAB3,BCL6,IRF1,MAFF,BCL2,PKP4,NUPR1,BCL2L2
gene_set_query	641	CDC5L	632.7	ARCHS4 Coexpression,515;Enrichr Queries,28;GTEx Coexpression,1355	RPL4,RPL3,SET,HMGB2,RPL8,OSBPL10,PPP1CB,PNN,TAF1D,MARVELD2,CSKMT,ZMIZ2,KIF5B,UBC,RPS3,RPS2,RNF150,HNRNPA1,RPL17,SPTBN1,PRMT5,RPS9,HNRNPA3,RBM14,FKRP,POU2F1,RPL21,RBM18,RPS5,RPS6,RPL23A,EEF1A1,ILF3,HIST3H2A,HNRNPH1,RPL27A,HNRNPD,SNRNP200,TARDBP
gene_set_query	642	MAFB	633.3	ARCHS4 Coexpression,1265;Enrichr Queries,180;ReMap ChIP-seq,157;GTEx Coexpression,931	BCAR3,ATN1,HSPB1,ARHGEF10L,CASC3,METRNL,CHD2,RPL9,PPP1CB,RPS16,CSKMT,FTH1,DHX58,SH3BGRL2,TIMP3,RPL38,EIF2D,ARIH1,TIMP1,RPS11,TBC1D10A,TGM2,PRMT5,ANXA2,TSC22D3,EMP1,SDCBP2,MED22,KAT2A,CRISPLD2,IRF1,CRY2,S100A6,FTL,FKBP5,CEBPD,SMIM29,SLC43A2,GDPD2,PBXIP1,CCDC106,ZBTB4,APOLD1,APH1A,DNAJB1,FAM168B,PDLIM2,ELMSAN1,UBC,RPL17,FAM120AOS,PRELID3B,MAP4K4,NORAD,TAF12,BICRAL,GADD45A,ZBTB16,SQOR,PCIF1,NBEAL2,PTPN11,NR1D1,HIPK2,GADD45G,PER1,BCL6,WNK1,MAFF,PLEKHM2,NAXD,GPR19
gene_set_query	643	HOXB9	633.7	ARCHS4 Coexpression,404;Enrichr Queries,574;GTEx Coexpression,923	RPL4,KMT2D,LRRC59,SMIM29,HSPB1,KLC4,FBL,ZIC2,IRAK1,EPCAM,TIMP3,GSE1,RAC3,RPS2,PRELID3B,TGM2,HNRNPA3,FOXD1,TAF15,DGAT1,GADD45A,SQOR,EMP1,PYCR1,LAMB1,INHBA,ATXN2L,EEF1G,BMP2,ILF3,TMEM54,ETHE1,MAFF,NUPR1,ANP32B,SNRNP200
gene_set_query	644	CREB3L4	634.0	ARCHS4 Coexpression,631;Enrichr Queries,715;GTEx Coexpression,556	NECAB3,RPL10,SMIM29,RPL12,RPL11,HMGB2,HSPB1,RPL8,UNG,EPCAM,RPS3,RPL35,TNKS1BP1,GSE1,D2HGDH,RPL38,RPL18,BCAS1,RPS9,RPS5,TSC22D3,PYCR1,RPL13A,MOGS,SYTL2,GADD45G,EEF1G,BCL6,EEF1D,S100A6,NUPR1,FKBP5
gene_set_query	645	ZIC4	634.7	ARCHS4 Coexpression,144;Enrichr Queries,1108;GTEx Coexpression,652	PRDM8,SPTBN4,KCNC1,CTNND2,FNBP1L,KLC1,ARVCF,FAM171A2,RIMS3,ZIC2,SCRN1,KIF5C,KIF5A,RPL13,APC2,NTNG2,GDF11,CA10,MPP3,FOXD1,FOXF2,DCC,KCNJ9,ZBTB16,ANO8,GRIN2C,KCNAB3,MAPK8IP2,MTURN,GNG13,RGMA,RIT2,RAB37
gene_set_query	646	ZBTB45	635.3	ARCHS4 Coexpression,480;Enrichr Queries,945;GTEx Coexpression,481	SMIM29,SLC43A2,POP4,ATN1,HSPB1,CCDC106,WDR24,APH1A,SHE,CCND3,CAPNS1,ZMIZ2,GSE1,ZNF787,RAB11FIP3,HNRNPA3,RBM14,GADD45A,PCIF1,AXIN1,CDPF1,CSNK1D,MOGS,NR1D1,COMMD5,MFSD10,GADD45G,ATXN2L,DMTF1,ADCK2,HNRNPH1,PNPLA6,RPL28,PLEC
gene_set_query	647	ZNF22	635.7	ARCHS4 Coexpression,208;Enrichr Queries,477;GTEx Coexpression,1222	KMT2D,SET,SMIM29,PITPNA,CLTB,HMGB2,ATN1,HSPB1,RPL9,ZBTB4,ABR,TAF1D,MPRIP,CAPNS1,SNRNP70,FTH1,ZMIZ2,RPL35,TIMP3,TNKS1BP1,KIF1C,HNRNPA1,ANXA2,GADD45A,TSC22D3,COMMD10,CSNK1D,MOGS,EEF1A1,TOM1L2,PACS1,HNRNPD,S100A6,PLEKHM2,MAFK,PNPLA6
gene_set_query	648	ZNF561	636.0	ARCHS4 Coexpression,533;Enrichr Queries,1226;GTEx Coexpression,149	YAP1,ZNF254,SMIM29,ATL2,PBXIP1,CCDC106,FNBP1L,TM9SF4,APH1A,ABR,SLK,ZIC2,SNRNP70,ZMIZ2,HABP4,FLOT1,TNKS1BP1,ZNF426,PGM2,MFN2,EIF2D,RREB1,MAP4K4,ANXA2,GADD45A,LRBA,RPS5,MOGS,EIF2S3,PACS1,PLEKHM2,TAGLN2,EIF3F,PNPLA6,RPL29,EIF3D
gene_set_query	649	NCOA3	636.0	ARCHS4 Coexpression,991;Enrichr Queries,63;ReMap ChIP-seq,256;GTEx Coexpression,1234	DOCK6,RPL3,CTNND2,HMGB2,PTEN,HSPB1,RPL8,PITPNC1,PHTF1,LAPTM4A,CSKMT,FTH1,CA4,SLC16A6,MACROD1,HABP4,EIF2D,BCAS1,TGM2,UNC13C,TLE1,MIGA2,ANXA2,RPS5,TSC22D3,RPS6,AXIN1,ARNT,TEX2,PATL1,SYTL2,EEF1A1,INPP4B,PACS1,RBM12B,S100A6,TAGLN2,FKBP9,NUPR1,RAF1,FKBP5,PLEC,SET,SMIM29,PRDM15,APH1A,CYTH3,ELMSAN1,UBC,RPS3,LPXN,GSE1,AMZ2,EIF4B,FAM120AOS,PRELID3B,MAP4K4,CAV2,GADD45A,CAV1,LRBA,HIPK2,TRIP6,SPIRE2,BCL2,GTF2IRD1,INTS8,TPT1
gene_set_query	650	ZSCAN1	636.7	ARCHS4 Coexpression,715;Enrichr Queries,857;GTEx Coexpression,338	LRRC59,KCNC1,SLC43A2,MAGED1,TUSC3,IFT172,IGSF1,CTNND2,CCDC106,FNBP1L,DLL3,ABR,FAM171A2,ARVCF,CUX2,KIF5C,GDAP1L1,PHACTR3,ANKRD54,TSPAN3,LINC00632,CHST8,APC2,MYH7B,CA10,MPP3,FOXF2,MAPK8IP2,CRISPLD2,SPIRE2,PAFAH1B3,GPR19
gene_set_query	651	LHX5	636.7	ARCHS4 Coexpression,180;Enrichr Queries,1217;GTEx Coexpression,513	PRDM8,SPTBN4,SHC2,KCNC1,TMEM200C,SAT2,KLC1,FAM171A2,ARVCF,CUX2,ZIC2,RPS19,KIF5C,GDAP1L1,RAC3,RPL13,CHST8,APC2,GDF11,CA10,MPP3,FOXD1,DCC,ZBTB16,PCGF2,ANO8,GRIN2C,KCNAB3,GNG13,RGMA,RIT2,CASTOR3,RAB37,SLCO4A1,RPL37A
gene_set_query	652	ELF3	637.8	ARCHS4 Coexpression,1454;Enrichr Queries,181;ReMap ChIP-seq,181;GTEx Coexpression,735	ZFAS1,CITED4,HSPB1,ARHGEF10L,CHD2,CASC1,PITPNC1,CCND3,RPS16,FTH1,RNPEP,SLC16A6,SH3BGRL2,TIMP1,SBF2,TGM2,ANXA2,ITGA3,TSC22D3,ITGA1,PPP1R16A,EMP1,RNASE4,SDCBP2,EEF1G,PTP4A2,MMP14,MED24,NDUFS8,ETHE1,RAB34,IRF1,S100A6,TAGLN2,NUPR1,RTN2,LAMA5,SMIM29,CEBPD,ADCY4,NEDD9,PBXIP1,APOLD1,DNAJB1,MARVELD2,EPCAM,ELMSAN1,UBC,PLXNA1,RREB1,APBB3,MYH7B,PPP1R14B,SMOX,GADD45A,CAV1,SQOR,NEK7,RPL23A,LAMB1,NR1D1,NFATC4,SLC25A37,RPS27,TMEM54,BCL6,MAFF
gene_set_query	653	HOXB5	638.3	ARCHS4 Coexpression,373;Enrichr Queries,489;GTEx Coexpression,1053	CEBPD,SMIM29,ATN1,HSPB1,HEY1,CAPNS1,TMEM44,EPCAM,GPC1,KIF5B,TIMP3,EMILIN1,TIMP1,RAC1,TGM2,FOXD1,DGAT1,ZBTB16,CAV1,PCGF2,SQOR,EMP1,PARVA,LAMB1,INHBA,VASN,GADD45G,TMEM54,CRISPLD2,ETHE1,COL5A2,S100A6
gene_set_query	654	ZNF888	639.0	GTEx Coexpression,639	LRRC59,SET,EIF2S3,LRBA,RARS,PYCR1,RPSA,MOGS,RPS2,EIF3D
gene_set_query	655	RREB1	639.7	ARCHS4 Coexpression,630;Enrichr Queries,435;GTEx Coexpression,854	KMT2D,CHD2,APH1A,ABR,SCRN1,MARVELD2,ELMSAN1,KIF5C,RNPEP,HABP4,GSE1,ATP9B,SPTBN1,MAP4K4,GDF11,ANXA2,LRBA,RALGAPA2,IGIP,VPS13D,PDE4DIP,HIPK3,HIPK2,PER1,BCL6,WNK1,PEAK1,SRSF4,LINC00641,PAFAH1B3,FKBP5,PLEC
gene_set_query	656	HMG20A	640.3	ARCHS4 Coexpression,494;Enrichr Queries,710;GTEx Coexpression,717	RPL4,ZNF175,RPL3,SET,SMIM29,MAGED1,MPI,HMGB2,METRNL,FNBP1L,PITPNC1,UNG,CAPNS1,FTH1,TIMP3,GSE1,ATXN7L2,HNRNPA1,RREB1,TBC1D10A,SPTBN1,EIF4B,SEMA6C,PRMT5,ANXA2,SQOR,QRSL1,LINC00909,EEF1A1,EEF1G,WNK1,PEAK1,RBM12B,ARHGEF3,FKBP5
gene_set_query	657	PKNOX1	641.3	ARCHS4 Coexpression,1390;Enrichr Queries,531;ReMap ChIP-seq,188;GTEx Coexpression,456	ZNF175,LINC01354,SRXN1,AKAP8L,CLTB,PTEN,HSPB1,LRRC6,PEAR1,CHD2,PHTF1,RPS16,FTH1,KIF5A,FLOT1,TNKS1BP1,EMILIN1,ATXN7L2,RPS11,PPFIA3,TGM2,IFT140,ANO8,RPL13A,MOGS,DNAAF4,LRRC37B,PTP4A2,DMTF1,RAB34,IRF1,IER3-AS1,DNASE2,FAM193A,ZNF554,FKBP5,PLEC,RTN2,SMIM29,PBXIP1,METTL21A,WDR24,APH1A,DNAJB1,ARVCF,FAM168B,UBC,MFN2,GSE1,ZNF346,RPL18,HNRNPA1,APBB3,RREB1,PLXNA3,MAP4K4,GDF11,PPP1R14B,POU2F1,GADD45A,IFT122,RPL23A,PER1,PINK1,PC,BCL6,WNK1,TRIP6,SPIRE2,MAFK,INTS8,DNAL4
gene_set_query	658	KLF3	641.3	ARCHS4 Coexpression,875;Enrichr Queries,155;ReMap ChIP-seq,267;GTEx Coexpression,1268	RIPOR2,RPL3,LINC01354,PTEN,METRNL,CHD2,CDC14B,CCND3,FRAT2,CAPNS1,FTH1,SCMH1,TIMP3,ARIH1,TBC1D10A,FOXD1,RPL21,ANXA2,TSC22D3,ANO8,EMP1,MTURN,SLCO4A1,PEAK1,IRF1,TYRO3,CMPK1,TAGLN2,RAF1,ZNF554,FKBP5,PLEC,YAP1,KMT2D,TBC1D19,CEBPD,SMIM29,NEDD9,PBXIP1,ACVR1B,APOLD1,TRAK2,APH1A,UBC,TSPAN3,RPL18,HNRNPA1,RREB1,MAP4K4,DTNA,FOXF2,TAF12,GADD45A,CAV1,PHF12,NEK7,NBEAL2,HIPK2,PER1,SLC25A37,BCL6,WNK1,STK17A,MAFF,HNRNPD,GPR19
gene_set_query	659	SALL3	641.3	ARCHS4 Coexpression,676;Enrichr Queries,1227;GTEx Coexpression,21	ADCYAP1R1,ARHGEF26-AS1,SET,CTNND2,FAM107A,GDPD2,CCDC106,ADCY8,NDRG2,PITPNC1,DLL3,ABR,CUX2,OPHN1,ZIC2,KIF5C,PEA15,PHACTR3,FGFBP3,HNRNPA1,RAB11FIP4,MAPK4,JAM2,APC2,GDF11,DTNA,POU2F1,NORAD,SMOX,IGIP,COBL,MTURN,HIPK2,RGMA,BCAN,BMP2,CRISPLD1,ASPHD1,VAC14-AS1,MPPED2,ACSBG1,POLR3H,TAGLN2
gene_set_query	660	CXXC4	641.7	ARCHS4 Coexpression,823;ReMap ChIP-seq,89;GTEx Coexpression,1013	HSPB6,TUSC3,ATN1,PTEN,HSPB1,FNBP1L,CAPNS1,SPR,SCRN1,ZIC2,CSKMT,GDAP1L1,RPLP2,RAC3,MAP3K6,ATXN7L2,SBF2,PPFIA3,APC2,RPS5,PUS1,PPP1R16A,NGB,ANO8,RPL13A,RNASE4,MOGS,EEF1G,MED22,EEF1D,DMWD,RAB34,CDC37,ITGA7,CTXN2,UBA52,PAFAH1B3,RTN2,LRRC59,SET,PLEKHH3,RPL10,MAGED1,RPL12,PBXIP1,CCDC106,WDR24,APOLD1,DLL3,APH1A,UBC,RPS2,RPL18,GAS2L1,RREB1,GDF11,PPP1R14B,CRTAP,NORAD,FOXF2,IGIP,PYCR1,RPL23A,USB1,NR1D1,PER1,TBL3,WNK1,TRIP6,MAFK,ANP32B,BCL2L2,GPR19
gene_set_query	661	TBX2	642.0	ARCHS4 Coexpression,1458;Enrichr Queries,340;GTEx Coexpression,128	DOCK6,LAMA5,FLT1,CEBPD,SMIM29,GALNT18,MT1M,ADCY4,CLTB,NEDD9,HSPB1,PEAR1,SHE,CDH5,HEY1,TMEM44,GJA4,SERPINH1,TIMP3,EMILIN1,TGM2,CRTAP,ITGA3,CAV2,CAV1,TSC22D3,ITGA1,EMP1,LAMB1,NFATC4,CRISPLD2,RHOJ,COL5A2,BCL2,PAFAH1B3
gene_set_query	662	ZNF547	642.3	ARCHS4 Coexpression,530;Enrichr Queries,754;GTEx Coexpression,643	SPTBN4,ZNF175,KCNC1,SMIM29,ZFAND2A,HMGB2,ATN1,APH1A,DNAJB1,FAM168B,ZIC2,HEY1,MPRIP,CAPNS1,SNRNP70,ZNF426,MFN2,KIF1C,CA10,ANXA2,RPL21,GADD45A,TSC22D3,PDE4DIP,MOGS,GRIN2C,KCNAB3,ILF3,RIT2,BCL6,PACS1,CDH10,MAFF,PNPLA6,ZNF510,PFDN5
gene_set_query	663	TCF7	643.0	Literature ChIP-seq,52;ARCHS4 Coexpression,867;Enrichr Queries,636;ReMap ChIP-seq,197;GTEx Coexpression,1463	RIPOR2,ATN1,METRNL,PVR,TOMM22,CCND3,KIF5B,KIF5A,MACROD1,RPL35,RPL38,EIF2D,SLC25A42,MAP3K6,TGM2,FBXW4,DGAT1,DAPK1,PPP1R16A,TAP2,TAP1,MOGS,EEF1A1,BCAN,SNHG12,CRISPLD2,RAB34,CDC37,ETHE1,DMWD,S100A6,FKBP5,KMT2D,LRRC59,NECAB3,ZBTB4,UBC,PLXNA2,LPXN,RAB11FIP4,PRELID3B,MYH7B,NTNG2,GADD45A,ZBTB16,PCIF1,NBEAL2,TBL3,SMTN,BCL6,MAFF,BCL2,SPIRE2,GTF2IRD1,NOL12,PRR5,DOCK6,HSPB6,AKAP8L,PTEN,HSPB1,CHD2,PITPNC1,OSBPL10,SPR,TMEM44,SNRNP70,RNPEP,FLOT1,RPLP2,TSC22D3,ANO8,TAPBP,EEF1G,PTP4A2,LSG1,MMP14,SLCO4A1,PACS1,IRF1,ARHGEF3,IER3-AS1,PFDN5,PLEC,SMIM29,CEBPD,NXN,ATL2,NEDD9,PBXIP1,CCDC106,WDR24,FOXRED1,TRAK2,ARVCF,RPS3,RPL13,RPS2,RPL18,RPL17,ATP9B,E2F6,PCGF2,RPL23A,ALDH4A1,PER1,HIST3H2A,STK17A,POLR3H,RAMP1,TPT1,NECTIN2,MSRB1
gene_set_query	664	ZNF532	643.3	ARCHS4 Coexpression,912;Enrichr Queries,592;GTEx Coexpression,426	ZNF175,KCNC1,CEBPD,SMIM29,MAGED1,CTNND2,NEDD9,FNBP1L,ZBTB4,GPATCH8,APH1A,ARVCF,CCND3,MPRIP,SCRN1,ZIC2,KIF5C,SERPINH1,NINL,MAP4K4,WWTR1,POU2F1,DTNA,ANXA2,CAV1,LAMB1,GRIN2C,SYTL2,RGMA,LAS1L,BCL6,COL5A2,TAGLN2
gene_set_query	665	NKX22	643.5	ARCHS4 Coexpression,1167;GTEx Coexpression,120	TUSC3,PTEN,TRAK2,MARVELD2,TP53INP2,PEA15,PHACTR3,MBP,MAP4,RAB11FIP4,BCAS1,RBM11,MAP4K4,PRELID3B,GDF11,PAQR6,ZNF483,KCNJ11,IGIP,MTURN,HIPK2,BCAN,DYNC1LI2,ASPHD1,CDH10,PKP4
gene_set_query	666	ZNF830	643.7	ARCHS4 Coexpression,440;Enrichr Queries,192;GTEx Coexpression,1299	RPL4,SMIM29,RPL12,RPL11,HMGB2,ATN1,HSPB1,AATF,RPL9,TOMM22,PNN,FBL,ABR,MPRIP,CAPNS1,ZMIZ2,RPL36,TNKS1BP1,PLXNA1,KIF1C,MAP4,HNRNPA1,RAB11FIP3,SPTBN1,RBM14,TAF15,GADD45A,PUS1,TSC22D3,RPS6,COMMD5,TOM1L2,ILF3,HNRNPD,NSRP1,INTS8,BCL2L2
gene_set_query	667	TFEB	644.3	Literature ChIP-seq,103;ARCHS4 Coexpression,1383;Enrichr Queries,239;GTEx Coexpression,852	RIPOR2,MTMR14,HSPB1,AATF,CCND3,FRAT2,FTH1,TGM2,MIGA2,TSC22D3,RBM18,TAP1,MFSD11,PATL1,SUMF1,EEF1A1,SDHAF2,PACS1,IRF1,S100A6,TAGLN2,DNASE2,UBA52,FKBP5,PLEC,SLC43A2,CEBPD,SMIM29,PBXIP1,CYTH3,GSE1,D2HGDH,ZNF787,RREB1,EIF4B,MAPK3,HNRNPA3,GADD45A,ZBTB16,PCGF2,PDE4DIP,NBEAL2,NR1D1,GADD45G,RPS28,TMLHE,PC,BCL6,MAFF,TRIP6,HNRNPD,TACC2,MSRB1
gene_set_query	668	CREM	644.4	Literature ChIP-seq,5;ARCHS4 Coexpression,1389;Enrichr Queries,128;ReMap ChIP-seq,109;GTEx Coexpression,1591	RPL3,IFT172,POP4,PITPNA,RPL8,FNBP1L,GPATCH8,NDST2,GOLGA3,PNN,RPS16,FRAT2,MPRIP,RPS19,RPS18,FTH1,ZMIZ2,PPP4R4,SAP130,RPL36,HABP4,RPL38,EIF2D,TRIM26,RPS11,ATXN7L2,TBC1D10A,ENTPD2,RPL21,RNASE4,CSNK1D,MOGS,MAPK8IP2,TMEM170B,WDR77,PPP1R3F,DYNC1LI2,ASPHD1,CDC37,SNHG10,TAGLN2,RPL29,UBA52,TSTA3,NECAB3,SET,MAGED1,GSE1,AMZ2,TSPAN3,RAB11FIP3,RAB11FIP4,WWTR1,ICMT,GADD45A,LRBA,PYCR1,NBEAL2,NR1D1,ACADSB,GADD45G,TBL3,RPS27,LAS1L,WNK1,RPL27A,TRIP6,HNRNPD,KYAT3,RPS20,ANP32B,INTS8,GPR19,GSTM5,KCNC1,ZFAND2A,SETD6,CLTB,AATF,SMG6,SHE,HEY1,RARS,RPLP2,TNKS1BP1,SH3BGRL2,TIMP1,ARIH1,PRMT5,FOXD1,ANXA2,IFT140,TSC22D3,ANO8,EMP1,GAB2,COMMD5,RGMA,MED22,LSG1,PACS1,HNRNPH1,IER3-AS1,HNRNPH3,PAFAH1B3,YAP1,RPL10,SLC43A2,ATL2,NEDD9,CCDC106,WDR24,APOLD1,TM9SF4,UNG,TRAK2,ARVCF,EPCAM,RPS3,RPL13,MFN2,ANKRD54,BRD9,RPS2,RPL18,APBB3,MAP4K4,SNX21,HIPK3,HIPK2,PER1,HIST3H2A,TTLL3,TARDBP,TUSC3,CTNND2,ATN1,GXYLT1,CASC3,CDC14B,TOMM22,PPP1CB,FBL,LAPTM4A,CCND3,SLK,CSKMT,KIF5C,SCMH1,NUDT16,SLC25A42,MAP3K6,PPFIA3,TGM2,FBXW4,RPS9,TLE1,MIGA2,DGAT1,RPS5,PPP1R16A,RPS6,RPSA,TEX2,LZTFL1,ATXN2L,EEF1A1,TOM1L2,ILF3,DMTF1,RAB34,DMWD,S100A6,CMPK1,PKP4,SRSF4,SNRNP200,RAF1,FTL,FKBP5,RTN2,LRRC59,SHC2,GSTCD,KLC1,UBC,SMYD2,PLXNA2,LPXN,PLXNA1,GAS2L1,POU2F1,PHF12,PCIF1,OGA,IFT122,INHBA,PAN3,BCL6,ATG16L1,MAFF,SPIRE2,PLEKHM2,MAFK,ACO2,OSCP1,SRXN1,AKAP8L,NGLY1,PTEN,HMGB2,HSPB1,PPWD1,CHD2,SNRNP70,FLOT1,EMILIN1,DGCR6,PELP1,PLA2G12A,RBM14,RBM18,RPL13A,ARNT,RTN4RL2,PATL1,TAPBP,EEF1G,LATS1,PTP4A2,EEF1D,IRF1,RPL37A,TRAF5,PEX5,CRY2,NSRP1,PFDN5,PLEC,TSEN34,PLEKHH3,SMIM29,CEBPD,FOXK2,PBXIP1,ACVR1B,FOXRED1,CYTH3,DNAJB1,TAF1D,FAM168B,ELMSAN1,D2HGDH,ATP9B,EIF4B,MAPK3,REPS1,PPP1R14B,SEC24B,HNRNPA3,TAF15,TAF12,KCNJ9,DTNBP1,RPL23A,PTPN11,SOD2,SLC25A37,PINK1,POLR3H,EIF3D,TPT1,NECTIN2,FAM50A
gene_set_query	669	ZNF697	645.0	ARCHS4 Coexpression,637;Enrichr Queries,511;GTEx Coexpression,787	BCAR3,LRRC59,SMIM29,SRXN1,GXYLT1,PVR,CYTH3,CDH5,FAM168B,SERPINH1,PLXNA2,SLC16A6,TIMP3,PLXNA1,TGM2,MAP4K4,CAV2,SMOX,GADD45A,COMMD10,CAV1,EMP1,PDE4DIP,LAMB1,INHBA,MMP14,BCL6,CD109,IRF1,MAFF,PLEKHM2
gene_set_query	670	POU5F1	646.0	Literature ChIP-seq,26;ARCHS4 Coexpression,813;Enrichr Queries,1156;ReMap ChIP-seq,126;GTEx Coexpression,1109	RPL3,GALNT16,IFT172,POP4,ATN1,CIB2,RPL8,FNBP1L,RPL9,CASC1,PVR,CDC14B,CDH5,RPS17,CCND3,FRAT2,RPS16,CAPNS1,RPS19,CSKMT,RPS18,KIF5A,SLC16A6,RPL38,EIF2D,TRIM26,RPS11,SBF2,PPFIA3,TGM2,SEMA6C,ENTPD2,RPL21,RPS5,PPP1R16A,GTPBP6,MOGS,RPSA,TEX2,MAPK8IP2,SDCBP2,EEF1A1,ILF3,TMEM135,FNDC4,RAB34,CDC37,CD109,TYRO3,SRSF4,RPL29,SNRNP200,RAF1,UBA52,FKBP5,RTN2,SET,FHIT,ZBTB4,APH1A,DHRS7B,UBC,PLXNA2,SERPINH1,SMYD2,MAP3K21,GSE1,MBP,WNT10B,WWTR1,ICMT,POU2F1,DTNA,GADD45A,ZBTB16,PHF12,OGA,CIDEA,NFATC4,GADD45G,GNG13,TBL3,SMTN,RPS27,BCL6,TRIP6,HNRNPD,SPIRE2,BCL2,RPS20,BCL2L2,GPR19,BCAR3,DOCK6,FLT1,HSPB6,ZFAND2A,HMGB2,HSPB1,ARHGEF10L,CHD2,PITPNC1,RPS4X,SHE,ZIC2,SPR,RARS,ZNF280C,PHACTR3,FLOT1,RPLP2,TNKS1BP1,RAC3,TIMP1,PELP1,APC2,CHST8,RBM14,FOXD1,ITGA1,ANO8,RPL13A,COBL,ARNT,TOMM40L,RGMA,COMMD5,TAPBP,EEF1G,MED22,LSG1,SLCO4A1,PACS1,IRF1,CDH10,RPL37A,CRY2,DNASE2,PAFAH1B3,CAMK1G,PLEC,LAMA5,PLEKHH3,CEBPD,NXN,PBXIP1,CCDC106,ACVR1B,WDR24,BPHL,APOLD1,TM9SF4,DLL3,UNG,ARVCF,PDLIM2,MARVELD2,EPCAM,RPS3,RPS2,RPL18,HNRNPA1,ATP9B,JAM2,MAPK4,MAP4K4,REPS1,GDF11,PPP1R14B,TAF12,KCNJ9,PCGF2,RPL23A,SOD2,ALDH4A1,PER1,TMEM54,TTLL3,PNPLA6,TACC2,NECTIN2
gene_set_query	671	ZNF329	646.3	ARCHS4 Coexpression,958;Enrichr Queries,235;GTEx Coexpression,746	BCAR3,SPTBN4,LRRC59,SMIM29,NEDD9,KLC1,METTL21A,FAM171A2,AS3MT,OPHN1,TIMP3,ZNF426,ZNF844,TIMP1,CLVS1,CA10,ZNF483,TLE1,GADD45A,TSC22D3,PDE4DIP,LZTFL1,SYTL2,INPP4B,RIT2,BCL6,CDH10,IRF1,MAFF,COL5A2,ARHGEF3,SPIRE2,CTXN2,NSRP1,ZNF554,FKBP5
gene_set_query	672	IKZF4	647.0	ARCHS4 Coexpression,1048;Enrichr Queries,724;GTEx Coexpression,169	ZNF254,RIPOR2,ZNF175,NECAB3,UBE2D4,HSPB6,MAGED1,TMEM200C,ATN1,FNBP1L,GPATCH8,KIF5C,SCMH1,RNPEP,GDAP1L1,PLXNA2,TIMP3,RNF150,ATXN7L2,HNRNPA1,E2F6,USP24,SEMA6C,GDF11,ZNF483,DCC,ZBTB16,TSC22D3,NBEAL2,HIPK2,GADD45G,RGMA,BCL6,IRF1,BCL2,TAGLN2,ZNF510,FKBP5
gene_set_query	673	BACH2	647.3	ARCHS4 Coexpression,1025;Enrichr Queries,392;ReMap ChIP-seq,227;GTEx Coexpression,945	RIPOR2,ZNF175,SRXN1,ZFAND2A,NGLY1,ATN1,CHD2,SHE,CCND3,LAPTM4A,SLC16A6,TIMP3,TNKS1BP1,RNF150,SBF2,RPS12,TSC22D3,AXIN1,EMP1,RNASE4,BCAN,PTP4A2,MMP14,LSG1,SLCO4A1,DMWD,CDC37,IRF1,ARHGEF3,RBM20,RAF1,FTL,FKBP5,KMT2D,SPTBN4,LRRC59,NECAB3,SMIM29,PRDM15,NEDD9,PBXIP1,ELMSAN1,UBC,PLXNA2,LPXN,GSE1,MBP,ZNF346,RREB1,EIF4B,FAM120AOS,USP24,CRTAP,KCNJ11,GADD45A,LINC02175,ZBTB16,PCIF1,PYCR1,HIPK2,HIST3H2A,BCL6,MAFF,TRIP6,BCL2,NECTIN2
gene_set_query	674	ZNF408	647.3	ARCHS4 Coexpression,479;Enrichr Queries,957;GTEx Coexpression,506	TSEN34,TSTA3,ZNF175,SMIM29,POP4,MTMR14,HSPB1,CCDC106,RPL8,FRAT2,RPS18,UBC,ZNF787,RPL18,TBC1D10A,PRMT5,RBM14,TAF12,GADD45A,TSC22D3,RPS5,AXIN1,COMMD5,MFSD10,TUFM,TBL3,SDHAF2,EEF1D,TRIP6,RAF1,MSRB1
gene_set_query	675	ZNF559	647.3	ARCHS4 Coexpression,641;Enrichr Queries,696;GTEx Coexpression,605	LRRC59,SMIM29,PTEN,PPWD1,CHD2,APH1A,PNN,ABR,FAM168B,CAPNS1,IRAK1,SNRNP70,ZNF426,TNKS1BP1,MFN2,ZNF844,KIF1C,NINL,PLXNA3,MAPK3,PPP1R14B,COBL,LAMB1,MOGS,NFATC4,SYTL2,LATS1,TTLL3,DMTF1,RAB34,RBM12B,PLEKHM2,HNRNPH3,RAPGEF4
gene_set_query	676	BARHL2	648.0	ARCHS4 Coexpression,129;Enrichr Queries,1200;GTEx Coexpression,615	PRDM8,SPTBN4,SHC2,KCNC1,CTNND2,TMEM200C,KLC1,ARVCF,FAM171A2,CUX2,RIMS3,ZIC2,KIF5C,KIF5A,GDAP1L1,CHST8,APC2,GDF11,CA10,MPP3,FOXD1,FOXF2,KCNJ9,DCC,ZBTB16,ANO8,GRIN2C,KCNAB3,MAPK8IP2,GNG13,RIT2,CASTOR3,RAB37
gene_set_query	677	ZNF680	648.7	ARCHS4 Coexpression,354;Enrichr Queries,1309;GTEx Coexpression,283	ZNF254,ADCYAP1R1,ARHGEF26-AS1,SMIM29,CTNND2,FAM107A,HMGB2,CLTB,CCDC106,NDRG2,FNBP1L,PPP1CB,APH1A,OPHN1,CAPNS1,IRAK1,SNRNP70,ZMIZ2,PHACTR3,SNTA1,ZNF483,RPS9,DTNA,NORAD,IGIP,NEK7,CSNK1D,MOGS,BCAN,DMTF1,PACS1,MPPED2,PLEKHM2,TAGLN2,PNPLA6
gene_set_query	678	ZNF75A	648.7	ARCHS4 Coexpression,460;Enrichr Queries,686;GTEx Coexpression,800	ZNF254,RPL4,ZNF175,RPL3,SMIM29,SLC43A2,AKAP8L,PPWD1,CHD2,RPL8,MTRNR2L1,ZBTB4,OSBPL10,PNN,TAF1D,SNRNP70,CSKMT,ZNF426,TIMP1,RPL17,FKRP,RPL21,TSC22D3,OGA,RPL23A,SYTL2,EEF1A1,ILF3,HIST3H2A,DMTF1,BCL6,RBM20,RPL29,ZNF554,ZNF510
gene_set_query	679	ZNF577	649.3	ARCHS4 Coexpression,858;Enrichr Queries,1050;GTEx Coexpression,40	ZNF254,RIPOR2,LRRC59,RPL3,SMIM29,IFT172,PPWD1,APH1A,PNN,FAM168B,CAPNS1,IRAK1,SNRNP70,RPL13,ZNF844,D2HGDH,DNAH10OS,ZNF787,ARIH1,NINL,APBB3,METTL17,HNRNPA3,ZNF483,IFT140,TSC22D3,OGA,PDE4DIP,MOGS,NFATC4,SYTL2,KAT2A,ILF3,RPS27,PAN3,TTLL3,DMTF1,HNRNPH1,ECHDC2,HNRNPH3,PLA2R1,TARDBP
gene_set_query	680	ZNF91	649.3	ARCHS4 Coexpression,608;Enrichr Queries,480;GTEx Coexpression,860	ZNF254,SPTBN4,LRRC59,KCNC1,CEBPD,SMIM29,RPL12,HMGB2,HSPB1,MT1X,RPL8,FNBP1L,GPATCH8,APH1A,ZIC2,CAPNS1,IRAK1,FTH1,TIMP1,ATP9B,CA10,ZNF483,ANXA2,TSC22D3,MOGS,ANO5,SYTL2,RIT2,BCL6,SPIRE2,RPL29,ZNF510,FTL,FKBP5
gene_set_query	681	ZNF7	649.7	ARCHS4 Coexpression,1408;Enrichr Queries,335;GTEx Coexpression,206	BCAR3,KMT2D,TSTA3,SETD6,PRDM15,PPWD1,HSPB1,METTL21A,WDR24,GPATCH8,APH1A,ABR,FAM168B,PEA15,PLXNA1,PPP1R26,USP24,POU2F1,DGAT1,DAPK1,GADD45A,PCIF1,PPP1R16A,HARS2,COMMD5,PAN3,DMTF1,ATG16L1,WNK1,HNRNPH1,EEF1D,IRF1,SPIRE2,RAF1,INTS8,ZNF554,PLEC
gene_set_query	682	DACH1	649.7	Literature ChIP-seq,11;ARCHS4 Coexpression,1268;Enrichr Queries,670	CTNND2,GXYLT1,FNBP1L,PVR,GPATCH8,NDST2,GOLGA3,LAPTM4A,CCND3,SLK,FRAT2,CAPNS1,KIF5C,SLC16A6,RPL38,TRIM26,NUDT16,PPFIA3,RPS9,DGAT1,USP4,RPS5,PUS1,MFSD11,ATXN2L,EEF1A1,INPP4B,DYNC1LI2,ILF3,ETHE1,RAB34,FKBP9,RPL28,FTL,TSTA3,NECAB3,ZBTB4,KLC4,PLXNA2,SERPINH1,AMZ2,ZNF787,PRELID3B,BICRAL,ZBTB16,CAV1,PCIF1,IFT122,INHBA,BMP2,WNK1,RIOX2,BCL2,BCAR3,CLTB,PTEN,PPWD1,PHTF1,SMG6,HEY1,SCRN1,FLOT1,TIMP3,RAC3,ARIH1,PRMT5,DCC,ITGA3,RBM18,RTN4RL2,COMMD5,LSG1,EEF1D,PACS1,MPPED2,PIGL,HNRNPH3,PLEC,YAP1,MVK,SMIM29,RPL12,ATL2,NEDD9,FOXK2,METTL21A,CYTH3,DNAJB1,BRD9,RPL18,ATP9B,E2F6,USP24,GDF11,CA10,PCGF2,HIPK2
gene_set_query	683	ZNF836	650.7	ARCHS4 Coexpression,941;Enrichr Queries,331;GTEx Coexpression,680	USP35,TSEN34,ZNF254,SNED1,LRRC59,SMIM29,ATN1,PBXIP1,FNBP1L,APH1A,AS3MT,CCND3,FAM168B,CAPNS1,IRAK1,MARVELD2,CDH23,TIMP3,ZNF426,ZNF525,ZNF844,MFN2,NINL,DAPK1,RARRES2,TSC22D3,PCIF1,ARNT,CDPF1,RNASE4,MOGS,ANO5,MED22,BCL6,CRISPLD2
gene_set_query	684	NHLH1	650.7	ARCHS4 Coexpression,143;Enrichr Queries,485;GTEx Coexpression,1324	RIPOR2,SHC2,KCNC1,CTNND2,TMEM200C,KLC1,DLL3,FAM171A2,ARVCF,FRAT2,CUX2,RIMS3,HEY1,ZIC2,KIF5C,KIF5A,GDAP1L1,PLXNA2,CDH23,MAP4K4,CHST8,APC2,SEMA6C,GDF11,MPP3,DCC,ZBTB16,PCGF2,ANO8,GADD45G,BCL6,CASTOR3,RPL37A,MSRB1
gene_set_query	685	SETBP1	651.0	ARCHS4 Coexpression,1033;Enrichr Queries,737;GTEx Coexpression,183	YAP1,ZNF254,LAMA5,KMT2D,SMIM29,MAGED1,ADIRF,NEDD9,FNBP1L,PPP1CB,KIF5C,SCMH1,GDAP1L1,PLXNA2,TIMP3,EMILIN1,RNF150,WWTR1,CRTAP,BICRAL,DAPK1,DCC,ZBTB16,ITGA1,ARNT,EMP1,PARVA,LATS1,INPP4B,SMTN,BCL6,MPPED2,BCL2,MAFK,TAGLN2
gene_set_query	686	POU2F1	651.0	ARCHS4 Coexpression,1173;Enrichr Queries,985;ReMap ChIP-seq,147;GTEx Coexpression,299	RPL4,BCAR3,KCNC1,ATN1,CLTB,PPWD1,MTRNR2L1,CHD2,FNBP1L,GPATCH8,TOMM22,SHE,SPR,ZIC2,CAPNS1,CSKMT,ZMIZ2,TNKS1BP1,ARL6IP4,BCAS1,ZNF483,USP4,ARNT,MOGS,DNAAF4,KCNAB3,QRSL1,LRRC37B,MKLN1-AS,TOM1L2,PTP4A2,MED24,RAB37,MMP17,RPL37A,RBM12B,DNASE2,TAGLN2,PIGL,FKBP9,CCNQ,UBA52,FTL,WDR24,ZBTB4,ARVCF,TP53INP2,DHRS7B,UBC,RPS3,PLXNA2,MAP3K21,GSE1,D2HGDH,HNRNPA1,RREB1,SPTBN1,MAP4K4,ZNF584,PPP1R26,GDF11,PPP1R14B,POU2F1,NORAD,TAF12,GADD45A,PHF12,OGA,GRIN2C,HIPK2,RPS28,PAN3,HIST3H2A,LAS1L,BCL6,WNK1,BCL2,PNPLA6,NAXD,EIF3D
gene_set_query	687	HOXD4	651.3	ARCHS4 Coexpression,374;Enrichr Queries,1341;GTEx Coexpression,239	TBC1D19,RPL10,CEBPD,ATN1,PEAR1,LAPTM4A,FAM168B,ZIC2,GOLGA6L4,SERPINH1,TIMP3,PLXNA1,EMILIN1,EIF2D,RAC1,CRTAP,TLE1,FOXF2,ANXA2,ZBTB16,CAV1,ARNT,PARVA,LAMB1,CYS1,NFATC4,EEF1A1,LATS1,MMP14,ILF3,SMTN,RAB34,S100A6
gene_set_query	688	ZNF16	653.0	ARCHS4 Coexpression,1176;Enrichr Queries,255;GTEx Coexpression,528	BCAR3,SMIM29,SETD6,HSPB1,MT1X,RPL8,APH1A,FAM168B,CAPNS1,SNRNP70,SCMH1,ARIH1,EIF4B,ZNF584,PRMT5,SEC24B,TLE1,DGAT1,GADD45A,PCGF2,MOGS,SOD2,COMMD5,EEF1G,TBL3,DMTF1,EEF1D,SPIRE2,EIF3F,PNPLA6,RPL29,EIF3D,ZNF554,FTL,PLEC
gene_set_query	689	SON	653.0	ARCHS4 Coexpression,1031;GTEx Coexpression,275	KMT2D,NTNG2,HNRNPA3,SMIM29,PRDM15,PPWD1,CHD2,PNN,PPP1R3F,ILF3,RPS27,RASGEF1A,HNRNPH1,WNK1,SNRNP200,TARDBP,RAB11FIP4,JAM2,MAPK3
gene_set_query	690	LHX9	655.7	ARCHS4 Coexpression,897;Enrichr Queries,923;GTEx Coexpression,147	PRDM8,RPL3,NECAB3,RPL10,COL11A1,CTNND2,FNBP1L,KLC1,SMG6,DLL3,HEY1,ZIC2,KIF5C,GOLGA6L4,GDAP1L1,RPS3,CDH23,PLXNA2,RPL13,HNRNPA1,NINL,CHST8,NTNG2,MPP3,FOXF2,DAPK1,DCC,RPL13A,INHBA,NFATC4,EEF1A1,BMP2,RBM12B,NAXD,GSTM5
gene_set_query	691	SMAD9	656.3	ARCHS4 Coexpression,871;Enrichr Queries,662;GTEx Coexpression,436	SMIM29,GALNT18,RPL12,ATN1,NEDD9,FNBP1L,ZBTB4,PPP1CB,APH1A,HEY1,SCMH1,TIMP3,TGM2,WWTR1,ITGA3,ZBTB16,CAV1,ITGA1,TAP2,EMP1,MOGS,DNAAF4,INHBA,SMTN,BMP2,BCL6,EEF1D,MPPED2,COL5A2,TAGLN2,PNPLA6,PLA2R1,NSRP1
gene_set_query	692	ELF5	656.6	Literature ChIP-seq,84;ARCHS4 Coexpression,1403;Enrichr Queries,397;ReMap ChIP-seq,206;GTEx Coexpression,1193	ZNF254,PRR5,USP35,SRXN1,TMEM200C,CITED4,ATN1,CIB2,FNBP1L,RND1,PNN,FRAT2,RPS19,HEY1,CAPNS1,SCRN1,RASGEF1A,TMEM44,RNPEP,TIMP3,TNKS1BP1,RPL35,BCAS1,TGM2,TLE1,IFT140,RALGAPA2,EMP1,RNASE4,TOMM40L,EEF1G,EEF1A1,MMP14,LSG1,TMEM135,DMTF1,RAB34,IRF1,MPPED2,ARHGEF3,NUPR1,PLA2R1,RPL29,PFDN5,YAP1,LAMA5,PLEKHH3,SET,CEBPD,GSTCD,RPL36A,NDRG2,WDR24,EPCAM,UBC,RPS3,SMYD2,GSE1,LPXN,BRD9,E2F6,KCNJ9,ZBTB16,PCIF1,CIDEA,RPL23A,HARS2,VASN,BMP2,RPS27,BCL6,LAS1L,SPIRE2,RPS20,NAXD,RAMP1
gene_set_query	693	ZNF700	658.0	ARCHS4 Coexpression,754;Enrichr Queries,1176;GTEx Coexpression,44	ZNF254,ZBTB47,SMIM29,RPL11,CLTB,ATN1,AKAP17A,APH1A,PNN,FAM168B,GPC1,RNPEP,HABP4,SERPINH1,ZNF844,TNKS1BP1,MFN2,KIF1C,MAP4,RPL18,RREB1,METTL17,GDF11,RPS9,PPP1R14B,OGA,PTPN11,MOGS,NBEAL2,TAPBP,PPP1R3F,PINK1,PAN3,DMTF1,HNRNPH1,TRAF5,HNRNPD,ARHGEF3,SRSF4,PIGL,BCL2L2
gene_set_query	694	ZNF793	658.3	ARCHS4 Coexpression,950;Enrichr Queries,740;GTEx Coexpression,285	SPTBN4,LRRC59,KCNC1,SMIM29,IFT172,ATN1,FNBP1L,METTL21A,APH1A,ARVCF,ZIC2,OPHN1,SNRNP70,EPCAM,KIF5C,SH3BGRL2,ZNF844,RNF150,NINL,ATP9B,PLXNA3,ZNF483,DTNA,RABL2B,GRIN2C,TMEM170B,ANO5,BMP2,LAS1L,DMTF1,BCL2,SPIRE2,NSRP1,ZNF554
gene_set_query	695	ZNF626	659.0	ARCHS4 Coexpression,790;Enrichr Queries,303;GTEx Coexpression,884	ZNF254,RIPOR2,LRRC59,ZNF175,TBC1D19,SMIM29,ATN1,FNBP1L,ZBTB4,APH1A,FAM168B,CAPNS1,IRAK1,EPCAM,KIF5C,SNRNP70,SH3BGRL2,ZNF426,ZNF844,MFN2,NINL,ZNF483,TSC22D3,PDE4DIP,MOGS,SYTL2,INPP4B,MPPED2,BCL2,PLEKHM2,PNPLA6,ZNF510,ZNF554,FKBP5
gene_set_query	696	UNCX	659.7	ARCHS4 Coexpression,253;Enrichr Queries,1110;GTEx Coexpression,616	PRDM8,SPTBN4,SHC2,KCNC1,TMEM200C,SAT2,DLL3,ARVCF,FAM171A2,CUX2,ZIC2,KIF5C,GDAP1L1,MAP4K4,CHST8,APC2,GDF11,CA10,MPP3,FOXD1,FOXF2,DCC,ZBTB16,PCGF2,ANO8,GRIN2C,KCNAB3,GNG13,RGMA,RIT2,CASTOR3,RAB37,RPL37A
gene_set_query	697	ZNF594	660.0	ARCHS4 Coexpression,578;Enrichr Queries,765;GTEx Coexpression,637	ZNF254,RIPOR2,ZNF175,SMIM29,IFT172,CLTB,METRNL,GPATCH8,APH1A,CAPNS1,IRAK1,SNRNP70,KIF5C,RNPEP,SLC16A6,ZNF844,ZNF426,NINL,ZNF483,PPP1R14B,DAPK1,MOGS,SYTL2,DMTF1,BCL6,RBM12B,BCL2,PLEKHM2,TAGLN2,PNPLA6,TARDBP,ZNF510
gene_set_query	698	ZNF658	661.0	ARCHS4 Coexpression,502;Enrichr Queries,820	CEBPD,SMIM29,ATN1,PTEN,HSPB1,MT1X,TRAK2,CDC14B,APH1A,CAPNS1,SNRNP70,TP53INP2,ZMIZ2,ZNF787,RPL18,RPS9,ZBTB16,TSC22D3,MOGS,SYTL2,BMP2,CDH10,COL5A2,RPL28,UBA52
gene_set_query	699	FOXM1	661.2	Literature ChIP-seq,96;ARCHS4 Coexpression,717;ENCODE ChIP-seq,102;Enrichr Queries,1402;ReMap ChIP-seq,150;GTEx Coexpression,1500	RPL3,TAMM41,POP4,ATN1,GXYLT1,CIB2,RPL8,RPL9,TOMM22,NDST2,PNN,RPS17,RPS16,CAPNS1,RPS19,CSKMT,KIF5B,FTH1,RPL38,RPS11,RPS9,RPS5,RPS6,MOGS,MFSD11,LZTFL1,MFSD10,TUFM,EEF1A1,ATXN2L,ILF3,SNHG10,TAGLN2,SNRNP200,RPL28,UBA52,LRRC59,TBC1D19,GSTCD,APH1A,ABR,IRAK1,UBC,MAP4,MYH7B,ICMT,CAV1,PCIF1,OGA,RABL2B,PYCR1,HARS2,SNHG5,RPS27,PAN3,BCL6,WNK1,ATG16L1,RPL27A,TRIP6,HNRNPD,MAFK,NOL12,GPR19,OSCP1,HSPB6,ZFAS1,SETD6,MTMR14,AKAP8L,HMGB2,PTEN,HSPB1,CHD2,RND1,FLOT1,PGM2,RBM14,ANXA2,IFT140,RPL13A,SUMF1,EEF1G,PTP4A2,NDUFS8,IER3-AS1,PIGL,PFDN5,PLEC,YAP1,LAMA5,RPL10,ATL2,FOXK2,NEDD9,PBXIP1,WDR24,APOLD1,TM9SF4,UNG,ELMSAN1,RPS3,RPL13,BRD9,RPS2,RPL18,HNRNPA1,ZNF346,APBB3,EIF4B,REPS1,PPP1R14B,HNRNPA3,TAF15,TAF12,PCGF2,ALDH4A1,PER1,CASTOR3,POLR3H,TARDBP,EIF3D
gene_set_query	700	HOXC8	662.3	ARCHS4 Coexpression,223;Enrichr Queries,678;GTEx Coexpression,1086	CEBPD,SMIM29,HSPB6,COL11A1,METTL21A,PNN,SLK,SGCD,TIMP3,GSE1,KIF1C,SBF2,ATP9B,PLXNA3,PELP1,FOXD1,ZBTB16,CAV1,EMP1,PARVA,INHBA,VASN,SYTL2,BCL6,CD109,COL5A2,SRSF4,NUPR1,FKBP9,ANP32B,PLA2R1,NSRP1
gene_set_query	701	ZNF564	662.3	ARCHS4 Coexpression,562;Enrichr Queries,433;GTEx Coexpression,992	ZNF254,LRRC59,ZNF175,CEBPD,SMIM29,UBE2D4,PTEN,ATN1,NEDD9,APH1A,FAM168B,FRAT2,MPRIP,CAPNS1,IRAK1,TP53INP2,TNKS1BP1,BICRAL,DAPK1,PHF12,ZBTB16,TSC22D3,VPS13D,OGA,MOGS,HARS2,LRRC37B,TMLHE,BCL6,IRF1,ARHGEF3,TARDBP,ZNF554,MSRB1
gene_set_query	702	ZNF518A	662.3	ARCHS4 Coexpression,959;Enrichr Queries,916;GTEx Coexpression,112	IFT172,PTEN,CLTB,PPWD1,FNBP1L,PNN,CAPNS1,KIF5B,FLOT1,ZNF525,APBB3,HNRNPA3,CERS6,IFT140,NEK7,OGA,PDE4DIP,ANO5,SYTL2,ATXN2L,KAT2A,ILF3,PAN3,TTLL3,DMTF1,HNRNPH1,WNK1,RBM12B,TAGLN2,HNRNPH3,SNRNP200,TARDBP
gene_set_query	703	EEA1	663.0	ARCHS4 Coexpression,163;Enrichr Queries,1084;GTEx Coexpression,742	YAP1,RPL10,PTEN,HSPB1,RPL8,PPP1CB,APH1A,SLK,SGCD,KIF5B,RPS3,RPL18,SPTBN1,ACVR1,SEC24B,RPS9,ANXA2,CAV1,NEK7,RPL13A,CSNK1D,PARVA,HIPK3,LATS1,EEF1G,MMP14,WNK1,EEF1D,CD109,FKBP9,RPL29,RPL28,PLEC
gene_set_query	704	IRF9	664.0	ARCHS4 Coexpression,1129;Enrichr Queries,201;ReMap ChIP-seq,207;GTEx Coexpression,1119	ZNF175,LINC01354,SRXN1,MTMR14,CITED4,HSPB1,CHD2,CCND3,RPS16,FRAT2,FTH1,DHX58,KIF5A,RPL38,TIMP1,TGM2,RPS9,RPL21,ANXA2,TSC22D3,VPS13D,TAP2,TAP1,EMP1,CSNK1D,TAPBP,EEF1A1,PTP4A2,MMP14,DMTF1,DMWD,IRF1,S100A6,TAGLN2,NUPR1,FTL,PLEC,TSEN34,CEBPD,SMIM29,PBXIP1,ELMSAN1,UBC,PLXNA2,MAP4,HNRNPA1,PRELID3B,PPP1R14B,TAF12,GADD45A,LRBA,RARRES2,SQOR,NBEAL2,NR1D1,SOD2,MARCH2,SLC25A37,HIST3H2A,EIF2S3,BCL6,TRIP6,MAFF,ANP32B,GSTM5,MSRB1
gene_set_query	705	HOXA4	664.0	ARCHS4 Coexpression,635;Enrichr Queries,880;GTEx Coexpression,477	CEBPD,SMIM29,HSPB6,NXN,ATL2,ATN1,PPP1CB,HEY1,SCMH1,MACROD1,TIMP3,RDH14,RPS2,SNTA1,WWTR1,SEMA6C,PPP1R14B,CRTAP,FOXD1,FOXF2,GADD45A,ZBTB16,CAV1,ITGA1,GTPBP6,EMP1,PARVA,RGMA,SMTN,TRIP6,NUPR1
gene_set_query	706	ANKZF1	664.3	ARCHS4 Coexpression,1067;Enrichr Queries,551;GTEx Coexpression,375	RIPOR2,SMIM29,AKAP8L,HMGB2,PBXIP1,AKAP17A,CHD2,PNN,SNRNP70,D2HGDH,METTL17,PLXNA3,MAP4K4,MIGA2,ANXA2,PHF12,TSC22D3,RABL2B,MOGS,NBEAL2,MFSD10,PAN3,DMTF1,BCL6,TTLL3,HNRNPH1,PACS1,MAFF,FKBP5
gene_set_query	707	PURG	664.5	ARCHS4 Coexpression,1191;GTEx Coexpression,138	APC2,SPTBN4,CA10,KCNC1,KCNJ9,DCC,CTNND2,IGIP,TMEM200C,GRIN2C,KLC1,MAPK8IP2,FNBP1L,FAM171A2,RIT2,SCRN1,KIF5C,CDH10,GDAP1L1,LINC00641,GPR19,CLVS1
gene_set_query	708	ZNF521	665.7	ARCHS4 Coexpression,339;Enrichr Queries,1022;GTEx Coexpression,636	SPTBN4,KCNC1,SMIM29,MAGED1,CTNND2,FNBP1L,CDH5,ARVCF,ZIC2,KIF5C,PLXNA2,TIMP3,HNRNPA1,JAM2,GDF11,CA10,DCC,ZBTB16,CAV1,TAP2,EMP1,TAP1,GRIN2C,KCNAB3,GNG13,NFATC4,RGMA,RIT2,CRISPLD1,RAB37,COL5A2,RHOJ,TAGLN2
gene_set_query	709	ESR2	666.2	Literature ChIP-seq,47;ARCHS4 Coexpression,1576;Enrichr Queries,697;ReMap ChIP-seq,143;GTEx Coexpression,868	BCAR3,SERPINA3,FLT1,SRXN1,GALNT16,SETD6,CTNND2,NGLY1,PTEN,ADIRF,CIB2,HSPB1,EFCAB5,PITPNC1,AS3MT,FRAT2,RIMS3,HEY1,ZIC2,SCMH1,SLC16A6,ZNF525,RPLP2,SLC25A42,NINL,TGM2,RPS5,TSC22D3,AXIN1,RTN4RL2,GAB2,MFSD10,PTP4A2,TOM1L2,NDUFS8,ASPHD1,RAB37,CRISPLD2,RAB34,IRF1,CDH10,RTN2,SPTBN4,LAMA5,NECAB3,ATL2,FOXK2,KIF9-AS1,KLC1,ZBTB4,APOLD1,UNG,DNAJB1,ELMSAN1,RPL13,MAP3K21,RPS2,ZNF346,EIF4B,MAPK3,ICMT,RARRES2,ZBTB16,CAV1,IFT122,RPL23A,VASN,GNG13,GADD45G,HIPK2,TBL3,RPS28,BMP2,BCL6,RPL27A,MAFF,SPIRE2,BCL2,GTF2IRD1,ACO2,PNPLA6,DNAL4,NECTIN2,MSRB1
gene_set_query	710	ZNF250	667.3	ARCHS4 Coexpression,1111;Enrichr Queries,510;GTEx Coexpression,381	LRRC59,CEBPD,SMIM29,ATN1,HMGB2,NEDD9,ARHGEF10L,ZBTB4,APH1A,ARVCF,HEY1,CAPNS1,SNRNP70,SERPINH1,TIMP3,GSE1,ZNF346,PLXNA3,BICRAL,GADD45A,TSC22D3,PCIF1,MOGS,GADD45G,PAN3,ATG16L1,IRF1,MPPED2,SPIRE2,PLA2R1,ZNF554,FKBP5,PLEC
gene_set_query	711	HOXD11	667.3	ARCHS4 Coexpression,408;Enrichr Queries,1282;GTEx Coexpression,312	RPL4,LAMA5,KMT2D,LRRC59,TBC1D19,NXN,COL11A1,RPL36A,RPS4X,RPS17,ZIC2,HEY1,IRAK1,SCMH1,RAC3,EMILIN1,RNF150,RPS2,NINL,PELP1,PRMT5,FOXD1,ICMT,FOXF2,PARVA,INHBA,NFATC4,MED22,SMTN,BMP2,ILF3,RAB34,TRIP6,SRSF4,RAMP1
gene_set_query	712	ZSCAN16	667.7	ARCHS4 Coexpression,245;Enrichr Queries,560;GTEx Coexpression,1198	TSEN34,ZNF254,LRRC59,SMIM29,HMGB2,ATN1,NEDD9,MT1X,FNBP1L,ZBTB4,FRAT2,HEY1,MPRIP,CAPNS1,EPCAM,SNRNP70,TNKS1BP1,MFN2,KIF1C,MAP4,CRTAP,GADD45A,DCC,TSC22D3,USB1,MOGS,COMMD5,HIST3H2A,DMTF1,BCL6,IRF1,PLEKHM2,PAFAH1B3,BCL2L2,MSRB1
gene_set_query	713	BAZ2B	668.7	ARCHS4 Coexpression,651;Enrichr Queries,1169;GTEx Coexpression,186	ZNF254,LRRC59,IFT172,POP4,RPL12,PTEN,CHD2,RPL8,FNBP1L,TOMM22,APH1A,CAPNS1,IRAK1,SNRNP70,ZNF326,NINL,APBB3,RREB1,ATP9B,MAP4K4,ZNF483,HNRNPA3,PPP1R14B,POU2F1,IFT140,OGA,MOGS,PAN3,TTLL3,DMTF1,BCL6,WNK1,PEAK1,MPPED2,HNRNPH3,RPL29
gene_set_query	714	DLX4	669.0	Literature ChIP-seq,164;ARCHS4 Coexpression,172;Enrichr Queries,874;GTEx Coexpression,1466	RPL4,LRRC59,LAMA5,FLT1,CEBPD,RPL12,FOXK2,METRNL,ACVR1B,NDRG2,RPL8,FBL,RPS17,RPS16,HEY1,ZIC2,IRAK1,GSE1,RAC3,RPS2,FOXD1,ICMT,FOXF2,ZBTB16,RPS5,PYCR1,RGMA,TUFM,ATXN2L,BCL6,FNDC10,RPL29
gene_set_query	715	ZNF616	669.0	ARCHS4 Coexpression,594;Enrichr Queries,1023;GTEx Coexpression,390	BCAR3,SET,SMIM29,TAMM41,ATN1,FNBP1L,APH1A,RPS17,FAM168B,ZIC2,CAPNS1,IRAK1,EPCAM,SNRNP70,ZMIZ2,RPL36,ZNF426,ZNF525,EIF2D,RPL17,EIF4B,DAPK1,RARRES2,ARNT,MOGS,EEF1A1,LATS1,BMP2,EIF2S3,PLEKHM2,PNPLA6,RPL29,ZNF554
gene_set_query	716	HOXA10	669.3	ARCHS4 Coexpression,379;Enrichr Queries,612;GTEx Coexpression,1017	RTN2,RPL4,UBE2D4,HSPB6,CEBPD,NXN,HSPB1,RPL8,RPS4X,ZIC2,IRAK1,MACROD1,TIMP3,ARL6IP4,KIF1C,RPS2,RPL18,E2F6,TGM2,SEMA6C,CRTAP,FOXD1,ICMT,GADD45A,ZBTB16,TSC22D3,CAV1,RPS6,EMP1,EEF1G,BCL2,NUPR1,RPL29
gene_set_query	717	NR2C2	669.4	ARCHS4 Coexpression,797;ENCODE ChIP-seq,103;Enrichr Queries,1074;ReMap ChIP-seq,210;GTEx Coexpression,1163	HSPB6,SRXN1,MTMR14,NGLY1,PTEN,CHD2,GPATCH8,RPS16,MPRIP,RPS18,CSKMT,ZMIZ2,FLOT1,RPL35,RAC3,ARIH1,MAP3K6,RPS5,VPS13D,ANO8,MOGS,MAPK8IP2,MFSD11,TEX2,PATL1,TAPBP,MED22,ILF3,SNHG10,IER3-AS1,SRSF4,PIGL,RAF1,RPL29,SNRNP200,PFDN5,FTL,KMT2D,PBXIP1,CCDC106,WDR24,FAM168B,SERPINH1,LPXN,BRD9,RPS2,RPL18,HNRNPA1,RREB1,SPTBN1,EIF4B,ZNF584,USP24,PPP1R14B,POU2F1,PCGF2,PHF12,LRBA,PYCR1,HIPK3,HIPK2,SLC25A37,TBL3,TMLHE,LAS1L,BCL6,WNK1,RPS20,ACO2,PNPLA6
gene_set_query	718	ZBTB38	670.3	ARCHS4 Coexpression,211;Enrichr Queries,598;GTEx Coexpression,1202	SMIM29,NEDD9,GOLGA3,SLK,MPRIP,KIF5B,TIMP3,RDH14,MAP4,HNRNPA1,SBF2,SPTBN1,ANXA2,ITGA3,CAV2,CAV1,NEK7,ITGA1,EMP1,PDE4DIP,PTPN11,PARVA,LAMB1,INHBA,VASN,HIPK3,HIPK2,BCL6,WNK1,CD109,COL5A2,FKBP9
gene_set_query	719	ZNF331	670.3	ARCHS4 Coexpression,1561;Enrichr Queries,57;GTEx Coexpression,393	USP35,LRRC59,CEBPD,SMIM29,TUSC3,POP4,IGSF1,HMGB2,FOXK2,NEDD9,HSPB1,MT1X,CHD2,APOLD1,DNAJB1,TIMP3,TIMP1,APBB3,PLXNA3,CHST8,ZNF483,GADD45A,ZBTB16,TSC22D3,EMP1,PDE4DIP,SOD2,PER1,BCL6,CRISPLD2,IRF1,MAFF,FKBP5
gene_set_query	720	ZNF551	671.0	ARCHS4 Coexpression,378;Enrichr Queries,1037;GTEx Coexpression,598	ZNF175,KCNC1,SMIM29,GSTCD,ATN1,HMGB2,CLTB,ZBTB4,GPATCH8,ARVCF,FRAT2,ZIC2,CAPNS1,SNRNP70,FLOT1,ZNF426,KIF1C,RAC1,HNRNPA1,CRTAP,POU2F1,IFT140,GADD45A,GRIN2C,SYTL2,TOM1L2,ILF3,PAN3,MAFF,BCL2,PLEKHM2,BCL2L2,FKBP5
gene_set_query	721	ZBTB5	671.3	ARCHS4 Coexpression,154;Enrichr Queries,800;GTEx Coexpression,1060	RPL4,KMT2D,LRRC59,MVK,SMIM29,HMGB2,CASC3,APH1A,FAM168B,SLK,PGM2,GSE1,RPS11,RREB1,TBC1D10A,EIF4B,HNRNPA3,TAF15,GADD45A,LRBA,TSC22D3,RPSA,MOGS,PATL1,GADD45G,ATXN2L,EEF1A1,EEF1G,ILF3,DMTF1,BCL6,WNK1,IRF1,S100A6,BCL2,ARHGEF3,SNRNP200
gene_set_query	722	ZNF236	673.0	ARCHS4 Coexpression,793;Enrichr Queries,747;GTEx Coexpression,479	KMT2D,IFT172,CHD2,MTRNR2L1,SMG6,ZNF280C,SCMH1,ZNF525,GSE1,RREB1,ATP9B,USP24,LINC02175,LRBA,RALGAPA2,VPS13D,IFT122,PDE4DIP,LZTFL1,HIPK3,HIPK2,ATXN2L,DMTF1,WNK1,PEAK1,BCL2,FAM193A,SNRNP200
gene_set_query	723	MYSM1	674.3	ARCHS4 Coexpression,775;Enrichr Queries,947;GTEx Coexpression,301	KMT2D,RPL11,PPWD1,CHD2,PNN,SLK,KIF5B,HABP4,ATP9B,EIF4B,METTL17,USP24,HNRNPA3,POU2F1,LRBA,VPS13D,OGA,PINK1,PAN3,DMTF1,HNRNPH1,WNK1,RBM12B,HNRNPD,SRSF4,PIGL,TARDBP
gene_set_query	724	ZNF394	675.0	ARCHS4 Coexpression,528;Enrichr Queries,121;GTEx Coexpression,1376	RIPOR2,CEBPD,SMIM29,ZFAND2A,MTMR14,HMGB2,ATN1,HSPB1,DNAJB1,FAM168B,FRAT2,SCRN1,FTH1,UBC,SERPINH1,TNKS1BP1,KIF1C,MAP4,RPS9,ANXA2,USP4,GADD45A,PHF12,TSC22D3,OGA,TAP1,LAMB1,NR1D1,SOD2,GADD45G,BCL6,IRF1,MAFF,PKP4,BCL2L2,FKBP5
gene_set_query	725	FOXL2	675.7	ARCHS4 Coexpression,1012;Enrichr Queries,997;GTEx Coexpression,18	RPL4,LRRC59,RPL3,NECAB3,FLT1,RPL10,SMIM29,IFT172,RPL8,RPL9,SMG6,RPS4X,HEY1,ZIC2,IRAK1,GOLGA6L4,RPS3,CDH23,SERPINH1,RPL13,RPL35,RPL38,RPL18,HNRNPA1,RPS11,NINL,RPL17,PLXNA3,FOXD1,FOXF2,DAPK1,CAV1,RPS6,RPL13A,PYCR1,RPL23A,VASN,NFATC4,RGMA,EEF1A1,BMP2,RPS27,TTLL3,TRIP6,NAXD,GSTM5
gene_set_query	726	HINFP	675.7	ARCHS4 Coexpression,1427;ReMap ChIP-seq,196;GTEx Coexpression,404	BCAR3,LINC01354,KCNC1,AKAP8L,GXYLT1,HSPB1,SAT2,RPL8,OSBPL10,RPS17,RPS16,ZIC2,HEY1,OPHN1,SNRNP70,FTH1,FLOT1,ZNF326,APC2,TSC22D3,RBM18,ANO8,KCNAB3,LRRC37B,COMMD5,PTP4A2,NDUFS8,RAB37,RBM12B,CMPK1,IER3-AS1,DNASE2,ZNF554,TSEN34,SPTBN4,SET,NECAB3,MVK,CEBPD,METTL21A,DLL3,ARVCF,IRAK1,UBC,AMZ2,ZNF346,ATP9B,FAM120AOS,RARRES2,RPL23A,GRIN2C,PER1,PC,HIST3H2A,LAS1L,ATG16L1,HNRNPD,KYAT3,SPIRE2,ANP32B,PNPLA6
gene_set_query	727	LEF1	676.0	ARCHS4 Coexpression,883;Enrichr Queries,162;ReMap ChIP-seq,233;GTEx Coexpression,1426	RIPOR2,FLT1,CHD2,CCND3,SCRN1,HEY1,PEA15,TIMP3,TIMP1,TGM2,FBXW4,FOXD1,RPL21,ANXA2,DAPK1,RPS5,PPP1R16A,TAP2,EMP1,TAP1,MTURN,TMEM135,PACS1,SNHG10,IRF1,MPPED2,SRARP,S100A6,ARHGEF3,GSAP,CTXN2,FKBP5,CEBPD,SMIM29,RPL10,NXN,PRELP,PBXIP1,BPHL,SMYD2,RPS2,HNRNPA1,RREB1,ZNF584,WNT10B,FOXF2,PHF12,ZBTB16,CAV1,PCIF1,OGA,PYCR1,INHBA,TBL3,BMP2,BCL6,COL5A2,BCL2,TPT1,MSRB1
gene_set_query	728	NEUROD2	676.5	Literature ChIP-seq,125;ARCHS4 Coexpression,1532;Enrichr Queries,693;GTEx Coexpression,356	PRDM8,PRR5,FLT1,KCNC1,ZFAND2A,PITPNA,ARHGEF10L,CASC3,AATF,ASGR1,PITPNC1,OSBPL10,GRM5,ZIC2,SCRN1,TMEM44,AIFM2,ZMIZ2,KIF5B,KIF5A,CA4,GDAP1L1,DHX58,SLC16A6,MACROD1,TNKS1BP1,SH3BGRL2,EIF2D,RNF150,PELP1,APC2,FBXW4,FOXD1,RALGAPA2,PUS1,RTN4RL2,CYS1,KCNAB3,MAPK8IP2,PTP4A2,LSG1,MED24,RAB37,CDH10,CMPK1,ITGA7,FAM193A,FKBP5,SPTBN4,SHC2,ADCYAP1R1,PLEKHH3,SLC43A2,KLC1,BPHL,APH1A,ARVCF,CUX2,MARVELD2,PLXNA2,RPL13,JAM2,PRELID3B,CA10,ICMT,TAF12,KCNJ9,ZBTB16,GRIN2C,LYVE1,GNG13,SMTN,RIT2,BCL6,MAFF,ECHDC2,GSTM5,FAM50A
gene_set_query	729	ZIC3	677.3	Literature ChIP-seq,114;ARCHS4 Coexpression,1017;Enrichr Queries,1045;GTEx Coexpression,533	SPTBN4,SET,KCNC1,SLC43A2,NXN,CLTB,HSPB1,FNBP1L,UNG,ARVCF,CUX2,ZIC2,HEY1,EPCAM,KIF5C,HNRNPA1,NINL,EIF4B,MAP4K4,CA10,RBM14,ITGA1,CIDEA,PYCR1,GRIN2C,KCNAB3,GNG13,RGMA,TAPBP,BMP2,ILF3,RIT2,RAB37,HNRNPH1,CDH10,CD109,IRF1,MPPED2,TARDBP
gene_set_query	730	ZNF672	677.3	ARCHS4 Coexpression,928;Enrichr Queries,430;GTEx Coexpression,674	CEBPD,SMIM29,MTMR14,HSPB1,PBXIP1,APH1A,DNAJB1,CCND3,FTH1,MACROD1,SERPINH1,MFN2,ZNF787,TIMP1,RBM14,MIGA2,KCNJ11,GADD45A,MOGS,NBEAL2,QRSL1,TOMM40L,TMLHE,SDHAF2,BCL6,IRF1,MAFF,S100A6,TAGLN2,PNPLA6,RAF1
gene_set_query	731	ZBTB1	678.0	ARCHS4 Coexpression,1097;Enrichr Queries,743;GTEx Coexpression,194	RPL4,CEBPD,SMIM29,RPL12,RPL11,PPWD1,NEDD9,PBXIP1,EIF2D,RPS2,EIF4B,TSC22D3,PDE4DIP,TAP1,RPL23A,MFSD11,EEF1A1,LATS1,EIF2S3,DMTF1,BCL6,WNK1,STK17A,RPL27A,IRF1,RBM12B,MAFF,HNRNPD,BCL2,ANP32B,TPT1,FKBP5
gene_set_query	732	ZKSCAN3	678.3	ARCHS4 Coexpression,1284;Enrichr Queries,649;GTEx Coexpression,102	SMIM29,CTNND2,FAM107A,PPWD1,HSPB1,METTL21A,OPHN1,KIF5C,GDAP1L1,PHACTR3,HABP4,SERPINH1,TIMP3,ZNF844,EIF2D,RREB1,RAB11FIP4,APC2,KCNJ9,TSC22D3,ARNT,PDE4DIP,CDPF1,NR1D1,MAPK8IP2,LATS1,MED22,EIF2S3,DMTF1,BCL6,ASPHD1,HNRNPH1,RAB34,IRF1,SPIRE2,EIF3F,NSRP1,ZNF554
gene_set_query	733	RAX	679.3	ARCHS4 Coexpression,248;Enrichr Queries,1278;GTEx Coexpression,512	ADCYAP1R1,MAGED1,SETD6,ATN1,RPL36A,PBXIP1,FAM171A2,ARVCF,ZIC2,RPS19,RPL13,HNRNPA1,RPL17,MAPK4,FAM120AOS,PLXNA3,CHST8,GDF11,ZNF483,FOXD1,POU2F1,FOXF2,ZBTB16,PCGF2,RPSA,NFATC4,RGMA,BMP2,TTLL3,RPL37A,ARHGEF3,TYRO3,HNRNPD
gene_set_query	734	CARF	680.0	ARCHS4 Coexpression,767;GTEx Coexpression,593	LRRC59,ZNF483,PPP1R14B,OGA,PPWD1,EFCAB5,MOGS,RPL8,ZBTB4,APH1A,PNN,PAN3,TTLL3,DMTF1,IRAK1,ZNF326,ZNF787,HNRNPH3,TARDBP,ATP9B
gene_set_query	735	NPAS4	680.3	ARCHS4 Coexpression,1381;Enrichr Queries,406;GTEx Coexpression,254	SPTBN4,KCNC1,SMIM29,TUSC3,FAM107A,HSPB1,GPATCH8,APOLD1,DNAJB1,ARVCF,ZIC2,CA4,PLXNA1,PHF24,MAPK4,LINC00632,CLVS1,CA10,ZNF483,GADD45A,ZBTB16,NR1D1,INHBA,GRIN2C,KCNAB3,GADD45G,BMP2,RIT2,HIST3H2A,RAB37,MAFF,CAMK1G,GPR19
gene_set_query	736	NFYA	680.4	ARCHS4 Coexpression,1152;ENCODE ChIP-seq,73;Enrichr Queries,523;ReMap ChIP-seq,81;GTEx Coexpression,1573	POP4,PITPNA,ATN1,SAT2,RPL9,GPATCH8,TOMM22,NDST2,CSKMT,FTH1,KIF5B,SAP130,NUDT16,RPS11,ATXN7L2,PPFIA3,TBC1D10A,ENTPD2,MIGA2,DGAT1,RPS5,PPP1R16A,MOGS,LZTFL1,EEF1A1,ILF3,TMEM135,DMTF1,CRISPLD2,DMWD,RAB34,CDC37,SNHG10,RPL29,SNRNP200,FTL,RTN2,SPTBN4,LRRC59,AKAP17A,ABR,FAM171A2,UBC,AMZ2,RDH14,TSPAN3,RREB1,FAM120AOS,GADD45A,NEK7,PYCR1,IFT122,NR1D1,ACADSB,VASN,MARCH2,TBL3,RPS28,BCL6,WNK1,ATG16L1,MAFF,HNRNPD,BCL2,NOL12,DNAL4,BCL2L2,ZNF254,OSCP1,HSPB6,ZFAND2A,AKAP8L,PTEN,CLTB,HSPB1,AATF,CHD2,PITPNC1,RND1,SNRNP70,RAC3,PGM2,TIMP1,PELP1,PRMT5,RBM14,IFT140,COMMD10,ANO8,RPL13A,ARNT,QRSL1,TOMM40L,PATL1,EEF1G,PTP4A2,MED24,NDUFS8,SDHAF2,HNRNPH1,EEF1D,IRF1,ITGA7,DNASE2,PAFAH1B3,TSEN34,CEBPD,SMIM29,NXN,PBXIP1,WDR24,TM9SF4,CYTH3,DNAJB1,ARVCF,FAM168B,MARVELD2,MFN2,RPS2,RPL18,HNRNPA1,APBB3,EIF4B,MAP4K4,ZNF584,GDF11,PPP1R14B,HNRNPA3,TAF15,RPL23A,ALDH4A1,PER1,HIST3H2A,PC,NAXD,EIF3D,MSRB1
gene_set_query	737	ZNF665	681.0	ARCHS4 Coexpression,992;Enrichr Queries,589;GTEx Coexpression,462	RPL4,ZNF254,LRRC59,SMIM29,NEDD9,HSPB1,METTL21A,APH1A,OPHN1,TIMP3,ZNF426,ZNF844,EIF2D,CRTAP,GADD45A,TSC22D3,CAV1,ARNT,EMP1,PARVA,MOGS,NFATC4,EEF1A1,LATS1,EIF2S3,BCL6,RAB34,IRF1,RBM12B,SPIRE2,NSRP1,ZNF554,FKBP5
gene_set_query	738	ZBTB7B	681.3	ARCHS4 Coexpression,1042;Enrichr Queries,54;GTEx Coexpression,948	LAMA5,CEBPD,SMIM29,CLTB,HSPB1,PBXIP1,METRNL,ACVR1B,APH1A,CCND3,FRAT2,FTH1,UBC,GSE1,ZNF787,RREB1,TBC1D10A,TGM2,ANXA2,GADD45A,TSC22D3,TAP2,NBEAL2,MOGS,NR1D1,SDCBP2,GADD45G,BCL6,PACS1,IRF1,S100A6,MAFK,TAGLN2,PNPLA6,FKBP5,PLEC,MSRB1
gene_set_query	739	MBD1	681.7	ARCHS4 Coexpression,520;Enrichr Queries,78;GTEx Coexpression,1447	KMT2D,SMIM29,AKAP17A,CHD2,ZBTB4,APH1A,DNAJB1,MPRIP,SNRNP70,ZMIZ2,RREB1,MAP4K4,ANXA2,GADD45A,ZBTB16,TSC22D3,TAP2,IFT122,PDE4DIP,CSNK1D,MOGS,NBEAL2,GADD45G,ATXN2L,ILF3,DMTF1,BCL6,WNK1,HNRNPH1,PACS1,MAFF,BCL2,PLEKHM2,TACC2,PNPLA6,FKBP5,PLEC
gene_set_query	740	ZNF136	682.3	ARCHS4 Coexpression,276;Enrichr Queries,790;GTEx Coexpression,981	ZNF254,LRRC59,SMIM29,RPL12,HMGB2,ATN1,APH1A,FAM168B,MPRIP,CAPNS1,IRAK1,SNRNP70,ZNF426,ZNF844,TNKS1BP1,MFN2,KIF1C,ZNF787,SEC24B,PPP1R14B,CRTAP,BICRAL,TSC22D3,ARNT,MOGS,EEF1A1,LATS1,PAN3,DMTF1,BCL6,IRF1,BCL2,PNPLA6,ZNF510
gene_set_query	741	ZNF436	682.7	ARCHS4 Coexpression,828;Enrichr Queries,91;GTEx Coexpression,1129	CEBPD,SMIM29,MAGED1,NEDD9,HSPB1,FNBP1L,FAM168B,SLK,HEY1,SCRN1,GPC1,PLXNA2,TNKS1BP1,PGM2,TIMP3,MAP4,RREB1,SPTBN1,TGM2,ANXA2,GADD45A,ZBTB16,TSC22D3,CAV1,VPS13D,EMP1,PDE4DIP,GADD45G,DYNC1LI2,BCL6,IRF1,S100A6,BCL2,ITGA7,RPL29,FKBP5
gene_set_query	742	ZXDA	682.7	ARCHS4 Coexpression,623;Enrichr Queries,702;GTEx Coexpression,723	RPL4,KMT2D,FLT1,CEBPD,SMIM29,TAMM41,NEDD9,CHD2,TAF1D,TIMP3,RDH14,EIF2D,RNF150,EIF4B,TBC1D10A,ACVR1,USP24,SEC24B,BICRAL,GADD45A,TSC22D3,CAV1,VPS13D,TAP2,ARNT,HIPK3,LATS1,INPP4B,BCL6,WNK1,STK17A,BCL2,TPT1
gene_set_query	743	ZNF544	683.3	ARCHS4 Coexpression,881;Enrichr Queries,833;GTEx Coexpression,336	SMIM29,IFT172,NEDD9,MT1X,TM9SF4,UNG,APH1A,FAM168B,CAPNS1,ZMIZ2,ANKRD54,ZNF525,MFN2,EIF4B,REPS1,TLE1,IFT140,DAPK1,LRBA,CAV1,PDE4DIP,MOGS,ATXN2L,INPP4B,ILF3,SPIRE2,PLEKHM2,PKP4,PNPLA6,NSRP1,DNAL4,ZNF554
gene_set_query	744	ZBTB8A	683.5	ARCHS4 Coexpression,1188;GTEx Coexpression,179	ACVR1,YAP1,WWTR1,CRTAP,CAV2,ZBTB16,CAV1,ARNT,PARVA,LAMB1,PEAR1,METTL21A,HIPK3,LATS1,OPHN1,MARVELD2,SPIRE2,TIMP3,ZNF844,FKBP9,NSRP1,ZNF554,FKBP5
gene_set_query	745	ZNF639	684.0	ARCHS4 Coexpression,1309;Enrichr Queries,736;ReMap ChIP-seq,132;GTEx Coexpression,559	HMGB2,HSPB1,CASC3,RPL8,PPP1CB,CCND3,OPHN1,RPS18,CSKMT,FTH1,SCMH1,KIF5A,HABP4,RPLP2,ZNF844,EMILIN1,RPS11,ACVR1,RPS9,DGAT1,USP4,RPS5,ITGA1,RPL13A,MFSD11,TUFM,TAPBP,ATXN2L,EEF1G,EEF1A1,PTP4A2,ILF3,EEF1D,CDC37,IRF1,S100A6,SPIN2B,NSRP1,RPL29,UBA52,ZNF554,FKBP5,NECAB3,SET,RPL10,SMIM29,CCDC106,METTL21A,WDR24,ZBTB4,TAF1D,UBC,LPXN,RDH14,RPS2,RPL18,RREB1,PLXNA3,MAPK3,WWTR1,PPP1R14B,HNRNPA3,NORAD,TAF12,GADD45A,RARRES2,CAV1,PARVA,RPL23A,NR1D1,SLC25A37,TBL3,BCL6,TRIP6,SPIRE2,ANP32B,BCL2L2,TRAM2-AS1,FAM50A
gene_set_query	746	ZNF879	684.0	ARCHS4 Coexpression,300;GTEx Coexpression,1068	USP24,LRRC59,ZNF175,TAF15,RBM18,ATN1,MOGS,FNBP1L,GPATCH8,ATXN2L,FAM168B,MPRIP,CAPNS1,IRAK1,SNRNP70,ZMIZ2,TNKS1BP1,KIF1C,PNPLA6,ZNF510,E2F6,BCL2L2
gene_set_query	747	ZBTB26	684.7	ARCHS4 Coexpression,443;Enrichr Queries,1378;GTEx Coexpression,233	ZNF175,HNRNPA3,GXYLT1,CLTB,OGA,PPWD1,FNBP1L,NFATC4,LATS1,EEF1A1,EEF1G,PNN,SMTN,DMTF1,SCMH1,RBM12B,ZNF525,GSE1,HNRNPH3,SNRNP200,TARDBP,HNRNPA1,INTS8,EIF4B
gene_set_query	748	ZFP82	685.0	ARCHS4 Coexpression,592;Enrichr Queries,386;GTEx Coexpression,1077	RIPOR2,LRRC59,ZNF175,FLT1,SMIM29,HMGB2,APH1A,FAM168B,SCRN1,CAPNS1,IRAK1,KIF5C,SNRNP70,SLC16A6,TIMP3,TNKS1BP1,MFN2,KIF1C,MAP3K6,RREB1,GADD45A,ZBTB16,EMP1,MOGS,SYTL2,DMTF1,BCL6,MAFF,SPIN2B,PLEKHM2,PNPLA6,ZNF510,ZNF554,GPR19
gene_set_query	749	RORB	685.7	ARCHS4 Coexpression,736;Enrichr Queries,942;GTEx Coexpression,379	CTNND2,FAM107A,C2CD4C,ADCY8,ABR,GRM5,RIMS3,CUX2,KIF5C,KIF5A,GDAP1L1,PLXNA2,PHF24,TIMP3,PLXNA1,UNC13C,ZNF483,KCNJ9,ZBTB16,INHBA,MAPK8IP2,MTURN,AGBL4,BMP2,KCNS1,CTXN2,CAMK1G,RAPGEF4
gene_set_query	750	ZNF706	685.7	ARCHS4 Coexpression,1099;Enrichr Queries,3;GTEx Coexpression,955	RPL4,RPL3,HMGB2,HSPB1,RPL8,RPL9,LAPTM4A,RPS16,RPS19,MPRIP,RPS18,FTH1,RPL36,RPL35,RPLP2,TNKS1BP1,KIF1C,ZNF326,RPL38,RPS11,RPS9,RPL21,ANXA2,RPS5,RPS6,RPL13A,RPSA,MOGS,EEF1A1,PTP4A2,HNRNPH1,EEF1D,RPL37A,S100A6,TAGLN2,RPL28,FTL,KMT2D,SHC2,SET,CEBPD,RPL12,RPL11,ACVR1B,UBC,PLXNA2,RPS3,MAP3K21,MFN2,RPS2,RPL18,HNRNPA1,RPL17,EIF4B,SNHG8,RPS28,WNK1,RPL27A,RPS20,TPT1
gene_set_query	751	DMRTA1	686.0	ARCHS4 Coexpression,522;Enrichr Queries,418;GTEx Coexpression,1118	SMIM29,COL11A1,CTNND2,RPL36A,SAT2,BPHL,ASGR1,CCND3,HEY1,RPS19,ZIC2,KIF5C,TIMP3,RPL13,RPL17,GDF11,TLE1,POU2F1,DCC,BHMT2,ZBTB16,TSC22D3,ITGA1,EMP1,TAP1,ACADSB,SYTL2,GADD45G,BMP2,BCL6,COL5A2,RPL37A,ECHDC2
gene_set_query	752	CREBL2	686.0	ARCHS4 Coexpression,837;Enrichr Queries,534;GTEx Coexpression,687	SMIM29,TUSC3,MAGED1,TMEM200C,SAT2,ZBTB4,PITPNC1,APH1A,ABR,AS3MT,FTH1,TIMP3,GADD45A,RARRES2,TSC22D3,SQOR,NEK7,PINK1,FNDC4,BCL6,IRF1,FNDC10,BCL2,ARHGEF3,CMPK1,PLEKHM2,NUPR1,PNPLA6,RAF1,BCL2L2,TPT1,FKBP5
gene_set_query	753	HOXD3	686.0	ARCHS4 Coexpression,769;Enrichr Queries,1225;GTEx Coexpression,64	PRDM8,TBC1D19,SHC2,RPL3,RPL10,SMIM29,ADCY4,ATN1,PEAR1,ADCY8,SHD,LAPTM4A,FAM171A2,ZIC2,GOLGA6L4,PLXNA2,TIMP3,PLXNA1,EMILIN1,HNRNPA1,RPS11,MAPK4,CRTAP,FOXD1,FOXF2,ZBTB16,RPL13A,ARNT,LAMB1,CYS1,NFATC4,EEF1A1,LATS1,MMP14,RAB34,PEX5,SRSF4,RPS20,TPT1
gene_set_query	754	LHX3	686.7	ARCHS4 Coexpression,478;Enrichr Queries,1003;GTEx Coexpression,579	LRRC59,SPTBN4,SHC2,PLEKHH3,SMIM29,TUSC3,MAGED1,IFT172,IGSF1,HMGB2,PBXIP1,SHD,GOLGA3,SHE,FAM171A2,CUX2,ZIC2,GDAP1L1,GSE1,RPL35,LINC00632,PLXNA3,CHST8,NTNG2,HNRNPA3,FOXD1,FOXF2,RTN4RL2,GRIN2C,TOM1L2,BMP2,IRF1,CRY2
gene_set_query	755	GMEB2	687.0	ARCHS4 Coexpression,529;Enrichr Queries,839;GTEx Coexpression,693	TSEN34,CHD2,WDR24,NDST2,APH1A,IRAK1,SNRNP70,FTH1,ZMIZ2,GSE1,ZNF787,GADD45A,PHF12,PCIF1,AXIN1,CSNK1D,USB1,MOGS,NBEAL2,ATXN2L,ILF3,BCL6,PACS1,CDC37,IRF1,MAFF,PLEKHM2,MAFK,NUPR1,PNPLA6
gene_set_query	756	EGR4	687.3	ARCHS4 Coexpression,1356;Enrichr Queries,501;GTEx Coexpression,205	SPTBN4,KCNC1,CEBPD,SMIM29,TUSC3,HSPB1,CCDC106,APOLD1,FAM171A2,ZIC2,EPCAM,GDAP1L1,CA4,CLVS1,APC2,CA10,KCNJ11,KCNJ9,GADD45A,TSC22D3,NR1D1,INHBA,GRIN2C,MAPK8IP2,GADD45G,BMP2,RIT2,HIST3H2A,BCL6,CDH10,MAFF,GPR19
gene_set_query	757	ETV6	687.5	ARCHS4 Coexpression,1238;Enrichr Queries,452;ReMap ChIP-seq,217;GTEx Coexpression,843	RIPOR2,RPL3,MPI,PTEN,NDST2,SHE,RPS16,RPS19,SCRN1,RPS18,FTH1,CA4,SLC16A6,FLOT1,EIF2D,BCAS1,TGM2,RPS9,ANXA2,TAP1,EMP1,RNASE4,GAB2,TAPBP,EEF1A1,PPP1R3F,BCAN,PTP4A2,SNHG12,RAB37,CDC37,IRF1,CHI3L2,ARHGEF3,IER3-AS1,TAGLN2,PIGL,SNRNP200,RTN2,TSEN34,KMT2D,SMIM29,NEDD9,CCDC106,ARVCF,ELMSAN1,UBC,GSE1,RPS2,RREB1,SPTBN1,MAP4K4,PPP1R14B,PHF12,PCGF2,NBEAL2,NR1D1,HARS2,HIPK2,TBL3,HIST3H2A,PAN3,BCL6,BCL2,TPT1
gene_set_query	758	EMX2	688.3	ARCHS4 Coexpression,1120;Enrichr Queries,822;GTEx Coexpression,123	ADCYAP1R1,ARHGEF26-AS1,CEBPD,CTNND2,COL11A1,FAM107A,NDRG2,DLL3,ABR,OPHN1,HEY1,ZIC2,MARVELD2,KIF5C,KIF5A,PHACTR3,TIMP3,RPL13,RNF150,RREB1,GDF11,FOXD1,ZBTB16,INHBA,BCAN,BMP2,BCL6,MMP17,VAC14-AS1,MAFF,ACSBG1,POLR3H,SRSF4,RAMP1,GSTM5,RAPGEF4
gene_set_query	759	ZNF652	689.0	Literature ChIP-seq,136;ARCHS4 Coexpression,639;Enrichr Queries,823;GTEx Coexpression,1158	LRRC59,RIPOR2,ATL2,PTEN,HSPB1,CASC3,RPL8,MTRNR2L1,MARVELD2,KIF5B,SLC25A42,RREB1,ATP9B,VPS39,FBXW4,HNRNPA3,ZNF483,PPP1R14B,TSC22D3,RPS5,PPP1R16A,OGA,HIPK3,HIPK2,TUFM,PTP4A2,ADCK2,BCL6,WNK1,TRIP6,RPL29,FKBP5
gene_set_query	760	ZNF789	689.7	ARCHS4 Coexpression,1109;Enrichr Queries,814;GTEx Coexpression,146	LRRC59,SMIM29,IFT172,AKAP8L,PPWD1,CHD2,METTL21A,APH1A,PNN,FAM168B,CAPNS1,SNRNP70,ZMIZ2,ZNF525,APBB3,ATP9B,PLXNA3,HNRNPA3,TSC22D3,OGA,PDE4DIP,NBEAL2,SYTL2,HIPK2,ATXN2L,ILF3,PAN3,LAS1L,DMTF1,HNRNPH1,SPIRE2,GSAP,ZNF554
gene_set_query	761	ARID2	690.0	ARCHS4 Coexpression,297;Enrichr Queries,1083;ReMap ChIP-seq,83;GTEx Coexpression,1297	SRXN1,ATN1,PTEN,CLTB,CASC3,CHD2,PPP1CB,RPS16,SPR,CAPNS1,ZIC2,AIFM2,FTH1,KIF5B,SAP130,FLOT1,RPLP2,RAC3,ARL6IP4,EMILIN1,ARIH1,RPS11,SBF2,PPFIA3,RPS9,ANXA2,PPP1R16A,RPL13A,CSNK1D,MOGS,MFSD11,TOMM40L,ATXN2L,EEF1G,HNRNPH1,RAB34,GSAP,FTL,PLEC,YAP1,RTN2,LAMA5,SET,GSTCD,FOXK2,KIF9-AS1,PBXIP1,CCDC106,NDRG2,APOLD1,APH1A,DNAJB1,TP53INP2,UBC,RPL13,GSE1,RPS2,E2F6,RREB1,PPP1R14B,POU2F1,PCIF1,OGA,PYCR1,RPL23A,NR1D1,HIPK2,MARCH2,PER1,TBL3,RPS27,EIF2S3,PAN3,BCL6,WNK1,MAFF,SPIRE2,BCL2,PLEKHM2,MAFK,PNPLA6,GPR19,MSRB1
gene_set_query	762	ZSCAN25	690.0	ARCHS4 Coexpression,1248;GTEx Coexpression,132	KMT2D,CTNND2,FAM107A,CCDC106,METTL21A,FBL,CAPNS1,PEA15,PHACTR3,HABP4,RAC1,RREB1,GDF11,NORAD,PHF12,IGIP,EEF1G,PPP1R3F,PAN3,ASPHD1,BCL2,EIF3F,SNRNP200,EIF3D,BCL2L2
gene_set_query	763	GSX2	690.7	ARCHS4 Coexpression,610;Enrichr Queries,1277;GTEx Coexpression,185	ADCYAP1R1,ARHGEF26-AS1,SMIM29,MAGED1,CTNND2,FAM107A,ADCY8,NDRG2,DLL3,CUX2,OPHN1,ZIC2,HEY1,PEA15,PHACTR3,TSPAN3,SPTBN1,JAM2,MAPK4,ENTPD2,FOXD1,TLE1,FOXF2,SMOX,GADD45G,RGMA,BCAN,MED22,CRISPLD1,RHOJ,ACSBG1
gene_set_query	764	IKZF1	692.7	Literature ChIP-seq,150;ARCHS4 Coexpression,854;ENCODE ChIP-seq,118;Enrichr Queries,1358;ReMap ChIP-seq,205;GTEx Coexpression,1471	RIPOR2,ZNF175,LINC01354,SRXN1,MTMR14,CITED4,ATN1,LRRC6,PEAR1,CHD2,PVR,PITPNC1,CCND3,FRAT2,MPRIP,CSKMT,FTH1,ZMIZ2,PEA15,FLOT1,TNKS1BP1,PGM2,RAC1,RPL39,PPFIA3,TGM2,TAP2,TAP1,RTN4RL2,GAB2,CYS1,EEF1A1,BCAN,PTP4A2,ILF3,DMTF1,PACS1,IRF1,S100A6,ARHGEF3,IER3-AS1,TAGLN2,DNASE2,NSRP1,FKBP5,RTN2,PLEKHH3,SET,SMIM29,FOXK2,NEDD9,PBXIP1,NDRG2,METTL21A,ZBTB4,APH1A,DNAJB1,EPCAM,ELMSAN1,UBC,SERPINH1,GSE1,LPXN,AMZ2,RPL18,HNRNPA1,RREB1,E2F6,WNT10B,GDF11,CRTAP,SMOX,GADD45A,CAV2,PCGF2,NEK7,PTPN11,NBEAL2,NR1D1,GRIN2C,LYVE1,HARS2,SLC25A37,PER1,EIF2S3,BCL2,BCL2L2,TPT1
gene_set_query	765	ZNF462	692.7	ARCHS4 Coexpression,310;Enrichr Queries,611;GTEx Coexpression,1157	LRRC59,MAGED1,FNBP1L,DLL3,APH1A,CAPNS1,IRAK1,KIF5C,PLXNA2,LPXN,TIMP3,GSE1,RNF150,TSPAN3,SPTBN1,CA10,DTNA,POU2F1,DAPK1,CAV1,TAP2,EMP1,USB1,LAMB1,MOGS,HIPK2,BCAN,STK17A,EEF1D,GTF2IRD1,TAGLN2,TACC2,RPL29,MSRB1
gene_set_query	766	TET1	693.0	Literature ChIP-seq,69;ARCHS4 Coexpression,880;GTEx Coexpression,1130	ZNF254,PRR5,FLT1,SRXN1,GALNT16,FNBP1L,CASC1,PVR,ZIC2,SCRN1,OPHN1,RASGEF1A,PHACTR3,RAC3,MAP3K6,ATXN7L2,SBF2,NINL,PELP1,CERS6,MIGA2,ANXA2,NGB,TAP1,MYRIP,MFSD11,MFSD10,LATS1,BCAN,RAB37,PACS1,ETHE1,RAB34,IRF1,RBM12B,MPPED2,S100A6,TAGLN2,GSAP,FKBP9,PLEC,SET,NXN,ATL2,C2CD4C,KLC1,CYTH3,CUX2,MARVELD2,DHRS7B,SERPINH1,GSE1,AMZ2,MBP,HNRNPA1,GAS2L1,RREB1,APBB3,MAPK4,CLVS1,POU2F1,SMOX,CAV2,SQOR,OGA,DTNBP1,IFT122,PDE4DIP,SOD2,HIPK3,HIPK2,GADD45G,ADCK2,TRIP6,MAFF,RAMP1,NECTIN2,GPR19
gene_set_query	767	PRDM16	693.3	Literature ChIP-seq,152;ARCHS4 Coexpression,745;Enrichr Queries,892;GTEx Coexpression,984	USP35,LRRC59,SMIM29,GALNT16,CTNND2,ADIRF,PRELP,FHIT,APH1A,MPRIP,PLXNA2,CDH23,TIMP3,GSE1,RPL13,NINL,RAB11FIP3,GDF11,MIGA2,ITGA3,ZBTB16,TAP2,ANO8,RGMA,NFATC4,CRISPLD1,MPPED2,BCL2,SPIRE2,PLEC
gene_set_query	768	ZNF483	693.7	ARCHS4 Coexpression,795;Enrichr Queries,1078;GTEx Coexpression,208	LRRC59,ZNF175,SMIM29,IFT172,AKAP8L,ATN1,FAM107A,RPL8,ZBTB4,SMG6,TOMM22,APH1A,GRM5,IRAK1,RASGEF1A,CAPNS1,MARVELD2,KIF5C,KIF5A,PLXNA1,NINL,ATP9B,LINC00632,PLXNA3,UNC13C,POU2F1,IFT140,ZBTB16,TSC22D3,MOGS,LZTFL1,SYTL2,LAS1L,DMTF1,RPL29,RAPGEF4
gene_set_query	769	ZNF852	694.0	ARCHS4 Coexpression,112;GTEx Coexpression,1276	NGLY1,CLTB,ATN1,ZBTB4,APH1A,ABR,MPRIP,CAPNS1,IRAK1,ZMIZ2,GPC1,SERPINH1,FLOT1,TNKS1BP1,MFN2,KIF1C,EIF2D,MAP4,MOGS,TOM1L2,EIF2S3,PLEKHM2,PNPLA6,EIF3D,INTS8
gene_set_query	770	MAF	694.3	ARCHS4 Coexpression,1401;Enrichr Queries,208;ReMap ChIP-seq,124;GTEx Coexpression,1044	HSPB6,ATN1,CHD2,NDST2,CCND3,RPS16,ZMIZ2,FTH1,NMRK1,RPL36,RPLP2,ARL6IP4,RAC3,TIMP3,MAP3K6,RPS11,TBC1D10A,PELP1,TGM2,APC2,PAQR6,ENTPD2,ANXA2,DGAT1,TSC22D3,PPP1R16A,ANO8,RPL13A,EMP1,CSNK1D,MFSD10,TAPBP,EEF1G,MED22,PTP4A2,SLCO4A1,CRISPLD2,DMWD,RAB34,CDC37,IRF1,CHI3L2,S100A6,FTL,PLEC,RTN2,NECAB3,RPL10,CEBPD,SMIM29,NEDD9,PBXIP1,CCDC106,WDR24,ZBTB4,DNAJB1,ELMSAN1,UBC,RPS2,RPL18,RREB1,PPP1R14B,FKRP,GADD45A,ZBTB16,CAV1,PYCR1,SNX21,RPL23A,NBEAL2,NR1D1,GADD45G,PER1,TBL3,BMP2,HIST3H2A,BCL6,BCL2,BCL2L2
gene_set_query	771	ZNF587	694.3	ARCHS4 Coexpression,986;Enrichr Queries,596;GTEx Coexpression,501	ZNF254,KMT2D,SMIM29,AKAP17A,CHD2,METTL21A,GOLGA3,PNN,MARVELD2,MPRIP,OPHN1,ZNF844,D2HGDH,RREB1,ATP9B,SBF2,PYCR1,PDE4DIP,MOGS,SOD2,HIPK2,ILF3,DMTF1,HNRNPH1,WNK1,PEAK1,HNRNPD,SPIRE2,NSRP1,ZNF554,PLEC
gene_set_query	772	THAP5	694.7	ARCHS4 Coexpression,527;Enrichr Queries,1214;GTEx Coexpression,343	LRRC59,PTEN,GXYLT1,METRNL,APH1A,PPP1CB,FAM168B,CAPNS1,MARVELD2,SNRNP70,ZMIZ2,RNPEP,RPLP2,TNKS1BP1,AMZ2,MAP3K6,TBC1D10A,PRELID3B,NEK7,MOGS,TEX2,TMEM170B,LINC00909,HIPK3,CASTOR3,DMTF1,HNRNPH1,PNPLA6,RPL28,ZNF510
gene_set_query	773	ZNF514	695.3	ARCHS4 Coexpression,1146;Enrichr Queries,788;GTEx Coexpression,152	LRRC59,SMIM29,POP4,ATN1,CHD2,ZBTB4,APOLD1,APH1A,PNN,SNRNP70,D2HGDH,NINL,ATP9B,PLXNA3,METTL17,HNRNPA3,PPP1R14B,TSC22D3,NFATC4,SYTL2,INPP4B,AGBL4,KAT2A,TTLL3,DMTF1,BCL6,RBM12B,TRAF5,SPIRE2,TAGLN2,HNRNPH3,TARDBP
gene_set_query	774	SPI1	696.7	Literature ChIP-seq,40;ARCHS4 Coexpression,1456;ENCODE ChIP-seq,80;Enrichr Queries,1273;ReMap ChIP-seq,191;GTEx Coexpression,1140	RPL4,RIPOR2,ZNF175,TUSC3,PITPNA,ATN1,CASC3,RPL8,METRNL,RPL9,PPP1CB,FBL,RPS17,CCND3,FRAT2,RPS16,RPS19,CSKMT,FTH1,SAP130,RPL36,MACROD1,RPL35,RPL38,EIF2D,RPS11,VPS39,TBC1D10A,PPFIA3,RPL21,USP4,DAPK1,PUS1,RPS6,PPP1R16A,CSNK1D,RPSA,TMEM170B,BCAN,ILF3,RAB34,CDC37,S100A6,TAGLN2,SRSF4,RPL28,UBA52,FTL,FKBP5,RTN2,LRRC59,GSTCD,APH1A,IRAK1,UBC,SMYD2,PLXNA2,LPXN,GSE1,MBP,AMZ2,RDH14,MAP4,RREB1,FAM120AOS,WNT10B,NTNG2,ICMT,PHF12,RABL2B,IFT122,USB1,NBEAL2,NR1D1,GADD45G,TBL3,RPS28,RPS27,PAN3,BCL6,ADCK2,WNK1,ATG16L1,RIOX2,MAFF,HNRNPD,SPIRE2,RPS20,MAFK,ANP32B,NOL12,DNAL4,BCL2L2,ZNF254,PRR5,SRXN1,MTMR14,ZFAND2A,SETD6,CLTB,SMG6,FLOT1,RPLP2,PGM2,EMILIN1,TIMP1,RAC1,PELP1,ANXA2,COMMD10,ANO8,AXIN1,RPL13A,ARNT,GAB2,TOMM40L,TAPBP,EEF1G,PTP4A2,MMP14,NDUFS8,HNRNPH1,IRF1,RPL37A,CHI3L2,ARHGEF3,ITGA7,DNASE2,PIGL,PFDN5,PLEC,TSEN34,SMIM29,CEBPD,SLC43A2,RPL10,RPL36A,NEDD9,PBXIP1,CCDC106,FOXRED1,TRAK2,DNAJB1,FAM168B,PDLIM2,ELMSAN1,RPS3,RPL13,BRD9,D2HGDH,RPL18,APBB3,RPL17,EIF4B,MAPK3,PPP1R14B,HNRNPA3,RPL23A,TYW1B,PTPN11,SNX21,SOD2,LYVE1,PER1,TPT1,MSRB1
gene_set_query	775	JRK	697.0	ARCHS4 Coexpression,792;GTEx Coexpression,602	KMT2D,ZNF175,RBM14,FOXK2,MOGS,WDR24,HARS2,GPATCH8,ATXN2L,ILF3,MPRIP,SNRNP70,MAFF,RBM12B,GSE1,BRD9,SNRNP200,ZNF510,PLEC
gene_set_query	776	SALL4	698.3	Literature ChIP-seq,61;ARCHS4 Coexpression,1499;Enrichr Queries,903;GTEx Coexpression,330	KCNC1,AKAP8L,NGLY1,HMGB2,PNN,FBL,ZIC2,HEY1,KIF5C,ZMIZ2,TIMP3,ACVR1,CERS6,IFT140,ITGA3,COMMD10,COBL,RNASE4,DNAAF4,CYS1,GAB2,MYRIP,TEX2,PTP4A2,ILF3,HNRNPH1,MPPED2,TAGLN2,PLA2R1,PAFAH1B3,YAP1,SET,SLC43A2,NDRG2,MARVELD2,EPCAM,SERPINH1,D2HGDH,HNRNPA1,APBB3,HNRNPA3,SEC24B,CRTAP,POU2F1,GADD45A,ZBTB16,NEK7,PDE4DIP,GADD45G,BMP2,EIF2S3,CASTOR3,WNK1,COL5A2,ECHDC2,MAFK,RPS20,GSTM5
gene_set_query	777	CDX2	700.2	Literature ChIP-seq,104;ARCHS4 Coexpression,1253;Enrichr Queries,1006;ReMap ChIP-seq,211;GTEx Coexpression,927	LINC01354,ATN1,PTEN,ARHGEF10L,CASC3,CHD2,OSBPL10,RND1,LAPTM4A,RPS16,ZIC2,FTH1,CA4,SH3BGRL2,SBF2,BCAS1,TGM2,CERS6,DGAT1,ANXA2,RPS5,PPP1R16A,COBL,MOGS,SDCBP2,SYTL2,EEF1G,PTP4A2,ETHE1,RAB34,SNHG10,IRF1,TRAF5,S100A6,HNRNPH3,YAP1,CEBPD,SLC43A2,ATL2,NEDD9,PBXIP1,CCDC106,ACVR1B,APOLD1,KLC4,ABR,EPCAM,ELMSAN1,UBC,RPS3,RPL18,SPTBN1,PRELID3B,LINC01006,FOXF2,GADD45A,ZBTB16,SQOR,PDE4DIP,RPL23A,LAMB1,NR1D1,PER1,BMP2,TMEM54,BCL6,MAFF,VAC14-AS1,COL5A2,BCL2,GTF2IRD1,MAFK,TACC2,GPR19
gene_set_query	778	ZFP57	701.0	ARCHS4 Coexpression,1382;Enrichr Queries,673;GTEx Coexpression,48	RPL3,SMIM29,HSPB1,TRAK2,TP53INP2,KIF5B,PEA15,PHACTR3,RPS3,KIF1C,TIMP3,ARL6IP4,MBP,MAP4,TIMP1,RAB11FIP4,JAM2,BCAS1,MAP4K4,TGM2,METTL17,FBXW4,GDF11,PAQR6,ANXA2,RPS6,EMP1,COBL,PTPN11,GAB2,INHBA,MTURN,HIPK2,PTP4A2,DYNC1LI2,ASPHD1,WNK1,RAB37,COL5A2,PKP4,NUPR1
gene_set_query	779	HOXA1	701.0	ARCHS4 Coexpression,895;Enrichr Queries,586;GTEx Coexpression,622	LRRC59,FLT1,SMIM29,RPL12,RPL8,TM9SF4,RPS17,SLK,HEY1,ZIC2,IRAK1,RARS,RNPEP,ZNF426,PGM2,TIMP3,PRMT5,FOXD1,ICMT,ANXA2,CAV1,RPS5,EMP1,LAMB1,SUMF1,WDR77,BMP2,BCL6,CD109,IRF1,MAFF,TRIP6
gene_set_query	780	FEZF1	702.0	ARCHS4 Coexpression,632;Enrichr Queries,888;GTEx Coexpression,586	ZNF254,ADCYAP1R1,GALNT16,TUSC3,MAGED1,CTNND2,FNBP1L,DLL3,ZIC2,RPS19,PEA15,PLXNA2,TSPAN3,HNRNPA1,NINL,MAPK4,CHST8,GDF11,MPP3,DTNA,FOXD1,NORAD,FOXF2,DCC,ZBTB16,NGB,COBL,SLC6A11,RGMA,BMP2,RPS27,FNDC10
gene_set_query	781	MYNN	702.5	ARCHS4 Coexpression,666;Enrichr Queries,855;ReMap ChIP-seq,108;GTEx Coexpression,1181	ZFAS1,PTEN,ATN1,HSPB1,CHD2,PPP1CB,RPS16,MPRIP,CAPNS1,CSKMT,SNRNP70,ZMIZ2,RPL36,RPLP2,ARL6IP4,RAC3,KIF1C,MAP3K6,RPS11,APC2,PRMT5,RPS9,MIGA2,DGAT1,PUS1,TSC22D3,PPP1R16A,RPL13A,CSNK1D,MOGS,PATL1,TUFM,EEF1G,BCAN,MED22,NDUFS8,DMTF1,EEF1D,DMWD,RAB34,CDC37,IRF1,TAGLN2,RAF1,RPL29,FTL,PLEC,RTN2,TSEN34,TSTA3,SPTBN4,LAMA5,NECAB3,RPL10,SMIM29,CCDC106,WDR24,ABR,UBC,RPS2,HNRNPA1,RAB11FIP3,GDF11,SEC24B,PPP1R14B,GADD45A,NEK7,PYCR1,PDE4DIP,RPL23A,NBEAL2,VASN,PER1,TBL3,TTLL3,BCL6,WNK1,TRIP6,PLEKHM2,POLR3H,PNPLA6,TPT1
gene_set_query	782	GLI4	702.5	ARCHS4 Coexpression,320;GTEx Coexpression,1085	PRR5,KMT2D,MIGA2,PPP1R16A,AKAP8L,ATN1,CSNK1D,MOGS,NBEAL2,MFSD10,ATXN2L,KAT2A,SNRNP70,PACS1,ZMIZ2,ARL6IP4,MAFK,ARIH1,ZNF787,PNPLA6,PAFAH1B3,RAB11FIP3
gene_set_query	783	ZNF184	702.7	ARCHS4 Coexpression,696;Enrichr Queries,739;GTEx Coexpression,673	ZNF254,SMIM29,UBE2D4,HMGB2,NEDD9,HSPB1,APOLD1,RIMS3,CAPNS1,PPP4R4,KIF5A,UBC,PHF24,TNKS1BP1,ZNF426,KIF1C,AMZ2,GADD45A,NEK7,CSNK1D,LRRC37B,LZTFL1,AGBL4,KCNS1,BCL6,IRF1,MPPED2,ARHGEF3,PLEKHM2,PNPLA6,TARDBP,FKBP5
gene_set_query	784	ZNF74	703.0	ARCHS4 Coexpression,545;Enrichr Queries,1158;GTEx Coexpression,406	SPTBN4,RIPOR2,SMIM29,MAGED1,NXN,KLC1,FNBP1L,SHE,FAM171A2,ARVCF,CAPNS1,GDAP1L1,HNRNPA1,PPFIA3,RAB11FIP4,GDF11,PUS1,SQOR,NEK7,TAP2,MAPK8IP2,RGMA,PPP1R3F,ILF3,CDH10,TYRO3,SPIRE2,TAGLN2,PAFAH1B3,ZNF510,GPR19
gene_set_query	785	ZBTB17	703.3	ARCHS4 Coexpression,940;Enrichr Queries,297;GTEx Coexpression,873	BCAR3,LAMA5,SMIM29,SLC43A2,AKAP8L,HSPB1,ARHGEF10L,AKAP17A,METRNL,SNRNP70,ZMIZ2,GSE1,ZNF787,MAP3K6,MAP4K4,GADD45A,PHF12,AXIN1,PDE4DIP,CSNK1D,NBEAL2,GADD45G,MFSD10,BCL6,IRF1,MAFF,PLEKHM2,PNPLA6,FKBP5,PLEC
gene_set_query	786	ZNF613	704.7	ARCHS4 Coexpression,425;Enrichr Queries,545;GTEx Coexpression,1144	PRDM8,ZNF254,LRRC59,CEBPD,SMIM29,ATN1,FNBP1L,ZBTB4,APH1A,FAM168B,MPRIP,CAPNS1,KIF5C,SNRNP70,ZMIZ2,ZNF426,MFN2,KIF1C,DAPK1,TSC22D3,CDPF1,MOGS,COMMD5,SYTL2,GADD45G,ATXN2L,SDHAF2,BCL6,CRISPLD2,IRF1,PNPLA6,BCL2L2,MSRB1,FKBP5
gene_set_query	787	ZNF668	705.0	ARCHS4 Coexpression,799;Enrichr Queries,533;GTEx Coexpression,783	SMIM29,POP4,HSPB1,CCDC106,RPL8,PDLIM2,IRAK1,SERPINH1,ZNF787,MAP4K4,RBM14,PPP1R14B,TAF12,PUS1,AXIN1,USB1,COMMD5,MFSD10,TUFM,TBL3,SDHAF2,DMWD,CDC37,TRIP6,PNPLA6,PLEC
gene_set_query	788	CEBPZ	705.6	ARCHS4 Coexpression,1444;ENCODE ChIP-seq,107;Enrichr Queries,287;ReMap ChIP-seq,176;GTEx Coexpression,1514	RPL4,RPL3,HSPB6,ZFAND2A,ZFAS1,AKAP8L,HMGB2,PPWD1,CHD2,TOMM22,PNN,FBL,LAPTM4A,RPS16,CSKMT,RPS18,KIF5B,RARS,RPL36,RPLP2,EIF2D,NUDT16,SLC25A42,RPS11,PRMT5,RBM14,RPS5,RPS6,GTPBP6,ANO8,RPL13A,MOGS,TOMM40L,SUMF1,EEF1A1,TOM1L2,PPP1R3F,NDUFS8,MED24,SNHG12,HNRNPH1,CDC37,SNHG10,CRY2,RAF1,ZNF554,FTL,MVK,SET,RPL12,FOXK2,PBXIP1,CCDC106,ZBTB4,UNG,ARVCF,UBC,ANKRD54,RPS2,HNRNPA1,ZNF346,E2F6,ZNF584,SNX21,TYW1B,NR1D1,SOD2,LINC00909,MARCH2,PER1,TBL3,RPS28,PC,RPS27,HNRNPD,DNAL4,EIF3D,BCL2L2
gene_set_query	789	SKIL	707.0	ARCHS4 Coexpression,1071;Enrichr Queries,278;GTEx Coexpression,772	DOCK6,SET,SMIM29,PTEN,NEDD9,HSPB1,FOXRED1,PPP1CB,ZIC2,FTH1,TIMP3,TGM2,ANXA2,CAV2,GADD45A,TSC22D3,CAV1,COMMD10,EMP1,MOGS,INHBA,GADD45G,EIF2S3,PAN3,LAS1L,BCL6,HNRNPH1,IRF1,MAFF,MAFK,PAFAH1B3
gene_set_query	790	ZNF441	707.3	ARCHS4 Coexpression,734;Enrichr Queries,532;GTEx Coexpression,856	ZNF254,RIPOR2,LRRC59,ZNF175,SMIM29,RPL12,NGLY1,HMGB2,RPL8,GPATCH8,APOLD1,APH1A,ARVCF,CAPNS1,ZIC2,SLC16A6,PLXNA2,ZNF844,ATP9B,ZNF483,RPS9,POU2F1,GADD45A,TSC22D3,OGA,MOGS,TMEM170B,INPP4B,MAFF,MPPED2,ARHGEF3,RPL29,ZNF554,ZNF510
gene_set_query	791	ZNF608	707.3	ARCHS4 Coexpression,470;Enrichr Queries,793;GTEx Coexpression,859	CEBPD,SMIM29,MAGED1,CTNND2,CLTB,ATN1,NEDD9,METRNL,FNBP1L,FAM171A2,ARVCF,PDLIM2,SCRN1,KIF5C,PLXNA2,TIMP3,ZNF326,HNRNPA1,NINL,TBC1D10A,SPTBN1,MAP4K4,APC2,GDF11,TLE1,POU2F1,DAPK1,DCC,PDE4DIP,DYNC1LI2,BCL6,ARHGEF3,TAGLN2
gene_set_query	792	TIGD7	708.3	ARCHS4 Coexpression,949;Enrichr Queries,873;GTEx Coexpression,303	BCAR3,ZNF254,ZNF175,TBC1D19,SMIM29,MAGED1,HSPB1,MT1X,ACVR1B,FNBP1L,APH1A,CAPNS1,ZNF280C,KIF1C,RDH14,ZNF326,TIMP1,E2F6,FKRP,RBM18,TSC22D3,PDE4DIP,CDPF1,MKLN1-AS,VASN,SYTL2,GADD45G,BCL6,DMTF1,RBM12B,SPIN2B,PNPLA6,ZNF510
gene_set_query	793	PDX1	708.8	Literature ChIP-seq,129;ARCHS4 Coexpression,1337;Enrichr Queries,995;ReMap ChIP-seq,244;GTEx Coexpression,839	RPL3,LINC01354,FLT1,TUSC3,POP4,AKAP8L,FAM107A,PTEN,HSPB1,CASC3,CHD2,CASC1,PPP1CB,FBL,LAPTM4A,ZIC2,KIF5C,DHX58,RPL38,TBC1D10A,ACVR1,FOXD1,ANXA2,DAPK1,RPL13A,RNASE4,TEX2,TAPBP,LATS1,TOM1L2,KAT2A,NDUFS8,RTN2,LRRC59,SHC2,PLEKHH3,SLC43A2,IGSF1,PBXIP1,ACVR1B,DLL3,CYTH3,TAF1D,PDLIM2,EPCAM,UBC,PLXNA2,RPS3,MAP3K21,LPXN,RDH14,HNRNPA1,PRELID3B,REPS1,MYH7B,DTNA,POU2F1,KCNJ11,FOXF2,GADD45A,SNHG8,CIDEA,PYCR1,IFT122,PARVA,NBEAL2,LAMB1,NR1D1,PER1,BMP2,VAC14-AS1,GTF2IRD1,LINC00900,EIF3D
gene_set_query	794	ZNF614	710.5	ARCHS4 Coexpression,417;GTEx Coexpression,1004	ZNF175,SET,GSTCD,CLTB,ATN1,MOGS,FNBP1L,ZBTB4,GPATCH8,APH1A,ABR,CAPNS1,SNRNP70,ZMIZ2,ZNF426,PLEKHM2,TAGLN2,PNPLA6,ZNF510,E2F6
gene_set_query	795	ZBTB25	711.3	ARCHS4 Coexpression,1069;Enrichr Queries,334;GTEx Coexpression,731	LRRC59,CEBPD,SMIM29,HSPB1,AKAP17A,CHD2,METTL21A,APH1A,PNN,DNAJB1,OPHN1,LPXN,ZNF844,HNRNPA3,GADD45A,TSC22D3,OGA,PDE4DIP,NR1D1,MFSD10,DMTF1,BCL6,IRF1,RBM12B,MAFF,BCL2,SPIRE2,NSRP1,ZNF554,FKBP5,PLEC
gene_set_query	796	ZBTB12	711.7	ARCHS4 Coexpression,39;Enrichr Queries,698;GTEx Coexpression,1398	RPL4,KMT2D,LRRC59,SET,SMIM29,HMGB2,ATN1,HSPB1,RPL8,APH1A,FAM171A2,FAM168B,IRAK1,SNRNP70,SERPINH1,GSE1,PLXNA1,RAC3,ZNF787,HNRNPA1,EIF4B,PELP1,PPP1R26,MPP3,HNRNPA3,TAF15,MOGS,NR1D1,ATXN2L,EEF1A1,EEF1G,ILF3,IRF1,BCL2,HNRNPD,SPIN2B,NUPR1,SNRNP200,FKBP5
gene_set_query	797	ZXDC	712.3	ARCHS4 Coexpression,1275;Enrichr Queries,51;GTEx Coexpression,811	KMT2D,SMIM29,SETD6,MTMR14,NEDD9,CHD2,ABR,FRAT2,SNRNP70,PEA15,HABP4,PLXNA1,GSE1,ZNF787,RREB1,GDF11,SEC24B,TLE1,CERS6,GADD45A,TSC22D3,OGA,PDE4DIP,CSNK1D,MOGS,NBEAL2,HIPK2,DMTF1,BCL6,WNK1,PACS1,IRF1,MAFF,CRY2,ARHGEF3,RAF1,FKBP5,PLEC
gene_set_query	798	ZFPM2	713.3	ARCHS4 Coexpression,737;Enrichr Queries,666;GTEx Coexpression,737	KCNC1,SMIM29,COL11A1,RPL12,RPL8,GPATCH8,APH1A,ARVCF,RPS17,ZIC2,PHACTR3,TIMP3,PLXNA1,RNF150,RPL18,ATP9B,UNC13C,MPP3,CA10,ZBTB16,CAV1,PDE4DIP,LAMB1,INHBA,GRIN2C,KCNAB3,BMP2,PEAK1,COL5A2,MPPED2,BCL2,RPL29,ZNF510
gene_set_query	799	WT1	713.5	Literature ChIP-seq,16;ARCHS4 Coexpression,1317;Enrichr Queries,500;GTEx Coexpression,1021	RIPOR2,RPL3,TUSC3,TAMM41,GALNT18,CTNND2,FNBP1L,METRNL,LAPTM4A,CCND3,MPRIP,KIF5C,PPP4R4,MACROD1,NUDT16,ATXN7L2,SBF2,TBC1D10A,TGM2,RPS12,CSGALNACT1,DAPK1,RALGAPA2,SLC6A11,TMEM135,DMWD,TYRO3,PKP4,GSAP,CTXN3,NUPR1,FKBP5,KMT2D,SPTBN4,ADCYAP1R1,NECAB3,ZBTB4,ABR,KLC4,FAM171A2,CDH23,SMYD2,PLXNA2,GSE1,PLXNA1,AMZ2,TSPAN3,RREB1,PPP1R26,MYH7B,WWTR1,POU2F1,FOXF2,GADD45A,BICRAL,ZBTB16,CAV1,LRBA,OGA,IFT122,PARVA,INHBA,NR1D1,SNHG5,VASN,NFATC4,GADD45G,BMP2,SMTN,RPL27A,COL5A2,MAFF,BCL2,SPIRE2,GTF2IRD1,RPS20,BCL2L2,BCAR3,PRR5,SNED1,FLT1,ZFAND2A,PTEN,ARHGEF10L,PITPNC1,SMG6,OSBPL10,HEY1,SCRN1,TMEM44,NMRK1,PHACTR3,TIMP3,EMILIN1,TIMP1,RNF150,BCAS1,CERS6,FOXD1,IFT140,ITGA3,VPS13D,EMP1,GAB2,PTP4A2,MED24,SLCO4A1,HNRNPH1,CDH10,MPPED2,FAM193A,PAFAH1B3,PLEC,LAMA5,PLEKHH3,CEBPD,RPL10,NXN,NEDD9,CCDC106,ACVR1B,UNG,CYTH3,FAM168B,PDLIM2,ELMSAN1,E2F6,MAPK4,MAP4K4,MAPK3,CLVS1,USP24,HNRNPA3,MPP3,PCGF2,DTNBP1,PDE4DIP,SNX21,PTPN11,LAMB1,HIPK2,AGBL4,SLC25A37,PER1,RIT2,TMEM54,TACC2,TARDBP,RAMP1,NECTIN2
gene_set_query	800	TP63	715.0	Literature ChIP-seq,54;ARCHS4 Coexpression,1267;Enrichr Queries,599;ReMap ChIP-seq,194;GTEx Coexpression,1461	UBE2D4,GALNT18,PITPNA,MT1M,CIB2,SBF2-AS1,RPL8,CASC1,SLK,KIF5B,DHX58,RPL36,MACROD1,MAP3K6,RPL39,TBC1D10A,TGM2,PAQR6,ENTPD2,MIGA2,DGAT1,PUS1,RALGAPA2,PPP1R16A,RPS6,SLC6A11,DNAAF4,TEX2,SYTL2,INPP4B,TMEM135,DMTF1,CRISPLD2,RAB34,CD109,S100A6,TAGLN2,PKP4,SRSF4,GSAP,FKBP9,PLA2R1,TBC1D19,PRDM15,KLC1,ZBTB4,ABR,KLC4,FAM171A2,UBC,PLXNA2,SERPINH1,SMYD2,PLXNA1,GSE1,RREB1,RAB11FIP3,RAB11FIP4,WWTR1,ICMT,DTNA,CAV2,BICRAL,ZBTB16,CAV1,LRBA,OGA,CIDEA,NBEAL2,PARVA,INHBA,GNG13,NFATC4,TBL3,BCL6,ADCK2,TRIP6,COL5A2,BCL2,SPIRE2,PLEKHM2,MAFK,GTF2IRD1,DNAL4,BCAR3,DOCK6,KCNC1,MTMR14,NGLY1,CLTB,PTEN,ADIRF,HSPB1,ARHGEF10L,PITPNC1,OSBPL10,RND1,RPS4X,SCRN1,AIFM2,SNRNP70,PEA15,RNPEP,FLOT1,RPLP2,RAC3,TIMP3,TNKS1BP1,KIF1C,EMILIN1,RAC1,NINL,SNTA1,APC2,ANXA2,ITGA3,IFT140,AXIN1,EMP1,ARNT,GAB2,COMMD5,EEF1G,MED22,MMP14,KAT2A,NDUFS8,MED24,SLCO4A1,PACS1,IRF1,RBM20,ACSBG1,PAFAH1B3,PLEC,RAPGEF4,LAMA5,PLEKHH3,MVK,CEBPD,RPL10,ATL2,ADCY4,FOXK2,PBXIP1,CCDC106,ACVR1B,WDR24,DNAJB1,PDLIM2,ELMSAN1,GPC1,MFN2,BRD9,D2HGDH,RPS2,HNRNPA1,ZNF584,USP24,PPP1R14B,SEC24B,FKRP,TAF15,KCNJ9,RPL23A,TYW1B,LAMB1,HIPK2,ALDH4A1,AGBL4,CASTOR3,KCNS1,STK17A,TACC2,TARDBP,EIF3D,MSRB1
gene_set_query	801	ZNF687	715.7	ARCHS4 Coexpression,934;Enrichr Queries,300;GTEx Coexpression,913	TSEN34,RIPOR2,KMT2D,ATN1,HSPB1,CHD2,NDST2,APH1A,FRAT2,ELMSAN1,SNRNP70,TNKS1BP1,GSE1,ZNF787,HNRNPA1,RREB1,SPTBN1,RBM14,POU2F1,PHF12,AXIN1,CSNK1D,MOGS,NBEAL2,ATXN2L,ILF3,BCL6,WNK1,PACS1,SNRNP200,MSRB1,PLEC
gene_set_query	802	TRPS1	717.7	ARCHS4 Coexpression,756;Enrichr Queries,707;GTEx Coexpression,690	YAP1,SNED1,SMIM29,ATL2,CITED4,CASC3,FOXRED1,GOLGA3,SLK,TNKS1BP1,PGM2,TIMP3,GSE1,RREB1,TBC1D10A,TLE1,ANXA2,CAV1,LRBA,VPS13D,EMP1,INHBA,HIPK3,INPP4B,BCL6,WNK1,TRIP6,COL5A2,BCL2,ARHGEF3
gene_set_query	803	ZNF66	719.5	ARCHS4 Coexpression,1378;GTEx Coexpression,61	RPL4,RPL3,RPL10,RPL12,RPL11,RPL36A,METTL21A,RPS4X,APH1A,FBL,MARVELD2,RPS18,RPS3,ZNF525,LPXN,RPS2,HNRNPA1,RREB1,EIF4B,ZNF483,RPS6,RPL13A,RPL23A,MOGS,EEF1A1,EIF2S3,HNRNPD,EIF3D
gene_set_query	804	ZFP2	720.0	ARCHS4 Coexpression,877;Enrichr Queries,582;GTEx Coexpression,701	LRRC59,ZNF175,SMIM29,NDRG2,ZBTB4,APH1A,FAM168B,HEY1,CAPNS1,IRAK1,SNRNP70,TIMP3,MFN2,ZNF426,RAB11FIP3,DTNA,TSC22D3,CAV1,IGIP,EMP1,NBEAL2,MOGS,SYTL2,LAS1L,DMTF1,MPPED2,PLEKHM2,NUPR1,ZNF510,RAPGEF4,FKBP5
gene_set_query	805	MSC	720.0	ARCHS4 Coexpression,643;Enrichr Queries,112;GTEx Coexpression,1405	CEBPD,SMIM29,SRXN1,SLC43A2,METRNL,HEY1,FTH1,DHX58,SERPINH1,LPXN,TIMP3,TIMP1,TGM2,ANXA2,GADD45A,CAV1,SQOR,EMP1,TAP1,INHBA,SOD2,COMMD5,MMP14,BMP2,BCL6,CRISPLD2,IRF1,MAFF,COL5A2,PLEKHM2,NUPR1,FTL
gene_set_query	806	ZNF823	721.0	ARCHS4 Coexpression,840;Enrichr Queries,367;GTEx Coexpression,956	ZNF254,BCAR3,CEBPD,SMIM29,HMGB2,ATN1,MT1X,METRNL,PPP1CB,DNAJB1,ABR,SLK,FRAT2,SNRNP70,TP53INP2,ZMIZ2,SLC16A6,ZNF426,PGM2,RREB1,SMOX,GADD45A,LRBA,EMP1,MOGS,SDCBP2,BCL6,PACS1,IRF1,PLEKHM2,PNPLA6,FKBP5
gene_set_query	807	CTCFL	721.0	ARCHS4 Coexpression,1578;ENCODE ChIP-seq,69;Enrichr Queries,385;ReMap ChIP-seq,138;GTEx Coexpression,1435	ATN1,CIB2,CDC14B,TOMM22,PPP1CB,FBL,RPS17,CCND3,RPS19,SAP130,KIF5A,MACROD1,RPL36,ZNF326,EIF2D,SLC25A42,MAP3K6,RPS11,ATXN7L2,PPFIA3,TGM2,ACVR1,ENTPD2,MIGA2,DGAT1,USP4,RPS5,PPP1R16A,RPSA,MOGS,CYS1,MFSD11,BCAN,DYNC1LI2,SNHG12,RAB34,CDC37,SNHG10,TYRO3,CMPK1,SRSF4,UBA52,ZNF554,RTN2,LRRC59,NECAB3,AKAP17A,APH1A,FAM171A2,GAS2L1,RREB1,WNT10B,ICMT,POU2F1,ZBTB16,PCIF1,IFT122,PYCR1,USB1,GNG13,GADD45G,MARCH2,TBL3,BMP2,EIF2S3,BCL6,TRIP6,MAFF,MAFK,RPS20,ANP32B,BCAR3,DOCK6,SRXN1,ZFAS1,AKAP8L,HMGB2,CLTB,ZIC2,SPR,SNRNP70,TMEM44,RARS,RPLP2,RAC3,RAC1,FGFBP3,BCAS1,APC2,FOXD1,ANXA2,VPS13D,ANO8,RPL13A,COBL,RTN4RL2,PATL1,MED22,PTP4A2,SDHAF2,SLCO4A1,PEAK1,IRF1,ITGA7,PAFAH1B3,PLEC,LAMA5,PLEKHH3,RPL10,SMIM29,SLC43A2,ATL2,RPL11,RPL36A,CCDC106,WDR24,ARVCF,PDLIM2,GPC1,RPS2,RPL18,ATP9B,REPS1,ZNF584,GDF11,PPP1R14B,SEC24B,FKRP,TAF15,KCNJ11,PCGF2,IGIP,RPL23A,LAMB1,PTPN11,PER1,PINK1,HIST3H2A,POLR3H,PNPLA6,TPT1,FAM50A
gene_set_query	808	ZNF660	721.3	ARCHS4 Coexpression,1174;Enrichr Queries,508;GTEx Coexpression,482	RIPOR2,LRRC59,ZNF175,SMIM29,SLC43A2,ATN1,ZBTB4,APH1A,AS3MT,CUX2,CAPNS1,KIF5C,ZNF426,RNF150,HNRNPA1,NINL,JAM2,PLXNA3,GDF11,ZNF483,DCC,ZBTB16,MOGS,NFATC4,RGMA,LATS1,DMTF1,CRISPLD1,MPPED2,SPIRE2,HNRNPH3,ZNF554
gene_set_query	809	ST18	722.0	ARCHS4 Coexpression,822;Enrichr Queries,1259;GTEx Coexpression,85	LRRC59,TUSC3,RPL12,KLC1,TRAK2,APH1A,SCRN1,KIF5C,TP53INP2,PEA15,KIF5A,PHACTR3,PLXNA2,MBP,RAB11FIP4,BCAS1,APC2,PAQR6,CA10,ZNF483,KCNJ9,DCC,ZBTB16,IGIP,MOGS,MTURN,GADD45G,DYNC1LI2,ASPHD1,EEF1D,PKP4,RPL29,LINC00641,RAPGEF4
gene_set_query	810	ZNF764	722.3	ARCHS4 Coexpression,902;Enrichr Queries,918;GTEx Coexpression,347	ARHGEF26-AS1,MTMR14,MPI,METTL21A,APOLD1,PHTF1,NDST2,OPHN1,PEA15,MACROD1,ZNF844,ZNF787,RAC1,MAP4,SPTBN1,PPP1R14B,FKRP,NORAD,IGIP,PTPN11,HARS2,ATXN2L,TMLHE,SDHAF2,CDC37,IRF1,SPIRE2,PKP4,NUPR1,RAF1,INTS8,ZNF554,BCL2L2
gene_set_query	811	HIVEP1	723.0	ARCHS4 Coexpression,526;Enrichr Queries,512;GTEx Coexpression,1131	KMT2D,SMIM29,NEDD9,CHD2,RPL8,MTRNR2L1,ELMSAN1,TIMP3,GSE1,RREB1,ATP9B,SPTBN1,USP24,SEC24B,GADD45A,LRBA,VPS13D,TAP1,SOD2,PATL1,HIPK2,TUFM,BCL6,WNK1,PEAK1,IRF1,MAFF,BCL2,PLEC
gene_set_query	812	ZBTB10	723.3	ARCHS4 Coexpression,768;Enrichr Queries,509;GTEx Coexpression,893	SMIM29,PITPNA,CLTB,ADIRF,NEDD9,CHD2,CCND3,SLK,HEY1,FTH1,GJA4,SCMH1,FLOT1,TIMP3,ARL6IP4,RREB1,EIF4B,USP24,GADD45A,ZBTB16,TSC22D3,NBEAL2,GADD45G,LATS1,BCL6,IRF1,MAFF,RBM12B,BCL2,MAFK,TAGLN2
gene_set_query	813	ATOH7	723.7	ARCHS4 Coexpression,1342;Enrichr Queries,564;GTEx Coexpression,265	SPTBN4,KCNC1,SMIM29,MT1M,HSPB1,SAT2,KLC1,DLL3,RND1,CYTH3,FAM171A2,RIMS3,ZIC2,KIF5C,PPP4R4,GDAP1L1,CA4,PLXNA2,PHF24,PLXNA1,CLVS1,UNC13C,NTNG2,CA10,KCNJ9,GADD45A,RTN4RL2,MAPK8IP2,RIT2,CDH10,CTXN2,CAMK1G,GSTM5
gene_set_query	814	ZNF484	723.7	ARCHS4 Coexpression,577;Enrichr Queries,950;GTEx Coexpression,644	ZNF254,RIPOR2,ZNF175,KCNC1,SMIM29,ATN1,RPL8,FNBP1L,GPATCH8,ZIC2,CAPNS1,IRAK1,SNRNP70,ZMIZ2,ZNF426,POU2F1,DCC,NEK7,PDE4DIP,MOGS,GRIN2C,KCNAB3,LATS1,RIT2,RAB37,CD109,RPL29,TARDBP,ZNF510,RPL28
gene_set_query	815	RXRG	724.3	ARCHS4 Coexpression,930;Enrichr Queries,496;GTEx Coexpression,747	RTN2,UBE2D4,ZBTB47,HSPB6,COL11A1,FAM107A,NDRG2,SGCD,HEY1,CA4,MACROD1,PLXNA2,TIMP3,DGCR6,SNTA1,SEMA6C,KCNJ11,ZBTB16,PDE4DIP,INHBA,ANO5,GADD45G,PINK1,BMP2,CASTOR3,COL5A2,BCL2,TACC2,RAMP1
gene_set_query	816	USF1	724.8	ARCHS4 Coexpression,1436;ENCODE ChIP-seq,25;Enrichr Queries,975;ReMap ChIP-seq,26;GTEx Coexpression,1162	RIPOR2,UBE2D4,PITPNA,ATN1,CASC3,RPL8,GOLGA3,PNN,CCND3,LAPTM4A,RPS17,FRAT2,RPS16,CAPNS1,CSKMT,FTH1,DHX58,MACROD1,SLC16A6,HABP4,RPL38,EIF2D,RPS11,PPFIA3,FBXW4,RPS9,RPS5,PUS1,PPP1R16A,RPS6,TAP2,RNASE4,RPSA,CSNK1D,MFSD11,LZTFL1,WDR77,TUFM,ILF3,TMEM135,SNHG12,RAB34,CDC37,SNHG10,S100A6,TAGLN2,RPL29,UBA52,ZNF554,FTL,FKBP5,RTN2,TSTA3,LRRC59,TBC1D19,SET,GSTCD,ZBTB4,APH1A,KLC4,UBC,AMZ2,RREB1,PPP1R26,PHF12,PCIF1,SNHG8,PYCR1,NBEAL2,NR1D1,ACADSB,VASN,GADD45G,TBL3,RPS28,RPS27,BCL6,LAS1L,ATG16L1,TRIP6,MAFF,HNRNPD,KYAT3,MAFK,RPS20,ACO2,SETD6,MTMR14,PTEN,HMGB2,AATF,SNRNP70,RARS,FLOT1,RPLP2,RAC3,EMILIN1,PELP1,APC2,PLA2G12A,FOXD1,CERS6,ANO8,RPL13A,ARNT,PATL1,TAPBP,SUMF1,PTP4A2,LSG1,NDUFS8,EEF1D,HNRNPH1,IRF1,ARHGEF3,IER3-AS1,DNASE2,HNRNPH3,PIGL,PAFAH1B3,PLEC,YAP1,TSEN34,LAMA5,PLEKHH3,RPL10,CEBPD,SMIM29,SLC43A2,FOXK2,PBXIP1,CCDC106,WDR24,TM9SF4,FOXRED1,DLL3,CYTH3,FAM168B,PDLIM2,MARVELD2,BRD9,D2HGDH,RPS2,RPL18,E2F6,APBB3,EIF4B,MAP4K4,MAPK3,PPP1R14B,HNRNPA3,TAF12,PCGF2,RPL23A,ALDH4A1,PER1,PINK1,POLR3H,PNPLA6,EIF3F,FAM50A,MSRB1
gene_set_query	817	GTF2IRD1	725.0	ARCHS4 Coexpression,463;GTEx Coexpression,987	LAMA5,PLEKHH3,KCNJ11,NXN,PCGF2,TAP2,FOXK2,TAP1,RGMA,CCND3,OPHN1,MACROD1,TYRO3,SPIRE2,TAGLN2,TACC2,E2F6,ZNF554,PLXNA3
gene_set_query	818	AIRE	725.3	ARCHS4 Coexpression,1121;Enrichr Queries,667;GTEx Coexpression,388	SPTBN4,ADCYAP1R1,RPL3,SMIM29,CEBPD,KCNC1,IGSF1,HSPB1,C2CD4C,CASC1,FHIT,DLL3,CCND3,PEA15,TIMP1,MAP3K6,NORAD,ANXA2,NGB,COBL,SLC6A11,AGBL4,BCL6,ATG16L1,CDC37,IRF1,MMP17,FNDC10,S100A6,NUPR1,CTXN2,FKBP5
gene_set_query	819	ZNF644	726.3	ARCHS4 Coexpression,428;Enrichr Queries,1016;ReMap ChIP-seq,257;GTEx Coexpression,1204	ZNF254,ZNF175,LINC01354,CITED4,PTEN,ATN1,CHD2,FNBP1L,PPP1CB,SLK,HEY1,CAPNS1,SNRNP70,FTH1,KIF5B,ZMIZ2,GDAP1L1,ZNF326,ATXN7L2,SBF2,PLA2G12A,RPS9,DGAT1,DAPK1,MOGS,TOMM40L,LATS1,PTP4A2,DMTF1,PACS1,RAB34,SRSF4,DNASE2,TAGLN2,NSRP1,RPL28,FTL,TSEN34,NECAB3,PRDM15,ACVR1B,DLL3,APH1A,MFN2,ZNF787,HNRNPA1,SPTBN1,SEC24B,HNRNPA3,NORAD,RARRES2,RPL23A,NR1D1,GRIN2C,HIPK3,GADD45G,SLC25A37,RPS27,WNK1,PLEKHM2,ANP32B,PNPLA6,DNAL4
gene_set_query	820	ATMIN	726.7	ARCHS4 Coexpression,535;Enrichr Queries,518;GTEx Coexpression,1127	OSCP1,LRRC59,SMIM29,RPL12,PTEN,APH1A,DNAJB1,FAM168B,SLK,SCRN1,FTH1,KIF5B,GSE1,AMZ2,TSPAN3,EIF4B,MAP4K4,TLE1,ICMT,CERS6,DCC,DAPK1,GADD45A,TSC22D3,PDE4DIP,PTPN11,LZTFL1,HIPK2,BCL6,WNK1,PKP4,DNAL4,TPT1
gene_set_query	821	ZNF506	727.0	ARCHS4 Coexpression,998;Enrichr Queries,941;GTEx Coexpression,242	ZNF254,RIPOR2,LRRC59,SMIM29,AKAP8L,AKAP17A,FNBP1L,METTL21A,OPHN1,SNRNP70,ZMIZ2,ZNF426,ZNF844,RDH14,ZNF346,ATP9B,SBF2,HNRNPA3,POU2F1,PHF12,OGA,RABL2B,PDE4DIP,MFSD10,SYTL2,PAN3,DMTF1,BCL2,SPIRE2,NSRP1,ZNF554
gene_set_query	822	ALX3	727.7	ARCHS4 Coexpression,571;Enrichr Queries,1104;GTEx Coexpression,508	KMT2D,LRRC59,CTNND2,IGSF1,FAM107A,APH1A,FAM171A2,FAM168B,CUX2,ZIC2,MPRIP,IRAK1,PHACTR3,SERPINH1,MFN2,PPFIA3,LINC00632,REPS1,CHST8,DTNA,FOXD1,FOXF2,ZBTB16,MOGS,NFATC4,ATXN2L,ILF3,PINK1,BCL6,MAFF,PLEKHM2,SNRNP200,GPR19
gene_set_query	823	ZNF174	728.3	ARCHS4 Coexpression,271;Enrichr Queries,944;GTEx Coexpression,970	SMIM29,RPL8,ZBTB4,PITPNC1,UNG,DNAJB1,ARL6IP4,RPL18,RREB1,MAP4K4,ACVR1,PRMT5,RBM14,TAF12,IFT140,TSC22D3,RPS5,PCIF1,CDPF1,ANO5,WDR77,TUFM,EEF1G,TMLHE,NDUFS8,SDHAF2,CRISPLD2,PEAK1,TRIP6,RAF1,RPL29,NOL12,PAFAH1B3,DNAL4,MSRB1
gene_set_query	824	DPF3	728.3	ARCHS4 Coexpression,553;Enrichr Queries,919;GTEx Coexpression,713	RTN2,UBE2D4,SMIM29,ZBTB47,HSPB6,SGCD,HEY1,MACROD1,PLXNA2,TIMP3,KIF1C,DGCR6,RNF150,MAP4,SNTA1,SEMA6C,MYH7B,DTNA,KCNJ11,GADD45A,ZBTB16,PDE4DIP,ANO5,RGMA,INPP4B,BCL6,ITGA7,ACO2,TACC2
gene_set_query	825	MNX1	728.8	Literature ChIP-seq,75;ARCHS4 Coexpression,794;Enrichr Queries,1212;GTEx Coexpression,834	SNED1,KCNC1,GALNT16,PITPNA,CITED4,CLTB,PTEN,GXYLT1,RPL8,AATF,PVR,GPATCH8,TOMM22,SHE,FRAT2,ZIC2,CAPNS1,AIFM2,RARS,KIF5A,RAC3,PELP1,BCAS1,APC2,FOXD1,DAPK1,ITGA3,AXIN1,ANO8,MOGS,CSNK1D,TMEM170B,PTP4A2,RAB37,HNRNPH1,TYRO3,ARHGEF3,ITGA7,TAGLN2,CAMK1G,FKBP5,SHC2,PLEKHH3,SLC43A2,PRELP,C2CD4C,ADCY8,KLC1,NDRG2,ZBTB4,TRAK2,TAF1D,FAM171A2,IRAK1,EPCAM,DHRS7B,PLXNA2,CDH23,MAP3K21,GSE1,RPS2,ZNF787,GAS2L1,RREB1,WNT10B,GDF11,MPP3,FOXF2,ZBTB16,PCGF2,NEK7,SNHG8,PYCR1,NBEAL2,NR1D1,INHBA,PER1,BMP2,BCL6,KCNS1,TRIP6,RPS20
gene_set_query	826	ZSCAN12	730.3	ARCHS4 Coexpression,760;Enrichr Queries,750;GTEx Coexpression,681	ZNF175,SMIM29,GSTCD,HMGB2,CLTB,PPWD1,FNBP1L,APH1A,TAF1D,CAPNS1,ZMIZ2,ZNF280C,ZNF525,TNKS1BP1,KIF1C,HNRNPA1,RREB1,POU2F1,GADD45A,TSC22D3,MOGS,GADD45G,LATS1,DMTF1,BCL6,RBM12B,BCL2,PLEKHM2,PNPLA6,SNRNP200,ZNF554,FKBP5
gene_set_query	827	ZNF445	732.0	ARCHS4 Coexpression,975;Enrichr Queries,858;GTEx Coexpression,363	ZNF175,SMIM29,CHD2,METTL21A,ZBTB4,GPATCH8,TOMM22,ARVCF,MPRIP,OPHN1,ZNF844,RREB1,ATP9B,SBF2,SPTBN1,PLXNA3,POU2F1,BICRAL,KCNAB3,HIPK2,LATS1,LAS1L,DMTF1,RAB37,WNK1,PEAK1,RBM12B,TYRO3,SPIRE2,ZNF510,ZNF554
gene_set_query	828	ZNF135	732.7	ARCHS4 Coexpression,1266;Enrichr Queries,835;GTEx Coexpression,97	RIPOR2,LRRC59,SMIM29,IFT172,RPL12,AKAP8L,ATN1,ZBTB4,SMG6,APH1A,IRAK1,SNRNP70,ZMIZ2,TIMP3,ZNF844,DNAH10OS,RNF150,NINL,APBB3,PLXNA3,CSGALNACT1,ZNF483,DTNA,IFT140,ZBTB16,RABL2B,MOGS,RGMA,KAT2A,TTLL3,DMTF1,CRISPLD1,MPPED2,BCL2,HNRNPH3
gene_set_query	829	ZNF600	733.0	ARCHS4 Coexpression,1259;Enrichr Queries,652;GTEx Coexpression,288	ZBTB47,SMIM29,ATN1,MT1X,AKAP17A,METRNL,FAM168B,MPRIP,SCRN1,MARVELD2,RNPEP,HABP4,SLC16A6,ZNF844,MAP4,TIMP1,METTL17,SNTA1,NORAD,TSC22D3,TEX2,SYTL2,PINK1,PAN3,SNHG12,BCL6,HNRNPH1,IRF1,MAFF,HNRNPD,S100A6,FKBP5
gene_set_query	830	ZNF558	733.3	ARCHS4 Coexpression,1493;Enrichr Queries,603;GTEx Coexpression,104	LRRC59,CEBPD,SMIM29,PNN,RPS16,CAPNS1,SCMH1,SLC16A6,ZNF426,ZNF844,EIF2D,TIMP1,RPL17,METTL17,WWTR1,TSC22D3,EMP1,NFATC4,SYTL2,LATS1,KAT2A,PINK1,RPS27,DMTF1,BCL6,HNRNPH1,EEF1D,MAFF,SPIRE2,SRSF4,HNRNPH3,NUPR1,TARDBP,ZNF554
gene_set_query	831	ZNF438	734.3	ARCHS4 Coexpression,1062;Enrichr Queries,413;GTEx Coexpression,728	TSEN34,RIPOR2,CEBPD,SMIM29,MTMR14,NEDD9,PEAR1,FRAT2,SH3BGRL2,MAP4K4,PLA2G12A,TAF12,GADD45A,SMOX,SQOR,PDE4DIP,USB1,GAB2,SYTL2,MARCH2,TMLHE,SDHAF2,BCL6,CRISPLD2,WNK1,RAB37,PEAK1,IRF1,S100A6,TAGLN2,MSRB1,FKBP5
gene_set_query	832	ZNF202	735.3	ARCHS4 Coexpression,787;Enrichr Queries,1135;GTEx Coexpression,284	RPL4,KMT2D,SET,SETD6,PPWD1,UNG,FRAT2,ZNF525,HNRNPA1,EIF4B,PRMT5,RBM14,HNRNPA3,RPS5,PUS1,TSC22D3,RPSA,EEF1A1,LSG1,ILF3,BCL6,HNRNPH1,EEF1D,IRF1,MAFF,BCL2,HNRNPD,SNRNP200,EIF3D,INTS8
gene_set_query	833	RFX3	736.7	ARCHS4 Coexpression,817;Enrichr Queries,976;GTEx Coexpression,417	LRRC59,SMIM29,MAGED1,IFT172,RPL12,DNAH6,LRRC6,CHD2,FNBP1L,CASC1,PHTF1,RASGEF1A,KIF5C,PLXNA2,AMZ2,TSPAN3,RREB1,POU2F1,CERS6,DTNA,DCC,RABL2B,TMEM170B,LRRC37B,SUMF1,BCL6,CRISPLD1,BCL2,GPR19
gene_set_query	834	ZNF90	737.0	ARCHS4 Coexpression,708;Enrichr Queries,1342;GTEx Coexpression,161	RPL4,LRRC59,SMIM29,RPL11,HMGB2,APH1A,AS3MT,FAM168B,ZIC2,CAPNS1,MARVELD2,KIF5C,SNRNP70,RPS3,LPXN,MFN2,RPS2,HNRNPA1,RPL17,HNRNPA3,RPSA,MOGS,MFSD10,EEF1A1,EIF2S3,HNRNPH1,RPL27A,RBM12B,HNRNPD,BCL2,PLEKHM2,NSRP1,ZNF554,GPR19
gene_set_query	835	NR3C2	737.0	ARCHS4 Coexpression,1009;Enrichr Queries,379;GTEx Coexpression,823	SMIM29,NDRG2,ZBTB4,KLC4,IRAK1,EPCAM,PLXNA2,PGM2,TIMP3,TSPAN3,RNF150,NUDT16,SPTBN1,UNC13C,DAPK1,PUS1,ZBTB16,CAV1,VPS13D,COBL,PDE4DIP,SDCBP2,SYTL2,INPP4B,BMP2,BCL6,TMEM54,MPPED2,BCL2,RAPGEF4
gene_set_query	836	ZNF713	737.3	ARCHS4 Coexpression,1282;Enrichr Queries,716;GTEx Coexpression,214	ZNF254,LRRC59,CEBPD,SMIM29,METTL21A,TRAK2,APH1A,HEY1,TP53INP2,PEA15,PLXNA2,AMZ2,MBP,MAP4,NINL,BCAS1,PAQR6,NORAD,IGIP,PTPN11,MOGS,TEX2,MTURN,HIPK2,CASTOR3,DMTF1,BCL6,CRISPLD2,BCL2,SPIRE2,PKP4,ZNF554,RAPGEF4
gene_set_query	837	ZNF718	737.3	ARCHS4 Coexpression,233;Enrichr Queries,993;GTEx Coexpression,986	LRRC59,SMIM29,ATN1,APH1A,FAM168B,MPRIP,CAPNS1,IRAK1,KIF5C,SNRNP70,ZMIZ2,GSE1,TNKS1BP1,KIF1C,ZNF787,MAP4,WWTR1,LRBA,PDE4DIP,CSNK1D,MOGS,EEF1A1,LATS1,INPP4B,PINK1,EIF2S3,BCL6,RBM12B,HNRNPD,BCL2,PLEKHM2,MAFK,PNPLA6,PLEC
gene_set_query	838	ARX	740.0	ARCHS4 Coexpression,1038;Enrichr Queries,1038;GTEx Coexpression,144	LRRC59,RPL3,NECAB3,RPL10,TUSC3,MAGED1,COL11A1,CTNND2,RPL12,FNBP1L,APH1A,CUX2,ZIC2,PPP4R4,RPS3,CDH23,PLXNA2,RPL13,TIMP3,RPL38,HNRNPA1,NINL,DAPK1,ZBTB16,RPL13A,SNHG6,MOGS,GADD45G,BMP2,MPPED2,TYRO3,NAXD,PAFAH1B3,CAMK1G,GSTM5
gene_set_query	839	RFX2	743.3	ARCHS4 Coexpression,1130;Enrichr Queries,232;ReMap ChIP-seq,92;GTEx Coexpression,1519	OSCP1,SNED1,HSPB6,IFT172,SETD6,ZFAND2A,ATN1,HSPB1,EFCAB5,LRRC6,CASC3,MTRNR2L1,CASC1,ASGR1,RND1,FBL,RARS,PEA15,CA4,RPL36,RPLP2,TNKS1BP1,TIMP3,PRMT5,MIGA2,ANXA2,RPS5,TSC22D3,EMP1,MOGS,DNAAF4,TEX2,SDCBP2,TOM1L2,FNDC4,DMWD,CDC37,IRF1,MMP17,RBM12B,PEX5,TAGLN2,RPL29,PFDN5,FKBP5,PLEC,LRRC59,TBC1D19,MVK,CEBPD,SMIM29,RPL12,DNAH6,NEDD9,CCDC106,NDRG2,WDR24,TM9SF4,APH1A,UBC,RPL18,GAS2L1,RREB1,ZNF584,FKRP,SMOX,GADD45A,ZBTB16,IFT122,RABL2B,NR1D1,HARS2,AGBL4,PER1,BCL6,VAC14-AS1,MAFF,FNDC10,ACO2,INTS8
gene_set_query	840	RFX1	743.5	ARCHS4 Coexpression,1131;Enrichr Queries,437;ReMap ChIP-seq,182;GTEx Coexpression,1224	OSCP1,SNED1,LINC01354,HSPB6,PITPNA,AKAP8L,ATN1,HSPB1,LRRC6,CASC1,AS3MT,FRAT2,ZMIZ2,SAP130,RPLP2,TNKS1BP1,APC2,PRMT5,RPS5,PPP1R16A,AXIN1,COBL,MOGS,CSNK1D,TAPBP,ATXN2L,EEF1G,ILF3,PACS1,CDC37,SNHG10,IRF1,CRY2,TAGLN2,CCNQ,PFDN5,RPL28,FKBP5,PLEC,TSEN34,MVK,SMIM29,DNAH6,PBXIP1,CCDC106,WDR24,DNAJB1,GSE1,RDH14,ZNF787,RREB1,ZNF584,PPP1R14B,FKRP,PCIF1,IFT122,PYCR1,NBEAL2,NR1D1,AGBL4,PC,RPS27,BCL6,MAFK,POLR3H,PNPLA6
gene_set_query	841	DOT1L	744.3	ARCHS4 Coexpression,477;Enrichr Queries,370;GTEx Coexpression,1386	KMT2D,SMIM29,AKAP8L,ATN1,PTEN,NEDD9,EFCAB5,CHD2,METRNL,ABR,IRAK1,SNRNP70,ZMIZ2,PLXNA1,GSE1,ZNF787,RREB1,MAP4K4,TAF15,IFT122,CSNK1D,MOGS,HIPK2,ATXN2L,ILF3,BCL6,WNK1,MAFF,PLEKHM2,MAFK,PLEC
gene_set_query	842	TFDP2	744.3	ARCHS4 Coexpression,531;Enrichr Queries,408;GTEx Coexpression,1294	SMIM29,SRXN1,HMGB2,CLTB,NEDD9,CHD2,METTL21A,PVR,APH1A,CAPNS1,SAP130,FLOT1,ARIH1,HNRNPA1,POU2F1,ANXA2,GADD45A,LINC02175,ZBTB16,TSC22D3,SQOR,PDE4DIP,HIPK2,BCL6,WNK1,IRF1,BCL2,TAGLN2,PNPLA6,ZNF554,FKBP5
gene_set_query	843	LYL1	744.8	Literature ChIP-seq,135;ARCHS4 Coexpression,1116;Enrichr Queries,861;ReMap ChIP-seq,264;GTEx Coexpression,1348	OSCP1,PRR5,RIPOR2,ZNF175,LINC01354,FLT1,SRXN1,KCNC1,MTMR14,CITED4,HSPB1,FNBP1L,GPATCH8,CDH5,CCND3,FRAT2,SCMH1,SAP130,PHACTR3,EMILIN1,TIMP1,MAP3K6,RPS11,TGM2,FBXW4,CERS6,ANXA2,DAPK1,USP4,RALGAPA2,TSC22D3,TAP2,RPL13A,PTP4A2,TMEM135,SLCO4A1,RAB37,ETHE1,IRF1,SNHG10,CHI3L2,S100A6,TAGLN2,PIGL,HNRNPH3,NUPR1,UBA52,PLEC,SMIM29,CEBPD,RPL12,ABR,PDLIM2,LPXN,MBP,HNRNPA1,SPTBN1,MAPK4,GADD45A,LINC02175,NBEAL2,LYVE1,MARCH2,SLC25A37,PAN3,NAXD,RAMP1,TPT1,MSRB1
gene_set_query	844	ZNF451	745.3	ARCHS4 Coexpression,296;Enrichr Queries,938;GTEx Coexpression,1002	ZNF175,PTEN,ATN1,CHD2,RPL8,PPP1CB,APH1A,PNN,CAPNS1,KIF5B,ZMIZ2,FLOT1,ZNF525,RAC1,SPTBN1,ZNF483,HNRNPA3,PPP1R14B,TSC22D3,OGA,MOGS,ATXN2L,DMTF1,WNK1,HNRNPH1,PNPLA6,RPL29,RPL28
gene_set_query	845	PBX1	746.3	Literature ChIP-seq,159;ARCHS4 Coexpression,1445;Enrichr Queries,1230;GTEx Coexpression,151	PRR5,GALNT16,CTNND2,POP4,SETD6,AKAP8L,FNBP1L,CASC1,PPP1CB,OPHN1,KIF5C,SCMH1,GDAP1L1,HABP4,TIMP3,EMILIN1,RNF150,SLC25A42,BCAS1,CHST8,RPS9,TLE1,TSC22D3,ITGA1,EMP1,RNASE4,TEX2,MAPK8IP2,LRRC37B,TOMM40L,PATL1,RGMA,LATS1,LSG1,RAB34,RHOJ,PEX5,TYRO3,NSRP1,CAMK1G,TBC1D19,SMIM29,NXN,IGSF1,ATL2,NEDD9,PBXIP1,ZBTB4,FHIT,ARVCF,PLXNA2,TSPAN3,HNRNPA1,APBB3,SPTBN1,WWTR1,CRTAP,FOXF2,PCGF2,PDE4DIP,PARVA,NFATC4,ALDH4A1,SMTN,PC,BCL6,COL5A2,NAXD,RAMP1,DNAL4,GPR19
gene_set_query	846	ZNF442	746.7	ARCHS4 Coexpression,1070;Enrichr Queries,492;GTEx Coexpression,678	LRRC59,SMIM29,TAMM41,HMGB2,ADIRF,APOLD1,APH1A,DNAJB1,FAM168B,CAPNS1,SNRNP70,SLC16A6,ZNF844,SEC24B,GADD45A,TSC22D3,ARNT,MOGS,SYTL2,EEF1A1,LATS1,EIF2S3,BCL6,RBM12B,MAFF,COL5A2,SPIRE2,NUPR1,PNPLA6,FKBP5
gene_set_query	847	ZNF618	746.7	ARCHS4 Coexpression,330;Enrichr Queries,1343;GTEx Coexpression,567	SNED1,SMIM29,NXN,FNBP1L,FAM171A2,ARVCF,KIF5C,GDAP1L1,PLXNA2,RPL13,FGFBP3,NINL,PLXNA3,MAP4K4,ACVR1,APC2,GDF11,POU2F1,ITGA3,DAPK1,PCGF2,ANO8,VASN,HIPK2,NFATC4,LATS1,ILF3,RAB34,TRIP6,FKBP9,PLA2R1,FKBP5
gene_set_query	848	PGR	746.8	ARCHS4 Coexpression,1411;Enrichr Queries,576;ReMap ChIP-seq,115;GTEx Coexpression,885	SERPINA3,RPL3,LINC01354,FLT1,TUSC3,CTNND2,MT1M,MPI,PTEN,HSPB1,CHD2,MPRIP,FTH1,CA4,SLC16A6,RPLP2,TNKS1BP1,TIMP3,EMILIN1,RAC1,TBC1D10A,PPFIA3,BCAS1,TGM2,TLE1,ANXA2,PUS1,PPP1R16A,CSNK1D,SYTL2,EEF1G,INPP4B,NDUFS8,SLCO4A1,CRISPLD2,RAB34,IRF1,TAGLN2,NUPR1,FKBP5,PLEC,YAP1,LAMA5,TBC1D19,FOXK2,PBXIP1,KLC1,WDR24,DNAJB1,ELMSAN1,UBC,RPS3,RPL13,GSE1,RPS2,RREB1,CRTAP,PPP1R14B,TAF15,DTNA,ZBTB16,CAV1,NR1D1,INHBA,NFATC4,GADD45G,PER1,TBL3,RPS27,BCL6,MAFF,SPIRE2,BCL2,MAFK,RAMP1
gene_set_query	849	NKX26	747.0	ARCHS4 Coexpression,588;GTEx Coexpression,906	MPP3,FOXD1,NEK7,CIB2,PARVA,SHD,VASN,NFATC4,MMP14,BMP2,NDUFS8,GPC1,SERPINH1,MFN2,RBM20,PLXNA1,EMILIN1,ACO2,SNTA1
gene_set_query	850	NEUROG1	747.3	ARCHS4 Coexpression,105;Enrichr Queries,1334;GTEx Coexpression,803	PRDM8,RTN2,DOCK6,SPTBN4,SHC2,NECAB3,UBE2D4,TMEM200C,CIB2,MTRNR2L1,KLC1,SHD,DLL3,FAM171A2,KIF5C,TP53INP2,GDAP1L1,MACROD1,MFN2,KIF1C,PLXNA1,GSE1,MAP4K4,CHST8,APC2,FOXD1,TLE1,ZBTB16,RTN4RL2,WDR77,GADD45G,BCAN,NDUFS8,ACO2
gene_set_query	851	PEG3	747.5	ARCHS4 Coexpression,367;GTEx Coexpression,1128	SPTBN4,ZNF483,TUSC3,KCNJ9,CTNND2,NGB,ASGR1,MTURN,GRM5,RIMS3,KIF5C,PPP4R4,KIF5A,FNDC10,PHF24,PKP4,CTXN2,BCL2L2,SPTBN1,RAB11FIP4,RAPGEF4
gene_set_query	852	CBX2	747.6	ARCHS4 Coexpression,413;ENCODE ChIP-seq,112;Enrichr Queries,1379;ReMap ChIP-seq,293;GTEx Coexpression,1541	RPL4,RIPOR2,ARHGEF26-AS1,FLT1,TAMM41,MT1M,HMGB2,GXYLT1,MT1X,EFCAB5,ARHGEF10L,RPL8,PITPNC1,SHE,RPS17,ZIC2,OPHN1,PPP4R4,GJA4,SCMH1,CA4,SLC16A6,HABP4,PHF24,SH3BGRL2,RAC3,RPL38,ATXN7L2,SBF2,PELP1,FOXD1,CERS6,RPL21,ITGA3,EMP1,COBL,RTN4RL2,RPSA,CYS1,TMEM170B,RGMA,SYTL2,EEF1A1,EEF1G,DYNC1LI2,ILF3,FNDC4,CRISPLD2,SLCO4A1,CD109,ARHGEF3,GSAP,CTXN3,CCNQ,SNRNP200,CAMK1G,SMIM29,NXN,GSTCD,NEDD9,ACVR1B,TM9SF4,UNG,CUX2,PLXNA2,RPS2,HNRNPA1,E2F6,RPL17,ATP9B,JAM2,SPTBN1,PRELID3B,NTNG2,HNRNPA3,IGIP,CIDEA,IFT122,PYCR1,PARVA,HIPK2,ADCK2,STK17A,HNRNPD,RAMP1
gene_set_query	853	ZNF276	748.3	ARCHS4 Coexpression,1095;Enrichr Queries,161;GTEx Coexpression,989	RIPOR2,SNED1,LAMA5,KMT2D,SMIM29,SLC43A2,AKAP8L,PBXIP1,ZBTB4,NDST2,FRAT2,PDLIM2,SNRNP70,ZMIZ2,GSE1,MAP4K4,PHF12,TSC22D3,AXIN1,NBEAL2,CSNK1D,DMTF1,BCL6,WNK1,PACS1,IRF1,SPIRE2,FKBP5,PLEC
gene_set_query	854	NHLH2	748.3	ARCHS4 Coexpression,925;Enrichr Queries,898;GTEx Coexpression,422	PRDM8,SPTBN4,KCNC1,SMIM29,CTNND2,KLC1,FNBP1L,DLL3,CUX2,RIMS3,ZIC2,KIF5C,GDAP1L1,PLXNA2,RAC3,CHST8,APC2,NTNG2,CA10,KCNJ9,DCC,ZBTB16,GRIN2C,KCNAB3,RGMA,RIT2,RAB37,CDH10
gene_set_query	855	ZNF517	749.7	ARCHS4 Coexpression,1538;Enrichr Queries,114;GTEx Coexpression,597	PRR5,SPTBN4,LAMA5,SHC2,PLEKHH3,CEBPD,SMIM29,CITED4,CCDC106,KLC1,RPL8,METRNL,FAM171A2,TP53INP2,GPC1,GDAP1L1,D2HGDH,RAB11FIP3,PLXNA3,SEMA6C,NTNG2,DGAT1,PPP1R16A,MAPK8IP2,PPP1R3F,LAS1L,CASTOR3,BCL6,SPIRE2,GTF2IRD1,ZNF554,FKBP5,PLEC
gene_set_query	856	SOX21	750.3	ARCHS4 Coexpression,57;Enrichr Queries,1145;GTEx Coexpression,1049	MAGED1,CTNND2,PITPNA,TMEM200C,CLTB,RPL36A,CIB2,ACVR1B,RPL9,FAM171A2,ARVCF,HEY1,ZIC2,RPS19,PEA15,TIMP3,RAC1,FGFBP3,HNRNPA1,RPL17,PPFIA3,JAM2,MYH7B,GDF11,PCGF2,COBL,RPL13A,GADD45G,RGMA,NFATC4,RPS27,ADCK2,CRISPLD1,RPL37A,TYRO3,HNRNPD
gene_set_query	857	ADNP2	751.0	ARCHS4 Coexpression,1027;Enrichr Queries,625;GTEx Coexpression,601	RPL4,UBE2D4,HMGB2,METRNL,CHD2,DNAJB1,SHE,ELMSAN1,UBC,ZNF525,GSE1,ARIH1,HNRNPA1,RREB1,TBC1D10A,SPTBN1,EIF4B,MAP4K4,HNRNPA3,GADD45A,SIAH1,EEF1A1,PPP1R3F,ILF3,CASTOR3,BCL6,WNK1,MAFF,BCL2,HNRNPD,PIGL,SNRNP200
gene_set_query	858	ZNF337	751.7	ARCHS4 Coexpression,1450;Enrichr Queries,373;GTEx Coexpression,432	ZNF175,KCNC1,CEBPD,SMIM29,CHD2,FHIT,GPATCH8,ARVCF,ZIC2,SNRNP70,KIF5C,GPC1,PHACTR3,NINL,APBB3,CA10,GADD45A,TSC22D3,OGA,PDE4DIP,GRIN2C,KCNAB3,GNG13,SYTL2,KAT2A,LAS1L,DMTF1,BCL6,RAB37,HNRNPH1,TRAF5,ZNF510
gene_set_query	859	ZNF292	752.7	ARCHS4 Coexpression,283;Enrichr Queries,1168;GTEx Coexpression,807	LRRC59,RPL12,PTEN,CHD2,RPL8,FNBP1L,APH1A,PNN,CAPNS1,IRAK1,KIF5B,ZNF525,MFN2,KIF1C,ATP9B,MAP4K4,PPP1R14B,CRTAP,DCC,LRBA,OGA,MOGS,LATS1,EIF2S3,PAN3,DMTF1,WNK1,RBM12B,MPPED2,HNRNPD,TAGLN2,PNPLA6,SNRNP200,RPL29
gene_set_query	860	MEF2B	752.8	ARCHS4 Coexpression,712;Enrichr Queries,507;ReMap ChIP-seq,285;GTEx Coexpression,1507	HSPB1,CHD2,CCND3,CAPNS1,SNRNP70,ZMIZ2,PEA15,RPS11,SNTA1,RPS9,PUS1,TSC22D3,RPS6,ANO8,TAP1,CSNK1D,QRSL1,TOMM40L,EEF1A1,ATXN2L,BCAN,PTP4A2,LSG1,DMTF1,SLCO4A1,CDC37,IRF1,CHI3L2,NUPR1,RPL29,RPL28,PLEC,RTN2,PLEKHH3,SMIM29,CEBPD,PRDM15,ELMSAN1,UBC,SERPINH1,CDH23,LPXN,USP24,KCNJ11,BICRAL,PYCR1,NBEAL2,NR1D1,TTLL3,BCL6,RPL27A,MAFF,BCL2,ACO2,ANP32B
gene_set_query	861	ZKSCAN5	753.3	ARCHS4 Coexpression,955;Enrichr Queries,308;GTEx Coexpression,997	SMIM29,NGLY1,CHD2,WDR24,PHTF1,CAPNS1,UBC,RPL35,ZNF426,ARL6IP4,AMZ2,ATXN7L2,ATP9B,MAP4K4,POU2F1,GADD45A,USP4,LINC02175,TSC22D3,ARNT,PDE4DIP,NR1D1,DMTF1,BCL6,PEAK1,IRF1,MAFF,CRY2,TAGLN2,ZNF554,PLEC
gene_set_query	862	ZNF576	754.7	ARCHS4 Coexpression,1153;Enrichr Queries,709;GTEx Coexpression,402	SPTBN4,SMIM29,CCDC106,KLC1,FOXRED1,DNAJB1,FAM171A2,FAM168B,MPRIP,SNRNP70,GDAP1L1,TNKS1BP1,ZNF787,EIF4B,CLVS1,RBM14,KCNJ9,PUS1,VPS13D,MOGS,COMMD5,PPP1R3F,TBL3,ILF3,RIT2,EEF1D,WNK1,TRIP6,POLR3H,ZNF510,GPR19,MSRB1
gene_set_query	863	TBX20	755.3	ARCHS4 Coexpression,415;Enrichr Queries,1000;GTEx Coexpression,851	FLT1,SMIM29,CIB2,MTRNR2L1,SHD,HEY1,ZIC2,MFN2,TIMP3,RNF150,MAP4,SPTBN1,SNTA1,MYH7B,MPP3,FOXF2,ZBTB16,NEK7,PDE4DIP,LAMB1,INHBA,HIPK3,BMP2,NDUFS8,WNK1,RBM20,ACO2,TACC2
gene_set_query	864	PRDM9	756.3	ARCHS4 Coexpression,377;Enrichr Queries,360;GTEx Coexpression,1532	RPL4,SMIM29,CTNND2,CHD2,RPS4X,FAM168B,HEY1,PLXNA2,RPS2,HNRNPA1,RPL39,EIF4B,TGM2,USP24,POU2F1,IFT122,EMP1,COBL,PDE4DIP,RPSA,NR1D1,GADD45G,ATXN2L,EEF1G,INPP4B,DMTF1,BCL6,CDH10,MAFF,BCL2,SRSF4,RPL29,EIF3D
gene_set_query	865	ZNF782	756.3	ARCHS4 Coexpression,968;Enrichr Queries,805;GTEx Coexpression,496	ZNF254,ZNF175,SMIM29,SETD6,PPWD1,CHD2,RPL8,MTRNR2L1,PNN,MAP3K21,ZNF525,ATP9B,USP24,HNRNPA3,ZBTB16,TSC22D3,LRBA,VPS13D,OGA,TMEM170B,SYTL2,PAN3,DMTF1,WNK1,PEAK1,RBM12B,SNRNP200,RPL29,INTS8,ZNF510,FKBP5
gene_set_query	866	ZNF449	756.3	ARCHS4 Coexpression,1056;Enrichr Queries,965;GTEx Coexpression,248	SMIM29,MAGED1,PEAR1,FNBP1L,PPP1CB,GRM5,HEY1,GOLGA6L4,KIF5B,ZNF280C,GAS2L1,RAB11FIP4,SEC24B,CRTAP,CAV2,GADD45A,TSC22D3,RBM18,ITGA1,ARNT,PARVA,HIPK3,LZTFL1,SYTL2,TMEM135,DMTF1,BCL6,EEF1D,TRAF5,BCL2,PIGL,NUPR1,PAFAH1B3
gene_set_query	867	ZNF227	756.7	ARCHS4 Coexpression,750;Enrichr Queries,1112;GTEx Coexpression,408	ZNF254,ZNF175,SMIM29,CLTB,ATN1,PPWD1,METTL21A,CHD2,CAPNS1,ZMIZ2,ZNF426,TNKS1BP1,KIF1C,ZNF346,RBM18,NEK7,PDE4DIP,CDPF1,LINC00909,PATL1,MKLN1-AS,LATS1,DMTF1,RBM12B,SPIN2B,PLEKHM2,PNPLA6,ZNF510,BCL2L2
gene_set_query	868	TCF20	756.7	ARCHS4 Coexpression,485;Enrichr Queries,444;GTEx Coexpression,1341	KMT2D,LRRC59,CHD2,TM9SF4,FAM168B,MPRIP,SNRNP70,ZMIZ2,PLXNA2,PGM2,PLXNA1,GSE1,MAP4,RREB1,SPTBN1,EIF4B,MAP4K4,CERS6,TAF15,LRBA,VPS13D,PTPN11,MOGS,HIPK2,ATXN2L,ILF3,WNK1,PKP4,SNRNP200,PLEC
gene_set_query	869	ZNF254	756.7	ARCHS4 Coexpression,420;Enrichr Queries,1246;GTEx Coexpression,604	LRRC59,SMIM29,AKAP17A,FNBP1L,CHD2,APH1A,PNN,CAPNS1,IRAK1,SNRNP70,KIF1C,NINL,CSGALNACT1,HNRNPA3,CRTAP,IFT140,DCC,NEK7,PDE4DIP,MOGS,DNAAF4,PAN3,DMTF1,EEF1D,BCL2,ECHDC2,PLEKHM2,MAFK,TAGLN2,PNPLA6
gene_set_query	870	TLX3	757.3	ARCHS4 Coexpression,273;Enrichr Queries,1333;GTEx Coexpression,666	SPTBN4,KCNC1,ATN1,CCDC106,ARVCF,FAM171A2,CUX2,ZIC2,KIF5C,GDAP1L1,PLXNA1,RAC3,RPS2,DGCR6,RAB11FIP3,PPFIA3,CHST8,APC2,PPP1R26,CA10,PPP1R14B,FOXD1,FOXF2,PCGF2,ANO8,RTN4RL2,GRIN2C,KCNAB3,GNG13,RIT2,RAB37
gene_set_query	871	ATF5	759.3	ARCHS4 Coexpression,826;Enrichr Queries,109;GTEx Coexpression,1343	SRXN1,CEBPD,SMIM29,HSPB1,ASGR1,APH1A,FTH1,ZMIZ2,SERPINH1,TIMP3,TIMP1,ZNF787,TGM2,TAF15,ANXA2,GADD45A,BHMT2,TSC22D3,CAV1,EMP1,ACADSB,GADD45G,ATXN2L,ALDH4A1,BCL6,IRF1,MAFF,S100A6,BCL2,PLEKHM2,TAGLN2,NUPR1,RPL28
gene_set_query	872	VAX2	760.0	ARCHS4 Coexpression,617;Enrichr Queries,1210;GTEx Coexpression,453	SPTBN4,KCNC1,SMIM29,HSPB1,SHD,ARVCF,FAM171A2,ZIC2,RAC3,RPS2,DGCR6,RAC1,CA10,PPP1R14B,FOXD1,FOXF2,ZBTB16,PCGF2,PCIF1,PYCR1,RTN4RL2,GRIN2C,KCNAB3,GNG13,RGMA,BCAN,RIT2,RAB37,CDH10,MAFF,FNDC10
gene_set_query	873	ZNF131	760.3	ARCHS4 Coexpression,583;Enrichr Queries,640;GTEx Coexpression,1058	CEBPD,NGLY1,ATN1,HSPB1,APH1A,DNAJB1,AS3MT,CAPNS1,SNRNP70,ZNF280C,SAP130,UBC,FLOT1,TNKS1BP1,MFN2,ARIH1,GADD45A,RPS5,TSC22D3,MOGS,LRRC37B,EEF1A1,TOM1L2,DMTF1,BCL6,WNK1,HNRNPH1,PLEKHM2,FAM193A,PNPLA6,ZNF554
gene_set_query	874	FOXQ1	761.3	ARCHS4 Coexpression,913;Enrichr Queries,146;GTEx Coexpression,1225	TSTA3,LAMA5,CEBPD,SMIM29,HSPB1,ACVR1B,PVR,ASGR1,APH1A,IRAK1,EPCAM,TIMP3,TNKS1BP1,KIF1C,TIMP1,TGM2,FOXD1,ANXA2,FOXF2,GADD45A,ITGA3,CAV1,EMP1,INHBA,SDCBP2,GADD45G,BMP2,BCL6,IRF1,S100A6,MAFK,NUPR1,NECTIN2,PLEC
gene_set_query	875	ZNF727	761.5	ARCHS4 Coexpression,509;GTEx Coexpression,1014	UNC13C,ZNF483,CA10,UBE2D4,PCIF1,COBL,ADCY8,ZBTB4,PPP1CB,LATS1,BCAN,DNAJB1,DYNC1LI2,BCL6,SCMH1,MPPED2,ZNF844,ZNF510,RAMP1
gene_set_query	876	IRF2	763.0	ARCHS4 Coexpression,1046;Enrichr Queries,436;ReMap ChIP-seq,60;GTEx Coexpression,1510	RIPOR2,HSPB6,ATN1,RPL8,FRAT2,RPS16,RPS18,CSKMT,FLOT1,RPLP2,RAC3,EMILIN1,MAP3K6,RPS11,TGM2,ANXA2,RPS5,TSC22D3,PPP1R16A,TAP2,RPL13A,TAP1,CSNK1D,MOGS,MFSD11,PATL1,TAPBP,EEF1G,PTP4A2,NDUFS8,RAB34,CDC37,IRF1,ARHGEF3,IER3-AS1,DNASE2,UBA52,FTL,PLEC,FKBP5,RTN2,TSEN34,KMT2D,RPL10,CEBPD,SMIM29,NEDD9,PBXIP1,CCDC106,WDR24,ZBTB4,APOLD1,APH1A,ARVCF,ELMSAN1,UBC,RPS2,ZNF787,RPL18,HNRNPA1,RREB1,PPP1R14B,FKRP,GADD45A,SQOR,PYCR1,RPL23A,NBEAL2,SOD2,GADD45G,MARCH2,PER1,TBL3,HIST3H2A,BCL6,TRIP6,BCL2L2,GPR19,MSRB1
gene_set_query	877	TCFL5	763.3	ARCHS4 Coexpression,503;Enrichr Queries,595;GTEx Coexpression,1192	RPL4,LRRC59,SMIM29,RPL12,HSPB1,EFCAB5,APH1A,RPS17,FAM168B,HEY1,IRAK1,TP53INP2,PLXNA1,KIF1C,AMZ2,TIMP1,RPS2,EIF4B,BCAS1,MAP4K4,PPP1R14B,PAQR6,DCC,GADD45A,TSC22D3,EMP1,PTPN11,SYTL2,SLCO4A1,MAFF,COL5A2,PKP4
gene_set_query	878	HAND1	764.3	ARCHS4 Coexpression,804;Enrichr Queries,878;GTEx Coexpression,611	LAMA5,FLT1,NXN,SHD,HEY1,ZIC2,EPCAM,SCMH1,CA4,SERPINH1,EMILIN1,RNF150,DGCR6,HNRNPA1,WWTR1,FOXF2,ZBTB16,ITGA1,PARVA,LAMB1,RGMA,WDR77,GADD45G,SMTN,BMP2,TMEM54,COL5A2,TYRO3,RAMP1,NECTIN2
gene_set_query	879	RUNX3	765.0	ARCHS4 Coexpression,1163;ENCODE ChIP-seq,98;Enrichr Queries,866;ReMap ChIP-seq,209;GTEx Coexpression,1489	RIPOR2,PITPNA,ATN1,GXYLT1,SBF2-AS1,CASC3,RPS19,ZNF844,RPL38,ZNF326,RPS11,VPS39,TGM2,RPL21,DGAT1,DAPK1,RPS5,RPS6,TAP2,TAP1,RPSA,MOGS,MFSD11,LZTFL1,TUFM,EEF1A1,DMTF1,RAB34,CDC37,S100A6,SPIN2B,FKBP5,SPTBN4,TBC1D19,AKAP17A,ZBTB4,ABR,FAM171A2,UBC,LPXN,AMZ2,RREB1,FAM120AOS,DTNA,GADD45A,LINC02175,RARRES2,RABL2B,IFT122,NBEAL2,RPS27,BCL6,LAS1L,WNK1,ATG16L1,MAFF,TRIP6,BCL2,INTS8,DNAL4,BCL2L2,GPR19,ZFAS1,CITED4,CLTB,CHD2,PITPNC1,FLOT1,TIMP1,ANXA2,RPL13A,TAPBP,PTP4A2,PACS1,IRF1,CHI3L2,ITGA7,IER3-AS1,PIGL,NSRP1,PAFAH1B3,PFDN5,PLEC,PLEKHH3,RPL10,CEBPD,SMIM29,NEDD9,PBXIP1,CCDC106,WDR24,APOLD1,FOXRED1,FAM168B,MARVELD2,ELMSAN1,TP53INP2,ANKRD54,ZNF346,APBB3,REPS1,SQOR,RPL23A,TYW1B,SOD2,ALDH4A1,PER1,SLC25A37,HIST3H2A
gene_set_query	880	MSX2	765.7	ARCHS4 Coexpression,558;Enrichr Queries,524;GTEx Coexpression,1215	LRRC59,LAMA5,SMIM29,RPL12,ADIRF,NEDD9,HSPB1,RPL8,LAPTM4A,RPS17,HEY1,PLXNA2,SERPINH1,TIMP3,GSE1,RPS2,TGM2,ACVR1,FOXF2,CAV1,EMP1,LAMB1,INHBA,VASN,BMP2,BCL6,TMEM54,CRISPLD2,CD109,TRIP6,NECTIN2
gene_set_query	881	MYOG	767.3	ARCHS4 Coexpression,1168;ENCODE ChIP-seq,22;Enrichr Queries,929;GTEx Coexpression,950	RIPOR2,UBE2D4,TUSC3,TAMM41,IFT172,GXYLT1,PVR,GPATCH8,TOMM22,PPP1CB,PNN,CCND3,CAPNS1,RPS19,KIF5B,GJA4,MACROD1,RPL36,RPL35,EIF2D,TRIM26,TBC1D10A,TGM2,FBXW4,SEMA6C,MIGA2,DGAT1,USP4,RALGAPA2,PPP1R16A,GTPBP6,CSNK1D,MOGS,TMEM170B,MFSD11,EEF1A1,DMTF1,DMWD,CD109,SNHG10,CMPK1,GSAP,CTXN3,NUPR1,PLA2R1,CTXN2,UBA52,FKBP5,RTN2,LRRC59,SPTBN4,TBC1D19,NECAB3,MAGED1,GSTCD,FAM171A2,UBC,SERPINH1,SMYD2,PLXNA2,PLXNA1,MAP4,GAS2L1,RAB11FIP3,WWTR1,DTNA,FOXF2,GADD45A,LRBA,PHF12,OGA,CIDEA,PYCR1,SNHG6,NR1D1,ACADSB,GADD45G,MARCH2,TBL3,BCL6,COL5A2,BCL2,KYAT3,PLEKHM2,RPS20,GSTM5,AKAP8L,NGLY1,CLTB,PTEN,HSPB1,LRRC6,ARHGEF10L,SHD,SMG6,SGCD,SCRN1,FLOT1,RPLP2,PGM2,DGCR6,TIMP1,ARIH1,PELP1,COMMD10,ARNT,COBL,PATL1,SUMF1,COMMD5,LATS1,EEF1D,TRAF5,MPPED2,CRY2,ITGA7,PIGL,HNRNPH3,PFDN5,YAP1,LAMA5,PLEKHH3,CEBPD,PBXIP1,ADCY8,BPHL,ARVCF,FAM168B,PDLIM2,GPC1,RPL18,JAM2,MAP4K4,REPS1,USP24,PPP1R14B,TAF15,KCNJ11,TAF12,PCGF2,PDE4DIP,SNX21,PTPN11,HIPK3,ALDH4A1,PER1,TACC2,TPT1,NECTIN2
gene_set_query	882	FOXD4L1	767.7	ARCHS4 Coexpression,1198;Enrichr Queries,671;GTEx Coexpression,434	SPTBN4,KCNC1,CEBPD,SMIM29,PHTF1,KLC4,CUX2,ZIC2,CAPNS1,KIF5C,CDH23,RAC3,RPS11,WNT10B,CA10,FOXF2,ZBTB16,TSC22D3,CSNK1D,GRIN2C,KCNAB3,TEX2,RGMA,RIT2,RAB37,CDH10,PAFAH1B3,ZNF554
gene_set_query	883	SP3	767.7	ARCHS4 Coexpression,1304;Enrichr Queries,417;GTEx Coexpression,582	MPI,PTEN,HMGB2,CCDC106,CHD2,FOXRED1,PPP1CB,KIF5B,UBC,RREB1,SPTBN1,EIF4B,USP24,SEC24B,POU2F1,BICRAL,LRBA,NEK7,ARNT,HIPK3,LATS1,EEF1A1,PPP1R3F,PTP4A2,MMP14,PINK1,BCL6,WNK1,RBM12B,CMPK1,TPT1
gene_set_query	884	ZNF133	768.0	ARCHS4 Coexpression,1019;Enrichr Queries,819;GTEx Coexpression,466	LRRC59,SMIM29,MAGED1,AKAP8L,ATN1,APH1A,ARVCF,ZIC2,HEY1,CAPNS1,IRAK1,SNRNP70,SCMH1,ZNF844,NINL,PLXNA3,TLE1,GADD45A,PYCR1,PDE4DIP,KCNAB3,KAT2A,LAS1L,DMTF1,IRF1,CDH10,MPPED2,GTF2IRD1,TAGLN2
gene_set_query	885	JDP2	769.0	ARCHS4 Coexpression,1373;Enrichr Queries,105;GTEx Coexpression,829	CEBPD,SMIM29,SLC43A2,NEDD9,HSPB1,METRNL,CCND3,FTH1,SERPINH1,TIMP3,SBF2,TGM2,ANXA2,GADD45A,TSC22D3,CAV1,EMP1,GAB2,COMMD5,GADD45G,MMP14,BCL6,PEAK1,CRISPLD2,IRF1,MAFF,S100A6,PLEKHM2,TAGLN2,NUPR1,FTL,FKBP5
gene_set_query	886	ZNF736	770.0	ARCHS4 Coexpression,1464;GTEx Coexpression,76	KMT2D,PPWD1,CHD2,PNN,ZNF525,HNRNPA1,ATP9B,HNRNPA3,LRBA,RPS6,VPS13D,OGA,TOMM40L,ATXN2L,ILF3,PAN3,TTLL3,DMTF1,HNRNPH1,PEAK1,HNRNPD,BCL2,PIGL,SNRNP200,TARDBP
gene_set_query	887	ZNF516	770.3	ARCHS4 Coexpression,849;Enrichr Queries,349;GTEx Coexpression,1113	CEBPD,SMIM29,SLC43A2,NEDD9,EFCAB5,ABR,TP53INP2,SAP130,PLXNA2,GSE1,RREB1,VPS39,DTNA,DAPK1,GADD45A,ANO8,IFT122,PDE4DIP,NBEAL2,GAB2,TMEM170B,LRRC37B,HIPK2,ATXN2L,TTLL3,BCL6,CASTOR3,BCL2,FAM193A,FKBP5
gene_set_query	888	ISL2	770.7	ARCHS4 Coexpression,254;Enrichr Queries,872;GTEx Coexpression,1186	TSEN34,RPL4,LRRC59,CEBPD,SMIM29,HSPB1,RPS17,FRAT2,HEY1,ZIC2,IRAK1,RAC3,RPS2,ZNF787,RPL18,PRMT5,FOXD1,FOXF2,GADD45A,RPS5,PYCR1,USB1,WDR77,TUFM,MED22,NDUFS8,BCL6,IRF1,TRIP6,RPL29,MSRB1
gene_set_query	889	ZNF432	770.7	ARCHS4 Coexpression,888;Enrichr Queries,700;GTEx Coexpression,724	LRRC59,SHC2,PLEKHH3,CEBPD,SMIM29,SETD6,NEDD9,MT1X,RPL8,APH1A,GOLGA3,CAPNS1,MAP3K21,ZNF426,MFN2,ZNF844,GADD45A,TSC22D3,CAV1,NEK7,SNHG8,PYCR1,MOGS,SYTL2,ILF3,BCL6,MAFF,PNPLA6,ZNF554
gene_set_query	890	EN2	770.7	ARCHS4 Coexpression,559;Enrichr Queries,1115;GTEx Coexpression,638	SPTBN4,FLT1,KCNC1,CTNND2,TMEM200C,RPL36A,HSPB1,RPL9,ARVCF,CUX2,ZIC2,HEY1,OPHN1,KIF5C,RPL38,FGFBP3,CA10,FOXD1,FKRP,FOXF2,DCC,PCGF2,GRIN2C,KCNAB3,GNG13,RGMA,BMP2,RIT2,RAB37,RPL37A
gene_set_query	891	HOXA6	771.0	ARCHS4 Coexpression,765;Enrichr Queries,1018;GTEx Coexpression,530	BCAR3,KMT2D,SMIM29,NXN,MPI,FOXK2,HEY1,ZIC2,ARL6IP4,RPS2,RPL18,SEC24B,CRTAP,RBM14,FOXD1,FOXF2,ZBTB16,ARNT,LAMB1,RGMA,EEF1G,MMP14,ILF3,BCL6,RAB37,CD109,IRF1,COL5A2,FKBP9,RPL29,PLEC
gene_set_query	892	DBX1	771.3	ARCHS4 Coexpression,653;Enrichr Queries,1337;GTEx Coexpression,324	OSCP1,MAGED1,IFT172,IGSF1,FNBP1L,KLC1,CASC1,SHD,DLL3,GOLGA3,ARVCF,ZIC2,SAP130,PLXNA2,FGFBP3,HNRNPA1,SBF2,CHST8,FOXD1,DCC,IFT140,ZBTB16,PPP1R16A,IFT122,LZTFL1,RGMA,ATXN2L,DNAL4
gene_set_query	893	OLIG3	771.3	ARCHS4 Coexpression,557;Enrichr Queries,1211;GTEx Coexpression,546	SHC2,PLEKHH3,MVK,CTNND2,KLC1,DLL3,FAM171A2,CUX2,ZIC2,KIF5C,RPL36,PLXNA2,RPL35,HNRNPA1,NINL,CHST8,APC2,PPP1R14B,FOXD1,DCC,RPS5,PCGF2,PCDH20,GADD45G,RGMA,RPS28,RIT2,ADCK2,RPL29,EIF3D
gene_set_query	894	TBX1	771.3	ARCHS4 Coexpression,825;Enrichr Queries,381;GTEx Coexpression,1108	RTN2,LAMA5,FLT1,CEBPD,SMIM29,ZBTB47,HSPB1,CCDC106,HEY1,ZIC2,MACROD1,TIMP3,RAC3,KIF1C,E2F6,TGM2,PELP1,SNTA1,SEMA6C,MYH7B,KCNJ11,FOXF2,ZBTB16,TSC22D3,RGMA,BMP2,TRIP6,PLEC
gene_set_query	895	HOXC10	772.3	ARCHS4 Coexpression,565;Enrichr Queries,491;GTEx Coexpression,1261	RTN2,NECAB3,SMIM29,ZBTB47,HSPB6,COL11A1,HSPB1,HEY1,ZIC2,SPR,MACROD1,TIMP3,TNKS1BP1,KIF1C,TIMP1,RAC1,E2F6,SNTA1,SEMA6C,PPP1R14B,CRTAP,FOXD1,KCNJ11,ZBTB16,INHBA,BMP2,COL5A2,S100A6,NUPR1
gene_set_query	896	ZFP90	772.7	ARCHS4 Coexpression,859;Enrichr Queries,966;GTEx Coexpression,493	ZNF254,LRRC59,SMIM29,MAGED1,NEDD9,FNBP1L,SCRN1,IRAK1,KIF5C,PEA15,GDAP1L1,PHACTR3,MACROD1,LPXN,RREB1,MAP4K4,GDF11,NORAD,DCC,TSC22D3,IGIP,EMP1,MTURN,BCL6,ASPHD1,IRF1,MPPED2,TAGLN2,NUPR1,LINC00641,GPR19
gene_set_query	897	GLIS3	773.7	ARCHS4 Coexpression,365;Enrichr Queries,1041;GTEx Coexpression,915	SNED1,SERPINA3,SMIM29,RPL10,TUSC3,NEDD9,CDC14B,SCRN1,RPS3,TIMP3,TSPAN3,RPL18,TGM2,ACVR1,WWTR1,DTNA,ANXA2,IFT140,CAV1,EMP1,LAMB1,PARVA,DNAAF4,INHBA,NR1D1,HIPK2,COL5A2,NUPR1,FKBP9,PLA2R1,RPL29
gene_set_query	898	POU2F2	773.8	ARCHS4 Coexpression,1142;ENCODE ChIP-seq,78;Enrichr Queries,1092;ReMap ChIP-seq,111;GTEx Coexpression,1446	RIPOR2,RPL3,TAMM41,ATN1,TOMM22,PNN,CCND3,RPS17,RPS16,FRAT2,RPS19,CSKMT,KIF5C,ZMIZ2,RPL36,RPL35,RPL38,ZNF326,RPS11,TGM2,DGAT1,RPS5,PUS1,TAP1,CSNK1D,MOGS,RPSA,MFSD11,LZTFL1,MFSD10,TUFM,ILF3,DMTF1,RAB34,CDC37,DMWD,SNRNP200,RAF1,RPL28,UBA52,FTL,RTN2,LRRC59,TBC1D19,GSTCD,AKAP17A,ZBTB4,KLC4,UBC,LPXN,MAP4,BICRAL,PCIF1,NBEAL2,SNHG5,ACADSB,GADD45G,TBL3,BCL6,ATG16L1,MAFF,BCL2,RPS20,NOL12,OSCP1,HSPB6,ZFAS1,AKAP8L,CLTB,CHD2,SNRNP70,RARS,GDAP1L1,RPLP2,PGM2,APC2,PRMT5,RBM14,ANXA2,VPS13D,RPL13A,SUMF1,EEF1G,MED22,PTP4A2,NDUFS8,IRF1,CHI3L2,PIGL,NSRP1,PAFAH1B3,PFDN5,CEBPD,SMIM29,SLC43A2,ATL2,PBXIP1,CCDC106,WDR24,APOLD1,RPL13,BRD9,RPS2,RPL18,ZNF346,REPS1,ZNF584,USP24,PPP1R14B,FKRP,SQOR,RPL23A,PER1,TTLL3,EIF3D
gene_set_query	899	PPARA	774.3	ARCHS4 Coexpression,1418;Enrichr Queries,100;GTEx Coexpression,805	FLT1,CEBPD,PTEN,HSPB1,NDRG2,METTL21A,BPHL,ASGR1,SPR,MARVELD2,TIMP3,SLC25A42,RREB1,TGM2,GADD45A,BHMT2,ZBTB16,TSC22D3,CAV1,PDE4DIP,NR1D1,SOD2,ACADSB,HIPK2,GADD45G,ALDH4A1,BCL6,IRF1,MAFF,BCL2,ACO2,TACC2,FKBP5
gene_set_query	900	PRDM4	775.0	ARCHS4 Coexpression,753;Enrichr Queries,951;GTEx Coexpression,621	KMT2D,LRRC59,CEBPD,ACVR1B,APH1A,FAM168B,SLK,IRAK1,ZNF426,SBF2,EIF4B,PRMT5,FOXD1,ANXA2,GADD45A,PTPN11,VASN,HIPK3,PATL1,MMP14,NDUFS8,DMTF1,BCL6,WNK1,CD109,IRF1,BCL2,ARHGEF3
gene_set_query	901	PAX7	775.3	ARCHS4 Coexpression,497;Enrichr Queries,1119;GTEx Coexpression,710	RTN2,UBE2D4,NXN,FAM171A2,ARVCF,CUX2,ZIC2,MACROD1,CDH23,RPL13,DGCR6,FGFBP3,E2F6,NINL,RPL17,SEMA6C,GDF11,KCNJ11,FOXF2,DCC,ZBTB16,PCGF2,ANO8,PDE4DIP,ANO5,RGMA,NFATC4,RPL37A,BCL2
gene_set_query	902	PAX3	775.7	ARCHS4 Coexpression,214;Enrichr Queries,1042;GTEx Coexpression,1071	RTN2,FLT1,MAGED1,FNBP1L,GPATCH8,DLL3,FAM171A2,ARVCF,ZIC2,HEY1,SCRN1,PLXNA2,FGFBP3,HNRNPA1,NINL,JAM2,USP24,SEMA6C,TLE1,KCNJ11,FOXF2,DCC,ZBTB16,PDE4DIP,RGMA,BMP2,CRISPLD1,COL5A2,MMP17,BCL2,HNRNPH3
gene_set_query	903	ZNF791	776.0	ARCHS4 Coexpression,983;Enrichr Queries,1036;GTEx Coexpression,309	LRRC59,SMIM29,PTEN,CCDC106,CHD2,METTL21A,ZBTB4,APH1A,OPHN1,FTH1,ZNF426,ZNF844,AMZ2,GAS2L1,SEC24B,ZBTB16,TSC22D3,ARNT,MOGS,HIPK3,LATS1,PER1,PINK1,DMTF1,BCL6,WNK1,SPIRE2,SRSF4,PIGL,NSRP1,DNAL4,ZNF554
gene_set_query	904	NFIA	776.0	ARCHS4 Coexpression,1104;Enrichr Queries,317;GTEx Coexpression,907	CEBPD,SMIM29,RPL12,CTNND2,PTEN,NDRG2,ZBTB4,IRAK1,PLXNA2,PHACTR3,TIMP3,JAM2,SPTBN1,CLVS1,WWTR1,CRTAP,ANXA2,ZBTB16,CAV1,EMP1,PDE4DIP,MOGS,HIPK2,SMTN,BCL6,MPPED2,BCL2,ITGA7,FKBP5
gene_set_query	905	ZNF821	777.3	ARCHS4 Coexpression,722;Enrichr Queries,648;GTEx Coexpression,962	OSCP1,SMIM29,SLC43A2,TUSC3,MAGED1,RPL12,EFCAB5,PBXIP1,FNBP1L,KLC1,PHTF1,DLL3,KIF5C,TP53INP2,SAP130,GDAP1L1,GSE1,TSPAN3,MPP3,SMOX,GADD45A,DCC,ZBTB16,TSC22D3,IFT122,LRRC37B,GADD45G,ATXN2L,BCL6,MAFF,PAFAH1B3
gene_set_query	906	CUX2	778.0	ARCHS4 Coexpression,726;Enrichr Queries,925;GTEx Coexpression,683	APC2,SMIM29,KCNJ9,CTNND2,ZBTB16,COBL,RTN4RL2,MAPK8IP2,ACADSB,ASGR1,ALDH4A1,AGBL4,GRM5,RIMS3,KCNS1,KIF5C,KIF5A,MPPED2,PLXNA2,CDH23,PHF24,PPFIA3,FKBP5,RAPGEF4
gene_set_query	907	NKRF	778.3	ARCHS4 Coexpression,742;Enrichr Queries,948;GTEx Coexpression,645	RPL4,LRRC59,SET,KLC1,RPS4X,PNN,FBL,FAM171A2,LAPTM4A,RPS17,RIMS3,GDAP1L1,HNRNPA1,EIF4B,CLVS1,HNRNPA3,TSC22D3,PTPN11,EEF1A1,EEF1G,ILF3,CDH10,HNRNPD,CTXN2,TARDBP,SNRNP200,LINC00641,GPR19,PLEC
gene_set_query	908	LCOR	779.3	ARCHS4 Coexpression,359;Enrichr Queries,974;GTEx Coexpression,1005	PTEN,FNBP1L,CHD2,RPL8,PPP1CB,APH1A,MARVELD2,CAPNS1,EPCAM,NMRK1,HABP4,MAP3K21,ARL6IP4,RPL18,RREB1,SPTBN1,RPS9,PPP1R14B,CRTAP,POU2F1,MOGS,HIPK3,HIPK2,BCL6,WNK1,HNRNPH1,EEF1D,TRIP6,RPL29,INTS8
gene_set_query	909	ZNF345	780.0	ARCHS4 Coexpression,1087;Enrichr Queries,1058;GTEx Coexpression,195	ZNF254,RIPOR2,LRRC59,SMIM29,CTNND2,PPWD1,PITPNC1,APH1A,PNN,FAM168B,CAPNS1,GOLGA6L4,ZNF525,TIMP3,ZNF844,MFN2,METTL17,GDF11,TSC22D3,MOGS,NFATC4,SYTL2,PPP1R3F,PAN3,TTLL3,DMTF1,ASPHD1,HNRNPH1,SPIRE2,PIGL,ZNF554
gene_set_query	910	L3MBTL1	780.5	ARCHS4 Coexpression,1209;GTEx Coexpression,352	SPTBN4,LRRC59,CA10,IFT172,AKAP8L,RABL2B,MAPK8IP2,METTL21A,APH1A,FAM171A2,LAS1L,OPHN1,SNRNP70,PEAK1,SPIRE2,RAC3,ATP9B,LINC00632,REPS1
gene_set_query	911	NEUROD1	781.0	ARCHS4 Coexpression,1270;Enrichr Queries,1141;ReMap ChIP-seq,86;GTEx Coexpression,627	PRDM8,RPL3,KCNC1,TUSC3,ATN1,PTEN,PEAR1,RPS16,ZIC2,HEY1,KIF5C,CA4,FLOT1,RPLP2,ARL6IP4,EMILIN1,SLC25A42,RNF150,MAP3K6,PPFIA3,APC2,RPS9,ZNF483,DGAT1,PPP1R16A,ANO8,CSNK1D,MOGS,KCNAB3,TAPBP,EEF1G,MED24,RAB37,EEF1D,CDH10,DMWD,RAB34,CDC37,IER3-AS1,TAGLN2,DNASE2,RPL29,PAFAH1B3,FTL,PLEC,RTN2,TSEN34,SPTBN4,LAMA5,NECAB3,RPL10,SMIM29,PBXIP1,CCDC106,WDR24,DLL3,APH1A,DNAJB1,ARVCF,FAM171A2,MARVELD2,UBC,SERPINH1,PLXNA2,RPL18,PPP1R26,CA10,PPP1R14B,FKRP,PCGF2,PYCR1,RPL23A,NR1D1,GRIN2C,GADD45G,PER1,TBL3,RIT2,TRIP6,MAFK,NECTIN2
gene_set_query	912	ZNF883	781.5	ARCHS4 Coexpression,1186;GTEx Coexpression,377	GDF11,NORAD,MAGED1,CTNND2,IGIP,MOGS,CCDC106,FNBP1L,DLL3,APH1A,PPP1R3F,ZIC2,ASPHD1,EEF1D,PEA15,PHACTR3,HABP4,TAGLN2,LINC00641
gene_set_query	913	ZNF318	781.5	ARCHS4 Coexpression,1115;Enrichr Queries,763;ReMap ChIP-seq,144;GTEx Coexpression,1104	RPL3,LINC01354,HMGB2,CASC3,CHD2,GPATCH8,NDST2,PNN,CCND3,RPS18,FTH1,ZMIZ2,ZNF525,RPS9,TSC22D3,VPS13D,TAP2,ANO8,TAP1,CSNK1D,MTURN,PATL1,EEF1G,ATXN2L,PTP4A2,ILF3,DMTF1,RAB34,CDC37,S100A6,ITGA7,TAGLN2,DNASE2,SNRNP200,ZNF510,FTL,PLEC,TSEN34,KMT2D,PLEKHH3,SMIM29,GSTCD,RPL36A,ELMSAN1,TP53INP2,UBC,SERPINH1,LPXN,GSE1,RPL17,APBB3,RREB1,SPTBN1,MAP4K4,GDF11,FKRP,POU2F1,GADD45A,PYCR1,PTPN11,RPL23A,NR1D1,MARCH2,SLC25A37,PER1,PC,WNK1,MAFF,BCL2,MAFK,NOL12
gene_set_query	914	THYN1	783.0	ARCHS4 Coexpression,933;GTEx Coexpression,633	KMT2D,RPL21,IGIP,CSNK1D,MOGS,CCDC106,KLC1,MAPK8IP2,PPP1R3F,FAM171A2,RPS27,MPRIP,RPS19,GDAP1L1,HABP4,RPL36,KIF1C,CTXN2,RREB1,PFDN5
gene_set_query	915	ZNF586	783.0	ARCHS4 Coexpression,116;Enrichr Queries,848;GTEx Coexpression,1385	TSEN34,RTN2,RIPOR2,LRRC59,CEBPD,AKAP8L,ATN1,DNAJB1,FAM168B,FRAT2,MPRIP,CAPNS1,IRAK1,GPC1,SERPINH1,TNKS1BP1,PLXNA1,KIF1C,MAP4,RAC1,MAP4K4,CRTAP,ICMT,GADD45A,RPS5,TSC22D3,PCGF2,SQOR,LAMB1,PAN3,DMTF1,BCL2,PKP4,BCL2L2,NECTIN2
gene_set_query	916	ZNF595	784.0	ARCHS4 Coexpression,693;Enrichr Queries,875	ZNF254,RIPOR2,TLE1,SMIM29,NEDD9,PDE4DIP,MOGS,ZBTB4,APH1A,ABR,MPRIP,CAPNS1,SNRNP70,IRF1,ZMIZ2,PLXNA2,GSE1,PLEKHM2,KIF1C,PNPLA6,ZNF554,FKBP5
gene_set_query	917	CASZ1	784.3	ARCHS4 Coexpression,811;Enrichr Queries,196;GTEx Coexpression,1346	LAMA5,KMT2D,SMIM29,SLC43A2,NXN,CLTB,NEDD9,HSPB1,ACVR1B,ABR,ZMIZ2,PLXNA2,GSE1,TNKS1BP1,KIF1C,RREB1,MYH7B,SEMA6C,GADD45A,ZBTB16,RALGAPA2,VPS13D,PPP1R16A,COBL,PDE4DIP,TOM1L2,BCL6,CRISPLD2,ECHDC2,TACC2,PLEC
gene_set_query	918	ZNF554	784.3	ARCHS4 Coexpression,1296;Enrichr Queries,624;GTEx Coexpression,433	RTN2,SPTBN4,SHC2,UBE2D4,SMIM29,PBXIP1,KLC1,METTL21A,GPATCH8,HEY1,OPHN1,TP53INP2,GDAP1L1,ZNF844,DGCR6,SBF2,PPFIA3,KCNJ11,GADD45A,TSC22D3,GAB2,PPP1R3F,RIT2,BCL6,IRF1,MAFF,SPIRE2,NUPR1,NSRP1,ZNF510,PLEC
gene_set_query	919	NFATC3	785.0	ARCHS4 Coexpression,852;Enrichr Queries,285;GTEx Coexpression,1218	KMT2D,RIPOR2,CEBPD,MAGED1,NGLY1,PTEN,DNAJB1,CCND3,SCRN1,ARIH1,RREB1,SPTBN1,MAP4K4,GADD45A,TSC22D3,PDE4DIP,PATL1,HIPK3,HIPK2,DMTF1,BCL6,WNK1,IRF1,BCL2,ARHGEF3,RAF1,TPT1
gene_set_query	920	ZNF804A	785.0	ARCHS4 Coexpression,725;Enrichr Queries,1175;GTEx Coexpression,455	PRDM8,SMIM29,COL11A1,CTNND2,KLC1,FNBP1L,SHD,FAM171A2,CUX2,RASGEF1A,KIF5C,EPCAM,GDAP1L1,PLXNA2,CLVS1,APC2,NTNG2,KCNJ9,DCC,INHBA,MAPK8IP2,BMP2,RIT2,CDH10,CTXN2,PAFAH1B3,ZNF510,GPR19
gene_set_query	921	PHOX2A	785.0	ARCHS4 Coexpression,714;Enrichr Queries,771;GTEx Coexpression,870	RPL4,CEBPD,SMIM29,TUSC3,HSPB1,FOXK2,SHD,APH1A,AS3MT,ARVCF,RIMS3,RAC3,EMILIN1,RNF150,FOXD1,FOXF2,RARRES2,ZBTB16,NGB,PYCR1,CSNK1D,NFATC4,GADD45G,BMP2,ILF3,IRF1,PEX5,MAFF,RAMP1
gene_set_query	922	TBXT	785.3	ARCHS4 Coexpression,407;Enrichr Queries,998;ReMap ChIP-seq,208;GTEx Coexpression,1528	RPL3,FLT1,KCNC1,SRXN1,SAT2,CHD2,ZIC2,CA4,SLC16A6,RPS11,PELP1,TLE1,DAPK1,PUS1,PPP1R16A,RPL13A,COBL,MOGS,KCNAB3,MFSD11,RGMA,MFSD10,PTP4A2,MMP14,KAT2A,RAB34,CDC37,TYRO3,SRSF4,YAP1,LAMA5,NECAB3,SMIM29,AKAP17A,TM9SF4,UNG,FAM171A2,CUX2,IRAK1,GPC1,PLXNA2,LPXN,ZNF787,GAS2L1,RPL17,USP24,PPP1R26,HNRNPA3,POU2F1,TAF15,FOXF2,ZBTB16,PCIF1,PYCR1,RPL23A,USB1,GADD45G,SLC25A37,PER1,BMP2,PC,COL5A2,TRIP6,HNRNPD,MAFK,ACO2,BCL2L2
gene_set_query	923	ZFP37	786.0	ARCHS4 Coexpression,832;Enrichr Queries,383;GTEx Coexpression,1143	ZNF254,LRRC59,ZNF175,SMIM29,RPL12,HSPB1,FNBP1L,GPATCH8,APH1A,SCRN1,HEY1,KIF5C,SNRNP70,SERPINH1,PHACTR3,TIMP3,JAM2,WWTR1,TSC22D3,CAV1,EMP1,PDE4DIP,MOGS,INHBA,LATS1,DMTF1,BCL2,PLEKHM2,PNPLA6,ZNF510
gene_set_query	924	ZNF682	786.0	ARCHS4 Coexpression,352;Enrichr Queries,996;GTEx Coexpression,1010	ZNF254,LRRC59,SMIM29,HMGB2,METTL21A,FNBP1L,APH1A,ARVCF,MPRIP,CAPNS1,IRAK1,SNRNP70,KIF5C,ZMIZ2,MFN2,ZNF426,KIF1C,ZNF483,MOGS,GRIN2C,SYTL2,CRISPLD2,IRF1,MPPED2,PLEKHM2,TAGLN2,PNPLA6
gene_set_query	925	ZBED2	786.0	ARCHS4 Coexpression,784;Enrichr Queries,1144;GTEx Coexpression,430	ZNF254,CEBPD,SMIM29,GALNT18,CCND3,MARVELD2,SH3BGRL2,LPXN,TGM2,CSGALNACT1,IFT140,CAV1,SQOR,TAP2,EMP1,TAP1,RTN4RL2,DNAAF4,INHBA,PATL1,MFSD10,ATXN2L,EEF1A1,INPP4B,BMP2,RIOX2,MPPED2,COL5A2,BCL2,NUPR1,PLA2R1
gene_set_query	926	ZNF549	786.3	ARCHS4 Coexpression,1277;Enrichr Queries,654;GTEx Coexpression,428	SPTBN4,LRRC59,ZNF175,KCNC1,SMIM29,HSPB1,METTL21A,GPATCH8,APH1A,ARVCF,ZIC2,CAPNS1,RPS18,ZNF426,RPS11,RPL39,ATP9B,CA10,ZNF483,RPS9,TSC22D3,MOGS,GRIN2C,KCNAB3,SYTL2,EEF1A1,RIT2,RAB37,ZNF510,ZNF554,FTL
gene_set_query	927	ZSCAN21	786.7	ARCHS4 Coexpression,603;Enrichr Queries,425;GTEx Coexpression,1332	KMT2D,SMIM29,ZFAND2A,HMGB2,FNBP1L,ZBTB4,MPRIP,CAPNS1,UBC,KIF1C,RDH14,ZNF346,E2F6,RREB1,PRMT5,GADD45A,ZBTB16,TSC22D3,MKLN1-AS,GADD45G,DMTF1,BCL6,PACS1,IRF1,MAFF,S100A6,PLEKHM2,PIGL,PAFAH1B3,BCL2L2,FKBP5
gene_set_query	928	THRB	786.7	ARCHS4 Coexpression,451;Enrichr Queries,885;GTEx Coexpression,1024	PPP1CB,APH1A,GRM5,RIMS3,MARVELD2,RNPEP,KIF5A,PLXNA2,TIMP3,PHF24,SH3BGRL2,UNC13C,ZNF483,PLA2G12A,DTNA,DAPK1,KCNJ9,ZBTB16,CAV1,COBL,MAPK8IP2,MTURN,EEF1A1,INPP4B,CRISPLD1,BCL6,DMWD,BCL2,SPIN2B,RPL29,RAPGEF4
gene_set_query	929	DLX2	788.7	ARCHS4 Coexpression,969;Enrichr Queries,341;GTEx Coexpression,1056	ZNF254,SMIM29,MAGED1,HSPB1,C2CD4C,FNBP1L,KLC1,DLL3,HEY1,ZIC2,GDAP1L1,PLXNA2,TIMP3,PLXNA1,HNRNPA1,FOXD1,GADD45A,TSC22D3,CAV1,RBM18,NGB,EMP1,INHBA,BMP2,BCL6,MMP17,MAFF,FNDC10,PAFAH1B3
gene_set_query	930	ZNF286B	789.0	ARCHS4 Coexpression,964;GTEx Coexpression,614	SPTBN4,LRRC59,ZNF175,CA10,KCNC1,MOGS,GRIN2C,KCNAB3,GPATCH8,APH1A,RIT2,ZIC2,CAPNS1,SNRNP70,MPPED2,ZNF426,PLEKHM2,PNPLA6,ZNF510
gene_set_query	931	ZNF747	791.0	ARCHS4 Coexpression,1313;Enrichr Queries,660;GTEx Coexpression,400	LRRC59,RPL3,POP4,APOLD1,PHTF1,PPP1CB,FAM168B,MARVELD2,FTH1,GPC1,KIF5B,SCMH1,MACROD1,RDH14,RPL18,E2F6,ZNF584,FKRP,PCIF1,CDPF1,TUFM,ATXN2L,TMLHE,SDHAF2,CDC37,IRF1,SPIRE2,NUPR1,ZNF554,FKBP5
gene_set_query	932	ZFP91	791.7	ARCHS4 Coexpression,394;Enrichr Queries,457;GTEx Coexpression,1524	LRRC59,RPL3,SET,PTEN,EFCAB5,PPP1CB,APH1A,FAM168B,SLK,MPRIP,IRAK1,FTH1,KIF5B,TNKS1BP1,MFN2,KIF1C,ARIH1,RREB1,EIF4B,SPTBN1,MAP4K4,HNRNPA3,TAF15,PTPN11,HIPK3,PATL1,PTP4A2,WNK1,HNRNPH1
gene_set_query	933	ZBTB41	793.3	ARCHS4 Coexpression,757;Enrichr Queries,1085;GTEx Coexpression,538	SPTBN4,KCNC1,TUSC3,PTEN,KLC1,FNBP1L,PPP1CB,SCRN1,ZIC2,KIF5B,RPL36,RPL18,PRELID3B,CA10,RPS9,CERS6,KCNJ9,NEK7,GRIN2C,HIPK3,RIT2,DMTF1,BCL6,WNK1,CDH10,RPL29,ZNF510,UBA52
gene_set_query	934	BATF	793.8	ARCHS4 Coexpression,1241;ENCODE ChIP-seq,116;Enrichr Queries,862;ReMap ChIP-seq,268;GTEx Coexpression,1482	RIPOR2,RPL3,ZFAS1,SBF2-AS1,MTRNR2L1,RPS16,FTH1,DHX58,FLOT1,TIMP1,PELP1,TGM2,ANXA2,TSC22D3,TAP1,RNASE4,GAB2,MFSD11,QRSL1,LZTFL1,MFSD10,PTP4A2,CDC37,SNHG10,IRF1,CHI3L2,S100A6,IER3-AS1,TAGLN2,FKBP5,RTN2,PLEKHH3,CEBPD,SMIM29,FOXK2,NEDD9,APOLD1,ELMSAN1,TP53INP2,UBC,LPXN,AMZ2,WWTR1,PPP1R14B,LINC02175,NEK7,SQOR,PYCR1,RPL23A,TYW1B,SOD2,PER1,EIF2S3,BCL6,STK17A,MAFF,BCL2,GPR19,MSRB1
gene_set_query	935	ZNF300	795.0	ARCHS4 Coexpression,1093;Enrichr Queries,1147;GTEx Coexpression,145	ZNF254,RPL3,SMIM29,MAGED1,HMGB2,PPWD1,FNBP1L,PNN,HEY1,GDAP1L1,HNRNPA1,RPL17,HNRNPA3,DCC,EMP1,LAMB1,TOMM40L,NFATC4,SYTL2,LATS1,ILF3,PINK1,BMP2,PAN3,DMTF1,HNRNPH1,TRIP6,MPPED2,HNRNPH3,NUPR1,TARDBP,PAFAH1B3
gene_set_query	936	ZNF641	796.0	ARCHS4 Coexpression,1125;Enrichr Queries,471;GTEx Coexpression,792	TSEN34,RIPOR2,SMIM29,SLC43A2,NEDD9,ZBTB4,FRAT2,FLOT1,NTNG2,ANXA2,GADD45A,TSC22D3,PDE4DIP,USB1,NBEAL2,GAB2,SYTL2,SLC25A37,TMLHE,SDHAF2,BCL6,CRISPLD2,IRF1,ARHGEF3,MSRB1,FKBP5
gene_set_query	937	NEUROD4	796.0	ARCHS4 Coexpression,1073;Enrichr Queries,719;GTEx Coexpression,596	PRDM8,ADCYAP1R1,KCNC1,TUSC3,MAGED1,IFT172,IGSF1,COL11A1,PBXIP1,GPATCH8,DLL3,GOLGA3,SCRN1,GDAP1L1,PLXNA2,CDH23,GSE1,LINC00632,PLXNA3,CLVS1,CHST8,NTNG2,DCC,ZBTB16,GADD45G,MPPED2,CRY2
gene_set_query	938	E2F7	796.0	Literature ChIP-seq,161;ARCHS4 Coexpression,1086;Enrichr Queries,1399;ReMap ChIP-seq,6;GTEx Coexpression,1328	RPL3,HMGB2,ATN1,HSPB1,CASC3,CHD2,RPS16,FTH1,KIF5B,KIF5A,RPLP2,KIF1C,EMILIN1,MAP3K6,RPS11,SBF2,RBM14,ANXA2,ITGA3,RPL13A,EMP1,CSNK1D,TUFM,EEF1A1,EEF1G,PTP4A2,MMP14,ILF3,MED24,DMWD,RAB34,SRARP,S100A6,ITGA7,TAGLN2,HNRNPH3,PAFAH1B3,FTL,PLEC,RTN2,LRRC59,RPL10,SMIM29,GSTCD,PBXIP1,CCDC106,NDRG2,WDR24,ZBTB4,UNG,FAM171A2,PDLIM2,ELMSAN1,GPC1,UBC,SERPINH1,LPXN,GSE1,HNRNPA1,EIF4B,GDF11,PPP1R14B,HNRNPA3,ICMT,BICRAL,GADD45A,OGA,RPL23A,PTPN11,NR1D1,SNHG5,PER1,PAN3,BCL6,TRIP6,HNRNPD,MAFK,ANP32B,NOL12,TPT1
gene_set_query	939	ZNF296	796.7	ARCHS4 Coexpression,796;Enrichr Queries,304;GTEx Coexpression,1290	LAMA5,CEBPD,SMIM29,HSPB1,MT1X,RPL8,FRAT2,SLC16A6,LPXN,TRIM26,ZNF787,RPL18,RPS9,RBM14,GADD45A,TSC22D3,PUS1,RPS5,TAP1,NBEAL2,GADD45G,TUFM,ATXN2L,BCL6,SLCO4A1,IRF1,MAFF,RPL29,RPL28,FKBP5
gene_set_query	940	ZNF582	798.7	ARCHS4 Coexpression,647;Enrichr Queries,1171;GTEx Coexpression,578	TSTA3,ZNF175,TBC1D19,SMIM29,HSPB6,TAMM41,ATN1,ACVR1B,APH1A,MPRIP,CAPNS1,ZMIZ2,SLC16A6,ZNF426,ZNF844,TNKS1BP1,KIF1C,RNF150,MAP4,ATXN7L2,NBEAL2,MOGS,SDCBP2,BCL6,CRISPLD2,BCL2,SPIN2B,NOL12,ZNF510,PAFAH1B3,PLEC
gene_set_query	941	ZNF69	799.3	ARCHS4 Coexpression,513;Enrichr Queries,768;GTEx Coexpression,1117	LRRC59,RIPOR2,CEBPD,SMIM29,ATN1,METTL21A,APH1A,KLC4,FAM168B,SPR,MPRIP,CAPNS1,IRAK1,SNRNP70,ZMIZ2,MAP3K21,ZNF844,MFN2,KIF1C,RAB11FIP4,ZNF483,TSC22D3,MOGS,SYTL2,BCL6,CRISPLD2,PLEKHM2,PNPLA6
gene_set_query	942	IRX5	799.3	ARCHS4 Coexpression,399;Enrichr Queries,521;GTEx Coexpression,1478	PLEKHH3,NECAB3,CEBPD,SMIM29,CITED4,CLTB,ATN1,HSPB1,ACVR1B,APH1A,ARVCF,HEY1,ZIC2,GPC1,TIMP3,GSE1,TNKS1BP1,RAB11FIP3,PPP1R26,FOXD1,ZBTB16,CAV1,PCGF2,PPP1R16A,ANO8,EMP1,GADD45G,RGMA,BMP2,BCL6,NECTIN2
gene_set_query	943	ZNF799	800.0	ARCHS4 Coexpression,186;Enrichr Queries,802;GTEx Coexpression,1412	LRRC59,SMIM29,PTEN,ATN1,NEDD9,APH1A,FAM168B,MPRIP,CAPNS1,IRAK1,SNRNP70,ZMIZ2,PLXNA2,TNKS1BP1,MFN2,ZNF844,KIF1C,CSGALNACT1,UNC13C,ZNF483,SMOX,GADD45A,TSC22D3,MOGS,SYTL2,DMTF1,BCL6,ARHGEF3,PLEKHM2,PNPLA6,MSRB1,FKBP5
gene_set_query	944	RFX8	800.5	ARCHS4 Coexpression,719;GTEx Coexpression,882	PRDM8,FOXD1,ANXA2,CAV1,EMP1,INHBA,SOD2,VASN,MFSD10,MMP14,RARS,CD109,COL5A2,EMILIN1,TIMP1,MAP4K4
gene_set_query	945	FOXN2	801.7	ARCHS4 Coexpression,591;Enrichr Queries,552;GTEx Coexpression,1262	RIPOR2,PTEN,HMGB2,ATN1,PPP1CB,KIF5B,GPC1,SERPINH1,TNKS1BP1,RAC1,RREB1,USP24,GADD45A,PCGF2,NEK7,PPP1R16A,EMP1,TMEM170B,LINC00909,HIPK3,HIPK2,DMTF1,BCL6,IRF1,TRIP6,NECTIN2,FKBP5
gene_set_query	946	TIGD6	802.3	ARCHS4 Coexpression,749;Enrichr Queries,358;GTEx Coexpression,1300	SMIM29,TUSC3,POP4,PVR,APOLD1,RPS17,MPRIP,HEY1,ELMSAN1,SNRNP70,RARS,ZMIZ2,SERPINH1,ANKRD54,RREB1,SPTBN1,ANXA2,GADD45A,GTPBP6,EMP1,PDE4DIP,NBEAL2,HIPK2,DMTF1,STK17A,CD109,ARHGEF3,POLR3H,RPS20
gene_set_query	947	ZNF420	803.0	ARCHS4 Coexpression,350;Enrichr Queries,1011;GTEx Coexpression,1048	ZNF254,LRRC59,ZNF175,KCNC1,SMIM29,ATN1,FNBP1L,GPATCH8,APH1A,ZIC2,MPRIP,CAPNS1,SNRNP70,ZMIZ2,ZNF426,TNKS1BP1,KIF1C,CRTAP,DAPK1,GADD45A,MOGS,INPP4B,DMTF1,BCL6,MPPED2,BCL2,PLEKHM2,MAFK,PNPLA6,ZNF510
gene_set_query	948	MAFA	803.3	ARCHS4 Coexpression,803;Enrichr Queries,695;GTEx Coexpression,912	RTN2,UBE2D4,CEBPD,SMIM29,HSPB6,CITED4,PTEN,HSPB1,HEY1,ZIC2,MACROD1,PLXNA2,GSE1,E2F6,SNTA1,SEMA6C,MYH7B,KCNJ11,PDE4DIP,ANO5,GADD45G,PINK1,BCL6,TACC2,PLEC
gene_set_query	949	TBX4	803.3	ARCHS4 Coexpression,1255;Enrichr Queries,561;GTEx Coexpression,594	DOCK6,LRRC59,HNRNPA1P48,FLT1,SMIM29,GALNT18,NEDD9,APH1A,CDH5,SHE,CUX2,HEY1,ZIC2,TMEM44,CA4,TIMP3,FOXD1,FOXF2,ITGA3,ZBTB16,CAV1,MOGS,RGMA,SLCO4A1,CRISPLD2,IRF1,SPIRE2,TAGLN2,ZNF554
gene_set_query	950	NEUROG2	803.7	ARCHS4 Coexpression,200;Enrichr Queries,656;GTEx Coexpression,1555	PRDM8,FLT1,NECAB3,GALNT16,MAGED1,PBXIP1,SHD,DLL3,CUX2,HEY1,ZIC2,MPRIP,SCRN1,KIF5C,PLXNA2,LPXN,PLXNA1,EMILIN1,PLXNA3,MAP4K4,CHST8,FOXD1,FOXF2,GADD45A,ZBTB16,LAMB1,GADD45G,RGMA,NFATC4,BMP2,ITGA7
gene_set_query	951	NFATC2	804.3	ARCHS4 Coexpression,701;Enrichr Queries,264;GTEx Coexpression,1448	RIPOR2,FLT1,SMIM29,NEDD9,PBXIP1,CCND3,PLXNA2,TIMP3,GSE1,TGM2,PHF12,ZBTB16,TAP2,EMP1,TAP1,NBEAL2,INPP4B,BMP2,BCL6,RAB37,PACS1,IRF1,TRAF5,BCL2,ARHGEF3,GSAP,PLEC
gene_set_query	952	ZNF197	807.5	ARCHS4 Coexpression,665;Enrichr Queries,1345;ReMap ChIP-seq,254;GTEx Coexpression,966	ZNF254,ZNF175,RPL3,CHD2,FNBP1L,GPATCH8,CCND3,SLK,CAPNS1,AIFM2,KIF5C,GJA4,GDAP1L1,RPL36,HABP4,EMILIN1,TIMP1,APC2,ENTPD2,MIGA2,DGAT1,DCC,MOGS,MKLN1-AS,TOMM40L,EEF1A1,DYNC1LI2,DMTF1,EEF1D,IRF1,TAGLN2,ZNF510,TSTA3,SHC2,SET,SMIM29,RPL11,APH1A,IRAK1,RPS2,HNRNPA1,E2F6,RREB1,PRELID3B,MAPK3,USP24,KCNJ11,TAF12,LRBA,PHF12,SLC25A37,TBL3,RPS27,TMEM54,STK17A,FNDC10,PNPLA6,DNAL4,MSRB1
gene_set_query	953	DR1	808.0	ARCHS4 Coexpression,501;Enrichr Queries,450;GTEx Coexpression,1473	SET,GSTCD,PTEN,HMGB2,ATN1,PPP1CB,ABR,MARVELD2,FTH1,KIF5B,TNKS1BP1,SH3BGRL2,ARIH1,RREB1,PLA2G12A,ANXA2,GADD45A,NEK7,EEF1A1,PTP4A2,EIF2S3,WNK1,HNRNPH1,CMPK1,PLEKHM2,TAGLN2,NECTIN2
gene_set_query	954	ZGPAT	808.3	ARCHS4 Coexpression,540;Enrichr Queries,650;GTEx Coexpression,1235	LAMA5,RPL3,SMIM29,AKAP8L,PBXIP1,METRNL,ASGR1,APH1A,SNRNP70,FTH1,GPC1,MACROD1,ARL6IP4,ZNF787,BHMT2,TAP1,MOGS,NBEAL2,ACADSB,MFSD10,ATXN2L,EEF1D,CDC37,IRF1,ECHDC2,TAGLN2,PNPLA6,PLEC,MSRB1
gene_set_query	955	ZNF620	809.0	ARCHS4 Coexpression,618;Enrichr Queries,982;GTEx Coexpression,827	LRRC59,ZNF175,SMIM29,FNBP1L,GPATCH8,UNG,APH1A,AS3MT,FAM168B,CAPNS1,EPCAM,KIF5C,SNRNP70,SH3BGRL2,MFN2,ZNF844,GAS2L1,ZNF483,POU2F1,BICRAL,CDPF1,MOGS,MKLN1-AS,DMTF1,SPIRE2,SPIN2B,PLEKHM2,PNPLA6,ZNF510,ZNF554,GPR19
gene_set_query	956	ZIC5	810.3	ARCHS4 Coexpression,541;Enrichr Queries,1348;GTEx Coexpression,542	SPTBN4,SET,KCNC1,RPL36A,CIB2,UNG,ARVCF,ZIC2,KIF5C,HNRNPA1,PELP1,CA10,HNRNPA3,FOXD1,POU2F1,FOXF2,PCGF2,GRIN2C,KCNAB3,GNG13,RGMA,ILF3,RIT2,RPS27,RAB37,CDH10,RAB34,HNRNPD
gene_set_query	957	ZNF343	810.7	ARCHS4 Coexpression,1520;Enrichr Queries,455;GTEx Coexpression,457	YAP1,BCAR3,SMIM29,CTNND2,HSPB1,APOLD1,PITPNC1,ABR,SCMH1,SMYD2,PLXNA2,TNKS1BP1,ZNF346,RAB11FIP4,SEC24B,ZBTB16,RALGAPA2,TSC22D3,ARNT,PDE4DIP,KCNAB3,HIPK3,LATS1,BCL6,RAB34,SRSF4,PIGL,ZNF554,FKBP5,PLEC
gene_set_query	958	ZNF470	811.0	ARCHS4 Coexpression,967;Enrichr Queries,1353;GTEx Coexpression,113	LRRC59,SMIM29,KLC1,METTL21A,APH1A,FAM168B,SCRN1,OPHN1,KIF5C,PEA15,RNPEP,PHACTR3,HABP4,ZNF426,ZNF525,ZNF844,RREB1,ATP9B,GDF11,KCNJ9,IGIP,PTPN11,MOGS,MTURN,SYTL2,ASPHD1,PEAK1,SPIRE2,LINC00641,ZNF554,BCL2L2
gene_set_query	959	NR5A2	812.0	ARCHS4 Coexpression,1219;Enrichr Queries,900;ReMap ChIP-seq,292;GTEx Coexpression,837	SERPINA3,FLT1,KCNC1,MPI,ADIRF,MTRNR2L1,LAPTM4A,FRAT2,HEY1,CA4,TIMP3,BCAS1,TGM2,ENTPD2,FOXD1,BHMT2,EMP1,COBL,CSNK1D,EEF1G,MED24,CRISPLD2,IRF1,TRAF5,CRY2,ACSBG1,NUPR1,ZNF554,LRRC59,SHC2,PLEKHH3,RPL12,PRELP,TAF1D,FAM168B,EPCAM,ELMSAN1,PLXNA2,MAP3K21,RPL13,SNHG8,PYCR1,ALDH4A1,PER1,RPS28,BCL6,TRIP6,SPIRE2,PLEKHM2
gene_set_query	960	KDM2A	814.0	ARCHS4 Coexpression,601;GTEx Coexpression,1027	KMT2D,TAP2,CSNK1D,MOGS,NBEAL2,AKAP17A,PATL1,ATXN2L,APH1A,ILF3,SNRNP70,WNK1,PACS1,ZMIZ2,SAP130,SNRNP200,TRAM2-AS1
gene_set_query	961	ZNF398	814.7	ARCHS4 Coexpression,1257;Enrichr Queries,359;GTEx Coexpression,828	SMIM29,FRAT2,SAP130,GSE1,RAC3,TSPAN3,ARIH1,RREB1,TBC1D10A,RAB11FIP4,EIF4B,POU2F1,ICMT,TAF12,TSC22D3,AXIN1,PDE4DIP,HIPK2,TBL3,ILF3,DMTF1,BCL6,IRF1,BCL2,HNRNPD,TACC2,INTS8,FKBP5,PLEC
gene_set_query	962	MTERF4	816.0	ARCHS4 Coexpression,1161;GTEx Coexpression,471	LRRC59,ZNF175,PLA2G12A,KCNC1,IFT140,MTMR14,ATN1,GRIN2C,KCNAB3,GPATCH8,MARCH2,ARVCF,DMTF1,SNRNP70,RAB37,SERPINH1,SH3BGRL2,NINL,NECTIN2
gene_set_query	963	ZNF628	816.0	ARCHS4 Coexpression,741;Enrichr Queries,294;GTEx Coexpression,1413	LAMA5,SMIM29,SLC43A2,ZBTB47,ATN1,HSPB1,IRAK1,ZMIZ2,SAP130,PLXNA1,GSE1,ZNF787,GAS2L1,PELP1,CSNK1D,MOGS,NR1D1,MFSD10,ATXN2L,TBL3,BCL6,DMWD,IRF1,MAFK,PNPLA6,PLEC
gene_set_query	964	LIN54	816.0	ARCHS4 Coexpression,191;GTEx Coexpression,1441	GSTCD,CLTB,ATN1,PTEN,EFCAB5,MOGS,PATL1,MFSD10,PPP1CB,APH1A,CAPNS1,SNRNP70,HNRNPH1,ZMIZ2,SLC16A6,TNKS1BP1,PLEKHM2,PNPLA6,RPL18,NECTIN2,PRELID3B
gene_set_query	965	LCORL	816.7	ARCHS4 Coexpression,234;Enrichr Queries,761;GTEx Coexpression,1455	ZNF254,GSTCD,PTEN,ATN1,FNBP1L,CHD2,APH1A,CAPNS1,IRAK1,SNRNP70,PLXNA2,TNKS1BP1,KIF1C,MAP4K4,CERS6,NEK7,CSNK1D,MOGS,PATL1,HIPK3,HIPK2,DMTF1,WNK1,EEF1D,BCL2,PLEKHM2,MAFK,PNPLA6,RPL29,RPL28,PAFAH1B3
gene_set_query	966	ZNF710	817.0	ARCHS4 Coexpression,1013;Enrichr Queries,440;GTEx Coexpression,998	PLEKHH3,CEBPD,SMIM29,SLC43A2,ARHGEF10L,ABR,FRAT2,ZMIZ2,PLXNA2,MAP3K21,GSE1,ZNF787,RREB1,SPTBN1,GADD45A,ZBTB16,PYCR1,NBEAL2,HIPK2,BCL6,PACS1,IRF1,PLEKHM2,PNPLA6,FKBP5,PLEC
gene_set_query	967	DRGX	817.0	ARCHS4 Coexpression,740;Enrichr Queries,1392;GTEx Coexpression,319	SPTBN4,KCNC1,TMEM200C,C2CD4C,KLC1,SHD,SHE,GRM5,RIMS3,CUX2,KIF5A,PHF24,ANKRD54,MBP,ZNF326,REPS1,CHST8,ZBTB16,NGB,RTN4RL2,GRIN2C,AGBL4,KCNS1,FNDC10,CTXN3,CTXN2
gene_set_query	968	ZNF154	817.3	ARCHS4 Coexpression,695;Enrichr Queries,971;GTEx Coexpression,786	PRDM8,RIPOR2,LRRC59,ZNF175,CEBPD,SMIM29,RPL12,ATN1,RPL8,METTL21A,ZBTB4,APH1A,CAPNS1,IRAK1,SNRNP70,TIMP3,RNF150,ATP9B,CSGALNACT1,FOXF2,IFT140,ZBTB16,MOGS,CRISPLD2,PEAK1,MPPED2,BCL2,SPIRE2,ZNF554
gene_set_query	969	GLMP	818.0	ARCHS4 Coexpression,914;GTEx Coexpression,722	TSEN34,SUMF1,PPP1R3F,MMP14,LAPTM4A,SPR,AIFM2,RAB34,FTH1,RNPEP,KYAT3,SLC16A6,DNASE2,NECTIN2,FTL,PELP1
gene_set_query	970	HOXC13	819.7	ARCHS4 Coexpression,225;Enrichr Queries,665;GTEx Coexpression,1569	LRRC59,LAMA5,SMIM29,COL11A1,HSPB1,RPL8,APH1A,FBL,RPS16,HEY1,ZIC2,CAPNS1,SPR,IRAK1,TIMP3,TNKS1BP1,GSE1,RPS2,RAC1,PPP1R14B,FOXD1,ICMT,FOXF2,ZBTB16,PYCR1,INHBA,TUFM,BMP2,BCL6,COL5A2,TRIP6
gene_set_query	971	ZNF493	820.3	ARCHS4 Coexpression,1206;Enrichr Queries,904;GTEx Coexpression,351	ZNF254,SPTBN4,RIPOR2,LRRC59,ZNF175,KCNC1,SMIM29,FNBP1L,METTL21A,APH1A,ARVCF,ZIC2,OPHN1,SNRNP70,NINL,ATP9B,CA10,LRBA,OGA,PDE4DIP,GRIN2C,KCNAB3,SYTL2,RIT2,LAS1L,DMTF1,RAB37,PEAK1,BCL2,ZNF554
gene_set_query	972	NFE2L3	821.0	ARCHS4 Coexpression,1351;Enrichr Queries,614;GTEx Coexpression,498	LRRC59,SMIM29,ACVR1B,APH1A,RPS19,EPCAM,HABP4,TIMP3,RPS2,TIMP1,EIF4B,TGM2,ICMT,ANXA2,ITGA3,LRBA,CAV1,SQOR,TAP1,EMP1,NBEAL2,INHBA,BMP2,PAN3,DMWD,IRF1,MAFF,RBM12B,HNRNPD,EIF3D
gene_set_query	973	TFDP1	821.5	ARCHS4 Coexpression,544;Enrichr Queries,1177;ReMap ChIP-seq,66;GTEx Coexpression,1499	RPL4,LINC01354,SRXN1,CITED4,HMGB2,ATN1,RPL8,FBL,CCND3,RPS18,CSKMT,FLOT1,RPLP2,EMILIN1,MAP3K6,RPS11,PPFIA3,APC2,DGAT1,ANXA2,RPS5,PPP1R16A,RPL13A,RNASE4,MOGS,MFSD11,TAPBP,EEF1G,MED22,PTP4A2,ILF3,RAB34,CDC37,IER3-AS1,DNASE2,TAGLN2,SNRNP200,RPL28,FTL,FKBP5,LRRC59,SET,SMIM29,GSTCD,PBXIP1,CCDC106,WDR24,APOLD1,UNG,DLL3,APH1A,ARVCF,IRAK1,UBC,MFN2,RPS2,MAP4,RPL18,HNRNPA1,ZNF584,PPP1R14B,HNRNPA3,ICMT,TAF15,PCGF2,PYCR1,RPL23A,NR1D1,PER1,TBL3,TRIP6,HNRNPD,FNDC10,ANP32B,BCL2L2,GPR19,MSRB1
gene_set_query	974	NR0B1	822.0	Literature ChIP-seq,89;ARCHS4 Coexpression,1438;Enrichr Queries,468;GTEx Coexpression,1293	SRXN1,TUSC3,ATN1,HSPB1,CASC1,AS3MT,HEY1,ZIC2,CAPNS1,ZNF280C,GDAP1L1,RPL36,SLC16A6,PGM2,EMILIN1,ATXN7L2,METTL17,RBM14,CERS6,PPP1R16A,COBL,RNASE4,TOMM40L,MMP14,KAT2A,TMEM135,SLCO4A1,CRISPLD2,HNRNPH1,RAB34,MPPED2,RPL37A,PEX5,TAGLN2,NUPR1,SNRNP200,RAF1,PAFAH1B3,TSEN34,SET,CEBPD,SMIM29,COL11A1,ADCY4,PBXIP1,UNG,EPCAM,UBC,GSE1,MBP,RREB1,RPL17,JAM2,MAPK4,RBM11,PPP1R14B,ICMT,POU2F1,KCNJ11,RARRES2,CAV1,RPL23A,GADD45G,NFATC4,BMP2,HIST3H2A,COL5A2,SPIRE2,KYAT3,ECHDC2,ACO2
gene_set_query	975	PHOX2B	822.3	ARCHS4 Coexpression,808;Enrichr Queries,1367;GTEx Coexpression,292	NXN,ATL2,FOXK2,SHD,AS3MT,ARVCF,RIMS3,CUX2,ZIC2,KIF5C,SCMH1,GDAP1L1,RAC3,EMILIN1,RNF150,WWTR1,FOXD1,FOXF2,RARRES2,ZBTB16,ITGA1,NGB,PARVA,SMTN,ILF3,RPL27A,RAMP1
gene_set_query	976	FOXH1	824.0	ARCHS4 Coexpression,1028;Enrichr Queries,443;GTEx Coexpression,1001	LAMA5,FLT1,CEBPD,SMIM29,SETD6,HSPB1,CIB2,CUX2,ZIC2,EPCAM,KIF5C,CA4,RPL36,PRELID3B,RPS12,PCGF2,PPP1R16A,NR1D1,SDCBP2,NFATC4,TMEM54,BCL6,ETHE1,IRF1,RPL37A,SPIRE2,TYRO3,PLEC
gene_set_query	977	ZFP1	824.3	ARCHS4 Coexpression,1293;Enrichr Queries,939;GTEx Coexpression,241	ZNF254,ZNF175,SET,SMIM29,MAGED1,HMGB2,CCDC106,KLC1,FNBP1L,FAM168B,KIF5C,PPP4R4,RNPEP,GDAP1L1,SCMH1,HABP4,CLVS1,KCNJ9,GADD45A,TSC22D3,IGIP,GADD45G,PPP1R3F,DMTF1,BCL6,CDH10,BCL2,CTXN2,LINC00641,PAFAH1B3,FKBP5
gene_set_query	978	ZNF678	824.7	ARCHS4 Coexpression,668;Enrichr Queries,1180;GTEx Coexpression,626	ZNF254,SET,PITPNA,GXYLT1,CLTB,FNBP1L,TAF1D,CAPNS1,ZIC2,KIF5C,ARL6IP4,GAS2L1,HNRNPA1,SPTBN1,HNRNPA3,POU2F1,NEK7,PDE4DIP,LATS1,DMTF1,RBM12B,PLEKHM2,HNRNPH3,PNPLA6,TARDBP
gene_set_query	979	TOPORS	825.5	ARCHS4 Coexpression,353;GTEx Coexpression,1298	ATN1,CSNK1D,MOGS,APH1A,ABR,TOM1L2,MPRIP,CAPNS1,IRAK1,SNRNP70,ZMIZ2,ZNF280C,SAP130,TNKS1BP1,PLEKHM2,KIF1C,PNPLA6,INTS8,BCL2L2
gene_set_query	980	SRY	827.0	Literature ChIP-seq,36;ARCHS4 Coexpression,1244;Enrichr Queries,783;GTEx Coexpression,1245	IFT172,GALNT18,PITPNA,ATN1,GXYLT1,METRNL,CDC14B,PNN,FBL,RIMS3,ZMIZ2,GJA4,DHX58,KIF5A,RPL35,TRIM26,RPS11,VPS39,FBXW4,PPP1R16A,GTPBP6,TAP1,RNASE4,MOGS,TEX2,EEF1A1,BCAN,DYNC1LI2,ILF3,TMEM135,DMTF1,RAB37,CD109,DMWD,S100A6,GSAP,TAGLN2,SNRNP200,RPL28,TSTA3,LRRC59,ADCYAP1R1,MAGED1,IGSF1,NDRG2,CDH23,PLXNA1,TSPAN3,RREB1,PLXNA3,WNT10B,POU2F1,FOXF2,CAV2,ZBTB16,PCIF1,PYCR1,NFATC4,GNG13,BMP2,BCL6,TRIP6,KYAT3,ECHDC2,PRR5,SRXN1,ARHGEF10L,SHD,RND1,SGCD,ZIC2,AIFM2,SNRNP70,RNPEP,GDAP1L1,TIMP3,RAC3,KIF1C,DGCR6,ARIH1,RAC1,FGFBP3,METTL17,APC2,FOXD1,ANXA2,TSC22D3,EMP1,RPL13A,ANO5,PATL1,TAPBP,MMP14,SLCO4A1,IRF1,ACSBG1,PAFAH1B3,PFDN5,CAMK1G,PLEC,CEBPD,SLC43A2,RPL12,ADCY4,GDPD2,NEDD9,CCDC106,BPHL,WDR24,TM9SF4,FAM168B,CUX2,GPC1,RPL13,HNRNPA1,RPL17,MAPK4,PPP1R14B,KCNJ11,DTNBP1,PDE4DIP,PER1,TMEM54,TACC2,RAMP1,NECTIN2,MSRB1
gene_set_query	981	ZNF584	827.5	ARCHS4 Coexpression,1348;Enrichr Queries,645;ReMap ChIP-seq,281;GTEx Coexpression,1036	LINC01354,PTEN,PVR,SHE,CCND3,SLK,PPP4R4,FTH1,FLOT1,EMILIN1,ARIH1,PRMT5,ANXA2,ITGA3,PUS1,VPS13D,MOGS,GAB2,TUFM,TAPBP,PTP4A2,DYNC1LI2,RAB37,HNRNPH1,SLCO4A1,IRF1,S100A6,IER3-AS1,ZNF554,PLEC,CEBPD,SMIM29,METTL21A,TM9SF4,APH1A,ARVCF,FAM168B,IRAK1,ELMSAN1,RPS3,SERPINH1,MFN2,RDH14,HNRNPA1,E2F6,PRELID3B,HNRNPA3,ICMT,LAMB1,SOD2,HIPK3,FNDC10,SPIRE2,TACC2,ANP32B
gene_set_query	982	ZBED4	829.0	ARCHS4 Coexpression,498;Enrichr Queries,642;GTEx Coexpression,1347	RPL4,KMT2D,LRRC59,HMGB2,FAM168B,MPRIP,RARS,PLXNA1,GSE1,HNRNPA1,EIF4B,PRELID3B,MAP4K4,HNRNPA3,TAF15,PUS1,RPSA,HIPK2,ATXN2L,EEF1A1,EEF1G,ILF3,WNK1,HNRNPD,BCL2,TACC2,SNRNP200,FKBP5,PLEC
gene_set_query	983	INSM2	829.0	ARCHS4 Coexpression,472;Enrichr Queries,969;GTEx Coexpression,1046	PRDM8,SPTBN4,KCNC1,SMIM29,SHD,FAM171A2,ARVCF,RIMS3,CUX2,KIF5C,GDAP1L1,PHF24,PLXNA1,CHST8,APC2,GDF11,MPP3,DCC,ZBTB16,ANO8,MAPK8IP2,AGBL4,CASTOR3,CTXN2,CAMK1G,RAPGEF4
gene_set_query	984	ASCL5	829.5	ARCHS4 Coexpression,938;GTEx Coexpression,721	RTN2,RPL4,SHC2,PLA2G12A,PLEKHH3,RPL3,UBE2D4,KCNJ11,RPL21,PUS1,PYCR1,RPL23A,PINK1,TAF1D,CASTOR3,CSKMT,MACROD1,ATXN7L2,RPL17
gene_set_query	985	TFAP2D	829.7	ARCHS4 Coexpression,1527;Enrichr Queries,884;GTEx Coexpression,78	PRDM8,ARHGEF26-AS1,SMIM29,CTNND2,FAM107A,C2CD4C,ADCY8,CASC1,DLL3,CUX2,ZIC2,KIF5C,PPP4R4,PEA15,KIF5A,GDAP1L1,CA4,PHACTR3,PLXNA2,PHF24,MAPK3,UNC13C,NTNG2,CA10,DCC,ZBTB16,MYRIP,MAPK8IP2,BCAN,BMP2,RAPGEF4,GPR19
gene_set_query	986	IRF4	831.4	ARCHS4 Coexpression,1039;ENCODE ChIP-seq,71;Enrichr Queries,1359;ReMap ChIP-seq,243;GTEx Coexpression,1445	RPL4,RIPOR2,RPL3,ATN1,RPL9,GPATCH8,TOMM22,PPP1CB,GOLGA3,PNN,RPS17,RPS16,RPS19,ZMIZ2,DHX58,RPL36,RPL38,RPS11,SBF2,RPS12,TGM2,RPS9,RPL21,RPS6,TAP2,TAP1,RNASE4,MFSD11,EEF1A1,ATXN2L,ILF3,RAB34,CDC37,SNHG10,TAGLN2,RPL29,FTL,RTN2,LRRC59,GSTCD,AKAP17A,APH1A,UBC,LPXN,AMZ2,CAV1,RABL2B,NR1D1,TBL3,EIF2S3,BCL6,RPL27A,MAFF,BCL2,HNRNPD,NOL12,GPR19,ZFAS1,HMGB2,MTRNR2L1,PHTF1,SNRNP70,RARS,PEA15,RPLP2,PRMT5,COMMD10,ANO8,RPL13A,EEF1G,PTP4A2,MED22,LSG1,IRF1,RPL37A,CHI3L2,DNASE2,PIGL,HNRNPH3,NSRP1,PLEKHH3,RPL12,RPL11,NEDD9,PBXIP1,CCDC106,METTL21A,WDR24,APOLD1,TM9SF4,TAF1D,PDLIM2,ELMSAN1,RPS2,RPL18,PPP1R14B,FKRP,TAF15,TAF12,RPL23A,TYW1B,HIPK2,PER1,HIST3H2A,CASTOR3,STK17A,EIF3F,MSRB1
gene_set_query	987	TTF1	831.5	ARCHS4 Coexpression,699;GTEx Coexpression,964	PRMT5,SET,RBM18,ATN1,MOGS,QRSL1,MKLN1-AS,APH1A,ABR,TMLHE,MPRIP,CAPNS1,MFN2,PLEKHM2,RPL38,PNPLA6,RAF1,NSRP1,E2F6
gene_set_query	988	HEY2	831.7	ARCHS4 Coexpression,1443;Enrichr Queries,268;GTEx Coexpression,784	USP35,FLT1,CEBPD,SMIM29,PTEN,ADIRF,HSPB1,PRELP,SGCD,HEY1,ZIC2,GJA4,TIMP3,RPL38,TGM2,DTNA,CAV1,NEK7,SQOR,INHBA,GADD45G,BMP2,CRISPLD1,BCL6,CRISPLD2,MPPED2,COL5A2,BCL2,ITGA7
gene_set_query	989	ZBTB44	832.3	ARCHS4 Coexpression,619;Enrichr Queries,852;GTEx Coexpression,1026	SET,NGLY1,PTEN,CHD2,PPP1CB,ZIC2,FTH1,ARIH1,ATXN7L2,RREB1,EIF4B,USP24,SEMA6C,KCNJ11,LRBA,NEK7,VPS13D,OGA,HIPK3,HIPK2,EIF2S3,DMTF1,WNK1,BCL2,TPT1,FKBP5,FAM50A
gene_set_query	990	ZNF552	833.0	ARCHS4 Coexpression,576;Enrichr Queries,635;GTEx Coexpression,1288	TSEN34,RIPOR2,SMIM29,ATN1,NEDD9,FAM168B,FRAT2,MPRIP,CAPNS1,SCRN1,GPC1,SLC16A6,SERPINH1,MAP4,ATP9B,BCAS1,PPP1R14B,CRTAP,TLE1,DAPK1,TSC22D3,PDE4DIP,SYTL2,INPP4B,MED22,BCL6,IRF1,PLEKHM2,MSRB1
gene_set_query	991	ZNF486	833.3	ARCHS4 Coexpression,891;Enrichr Queries,769;GTEx Coexpression,840	ZNF254,LRRC59,HMGB2,ATN1,HSPB1,MT1X,METTL21A,APH1A,FAM168B,MARVELD2,CAPNS1,IRAK1,EPCAM,SNRNP70,MFN2,TIMP1,CSGALNACT1,ZNF483,ANXA2,IFT140,EMP1,MOGS,DNAAF4,CRISPLD2,RIOX2,MPPED2,S100A6,PLA2R1,ZNF554
gene_set_query	992	FOXG1	833.7	ARCHS4 Coexpression,1292;Enrichr Queries,901;GTEx Coexpression,308	MAGED1,CTNND2,CCDC106,FNBP1L,DLL3,ABR,HEY1,ZIC2,KIF5C,PPP4R4,KIF5A,HABP4,PLXNA2,PHACTR3,PHF24,TIMP3,WNT10B,GDF11,ZBTB16,INHBA,BCAN,AGBL4,BMP2,BCL6,MMP17,MPPED2,CAMK1G,RAPGEF4
gene_set_query	993	HMGA2	834.7	ARCHS4 Coexpression,697;Enrichr Queries,711;GTEx Coexpression,1096	CEBPD,SMIM29,NXN,HMGB2,ZIC2,RARS,SERPINH1,TIMP3,HNRNPA1,TGM2,MAP4K4,HNRNPA3,FOXD1,ANXA2,GADD45A,ITGA3,CAV1,EMP1,LAMB1,INHBA,ILF3,CD109,COL5A2,BCL2,HNRNPD
gene_set_query	994	BNC2	834.7	ARCHS4 Coexpression,686;Enrichr Queries,1103;GTEx Coexpression,715	WWTR1,TBC1D19,CRTAP,SMIM29,ANXA2,CAV1,ARNT,EMP1,PARVA,LAMB1,INHBA,NFATC4,LATS1,SGCD,CRISPLD2,PEAK1,RAB34,COL5A2,SERPINH1,TIMP3,EMILIN1,FKBP9,NUPR1,PLA2R1
gene_set_query	995	ZNF181	836.0	ARCHS4 Coexpression,946;Enrichr Queries,1123;GTEx Coexpression,439	ZNF254,LRRC59,ZNF175,UBE2D4,SMIM29,METRNL,FNBP1L,APH1A,CAPNS1,IRAK1,MACROD1,ZNF426,ZNF787,RPS11,E2F6,TBC1D10A,PLA2G12A,KCNJ11,GADD45A,RBM18,TSC22D3,PDE4DIP,MOGS,QRSL1,ANO5,BCL6,PNPLA6,ZNF510
gene_set_query	996	ZNF324B	836.5	ARCHS4 Coexpression,331;GTEx Coexpression,1342	ZNF584,RPL4,PRMT5,KMT2D,LRRC59,RBM14,RPL3,TAF15,AKAP8L,MOGS,WDR24,ATXN2L,APH1A,ILF3,TAF1D,IRAK1,CSKMT,RPS2,ZNF787,EIF3D
gene_set_query	997	FOXE1	837.0	ARCHS4 Coexpression,654;Enrichr Queries,1232;GTEx Coexpression,625	LAMA5,FLT1,SMIM29,GALNT18,IGSF1,ZBTB4,MARVELD2,ZIC2,TNKS1BP1,RPL38,SNTA1,CSGALNACT1,FOXD1,FOXF2,IFT140,ITGA3,CAV2,VPS13D,RTN4RL2,DNAAF4,INHBA,TOM1L2,BMP2,RIOX2,MPPED2,BCL2,NUPR1,PLA2R1
gene_set_query	998	TIGD4	837.7	ARCHS4 Coexpression,418;Enrichr Queries,895;GTEx Coexpression,1200	OSCP1,ZNF254,MAGED1,DNAH6,GDPD2,EFCAB5,LRRC6,FNBP1L,CASC1,CAPNS1,ZIC2,TIMP3,TSPAN3,FGFBP3,HNRNPA1,JAM2,TGM2,DTNA,DCC,EMP1,COBL,MOGS,INPP4B,DMTF1,CRISPLD1
gene_set_query	999	DACH2	837.7	ARCHS4 Coexpression,723;Enrichr Queries,1187;GTEx Coexpression,603	RIPOR2,LRRC59,COL11A1,CTNND2,IGSF1,RPL12,FNBP1L,DLL3,APH1A,GRM5,CUX2,HEY1,KIF5C,PPP4R4,GDAP1L1,KIF5A,WNT10B,ZNF483,NORAD,DCC,MOGS,AGBL4,EEF1D,MMP17,CTXN2,RPL29,CAMK1G,RAPGEF4
gene_set_query	1000	ZNF621	838.0	ARCHS4 Coexpression,1429;Enrichr Queries,987;GTEx Coexpression,98	SET,SMIM29,GXYLT1,CHD2,METTL21A,CDC14B,TRAK2,OPHN1,KIF5B,ZNF326,RPL18,SBF2,RREB1,ATP9B,MAP4K4,NEK7,PDE4DIP,PTPN11,LAMB1,VASN,HIPK2,DYNC1LI2,MMP14,DMTF1,BCL6,PEAK1,WNK1,CD109,COL5A2,BCL2,ANP32B,NSRP1,TRAM2-AS1
gene_set_query	1001	ZNF497	840.0	ARCHS4 Coexpression,1223;Enrichr Queries,894;GTEx Coexpression,403	PRDM8,SPTBN4,LRRC59,SHC2,KCNC1,SMIM29,ATN1,METTL21A,FAM171A2,ARVCF,SNRNP70,GSE1,MFN2,ZNF787,PPFIA3,EIF4B,PLXNA3,SEMA6C,NTNG2,CA10,IFT140,PUS1,RABL2B,GRIN2C,KCNAB3,MAPK8IP2,RIT2,SPIRE2
gene_set_query	1002	ZNF691	841.0	ARCHS4 Coexpression,1368;Enrichr Queries,630;GTEx Coexpression,525	BCAR3,SMIM29,SAT2,UNG,TOMM22,MPRIP,RPS3,EIF2D,SLC25A42,ZNF787,RREB1,PRMT5,GADD45A,BHMT2,ZBTB16,TSC22D3,RPS5,CDPF1,NR1D1,COMMD5,GADD45G,MED22,SDHAF2,DMTF1,BCL6,IRF1,MAFF,S100A6,ECHDC2,MSRB1
gene_set_query	1003	HIC2	841.0	ARCHS4 Coexpression,410;Enrichr Queries,828;GTEx Coexpression,1285	OSCP1,SMIM29,RPL11,HMGB2,RPL36A,CIB2,RPL9,FTH1,GSE1,RAC3,HNRNPA1,RPS11,RREB1,MAP4K4,HNRNPA3,POU2F1,DCC,IFT122,PYCR1,RPSA,ATXN2L,ILF3,BCL6,MAFF,HNRNPD,ANP32B,SNRNP200,DNAL4,PLEC
gene_set_query	1004	GRHL2	841.2	Literature ChIP-seq,154;ARCHS4 Coexpression,1346;Enrichr Queries,1253;ReMap ChIP-seq,122;GTEx Coexpression,1331	USP35,ZNF254,LINC01354,POP4,IFT172,CITED4,CLTB,FAM107A,ADIRF,HSPB1,ARHGEF10L,FNBP1L,GPATCH8,PPP1CB,RPS16,FRAT2,MPRIP,CAPNS1,FTH1,SLC16A6,TNKS1BP1,ZNF525,TBC1D10A,TGM2,MIGA2,ANXA2,ITGA3,RPS5,ANO8,EMP1,COBL,CSNK1D,MOGS,RNASE4,CYS1,GAB2,PATL1,SYTL2,EEF1G,ILF3,NDUFS8,SLCO4A1,RAB34,S100A6,CHI3L2,ITGA7,TAGLN2,ZNF510,PLEC,SPTBN4,LAMA5,ADCYAP1R1,RPL10,CEBPD,ATL2,PBXIP1,AKAP17A,ACVR1B,DLL3,CYTH3,DNAJB1,PDLIM2,EPCAM,UBC,PLXNA1,GSE1,AMZ2,CLVS1,MYH7B,PPP1R14B,LRBA,RARRES2,ZBTB16,SQOR,SIAH1,CIDEA,DTNBP1,RPL23A,NBEAL2,NR1D1,HIST3H2A,BCL6,MAFF,MAFK,NAXD
gene_set_query	1005	RORC	841.3	ARCHS4 Coexpression,1276;Enrichr Queries,279;GTEx Coexpression,969	UBE2D4,CEBPD,SETD6,HSPB1,NDRG2,MACROD1,TIMP3,SLC25A42,TGM2,MYH7B,SEMA6C,KCNJ11,GADD45A,ZBTB16,TSC22D3,BHMT2,COBL,PDE4DIP,NR1D1,ACADSB,GADD45G,ALDH4A1,BCL6,IRF1,ECHDC2,GTF2IRD1,TACC2,NUPR1,FKBP5
gene_set_query	1006	ZNF763	841.7	ARCHS4 Coexpression,555;Enrichr Queries,744;GTEx Coexpression,1226	TSEN34,ZNF254,RIPOR2,LRRC59,CEBPD,SMIM29,PBXIP1,APH1A,FAM168B,FRAT2,CAPNS1,IRAK1,ZNF426,ZNF844,TNKS1BP1,MFN2,KIF1C,PPP1R14B,CRTAP,ICMT,DCC,ZBTB16,TSC22D3,MOGS,SYTL2,DMTF1,BCL6,INTS8,MSRB1
gene_set_query	1007	ZFHX4	842.3	ARCHS4 Coexpression,466;Enrichr Queries,1296;GTEx Coexpression,765	MAGED1,COL11A1,CTNND2,TMEM200C,FNBP1L,CDC14B,ZIC2,KIF5C,GDAP1L1,PLXNA2,TIMP3,SBF2,NINL,APC2,GDF11,MPP3,MIGA2,DTNA,DCC,PTPN11,NBEAL2,INHBA,TAPBP,COL5A2,MPPED2,TAGLN2,PAFAH1B3,TRAM2-AS1
gene_set_query	1008	ZNF746	843.3	ARCHS4 Coexpression,1118;Enrichr Queries,216;GTEx Coexpression,1196	TSEN34,RIPOR2,KMT2D,SRXN1,CEBPD,SMIM29,SLC43A2,HMGB2,HSPB1,DNAJB1,FRAT2,FTH1,UBC,GADD45A,TSC22D3,USB1,NBEAL2,GAB2,SOD2,SLC25A37,BCL6,PACS1,IRF1,S100A6,MSRB1,FKBP5
gene_set_query	1009	OVOL2	844.5	ARCHS4 Coexpression,1340;Enrichr Queries,899;ReMap ChIP-seq,295;GTEx Coexpression,844	BCAR3,TSTA3,MYH7B,SMIM29,KCNC1,LRBA,COBL,FOXK2,ACVR1B,ADCY8,SDCBP2,APH1A,BMP2,MARVELD2,HEY1,TMEM54,EPCAM,CA4,PIGL,RPL18,RREB1
gene_set_query	1010	ZNF529	845.7	ARCHS4 Coexpression,866;Enrichr Queries,1185;GTEx Coexpression,486	ZNF254,SPTBN4,LRRC59,SMIM29,NEDD9,KLC1,APH1A,TAF1D,SCRN1,CAPNS1,IRAK1,ZNF426,TNKS1BP1,ZNF844,ATP9B,POU2F1,KCNJ9,SQOR,IGIP,OGA,PDE4DIP,MOGS,RIT2,LAS1L,DMTF1,PNPLA6,LINC00641,ZNF554
gene_set_query	1011	ZNF396	846.3	ARCHS4 Coexpression,1098;Enrichr Queries,274;GTEx Coexpression,1167	TSEN34,OSCP1,LRRC59,CEBPD,SMIM29,NEDD9,LRRC6,PBXIP1,METTL21A,APH1A,FAM168B,FRAT2,OPHN1,KIF5C,FTH1,DTNA,TSC22D3,COBL,PDE4DIP,USB1,MOGS,LZTFL1,SYTL2,BCL6,BCL2,SPIRE2,NUPR1,ZNF554,MSRB1
gene_set_query	1012	NKX61	846.5	ARCHS4 Coexpression,1272;GTEx Coexpression,421	PRDM8,WWTR1,FOXF2,TUSC3,ATL2,ITGA1,PARVA,RPL9,RGMA,PPP1CB,MED22,SMTN,ARVCF,EPCAM,SCMH1,RPL37A,CDH23,FGFBP3
gene_set_query	1013	ZNF248	847.0	ARCHS4 Coexpression,1330;Enrichr Queries,911;GTEx Coexpression,300	SPTBN4,KCNC1,SMIM29,ATN1,FNBP1L,KLC1,ARVCF,ZIC2,SNRNP70,KIF5C,GDAP1L1,NINL,PLXNA3,CA10,GADD45A,TSC22D3,CAV1,PDE4DIP,GRIN2C,KCNAB3,RIT2,LAS1L,DMTF1,BCL6,BCL2,ARHGEF3,TAGLN2
gene_set_query	1014	IRF7	847.3	ARCHS4 Coexpression,906;Enrichr Queries,350;GTEx Coexpression,1286	CEBPD,SMIM29,SLC43A2,HSPB1,FRAT2,DHX58,LPXN,TIMP1,TGM2,NTNG2,ANXA2,GADD45A,SQOR,TAP2,TAP1,EMP1,NBEAL2,SOD2,TAPBP,BCL6,IRF1,MAFF,S100A6,NUPR1,MSRB1
gene_set_query	1015	ZNF705E	847.5	ARCHS4 Coexpression,1621;GTEx Coexpression,74	RPL4,SEC24B,RPL12,RPL11,SIAH1,RPL36A,ARNT,SNX21,RNASE4,NR1D1,CHD2,PER1,FBL,PINK1,PAN3,ELMSAN1,RPS18,HNRNPD,PIGL,EIF3F,RPL29,EIF3D
gene_set_query	1016	OTX1	848.0	ARCHS4 Coexpression,150;Enrichr Queries,1001;GTEx Coexpression,1393	PRDM8,MAGED1,PITPNA,RPL11,CITED4,RPL36A,HMGB2,ACVR1B,RPL9,HEY1,ZIC2,RPS19,EPCAM,RPL36,RPL13,FGFBP3,HNRNPA1,RPS11,RPL39,RPL17,GDF11,RPL21,ZBTB16,PCGF2,RPL13A,RGMA,BMP2,RPS27,ADCK2,BCL6,MPPED2,RPL37A
gene_set_query	1017	RORA	848.7	ARCHS4 Coexpression,963;Enrichr Queries,325;GTEx Coexpression,1258	LRRC59,SMIM29,CLTB,NEDD9,ACVR1B,PLXNA2,TIMP3,ATP9B,DAPK1,GADD45A,ZBTB16,TSC22D3,EMP1,PDE4DIP,PYCR1,SNX21,NR1D1,SYTL2,HIPK2,GNG13,INPP4B,PER1,BCL6,STK17A,IRF1,MAFF,BCL2,ARHGEF3
gene_set_query	1018	HNF4G	849.2	ARCHS4 Coexpression,1515;ENCODE ChIP-seq,110;Enrichr Queries,1153;ReMap ChIP-seq,155;GTEx Coexpression,1313	USP35,SERPINA3,GXYLT1,SAT2,CASC3,ASGR1,LAPTM4A,RPS16,FTH1,FLOT1,RPL35,RPLP2,SBF2,APC2,DGAT1,AXIN1,COBL,RTN4RL2,CSNK1D,MOGS,SDCBP2,TOMM40L,INPP4B,TMEM135,NDUFS8,RAB34,SNHG10,IRF1,IER3-AS1,RPL29,ZNF554,FTL,LAMA5,SHC2,PLEKHH3,MVK,CEBPD,CCDC106,BPHL,APOLD1,UNG,KLC4,EPCAM,ELMSAN1,TP53INP2,UBC,GSE1,RPS2,ZNF787,RREB1,EIF4B,PCIF1,OGA,PYCR1,RPL23A,NR1D1,SOD2,SNHG5,VASN,PER1,TBL3,BMP2,PINK1,BCL6,TMEM54,VAC14-AS1,COL5A2,ECHDC2,MAFK,ACO2,NECTIN2,TRAM2-AS1,MSRB1
gene_set_query	1019	ZNF701	849.7	ARCHS4 Coexpression,153;Enrichr Queries,972;GTEx Coexpression,1424	ZNF254,LRRC59,SMIM29,ATN1,NEDD9,ZBTB4,APH1A,FAM168B,FRAT2,MPRIP,CAPNS1,IRAK1,SNRNP70,GPC1,ZNF426,ZNF525,ZNF844,TNKS1BP1,MFN2,PLXNA1,KIF1C,MAP4,PPP1R14B,CRTAP,CAV1,PDE4DIP,MOGS,SYTL2,DMTF1,INTS8,BCL2L2
gene_set_query	1020	ZNF786	849.7	ARCHS4 Coexpression,744;Enrichr Queries,870;GTEx Coexpression,935	LRRC59,CEBPD,SMIM29,HSPB1,METTL21A,TM9SF4,SHE,FAM168B,FRAT2,MPRIP,CAPNS1,MFN2,KIF1C,PPFIA3,ZNF584,ZNF483,CRTAP,BICRAL,TSC22D3,AXIN1,MOGS,ADCK2,BCL6,ATG16L1,IRF1,SPIRE2,ZNF554,BCL2L2,MSRB1
gene_set_query	1021	ESRRB	849.8	Literature ChIP-seq,72;ARCHS4 Coexpression,1572;Enrichr Queries,1028;GTEx Coexpression,727	FLT1,UBE2D4,SRXN1,CTNND2,PITPNA,HSPB1,NDST2,KIF5C,MACROD1,HABP4,PGM2,RAC3,RPL38,ARIH1,SNTA1,CHST8,SEMA6C,PLA2G12A,DGAT1,PUS1,GTPBP6,COBL,CSNK1D,MYRIP,QRSL1,KCNAB3,MAPK8IP2,ANO5,BCAN,NDUFS8,DMWD,RAB34,PKP4,FKBP5,CCDC106,NDRG2,ZBTB4,FOXRED1,UNG,CYTH3,ABR,CUX2,MARVELD2,GPC1,DHRS7B,PLXNA2,MFN2,RDH14,GAS2L1,RREB1,JAM2,PRELID3B,NTNG2,WWTR1,CRTAP,KCNJ11,ZBTB16,OGA,CIDEA,PDE4DIP,SNX21,GRIN2C,SOD2,GNG13,TBL3,TRIP6,ACO2
gene_set_query	1022	ZNF774	850.0	ARCHS4 Coexpression,1288;Enrichr Queries,352;GTEx Coexpression,910	RTN2,UBE2D4,SMIM29,NEDD9,PBXIP1,NDRG2,METTL21A,APH1A,RIMS3,HEY1,OPHN1,KIF5C,MACROD1,E2F6,ATP9B,KCNJ11,GADD45A,RALGAPA2,ZBTB16,TSC22D3,PDE4DIP,GAB2,ANO5,RGMA,BCL6,BCL2,SPIRE2,ZNF554
gene_set_query	1023	PKNOX2	850.0	ARCHS4 Coexpression,1159;Enrichr Queries,1120;GTEx Coexpression,271	RTN2,SPTBN4,SMIM29,C2CD4C,KLC1,METTL21A,RND1,FAM171A2,RIMS3,KIF5A,GDAP1L1,PLXNA2,PHF24,TIMP3,RREB1,ATP9B,DTNA,ZBTB16,COBL,MAPK8IP2,RGMA,HIPK2,AGBL4,PPP1R3F,KCNS1,PEAK1,CDH10,RHOJ,PLEKHM2,NUPR1
gene_set_query	1024	ZNF540	851.7	ARCHS4 Coexpression,1052;Enrichr Queries,980;GTEx Coexpression,523	SPTBN4,LRRC59,SMIM29,RPL12,KLC1,NDRG2,APH1A,FAM171A2,CAPNS1,IRAK1,KIF5C,GDAP1L1,PHACTR3,ZNF844,LINC00632,CA10,ZNF483,DTNA,TSC22D3,IGIP,PDE4DIP,MOGS,MAPK8IP2,SYTL2,RIT2,CDH10,ARHGEF3,RPL29,GPR19
gene_set_query	1025	FOXP3	851.8	Literature ChIP-seq,25;ARCHS4 Coexpression,434;Enrichr Queries,1382;GTEx Coexpression,1566	RPL3,AKAP8L,PTEN,HMGB2,NDST2,PNN,CCND3,FRAT2,CAPNS1,RPS19,RARS,RPL38,EIF2D,TIMP1,FGFBP3,RPS12,RPL21,VPS13D,TAP2,ANO8,TAP1,RPL13A,TEX2,TMEM170B,SUMF1,EEF1A1,MED22,LSG1,ILF3,PACS1,EEF1D,IRF1,PEX5,ARHGEF3,TAGLN2,PIGL,RPL29,RAF1,RPL28,UBA52,PAFAH1B3,TBC1D19,PLEKHH3,RPL10,RPL12,GSTCD,ATL2,NEDD9,PBXIP1,METTL21A,WDR24,ZBTB4,APOLD1,KLC4,UBC,SERPINH1,LPXN,ZNF426,RPS2,RPL18,NTNG2,HNRNPA3,TAF15,BICRAL,OGA,ACADSB,ALDH4A1,EIF2S3,BCL6,LAS1L,TTLL3,BCL2,RPS20,ACO2,EIF3F,PNPLA6,NOL12,TARDBP,TPT1
gene_set_query	1026	PRDM13	852.0	ARCHS4 Coexpression,147;Enrichr Queries,1025;GTEx Coexpression,1384	PRDM8,RPL4,SET,KCNC1,HMGB2,RPL36A,FOXK2,RPS4X,FAM171A2,RPS17,CUX2,ZIC2,HEY1,RPS19,RPL36,LPXN,RAC3,RPL38,RPS2,RPL18,RPS12,FOXD1,FOXF2,DCC,ZBTB16,RPSA,RGMA,BMP2,HIST3H2A,NDUFS8,TRIP6,RPL37A,PIGL
gene_set_query	1027	PHF1	852.0	ARCHS4 Coexpression,685;GTEx Coexpression,1019	OSCP1,MYH7B,ZBTB47,IFT140,IFT172,IFT122,PBXIP1,CSNK1D,NBEAL2,CASC1,ZBTB4,ATXN2L,PER1,SNRNP70,PACS1,ZMIZ2,PLEKHM2,PNPLA6
gene_set_query	1028	ZNF425	853.3	ARCHS4 Coexpression,1193;Enrichr Queries,831;GTEx Coexpression,536	RTN2,DOCK6,LRRC59,SMIM29,GPATCH8,RND1,APH1A,SHE,FAM168B,SNRNP70,FTH1,ZNF426,GADD45A,RBM18,TSC22D3,MOGS,LINC00909,PPP1R3F,PINK1,BCL6,IRF1,MAFF,SPIRE2,NUPR1,ZNF554,ZNF510,NECTIN2
gene_set_query	1029	ZNF599	854.3	ARCHS4 Coexpression,1252;Enrichr Queries,844;GTEx Coexpression,467	OSCP1,LRRC59,ZNF175,SMIM29,IFT172,CASC1,SMG6,APH1A,FAM168B,RIMS3,SNRNP70,ZNF844,MFN2,DTNA,IFT140,LINC02175,TSC22D3,IFT122,PDE4DIP,MOGS,LZTFL1,SYTL2,ATXN2L,DMTF1,BCL6,BCL2,ZNF554
gene_set_query	1030	ZNF415	854.7	ARCHS4 Coexpression,650;Enrichr Queries,1090;GTEx Coexpression,824	LRRC59,SMIM29,RPL12,KLC1,FNBP1L,APH1A,SCRN1,CAPNS1,IRAK1,KIF5C,SNRNP70,HABP4,TIMP3,AMZ2,CSGALNACT1,KCNJ9,ZBTB16,IGIP,TAP2,PDE4DIP,MOGS,SYTL2,LAS1L,CRISPLD1,EEF1D,COL5A2,PLEKHM2,TAGLN2,PNPLA6
gene_set_query	1031	ZNF772	856.3	ARCHS4 Coexpression,590;Enrichr Queries,1319;GTEx Coexpression,660	ZNF254,LRRC59,UBE2D4,SMIM29,FNBP1L,GPATCH8,APH1A,CAPNS1,SNRNP70,ZNF426,ZNF844,RAB11FIP4,ZNF483,KCNJ11,RBM18,TSC22D3,PDE4DIP,MOGS,QRSL1,LINC00909,ANO5,EEF1D,PLEKHM2,TAGLN2,ACO2,PNPLA6,ZNF510,ZNF554
gene_set_query	1032	EGR2	857.3	ARCHS4 Coexpression,1518;Enrichr Queries,233;GTEx Coexpression,821	CEBPD,SMIM29,NEDD9,ELMSAN1,TIMP3,TIMP1,SPTBN1,TGM2,ENTPD2,GADD45A,TSC22D3,CAV1,EMP1,INHBA,LYVE1,GADD45G,PER1,BMP2,BCL6,IRF1,RHOJ,MAFF,BCL2,S100A6,NUPR1,RAMP1,PLEC
gene_set_query	1033	NRL	857.3	ARCHS4 Coexpression,1409;Enrichr Queries,463;GTEx Coexpression,700	RTN2,UBE2D4,CEBPD,MPI,HSPB1,FOXRED1,CUX2,ZIC2,KIF5C,CDH23,SLC25A42,DGCR6,SNTA1,UNC13C,NTNG2,ZBTB16,NR1D1,ANO5,NFATC4,GADD45G,PINK1,DMTF1,BCL6,IRF1,MAFF,CRY2,FKBP5
gene_set_query	1034	TET3	857.7	ARCHS4 Coexpression,713;ReMap ChIP-seq,296;GTEx Coexpression,1564	KMT2D,NBEAL2,GAB2,ACVR1B,PATL1,ATXN2L,SLC25A37,ILF3,WNK1,ZMIZ2,GSE1,SNRNP200,RREB1
gene_set_query	1035	NR4A3	857.7	ARCHS4 Coexpression,1506;Enrichr Queries,106;GTEx Coexpression,961	HSPB6,CEBPD,SMIM29,NEDD9,METRNL,APOLD1,SGCD,GJA4,SLC16A6,TIMP3,TIMP1,TGM2,GADD45A,ZBTB16,TSC22D3,EMP1,INHBA,SOD2,ANO5,GADD45G,PER1,BMP2,BCL6,CRISPLD2,IRF1,MAFF,MAFK,FKBP5
gene_set_query	1036	ONECUT1	857.8	ARCHS4 Coexpression,923;Enrichr Queries,886;ReMap ChIP-seq,253;GTEx Coexpression,1369	SERPINA3,LINC01354,HSPB1,ASGR1,PHTF1,PPP1CB,ZIC2,KIF5C,NMRK1,GDAP1L1,SH3BGRL2,NINL,PELP1,TGM2,ACVR1,TLE1,CERS6,DAPK1,DCC,BHMT2,ITGA1,RNASE4,RTN4RL2,GAB2,TMEM170B,SDCBP2,MMP14,CDH10,RBM12B,LINC00641,YAP1,RTN2,SHC2,MVK,CEBPD,ACVR1B,CUX2,MAP3K21,GSE1,LPXN,REPS1,FOXF2,ZBTB16,INHBA,ACADSB,GADD45G,PER1,BMP2,PC,RIT2,BCL6,COL5A2,ECHDC2
gene_set_query	1037	ZNF766	858.3	ARCHS4 Coexpression,766;Enrichr Queries,1089;ReMap ChIP-seq,215;GTEx Coexpression,1363	ZNF254,HSPB6,FNBP1L,CHD2,PNN,CCND3,CAPNS1,OPHN1,FTH1,SAP130,RPL36,ZNF525,ZNF844,ARIH1,APC2,RPS9,ENTPD2,ANXA2,DGAT1,VPS13D,MOGS,EEF1A1,ASPHD1,SNHG10,IRF1,DNASE2,NSRP1,UBA52,RPL28,ZNF554,FKBP5,TSEN34,LRRC59,SMIM29,METTL21A,APH1A,TAF1D,FAM168B,IRAK1,EPCAM,CDH23,MFN2,HNRNPA1,MAPK3,HNRNPA3,OGA,NBEAL2,NFATC4,SLC25A37,ADCK2,SPIRE2,POLR3H,EIF3F
gene_set_query	1038	ZNF528	859.0	ARCHS4 Coexpression,1175;Enrichr Queries,1061;GTEx Coexpression,341	ZNF254,SPTBN4,LRRC59,ZNF175,KCNC1,SMIM29,ATN1,RPL8,ZBTB4,APH1A,ARVCF,ZIC2,IRAK1,SNRNP70,EPCAM,TIMP3,ZNF844,ZNF787,NINL,ATP9B,PLXNA3,CSGALNACT1,TSC22D3,MOGS,GRIN2C,SYTL2,LAS1L,DMTF1,PEAK1,COL5A2
gene_set_query	1039	ASCL2	859.3	ARCHS4 Coexpression,1233;Enrichr Queries,448;GTEx Coexpression,897	CEBPD,SMIM29,SLC43A2,CITED4,HSPB1,METRNL,ACVR1B,FRAT2,TBC1D10A,TGM2,ANXA2,ZBTB16,TSC22D3,AXIN1,TAP1,NBEAL2,GADD45G,ADCK2,BCL6,SLCO4A1,CRISPLD2,IRF1,S100A6,NUPR1,RPL28,MSRB1
gene_set_query	1040	ZNF548	859.3	ARCHS4 Coexpression,1314;Enrichr Queries,1068;GTEx Coexpression,196	ZNF254,LRRC59,SMIM29,CTNND2,ADCY4,NEDD9,PEAR1,ZBTB4,APH1A,CDH5,CAPNS1,ELMSAN1,ZNF426,RAB11FIP4,PPP1R26,SEC24B,GADD45A,SIAH1,ARNT,PDE4DIP,ACADSB,LATS1,RPS28,PAN3,BCL6,MAFF,BCL2,SRSF4,POLR3H,PIGL
gene_set_query	1041	ZNF534	859.5	ARCHS4 Coexpression,1503;GTEx Coexpression,216	APC2,SPTBN4,UNC13C,CA10,KCNC1,KCNJ9,SIAH1,CCDC106,GRIN2C,KLC1,MAPK8IP2,METTL21A,RIT2,FRAT2,LAS1L,SCRN1,KIF5C,CDH10,LINC00641,CLVS1
gene_set_query	1042	ZNF813	860.0	ARCHS4 Coexpression,584;GTEx Coexpression,1136	LRRC59,ATN1,MOGS,METTL21A,APH1A,RPS17,FAM168B,EIF2S3,CAPNS1,SNRNP70,RARS,MFN2,ZNF426,PLEKHM2,RPS2,PNPLA6,EIF3D,ZNF554
gene_set_query	1043	ZNF41	860.7	ARCHS4 Coexpression,1138;Enrichr Queries,838;GTEx Coexpression,606	RTN2,ZNF175,UBE2D4,CHD2,MACROD1,TIMP3,MFN2,TIMP1,E2F6,EIF4B,USP24,SEMA6C,KCNJ11,RBM18,TSC22D3,LRBA,VPS13D,PDE4DIP,PTPN11,QRSL1,ANO5,HIPK3,LATS1,WNK1,RBM12B,BCL2,ACO2,ZNF510
gene_set_query	1044	NKX63	861.5	ARCHS4 Coexpression,1179;GTEx Coexpression,544	SPTBN4,CA10,ICMT,CERS6,KCNC1,KCNJ11,TUSC3,GRIN2C,KCNAB3,ADCY8,ACVR1B,GNG13,ARVCF,RIT2,ZIC2,RAB37,EPCAM,CDH10
gene_set_query	1045	ZMAT4	861.7	ARCHS4 Coexpression,815;Enrichr Queries,1032;GTEx Coexpression,738	CTNND2,TMEM200C,GRM5,RIMS3,CUX2,IRAK1,KIF5C,PPP4R4,KIF5A,GDAP1L1,CA4,PLXNA2,PHF24,ZNF844,WNT10B,NTNG2,ZNF483,DTNA,COBL,MOGS,AGBL4,MPPED2,TAGLN2,CTXN2,CAMK1G
gene_set_query	1046	NKX28	862.0	ARCHS4 Coexpression,149;GTEx Coexpression,1575	PPP1R26,LRRC59,LAMA5,PPP1R14B,ITGA3,RPL12,PYCR1,HSPB1,RPL8,PVR,TUFM,RPS17,SPR,IRAK1,TRIP6,FNDC10,RAC3,RPS2,ZNF787,RPL18,PLXNA3
gene_set_query	1047	PBX4	862.0	ARCHS4 Coexpression,1049;Enrichr Queries,1095;GTEx Coexpression,442	ZNF254,CEBPD,SMIM29,HSPB1,PBXIP1,AKAP17A,PITPNC1,CCND3,ZMIZ2,D2HGDH,TIMP1,APBB3,CSGALNACT1,IFT140,SMOX,TSC22D3,DNAAF4,MFSD10,GADD45G,MARCH2,BCL6,HNRNPH1,SLCO4A1,STK17A,IRF1,MPPED2,MAFF,TAGLN2,PLA2R1
gene_set_query	1048	ZNF285	862.0	ARCHS4 Coexpression,1471;GTEx Coexpression,253	APC2,SPTBN4,LRRC59,CA10,KCNC1,KCNJ9,IGIP,MOGS,GRIN2C,KLC1,MAPK8IP2,APH1A,PPP1R3F,RIT2,SCRN1,MARVELD2,CDH10,LINC00641,ZNF510
gene_set_query	1049	OTX2	862.0	ARCHS4 Coexpression,1215;Enrichr Queries,1281;ReMap ChIP-seq,288;GTEx Coexpression,664	SPTBN4,LINC01354,KCNC1,COL11A1,FNBP1L,ADCY8,RPL9,CASC1,TRAK2,ARVCF,ZIC2,EPCAM,KIF5C,UBC,ZNF280C,RNF150,NUDT16,HNRNPA1,RPL17,SBF2,UNC13C,CA10,FOXD1,POU2F1,ANXA2,GADD45A,EMP1,LAMB1,GRIN2C,KCNAB3,GNG13,RGMA,BMP2,RIT2,PAN3,RPS27,RAB37,RPL27A,IRF1,RHOJ,MPPED2,S100A6,ARHGEF3,CTXN3,RAF1,TRAM2-AS1,GPR19
gene_set_query	1050	HSF2	862.3	ARCHS4 Coexpression,884;Enrichr Queries,827;GTEx Coexpression,876	UBE2D4,SMIM29,MAGED1,HMGB2,FNBP1L,APH1A,DNAJB1,CAPNS1,MACROD1,TNKS1BP1,E2F6,SEMA6C,KCNJ11,GADD45A,DCC,TSC22D3,PDE4DIP,MOGS,ANO5,DMTF1,BCL6,IRF1,MAFF,BCL2,TAGLN2,PNPLA6,PAFAH1B3,FKBP5
gene_set_query	1051	ZNF510	862.7	ARCHS4 Coexpression,733;Enrichr Queries,1336;GTEx Coexpression,519	ZNF254,SPTBN4,ZNF175,KCNC1,SMIM29,KLC1,GPATCH8,FAM168B,SCRN1,ZNF426,EIF4B,SPTBN1,CLVS1,USP24,CA10,CERS6,LRBA,VPS13D,PTPN11,MYRIP,RIT2,CASTOR3,DMTF1,WNK1,RBM12B,ZNF554,NECTIN2
gene_set_query	1052	ZNF467	863.3	ARCHS4 Coexpression,1349;Enrichr Queries,168;GTEx Coexpression,1073	TSEN34,RIPOR2,CEBPD,SMIM29,SLC43A2,HSPB1,CCND3,FRAT2,SERPINH1,TIMP3,TIMP1,TGM2,NTNG2,GADD45A,TSC22D3,CAV1,EMP1,USB1,NBEAL2,GADD45G,PINK1,BCL6,CRISPLD2,PACS1,IRF1,S100A6,NUPR1,MSRB1
gene_set_query	1053	ZIK1	863.7	ARCHS4 Coexpression,512;Enrichr Queries,1146;GTEx Coexpression,933	RIPOR2,LRRC59,ZNF175,SET,KCNC1,SMIM29,HMGB2,FNBP1L,GPATCH8,PHTF1,UNG,APH1A,ZIC2,CAPNS1,IRAK1,KIF5C,KIF1C,HNRNPA1,ZBTB16,MOGS,GRIN2C,RAB34,BCL2,PLEKHM2,MAFK,TAGLN2,ZNF510,PAFAH1B3
gene_set_query	1054	ZNF630	864.0	ARCHS4 Coexpression,1160;GTEx Coexpression,568	USP35,LRRC59,BICRAL,CDPF1,EFCAB5,MOGS,ZBTB4,MFSD10,APH1A,MED22,TBL3,FAM168B,SNRNP70,RBM12B,SPIRE2,SPIN2B,NINL,ZNF554
gene_set_query	1055	ZNF430	864.0	ARCHS4 Coexpression,872;Enrichr Queries,659;GTEx Coexpression,1061	ZNF254,LRRC59,RPL3,HMGB2,ATN1,METTL21A,TM9SF4,APH1A,FBL,FAM168B,CAPNS1,SNRNP70,RPS3,ZNF426,PGM2,TNKS1BP1,MFN2,RPS2,ZNF483,RPS9,LRBA,MOGS,EEF1A1,RPS27,RPL37A,HNRNPD,ZNF554,FTL
gene_set_query	1056	MXD1	864.3	ARCHS4 Coexpression,1089;Enrichr Queries,143;GTEx Coexpression,1361	RIPOR2,CEBPD,SLC43A2,NEDD9,FRAT2,FTH1,SLC16A6,TIMP1,TGM2,NTNG2,ANXA2,USP4,SMOX,GADD45A,TSC22D3,EMP1,NBEAL2,INHBA,SOD2,GADD45G,SLC25A37,BCL6,IRF1,MAFF,S100A6,NUPR1,MSRB1
gene_set_query	1057	YBX3	864.5	ARCHS4 Coexpression,624;GTEx Coexpression,1105	RTN2,SEMA6C,KCNJ11,ZBTB47,HSPB6,PDE4DIP,SLC25A37,PINK1,MACROD1,MFN2,KIF1C,TACC2,ZNF787,E2F6,SNTA1
gene_set_query	1058	ZSCAN2	865.0	ARCHS4 Coexpression,960;Enrichr Queries,519;GTEx Coexpression,1116	LRRC59,SMIM29,SLC43A2,PITPNA,NEDD9,PBXIP1,PITPNC1,APH1A,SPR,CAPNS1,MAP3K21,GSE1,MFN2,RAC1,SEMA6C,GADD45A,ZBTB16,TSC22D3,MOGS,NR1D1,GADD45G,BCL6,EEF1D,BCL2,SPIRE2,PLEKHM2,ZNF554,BCL2L2
gene_set_query	1059	ZNF148	866.7	ARCHS4 Coexpression,427;Enrichr Queries,970;GTEx Coexpression,1203	PTEN,CHD2,RPL8,PPP1CB,SLK,SNRNP70,KIF5B,ARL6IP4,RPL18,RREB1,SPTBN1,ACVR1,RPS9,BICRAL,LRBA,VPS13D,OGA,CSNK1D,HIPK3,HIPK2,TUFM,LATS1,WNK1,RBM12B,RPL29,NECTIN2
gene_set_query	1060	MECOM	867.3	Literature ChIP-seq,138;ARCHS4 Coexpression,1363;GTEx Coexpression,1101	RIPOR2,SRXN1,TUSC3,CLTB,PEAR1,SHE,AS3MT,LAPTM4A,AIFM2,GOLGA6L4,RARS,FTH1,RPLP2,RPL39,CERS6,ANXA2,MOGS,RNASE4,TEX2,MED22,TOM1L2,PEAK1,DMWD,NUPR1,PLEC,TSTA3,CEBPD,NXN,NEDD9,PBXIP1,CCDC106,METTL21A,TRAK2,APH1A,PDLIM2,MARVELD2,DHRS7B,MAP3K21,ANKRD54,GSE1,LPXN,BRD9,D2HGDH,TSPAN3,GAS2L1,RREB1,JAM2,WNT10B,NTNG2,PPP1R14B,SQOR,PDE4DIP,HIPK2,GADD45G,SLC25A37,ADCK2,WNK1,ATG16L1,RPS20,NECTIN2,GPR19
gene_set_query	1061	ZNF843	868.0	ARCHS4 Coexpression,1075;Enrichr Queries,949;GTEx Coexpression,580	RTN2,LRRC59,UBE2D4,SMIM29,METTL21A,APH1A,FAM168B,RIMS3,OPHN1,MACROD1,CDH23,EMILIN1,E2F6,USP24,CSGALNACT1,SEMA6C,KCNJ11,RBM18,PDE4DIP,MOGS,ANO5,CRISPLD2,MMP17,ARHGEF3,SPIRE2,ZNF510,ZNF554,PLEC
gene_set_query	1062	MLXIPL	869.3	ARCHS4 Coexpression,1055;Enrichr Queries,494;GTEx Coexpression,1059	MYH7B,GADD45A,BHMT2,ZBTB16,TSC22D3,RARRES2,HSPB1,RNASE4,ARHGEF10L,NR1D1,NDRG2,BPHL,ACADSB,ASGR1,GADD45G,ALDH4A1,PC,BCL6,CA4,ECHDC2,NUPR1,FKBP5,TGM2
gene_set_query	1063	FOXO6	869.3	ARCHS4 Coexpression,1171;Enrichr Queries,954;GTEx Coexpression,483	SMIM29,ZBTB47,MAGED1,IFT172,IGSF1,ATN1,HSPB1,PBXIP1,FAM171A2,CUX2,HEY1,ZMIZ2,PLXNA2,GSE1,PPFIA3,LINC00632,PLXNA3,PELP1,CHST8,MYH7B,ZNF483,IFT140,ZBTB16,GADD45G,BCL6,MPPED2
gene_set_query	1064	ZBTB20	870.7	ARCHS4 Coexpression,615;Enrichr Queries,393;GTEx Coexpression,1604	LRRC59,CEBPD,SMIM29,RPL12,PTEN,NDRG2,RPL8,APH1A,OPHN1,MARVELD2,PLXNA2,TIMP3,RNF150,RREB1,SPTBN1,ZNF483,ZBTB16,TSC22D3,CAV1,EMP1,PDE4DIP,MOGS,HIPK2,EEF1G,BCL6,WNK1,PEAK1,RPL29
gene_set_query	1065	CDX1	871.3	ARCHS4 Coexpression,1365;Enrichr Queries,411;GTEx Coexpression,838	MYH7B,DGAT1,SMIM29,FOXF2,ZBTB16,SQOR,HSPB1,SDCBP2,GADD45G,KLC4,BMP2,TMEM54,BCL6,ZIC2,EPCAM,ETHE1,IRF1,CA4,S100A6,NUPR1,PRELID3B,TGM2
gene_set_query	1066	ZKSCAN4	871.7	ARCHS4 Coexpression,332;Enrichr Queries,704;GTEx Coexpression,1579	RPL3,CEBPD,SMIM29,SLC43A2,NEDD9,RPL8,UNG,FRAT2,HEY1,RPS3,RPL18,HNRNPA1,PRMT5,RBM14,TLE1,TSC22D3,COBL,NR1D1,EEF1A1,EEF1G,BCL6,IRF1,ARHGEF3,TYRO3,SPIRE2,RPL29,TARDBP,EIF3D
gene_set_query	1067	ZNF404	871.7	ARCHS4 Coexpression,981;Enrichr Queries,663;GTEx Coexpression,971	ZNF254,LRRC59,CEBPD,SMIM29,MAGED1,MT1X,FNBP1L,APH1A,SCRN1,CAPNS1,TP53INP2,SLC16A6,ZNF426,TIMP1,RREB1,LINC00632,TGM2,GDF11,IGIP,EMP1,PDE4DIP,MOGS,SYTL2,PPP1R3F,BMP2,BCL6,MPPED2,GPR19
gene_set_query	1068	ZNF30	872.3	ARCHS4 Coexpression,874;Enrichr Queries,1096;GTEx Coexpression,647	ZNF254,SPTBN4,SET,KCNC1,SMIM29,KLC1,FNBP1L,PPP1CB,ZIC2,CAPNS1,ZNF426,CA10,DCC,PDE4DIP,MOGS,GRIN2C,KCNAB3,TMEM170B,SYTL2,INPP4B,RIT2,RAB37,CDH10,MAFF,TRAF5,MPPED2,PLEKHM2,PNPLA6
gene_set_query	1069	ZNF208	872.3	ARCHS4 Coexpression,1006;Enrichr Queries,841;GTEx Coexpression,770	RIPOR2,LRRC59,FLT1,SMIM29,COL11A1,METTL21A,APH1A,FAM168B,CAPNS1,KIF5C,SCMH1,MFN2,RDH14,RNF150,MYH7B,ZNF483,PDE4DIP,MOGS,ANO5,SYTL2,COL5A2,SPIRE2,ITGA7,RBM20,RAMP1,ZNF554
gene_set_query	1070	NEUROD6	872.7	ARCHS4 Coexpression,1000;Enrichr Queries,1049;GTEx Coexpression,569	PRDM8,CTNND2,FNBP1L,GRM5,RIMS3,CUX2,PPP4R4,KIF5A,GDAP1L1,PLXNA2,PHACTR3,PHF24,PLXNA1,CLVS1,MPP3,DCC,ZBTB16,PCDH20,MAPK8IP2,AGBL4,KCNS1,CDH10,MMP17,MPPED2,PAFAH1B3,RAPGEF4
gene_set_query	1071	ZNF780B	873.0	ARCHS4 Coexpression,855;Enrichr Queries,1087;GTEx Coexpression,677	ZNF254,LRRC59,ZNF175,SMIM29,IFT172,ATN1,CHD2,RPL8,APH1A,CAPNS1,OPHN1,SNRNP70,ZNF844,NINL,ATP9B,LINC00632,PLXNA3,ZNF483,PPP1R14B,TSC22D3,SYTL2,DMTF1,RBM12B,BCL2,HNRNPH3,RPL29,NECTIN2
gene_set_query	1072	ZNF471	873.3	ARCHS4 Coexpression,1480;Enrichr Queries,927;GTEx Coexpression,213	SMIM29,IFT172,ATN1,METTL21A,ZBTB4,SMG6,TOMM22,MPRIP,IRAK1,OPHN1,ZNF844,RNF150,NINL,ATP9B,JAM2,ZNF483,ZBTB16,IGIP,RABL2B,NFATC4,SYTL2,KAT2A,LAS1L,DMTF1,CRISPLD1,PEAK1,MPPED2,BCL2,HNRNPH3,PLA2R1
gene_set_query	1073	ZNF146	873.7	ARCHS4 Coexpression,1226;Enrichr Queries,174;GTEx Coexpression,1221	RPL4,SET,RBM18,RPS6,HMGB2,RPL13A,HSPB1,RPL9,PPP1CB,EEF1A1,PNN,TAF1D,ILF3,EIF2S3,DMTF1,HNRNPH1,KIF5B,RIOX2,HNRNPD,RPL35,HNRNPH3,NSRP1,HNRNPA1,EIF4B
gene_set_query	1074	HIVEP3	874.3	ARCHS4 Coexpression,1010;Enrichr Queries,617;GTEx Coexpression,996	BCAR3,KMT2D,SMIM29,SLC43A2,PITPNA,NEDD9,ACVR1B,TM9SF4,ABR,ZMIZ2,SCMH1,PLXNA2,GSE1,LPXN,RREB1,PPFIA3,TGM2,EMP1,PDE4DIP,HIPK2,ADCK2,BCL6,BCL2,ARHGEF3,PLEKHM2,PLEC
gene_set_query	1075	RBPJL	874.3	ARCHS4 Coexpression,1112;Enrichr Queries,469;GTEx Coexpression,1042	SERPINA3,SHC2,PLEKHH3,SMIM29,MT1M,HSPB1,PRELP,MT1X,HEY1,CA4,PLXNA2,CDH23,MAP3K21,TGM2,MYH7B,ZBTB16,RARRES2,SNHG8,PYCR1,NR1D1,SDCBP2,BCAN,CRISPLD2,NUPR1,RAMP1,PLEC
gene_set_query	1076	ZNF565	875.3	ARCHS4 Coexpression,680;Enrichr Queries,401;GTEx Coexpression,1545	BCAR3,PLEKHH3,SMIM29,RPL12,HMGB2,ATN1,FNBP1L,ZBTB4,APH1A,DNAJB1,GRM5,CAPNS1,SNRNP70,ZMIZ2,MFN2,MAP4K4,DTNA,ZBTB16,LAMB1,MOGS,TAPBP,SYTL2,BCL6,CRISPLD2,WNK1,MAFF,PNPLA6,FKBP5
gene_set_query	1077	LBX1	875.7	ARCHS4 Coexpression,488;Enrichr Queries,1325;GTEx Coexpression,814	RTN2,SEMA6C,MYH7B,FOXD1,UBE2D4,KCNJ11,FOXF2,ZBTB47,HSPB6,ZBTB16,PDE4DIP,ANO5,PINK1,CUX2,SGCD,ZIC2,MACROD1,MFN2,KIF1C,ACO2,TACC2,E2F6,SNTA1
gene_set_query	1078	ZNF414	876.0	ARCHS4 Coexpression,1333;Enrichr Queries,527;GTEx Coexpression,768	TSEN34,SMIM29,AKAP8L,FAM107A,HSPB1,WDR24,CCND3,MARVELD2,FTH1,RPLP2,GSE1,ZNF787,RNF150,ZNF346,GAS2L1,RREB1,PCIF1,AXIN1,CDPF1,NR1D1,MFSD10,GADD45G,NDUFS8,MAFF,S100A6,SRSF4,PLEC
gene_set_query	1079	ZNF311	876.0	ARCHS4 Coexpression,1059;Enrichr Queries,1196;GTEx Coexpression,373	ZNF254,RIPOR2,SET,SMIM29,GXYLT1,FNBP1L,LAPTM4A,ZIC2,ZNF844,TRIM26,HNRNPA1,CSGALNACT1,FOXD1,ENTPD2,LAMB1,TMEM170B,NFATC4,SYTL2,RGMA,PPP1R3F,INPP4B,MMP14,RAB34,TRIP6,COL5A2,MPPED2,FKBP9
gene_set_query	1080	ZBTB43	879.7	ARCHS4 Coexpression,947;Enrichr Queries,714;GTEx Coexpression,978	LRRC59,ATN1,NEDD9,EFCAB5,CHD2,APH1A,DNAJB1,RPS17,CAPNS1,SNRNP70,MACROD1,E2F6,TAF15,KCNJ11,GADD45A,TSC22D3,MOGS,SOD2,HIPK2,BCL6,IRF1,MAFF,CRY2,GTF2IRD1,TACC2,RAF1,FKBP5
gene_set_query	1081	KLF8	880.0	ARCHS4 Coexpression,1306;Enrichr Queries,590;GTEx Coexpression,744	RIPOR2,LRRC59,FLT1,SMIM29,CLTB,NEDD9,METTL21A,SLK,OPHN1,ELMSAN1,KIF5C,PLXNA2,TNKS1BP1,PGM2,TIMP3,MAP3K6,ATP9B,TBC1D10A,JAM2,TSC22D3,VPS13D,EMP1,SNX21,INHBA,SYTL2,PEAK1,CD109,ZNF554
gene_set_query	1082	ZNF567	880.0	ARCHS4 Coexpression,634;Enrichr Queries,1132;GTEx Coexpression,874	ZNF254,LRRC59,ZNF175,SMIM29,GSTCD,HMGB2,FNBP1L,APH1A,FAM168B,CAPNS1,OPHN1,SNRNP70,ZNF280C,ZNF525,ZNF426,MFN2,MAPK3,POU2F1,MOGS,SYTL2,LATS1,DMTF1,RBM12B,SPIRE2,PLEKHM2,PNPLA6,NSRP1,ZNF554
gene_set_query	1083	HDX	880.3	ARCHS4 Coexpression,236;Enrichr Queries,1311;GTEx Coexpression,1094	YAP1,ZNF254,SMIM29,TUSC3,RPL12,ADIRF,FNBP1L,APH1A,CAPNS1,IRAK1,KIF5C,SNRNP70,DHX58,RPS2,ZNF787,RPL18,RPS9,DTNA,MOGS,INHBA,ATXN2L,EEF1D,RAB34,IRF1,MPPED2,SPIN2B,RPL29,RPL28
gene_set_query	1084	BATF2	880.3	ARCHS4 Coexpression,904;Enrichr Queries,1029;GTEx Coexpression,708	NTNG2,SLC43A2,SQOR,TAP2,TAP1,USB1,NBEAL2,INHBA,SOD2,TAPBP,FRAT2,IRF1,MAFF,DHX58,ZNF787,TIMP1,NUPR1,MSRB1,TGM2
gene_set_query	1085	FOXD4L5	880.7	ARCHS4 Coexpression,1557;Enrichr Queries,770;GTEx Coexpression,315	BCAR3,LAMA5,SMIM29,CTNND2,MT1M,PTEN,ADCY8,METTL21A,APOLD1,ABR,HEY1,AIFM2,ATP9B,SPTBN1,FOXD1,FOXF2,CIDEA,COBL,PDE4DIP,LAMB1,HIPK3,TMEM135,BMP2,PC,PEAK1,BCL2,FKBP5
gene_set_query	1086	PHF20	881.0	ARCHS4 Coexpression,421;Enrichr Queries,992;GTEx Coexpression,1230	LRRC59,NGLY1,PTEN,ATN1,CHD2,PPP1CB,APH1A,FAM168B,CAPNS1,IRAK1,SNRNP70,GSE1,ARIH1,E2F6,RREB1,SPTBN1,MAP4K4,CERS6,KCNJ11,RPL21,MOGS,HIPK2,EIF2S3,WNK1,PLEKHM2,PNPLA6,BCL2L2,NECTIN2,FKBP5
gene_set_query	1087	NFX1	882.0	ARCHS4 Coexpression,1477;Enrichr Queries,647;GTEx Coexpression,522	SETD6,PRDM15,CHD2,METTL21A,GPATCH8,MPRIP,OPHN1,RREB1,ATP9B,EIF4B,SPTBN1,MAPK3,ZNF584,USP24,SEC24B,OGA,PDE4DIP,EEF1A1,LSG1,ILF3,DMTF1,WNK1,HNRNPH1,PEAK1,GTF2IRD1,TACC2,PLEC
gene_set_query	1088	ZNF681	882.3	ARCHS4 Coexpression,748;Enrichr Queries,967;GTEx Coexpression,932	ZNF254,RIPOR2,LRRC59,KCNC1,SMIM29,HMGB2,ATN1,FNBP1L,APH1A,FAM168B,ZIC2,CAPNS1,KIF5C,SNRNP70,ZNF844,TNKS1BP1,MFN2,REPS1,CA10,PDE4DIP,MOGS,KCNAB3,SYTL2,RIT2,CRISPLD2,PLEKHM2,PNPLA6,PAFAH1B3,ZNF554
gene_set_query	1089	HSFX1	883.0	ARCHS4 Coexpression,1516;GTEx Coexpression,250	MYH7B,UBE2D4,HSPB6,ZBTB47,RBM18,PDE4DIP,ANO5,TOMM40L,APH1A,PPP1R3F,SGCD,ZMIZ2,MFN2,ACO2,NECTIN2,PPFIA3,CAMK1G,RPS12,SNTA1
gene_set_query	1090	ZNF320	883.3	ARCHS4 Coexpression,966;Enrichr Queries,1356;GTEx Coexpression,328	ZNF254,LRRC59,ZNF175,SMIM29,ATN1,METTL21A,APH1A,PNN,MARVELD2,SNRNP70,ZNF426,ZNF525,ZNF844,HNRNPA1,NINL,PLXNA3,HNRNPA3,MOGS,KAT2A,DMTF1,RBM12B,BCL2,SPIRE2,HNRNPH3,TARDBP,NSRP1,ZNF554
gene_set_query	1091	HNF1B	884.3	ARCHS4 Coexpression,1236;Enrichr Queries,1128;ReMap ChIP-seq,289	YAP1,SERPINA3,FLT1,SMIM29,CITED4,PTEN,RPL9,RND1,PNN,MARVELD2,EPCAM,UBC,CA4,TIMP3,RREB1,TGM2,ANXA2,ITGA3,SMOX,GADD45A,RARRES2,CAV1,SQOR,NEK7,ITGA1,RPL23A,MOGS,LAMB1,CYS1,SYTL2,BMP2,BCL6,PEAK1,CD109,IRF1,GSAP,TAGLN2
gene_set_query	1092	PRDM14	885.2	Literature ChIP-seq,79;ARCHS4 Coexpression,1490;Enrichr Queries,1216;ReMap ChIP-seq,201;GTEx Coexpression,1440	ATN1,CASC1,CDC14B,CAPNS1,RPS19,KIF5C,KIF5B,SAP130,GJA4,SCMH1,DHX58,MACROD1,RPL38,EIF2D,MAP3K6,RPL39,CSGALNACT1,PAQR6,PPP1R16A,CSNK1D,SDCBP2,BCAN,INPP4B,CD109,S100A6,PKP4,TAGLN2,UBA52,NECAB3,SET,NDRG2,ABR,RDH14,MBP,RREB1,PLXNA3,MYH7B,WNT10B,ICMT,FOXF2,GADD45A,PHF12,PCIF1,CIDEA,IFT122,PYCR1,NFATC4,LAS1L,FNDC10,SPIRE2,GTF2IRD1,BCAR3,SNED1,FLT1,CLTB,PTEN,HSPB1,ARHGEF10L,PEAR1,CHD2,PITPNC1,RPS4X,RASGEF1A,ZIC2,CA4,GDAP1L1,FLOT1,RPLP2,RAC3,TIMP3,EMILIN1,TIMP1,NINL,BCAS1,APC2,CHST8,CERS6,ANXA2,ANO8,COBL,QRSL1,RGMA,EEF1G,PTP4A2,NDUFS8,SLCO4A1,CDH10,CRY2,PAFAH1B3,RAPGEF4,LAMA5,PLEKHH3,RPL10,NXN,ATL2,PBXIP1,ACVR1B,WDR24,APOLD1,TM9SF4,UNG,DNAJB1,GPC1,MFN2,D2HGDH,HNRNPA1,PPP1R14B,SOD2,ALDH4A1,PER1,TMEM54,TTLL3,TACC2,NAXD,FAM50A
gene_set_query	1093	ZNF319	886.0	ARCHS4 Coexpression,976;Enrichr Queries,548;GTEx Coexpression,1134	TSEN34,RIPOR2,NTNG2,CEBPD,SMIM29,SLC43A2,GADD45A,TSC22D3,PHF12,TAP2,TAP1,USB1,NBEAL2,ZBTB4,FRAT2,BCL6,PACS1,IRF1,MAFF,PLXNA1,GSE1,PNPLA6,MSRB1,PLEC
gene_set_query	1094	THAP12	888.5	ARCHS4 Coexpression,264;GTEx Coexpression,1513	RPL4,USP24,LRRC59,HNRNPA3,RPL12,PYCR1,RPSA,PTPN11,APH1A,EEF1A1,RPS4X,EEF1G,PTP4A2,FAM168B,SLK,IRAK1,SNRNP200,EIF4B,TPT1
gene_set_query	1095	STAT4	888.5	Literature ChIP-seq,43;ARCHS4 Coexpression,1170;Enrichr Queries,1067;GTEx Coexpression,1274	RIPOR2,SNED1,KCNC1,HSPB6,POP4,ATN1,LRRC6,CHD2,PPP1CB,CCND3,FRAT2,FTH1,FLOT1,TIMP1,ARIH1,ATXN7L2,TBC1D10A,TGM2,RBM14,DGAT1,TSC22D3,TAP2,TAP1,EMP1,TAPBP,MED22,TOM1L2,PPP1R3F,MMP14,PACS1,RAB37,EEF1D,IRF1,CDC37,CRY2,ARHGEF3,NUPR1,SNRNP200,PLEC,TSTA3,SMIM29,CEBPD,PRDM15,FHIT,BPHL,TM9SF4,DNAJB1,LPXN,WNT10B,TAF12,GADD45A,PHF12,NEK7,RPL23A,NR1D1,HARS2,GADD45G,PER1,HIST3H2A,BCL6,STK17A,RIOX2,MAFF,BCL2,PNPLA6,ACO2,TARDBP,TPT1
gene_set_query	1096	ZNF571	889.0	ARCHS4 Coexpression,1297;Enrichr Queries,960;GTEx Coexpression,410	USP35,ZNF254,LRRC59,ZNF175,SMIM29,IFT172,IGSF1,FOXK2,APH1A,CAPNS1,ZIC2,ZNF426,ZNF844,APBB3,PLXNA3,CHST8,ZNF483,PDE4DIP,MOGS,SYTL2,LATS1,EIF2S3,DMTF1,BCL6,IRF1,MAFF,HNRNPH3,ZNF510
gene_set_query	1097	ZNF572	890.3	ARCHS4 Coexpression,499;Enrichr Queries,1088;GTEx Coexpression,1084	RPL4,CEBPD,SMIM29,RPL12,PPWD1,PITPNC1,ZNF280C,DHX58,RPS3,ZNF525,PLXNA1,GSE1,EIF4B,PELP1,DAPK1,TSC22D3,LRBA,EMP1,INHBA,TEX2,EEF1G,EIF2S3,BCL6,RBM12B,HNRNPD,INTS8,TPT1,GPR19
gene_set_query	1098	EGR3	890.7	ARCHS4 Coexpression,1335;Enrichr Queries,272;GTEx Coexpression,1065	CEBPD,SMIM29,CLTB,NEDD9,METRNL,ACVR1B,HEY1,ELMSAN1,TIMP3,TIMP1,TGM2,MYH7B,GADD45A,ZBTB16,TSC22D3,EMP1,SNX21,NR1D1,INHBA,LYVE1,GADD45G,PER1,BMP2,BCL6,TTLL3,IRF1,MAFF
gene_set_query	1099	ZNF107	891.0	ARCHS4 Coexpression,305;Enrichr Queries,1248;GTEx Coexpression,1120	ZNF254,RIPOR2,SMIM29,ZBTB47,HMGB2,CLTB,CAPNS1,GPC1,FLOT1,LPXN,TNKS1BP1,KIF1C,MAP4,HNRNPA1,CRTAP,TAP2,TAP1,TAPBP,TOM1L2,PINK1,DMTF1,HNRNPH1,IRF1,HNRNPD,BCL2,BCL2L2,FKBP5
gene_set_query	1100	ZNF214	893.7	ARCHS4 Coexpression,751;Enrichr Queries,1034;GTEx Coexpression,896	OSCP1,ZNF254,ZNF175,TBC1D19,CEBPD,SMIM29,TUSC3,MAGED1,DNAH6,LRRC6,FNBP1L,CASC1,TSPAN3,HNRNPA1,DCC,ZBTB16,NBEAL2,NFATC4,RGMA,LATS1,CRISPLD1,CRISPLD2,EEF1D,RAB34,RBM12B,MPPED2,BCL2
gene_set_query	1101	ZXDB	894.3	ARCHS4 Coexpression,1065;Enrichr Queries,830;GTEx Coexpression,788	CEBPD,SMIM29,HSPB1,LRRC6,ARHGEF10L,ASGR1,TAF1D,CAPNS1,EIF4B,TGM2,ZNF584,USP24,SEC24B,GADD45A,TSC22D3,CAV1,GAB2,NR1D1,ACADSB,HIPK3,PATL1,BMP2,DMTF1,BCL6,WNK1,DNAL4,TPT1
gene_set_query	1102	ZFP30	894.3	ARCHS4 Coexpression,1221;Enrichr Queries,722;GTEx Coexpression,740	ZNF175,KCNC1,SMIM29,GSTCD,NEDD9,HSPB1,GPATCH8,APH1A,SCRN1,ZIC2,CAPNS1,OPHN1,KIF5C,FBXW4,CA10,GADD45A,ZBTB16,TSC22D3,EMP1,PDE4DIP,MOGS,LAS1L,DMTF1,BCL6,BCL2,SPIRE2,ZNF510,ZNF554
gene_set_query	1103	MXD3	894.7	ARCHS4 Coexpression,151;Enrichr Queries,1357;GTEx Coexpression,1176	TSEN34,RIPOR2,SMIM29,SETD6,HMGB2,RPL36A,FOXRED1,UNG,FRAT2,RPS19,RPL36,DGCR6,NTNG2,PPP1R14B,USB1,SNX21,NBEAL2,SLC25A37,RPS28,IRF1,RPL27A,RPL37A,POLR3H,RPS20,RPL28,UBA52,MSRB1
gene_set_query	1104	ARNTL2	894.7	ARCHS4 Coexpression,554;Enrichr Queries,943;GTEx Coexpression,1187	BCAR3,LRRC59,ICMT,ANXA2,ITGA3,CAV2,LRBA,CAV1,SQOR,EMP1,PTPN11,INHBA,PVR,SLK,SLCO4A1,CD109,IRF1,S100A6,ZNF426,PGM2,TIMP1,TGM2,PRELID3B
gene_set_query	1105	ZNF19	895.7	ARCHS4 Coexpression,1074;Enrichr Queries,684;GTEx Coexpression,929	OSCP1,LAMA5,LRRC59,SMIM29,IFT172,NEDD9,METTL21A,CASC1,APH1A,ZMIZ2,GSE1,ATP9B,IFT140,TSC22D3,IFT122,PDE4DIP,MOGS,LZTFL1,SYTL2,ATXN2L,DMTF1,BCL6,CRISPLD2,SPIRE2,NUPR1,ZNF554,PLEC
gene_set_query	1106	BNC1	896.3	ARCHS4 Coexpression,230;Enrichr Queries,905;GTEx Coexpression,1554	BCAR3,LRRC59,FLT1,SMIM29,CLTB,PVR,SLK,GPC1,RNPEP,PGM2,TIMP3,TNKS1BP1,PLXNA1,KIF1C,TGM2,ANXA2,ITGA3,CAV2,CAV1,EMP1,LAMB1,INHBA,BMP2,MMP14,SMTN,CD109,COL5A2,PLEC
gene_set_query	1107	ZNF75D	897.0	ARCHS4 Coexpression,1315;Enrichr Queries,877;GTEx Coexpression,499	RIPOR2,SMIM29,CEBPD,MT1X,AKAP17A,PNN,PEA15,HABP4,EIF4B,METTL17,MPP3,GADD45A,RARRES2,TSC22D3,LRBA,VPS13D,PDE4DIP,MOGS,NBEAL2,SYTL2,PPP1R3F,BCL6,HNRNPH1,IRF1,GSAP,TPT1
gene_set_query	1108	TRERF1	897.0	ARCHS4 Coexpression,1234;Enrichr Queries,543;GTEx Coexpression,914	KMT2D,RIPOR2,ZBTB47,SMIM29,NEDD9,TM9SF4,PITPNC1,ABR,FRAT2,RNPEP,PGM2,GSE1,RREB1,TBC1D10A,MAP4K4,DAPK1,TAP2,EMP1,NBEAL2,HIPK2,BCL6,PACS1,ARHGEF3,PNPLA6,RPL28,FKBP5,PLEC
gene_set_query	1109	GMEB1	897.0	ARCHS4 Coexpression,1213;Enrichr Queries,616;GTEx Coexpression,862	MTMR14,METTL21A,APH1A,FAM168B,FRAT2,PLXNA2,ZNF844,PPP1R26,POU2F1,TAF12,USP4,AXIN1,ARNT,MOGS,NR1D1,PATL1,PTP4A2,ILF3,BCL6,STK17A,WNK1,IRF1,MAFF,SPIRE2,SRSF4,TARDBP,ZNF554,FKBP5
gene_set_query	1110	FOXJ1	899.3	ARCHS4 Coexpression,1354;Enrichr Queries,403;GTEx Coexpression,941	OSCP1,MYH7B,LINC01354,DTNA,CEBPD,SMIM29,IFT140,ZBTB16,IFT172,DNAH6,RABL2B,EMP1,HSPB1,LRRC6,CASC1,LZTFL1,GADD45G,RGMA,MMP14,ZIC2,EPCAM,S100A6,TIMP3,TGM2
gene_set_query	1111	PAX5	899.8	ARCHS4 Coexpression,1517;ENCODE ChIP-seq,59;Enrichr Queries,1254;ReMap ChIP-seq,186;GTEx Coexpression,1483	RIPOR2,RPL3,TAMM41,PITPNA,MPI,ATN1,GXYLT1,RPL8,TOMM22,NDST2,PNN,CCND3,RPS16,CAPNS1,RPS19,CSKMT,FTH1,ZMIZ2,DHX58,RPL36,RPL38,EIF2D,NUDT16,RPS11,RPS9,ENTPD2,RPL21,DGAT1,USP4,RPS5,CSNK1D,MOGS,MFSD10,TUFM,EEF1A1,TMEM135,DMTF1,SNHG12,RAB34,CDC37,SRSF4,TAGLN2,RPL29,SNRNP200,RPL28,FTL,RTN2,SET,NECAB3,GSTCD,AKAP17A,KLC1,ZBTB4,ABR,DHRS7B,UBC,LPXN,AMZ2,ICMT,ZBTB16,PCIF1,OGA,SNHG8,PYCR1,RABL2B,SNHG5,TBL3,RPS27,PAN3,BCL6,ATG16L1,TRIP6,MAFF,BCL2,RPS20,NOL12,INTS8,ZFAND2A,AKAP8L,NGLY1,HMGB2,CHD2,FLOT1,RPLP2,RAC3,PGM2,APC2,RBM18,ANO8,RPL13A,EEF1G,LSG1,KAT2A,SDHAF2,EEF1D,SLCO4A1,HNRNPH1,PACS1,IRF1,CHI3L2,IER3-AS1,PAFAH1B3,PLEC,PLEKHH3,RPL10,SMIM29,ATL2,RPL11,FOXK2,CCDC106,WDR24,TAF1D,CUX2,ELMSAN1,RPS3,RPL13,ANKRD54,BRD9,RPS2,RPL18,APBB3,ZNF584,PPP1R14B,TAF12,RPL23A,PER1,CASTOR3,STK17A,NAXD,TARDBP,EIF3D
gene_set_query	1112	ZNF625	901.0	ARCHS4 Coexpression,436;Enrichr Queries,1047;GTEx Coexpression,1220	ZNF254,LRRC59,SET,SMIM29,GSTCD,APH1A,RPS17,MPRIP,CAPNS1,IRAK1,KIF5C,SNRNP70,ZMIZ2,ZNF426,ZNF525,ZNF844,MFN2,RNF150,TAP2,MOGS,TMEM170B,ATXN2L,EIF2S3,CASTOR3,PLEKHM2,MAFK,TAGLN2,PNPLA6
gene_set_query	1113	ZBTB2	901.7	ARCHS4 Coexpression,433;Enrichr Queries,733;GTEx Coexpression,1539	LRRC59,SMIM29,CTNND2,HMGB2,HSPB1,NDRG2,APH1A,DNAJB1,KIF5C,UBC,KIF5A,LPXN,EIF4B,GADD45A,TAP2,MAPK8IP2,PATL1,GADD45G,EEF1A1,EEF1G,BCL6,IRF1,MAFF,BCL2,SPIRE2,EIF3D,TPT1,FKBP5
gene_set_query	1114	THAP9	901.7	ARCHS4 Coexpression,356;Enrichr Queries,1142;GTEx Coexpression,1207	LRRC59,SET,NGLY1,ATN1,FNBP1L,UNG,APH1A,TAF1D,FAM168B,CAPNS1,IRAK1,SNRNP70,ZMIZ2,AMZ2,ATXN7L2,POU2F1,LINC02175,NEK7,PDE4DIP,MOGS,DMTF1,PACS1,HNRNPH1,PLEKHM2,MAFK,TAGLN2,PNPLA6,GPR19
gene_set_query	1115	ZNF92	901.8	ARCHS4 Coexpression,690;Enrichr Queries,1303;ReMap ChIP-seq,152;GTEx Coexpression,1462	OSCP1,PRR5,DOCK6,USP35,ZNF254,RPL3,SRXN1,CITED4,CLTB,FAM107A,HMGB2,ARHGEF10L,PEAR1,FNBP1L,PVR,SHD,RPS19,CAPNS1,FTH1,ZNF280C,RPLP2,TNKS1BP1,TIMP3,KIF1C,MAP3K6,TGM2,APC2,MIGA2,ANO8,EMP1,BCAN,TOM1L2,NDUFS8,DMTF1,DMWD,MMP17,SRARP,PEX5,RPL29,UBA52,ZNF510,FTL,FKBP5,LAMA5,SET,SMIM29,FAM171A2,LPXN,PLXNA1,GSE1,RPL18,GAS2L1,HNRNPA1,PPP1R14B,PCIF1,IFT122,PARVA,NBEAL2,ALDH4A1,TTLL3,MAFF,PLEKHM2,MAFK,PNPLA6,NOL12,EIF3D
gene_set_query	1116	ZFP14	902.3	ARCHS4 Coexpression,993;Enrichr Queries,1064;GTEx Coexpression,650	RIPOR2,LRRC59,ZNF175,SMIM29,METTL21A,ZBTB4,APH1A,SCRN1,CAPNS1,OPHN1,IRAK1,DHRS7B,TIMP3,ZBTB16,TSC22D3,IGIP,OGA,PDE4DIP,MOGS,TBL3,DMTF1,BCL6,SPIRE2,TARDBP,ZNF510,ZNF554,FKBP5
gene_set_query	1117	ZNF385A	906.3	ARCHS4 Coexpression,1214;Enrichr Queries,242;GTEx Coexpression,1263	CEBPD,SMIM29,SLC43A2,PITPNA,CLTB,HSPB1,ACVR1B,NDRG2,METRNL,ABR,TP53INP2,FTH1,ZMIZ2,TIMP3,TIMP1,ANXA2,TSC22D3,EMP1,NBEAL2,ADCK2,BCL6,CRISPLD2,S100A6,PLEKHM2,NUPR1,PNPLA6,FTL,PLEC
gene_set_query	1118	ZNF674	906.3	ARCHS4 Coexpression,1396;Enrichr Queries,58;GTEx Coexpression,1265	MAGED1,HSPB1,CHD2,METTL21A,RPS4X,APH1A,RPS17,RPS19,RPS18,UBC,TIMP1,RPL39,ANXA2,GADD45A,RBM18,RPS5,TSC22D3,OGA,RPL13A,MOGS,LINC00909,COMMD5,EEF1A1,DMTF1,BCL6,RPL27A,SPIRE2,ZNF510,ZNF554,TPT1,FTL
gene_set_query	1119	ZFY	906.7	ARCHS4 Coexpression,406;Enrichr Queries,999;GTEx Coexpression,1315	SERPINA3,LRRC59,LAMA5,CEBPD,SMIM29,GSTCD,ATN1,RPL8,RPS4X,SPR,IRAK1,ZNF280C,SLC16A6,RPS2,RAC1,RPL18,TGM2,FAM120AOS,PPP1R14B,BICRAL,EMP1,PYCR1,INHBA,HIPK3,SYTL2,TUFM,BMP2
gene_set_query	1120	RAX2	907.0	ARCHS4 Coexpression,1467;Enrichr Queries,566;GTEx Coexpression,688	LRRC59,CEBPD,SMIM29,TUSC3,MAGED1,IFT172,IGSF1,HMGB2,HSPB1,MT1X,EFCAB5,METTL21A,APH1A,GOLGA3,FTH1,LINC00632,PLXNA3,CHST8,UNC13C,MOGS,NR1D1,MFSD11,BCL6,IRF1,S100A6,ECHDC2,GPR19
gene_set_query	1121	MYBL1	907.8	Literature ChIP-seq,153;ARCHS4 Coexpression,664;Enrichr Queries,1349;GTEx Coexpression,1465	LRRC59,FOXD1,SMIM29,USP4,ITGA3,CAV1,NEK7,HMGB2,TAP2,EMP1,KCNAB3,PATL1,TAPBP,ILF3,IRAK1,STK17A,PACS1,SNRNP70,KIF5B,RPL28,TGM2
gene_set_query	1122	TRAFD1	908.0	ARCHS4 Coexpression,1005;Enrichr Queries,983;GTEx Coexpression,736	ANXA2,USP4,SQOR,HMGB2,TAP2,TAP1,HSPB1,NBEAL2,SOD2,TAPBP,NDST2,FRAT2,BCL6,IRF1,DHX58,ARHGEF3,PGM2,TAGLN2,TBC1D10A,FKBP5,TGM2,MSRB1
gene_set_query	1123	GBX1	909.0	ARCHS4 Coexpression,728;Enrichr Queries,1107;GTEx Coexpression,892	RTN2,SEMA6C,MYH7B,FOXD1,KCNJ11,FOXF2,ZBTB47,HSPB6,ZBTB16,NGLY1,PDE4DIP,GRIN2C,ANO5,GADD45G,BCAN,CUX2,ZIC2,MACROD1,MFN2,KIF1C,DGCR6,TACC2,SNTA1
gene_set_query	1124	ZNF574	910.3	ARCHS4 Coexpression,638;Enrichr Queries,591;GTEx Coexpression,1502	SMIM29,HMGB2,HSPB1,EFCAB5,RPL8,UNG,DNAJB1,PNN,FBL,SAP130,UBC,ZNF787,RPL18,TBC1D10A,RPS9,RBM14,RPS5,PHF12,PCIF1,AXIN1,MFSD10,TUFM,TBL3,ILF3,PAFAH1B3
gene_set_query	1125	DLX5	910.3	ARCHS4 Coexpression,887;Enrichr Queries,571;GTEx Coexpression,1273	ZNF254,SMIM29,MAGED1,COL11A1,CLTB,ACVR1B,FNBP1L,KLC1,DLL3,HEY1,ZIC2,GDAP1L1,TIMP3,FOXD1,FOXF2,ZBTB16,RBM18,NR1D1,INHBA,BMP2,ADCK2,BCL6,MPPED2,COL5A2,PAFAH1B3,GPR19
gene_set_query	1126	SP8	910.7	ARCHS4 Coexpression,182;Enrichr Queries,1223;GTEx Coexpression,1327	NXN,ACVR1B,FNBP1L,FAM171A2,ARVCF,HEY1,ZIC2,PLXNA2,RPL13,FGFBP3,HNRNPA1,NINL,RPL17,PELP1,GDF11,FOXD1,TLE1,FOXF2,ZBTB16,NR1D1,RGMA,NFATC4,BMP2,ILF3,ADCK2,MPPED2,RBM12B,TAGLN2
gene_set_query	1127	ONECUT2	911.3	ARCHS4 Coexpression,483;Enrichr Queries,907;GTEx Coexpression,1344	SHC2,SMIM29,CTNND2,FNBP1L,ASGR1,DLL3,FAM171A2,CUX2,RIMS3,ZIC2,KIF5C,GDAP1L1,PLXNA2,NINL,MAP4K4,APC2,GDF11,MPP3,DCC,ZBTB16,INHBA,ACADSB,ALDH4A1,BCL6,CASTOR3,BCL2
gene_set_query	1128	ZNF223	911.7	ARCHS4 Coexpression,240;Enrichr Queries,1242;GTEx Coexpression,1253	KMT2D,LRRC59,ZNF175,CEBPD,SMIM29,PPWD1,METTL21A,FNBP1L,PPP1CB,APH1A,FAM168B,MPRIP,CAPNS1,IRAK1,SNRNP70,ZMIZ2,TNKS1BP1,MFN2,KIF1C,TIMP1,MOGS,HARS2,ATXN2L,BCL6,CRISPLD2,ARHGEF3,PNPLA6,ZNF510,PAFAH1B3
gene_set_query	1129	VAX1	912.7	ARCHS4 Coexpression,1149;Enrichr Queries,1364;GTEx Coexpression,225	ADCYAP1R1,MAGED1,CTNND2,CCDC106,NDRG2,PITPNC1,DLL3,CUX2,ZIC2,GOLGA6L4,PEA15,HABP4,RPL13,NINL,MAPK4,GDF11,DTNA,FOXD1,FOXF2,SMOX,ANO8,RGMA,BCAN,ASPHD1,MPPED2,ACSBG1,POLR3H
gene_set_query	1130	DMRT2	912.7	ARCHS4 Coexpression,894;Enrichr Queries,936;GTEx Coexpression,908	DOCK6,SEMA6C,CEBPD,HSPB6,ZBTB16,CAV1,CIDEA,FAM107A,CYS1,INHBA,BPHL,RGMA,ALDH4A1,CDH5,BMP2,PINK1,BCL6,AIFM2,MACROD1,PLXNA1,ITGA7,KIF1C,MBP,TACC2
gene_set_query	1131	ZSCAN22	913.0	ARCHS4 Coexpression,1310;Enrichr Queries,404;GTEx Coexpression,1025	SMIM29,SLC43A2,TAMM41,TM9SF4,APH1A,ABR,FAM168B,GSE1,RREB1,PRMT5,DAPK1,PUS1,PHF12,AXIN1,PDE4DIP,MOGS,NR1D1,COMMD5,BCL6,IRF1,CRY2,BCL2,SPIRE2,PIGL,ZNF554,FKBP5,PLEC
gene_set_query	1132	KIN	913.3	ARCHS4 Coexpression,674;Enrichr Queries,988;GTEx Coexpression,1078	LRRC59,ZNF175,HMGB2,PPWD1,METTL21A,PPP1CB,APH1A,PNN,FAM168B,CAPNS1,OPHN1,MARVELD2,ZNF844,MAP4K4,GADD45A,PDE4DIP,MOGS,HARS2,DMTF1,HNRNPH1,RBM12B,MAFF,SPIRE2,NSRP1,INTS8,ZNF554,MSRB1,FKBP5
gene_set_query	1133	TERF1	913.5	ARCHS4 Coexpression,1504;Enrichr Queries,806;ReMap ChIP-seq,218;GTEx Coexpression,1126	ZNF175,CITED4,ATN1,PTEN,HMGB2,PNN,CCND3,RPS16,SCRN1,RPS19,ZIC2,ZMIZ2,RPS11,BCAS1,FBXW4,USP4,RPS5,AXIN1,RPL13A,MOGS,CYS1,TOMM40L,EEF1G,PTP4A2,ILF3,DMTF1,CDC37,IRF1,CRY2,TAGLN2,RAF1,SET,RPL11,ADCY4,NEDD9,PBXIP1,CCDC106,ZBTB4,APH1A,ABR,ELMSAN1,UBC,MBP,MAP4,ZNF346,RPL18,HNRNPA1,RREB1,MAP4K4,USP24,HNRNPA3,BICRAL,NEK7,IGIP,DTNBP1,PER1,EIF2S3,MAFF,HNRNPD,BCL2
gene_set_query	1134	SP9	913.5	ARCHS4 Coexpression,1037;GTEx Coexpression,790	ZNF254,WNT10B,MAGED1,CTNND2,RBM18,CITED4,CCDC106,FNBP1L,KLC1,DLL3,PPP4R4,MMP17,MPPED2,GDAP1L1,HABP4,PAFAH1B3,CAMK1G
gene_set_query	1135	GTF2IRD2	913.7	ARCHS4 Coexpression,1196;Enrichr Queries,546;GTEx Coexpression,999	LAMA5,LRRC59,SMIM29,CHD2,METTL21A,ZBTB4,OPHN1,SCMH1,GSE1,ZNF844,EIF2D,DAPK1,TSC22D3,CAV1,PCIF1,PDE4DIP,CDPF1,HIPK3,NFATC4,INPP4B,BCL6,SPIRE2,NUPR1,NSRP1,ZNF554,FKBP5,PLEC
gene_set_query	1136	AHCTF1	914.3	ARCHS4 Coexpression,779;Enrichr Queries,751;GTEx Coexpression,1213	USP24,LRRC59,HNRNPA3,LRBA,IFT122,EFCAB5,PTPN11,CHD2,PATL1,PNN,ILF3,SLK,WNK1,HNRNPH1,KIF5B,SAP130,HNRNPD,ARIH1,TARDBP,SNRNP200,EIF4B,MAP4K4,PLEC
gene_set_query	1137	LHX1	914.5	ARCHS4 Coexpression,716;Enrichr Queries,1113	APC2,RIPOR2,SEMA6C,MPP3,SMIM29,DCC,PCGF2,TMEM200C,ANO8,CCDC106,RGMA,BMP2,FAM171A2,CUX2,HEY1,ZIC2,CASTOR3,KIF5C,GDAP1L1,PLXNA2
gene_set_query	1138	ZNF804B	914.7	ARCHS4 Coexpression,1437;Enrichr Queries,679;GTEx Coexpression,628	CSGALNACT1,UNC13C,NTNG2,CA10,IFT140,DCC,CTNND2,RTN4RL2,DNAAF4,ADCY8,FHIT,AGBL4,INPP4B,GRM5,TAF1D,MARVELD2,ZMIZ2,CDH10,RIOX2,MPPED2,NUPR1,PLA2R1,RAPGEF4,CLVS1
gene_set_query	1139	SNAPC5	915.5	ARCHS4 Coexpression,1361;GTEx Coexpression,470	RTN2,UBE2D4,KCNJ11,RBM18,ATN1,PDE4DIP,ANO5,APH1A,PPP1R3F,PINK1,MPRIP,SNRNP70,RNPEP,TNKS1BP1,RPL38,ACO2,PNPLA6
gene_set_query	1140	TIGD2	916.0	ARCHS4 Coexpression,691;Enrichr Queries,604;GTEx Coexpression,1453	RPL4,LRRC59,CEBPD,SMIM29,RPL12,HMGB2,ASGR1,PNN,RPS17,RARS,PGM2,EIF4B,PRMT5,DAPK1,GADD45A,TSC22D3,RPS6,EMP1,PYCR1,RPSA,ACADSB,BCL6,IRF1,S100A6,ARHGEF3,NUPR1,FKBP5
gene_set_query	1141	E2F3	916.3	ARCHS4 Coexpression,898;Enrichr Queries,913;GTEx Coexpression,938	RPL4,RIPOR2,LRRC59,SET,SLC43A2,PTEN,HMGB2,CCND3,SLC16A6,HNRNPA1,MAP4K4,HNRNPA3,TAF15,GADD45A,USB1,EEF1A1,ILF3,TMLHE,SDHAF2,BCL6,STK17A,IRF1,BCL2,HNRNPD,ANP32B,SNRNP200,FKBP5
gene_set_query	1142	GCM1	916.7	ARCHS4 Coexpression,1230;Enrichr Queries,378;GTEx Coexpression,1142	TSEN34,RIPOR2,FLT1,CEBPD,SMIM29,HSPB1,NEDD9,FRAT2,MARVELD2,TIMP3,RNF150,ARIH1,RREB1,TGM2,ANXA2,GADD45A,ZBTB16,SIAH1,USB1,NR1D1,GADD45G,DMTF1,BCL6,IRF1,MAFF,TACC2,MSRB1
gene_set_query	1143	ZNF654	918.3	ARCHS4 Coexpression,500;Enrichr Queries,1148;GTEx Coexpression,1107	ZNF254,SMIM29,PTEN,ATN1,FNBP1L,PPP1CB,CAPNS1,SNRNP70,KIF5B,ZNF280C,RPL36,ARL6IP4,PPP1R26,SEC24B,PPP1R14B,GADD45A,TSC22D3,SIAH1,NEK7,PATL1,HIPK3,LZTFL1,LATS1,BCL6,HNRNPH1,RBM12B,INTS8
gene_set_query	1144	ZNF526	918.3	ARCHS4 Coexpression,1280;Enrichr Queries,369;GTEx Coexpression,1106	CEBPD,SMIM29,TAMM41,METTL21A,FAM168B,FRAT2,SERPINH1,PLXNA1,ZNF787,PRMT5,RBM14,FKRP,TAF12,PUS1,PATL1,TAPBP,ATXN2L,ILF3,DMWD,IRF1,SPIRE2,PNPLA6,RAF1,ZNF554,BCL2L2,PLEC
gene_set_query	1145	ZBTB3	919.0	ARCHS4 Coexpression,1246;Enrichr Queries,685;GTEx Coexpression,826	TSEN34,LRRC59,CEBPD,SMIM29,POP4,HSPB1,METTL21A,APH1A,FAM168B,FRAT2,ZIC2,ZNF844,ZNF787,TAF12,USB1,NR1D1,COMMD5,DMTF1,BCL6,IRF1,MAFF,CRY2,SPIRE2,ZNF554,MSRB1,PLEC
gene_set_query	1146	ZNF788P	921.3	ARCHS4 Coexpression,771;Enrichr Queries,1340;GTEx Coexpression,653	ZNF175,RBM14,KCNC1,SMIM29,CAV1,HMGB2,FOXK2,GRIN2C,KCNAB3,METTL21A,GPATCH8,APH1A,ZIC2,OPHN1,RBM12B,SPIRE2,ZNF844,PIGL,NSRP1,ZNF510,ZNF554,SBF2,TGM2
gene_set_query	1147	GSX1	921.3	ARCHS4 Coexpression,1084;Enrichr Queries,1279;GTEx Coexpression,401	ADCYAP1R1,CA10,DTNA,FOXD1,SMIM29,NORAD,GALNT16,FOXF2,MAGED1,RARRES2,NGB,HSPB1,C2CD4C,SHD,DLL3,BCAN,CUX2,ZIC2,PEA15,MMP17,FNDC10,TSPAN3,CTXN2,RAMP1
gene_set_query	1148	ZBTB37	921.7	ARCHS4 Coexpression,1081;Enrichr Queries,1077;GTEx Coexpression,607	RIPOR2,LRRC59,PTEN,CHD2,RPL8,TOMM22,NDST2,RREB1,ATP9B,USP24,PPP1R14B,POU2F1,USP4,BICRAL,PHF12,NEK7,VPS13D,OGA,HIPK3,HIPK2,TUFM,PAN3,TTLL3,DMTF1,WNK1,PEAK1
gene_set_query	1149	POU4F2	921.8	ARCHS4 Coexpression,786;Enrichr Queries,1284;ReMap ChIP-seq,120;GTEx Coexpression,1497	HSPB6,CTNND2,EFCAB5,CASC3,FNBP1L,RND1,LAPTM4A,RPS16,RIMS3,HEY1,SCRN1,ZIC2,KIF5C,GDAP1L1,RPL36,RPL35,SLC25A42,FGFBP3,METTL17,PELP1,APC2,FOXD1,TLE1,DCC,RPS5,MOGS,MFSD11,EEF1G,TOM1L2,MED24,DMTF1,RAB34,PLA2R1,PAFAH1B3,RTN2,KMT2D,SHC2,RPL12,KLC1,APOLD1,KLC4,DNAJB1,FAM171A2,CUX2,UBC,TSPAN3,RPL18,HNRNPA1,RPL17,E2F6,FAM120AOS,ZNF584,GDF11,HNRNPA3,TAF12,FOXF2,BICRAL,GADD45A,IFT122,RPL23A,SOD2,HARS2,SNHG5,PER1,BMP2,RPS27,HIST3H2A,TTLL3,GTF2IRD1,ACO2,BCL2L2,GPR19
gene_set_query	1150	SP6	922.0	ARCHS4 Coexpression,882;Enrichr Queries,514;GTEx Coexpression,1370	LRRC59,LAMA5,CEBPD,SMIM29,CLTB,METRNL,ACVR1B,HEY1,TNKS1BP1,GSE1,TGM2,MYH7B,ITGA3,GADD45A,EMP1,MOGS,INHBA,GADD45G,BMP2,TMEM54,SLCO4A1,MAFF,TYRO3,MAFK,NUPR1,NECTIN2
gene_set_query	1151	ZNF646	922.3	ARCHS4 Coexpression,810;Enrichr Queries,405;GTEx Coexpression,1552	KMT2D,CEBPD,SLC43A2,ZBTB4,FRAT2,PDLIM2,SNRNP70,ZMIZ2,SAP130,GSE1,ZNF787,MAP4K4,ZBTB16,PHF12,CSNK1D,MOGS,NBEAL2,ATXN2L,BCL6,CRISPLD2,WNK1,PACS1,DMWD,PNPLA6,PLEC
gene_set_query	1152	BCL11B	922.5	Literature ChIP-seq,105;ARCHS4 Coexpression,1316;Enrichr Queries,930;GTEx Coexpression,1339	RIPOR2,SMIM29,BICRAL,ZBTB16,CLTB,PTEN,PBXIP1,ACVR1B,FHIT,INPP4B,ADCK2,BCL6,HNRNPH1,MPPED2,PLXNA2,BCL2,ARHGEF3,CDH23,GSE1,NECTIN2
gene_set_query	1153	BBX	923.7	ARCHS4 Coexpression,574;Enrichr Queries,680;GTEx Coexpression,1517	ARHGEF10L,CHD2,APH1A,SLK,SNRNP70,KIF5B,FLOT1,ARL6IP4,ZNF787,RREB1,SPTBN1,MAP4K4,CERS6,ANXA2,NEK7,IFT122,MOGS,NBEAL2,HIPK3,HIPK2,BCL6,WNK1,PLEKHM2,PNPLA6,MSRB1,FTL
gene_set_query	1154	ZNF165	923.8	ARCHS4 Coexpression,1222;Enrichr Queries,732;ReMap ChIP-seq,148;GTEx Coexpression,1593	CEBPD,SMIM29,ZFAS1,ATL2,MT1M,NEDD9,MT1X,RPL8,NDST2,PPP1CB,EPCAM,ELMSAN1,NMRK1,UBC,PLXNA1,TRIM26,TGM2,PRELID3B,DGAT1,SMOX,GADD45A,TSC22D3,SIAH1,EMP1,COMMD5,PINK1,EIF2S3,BCL6,SLCO4A1,IRF1,MAFF,MAFK,UBA52
gene_set_query	1155	THAP6	924.7	ARCHS4 Coexpression,1094;Enrichr Queries,717;GTEx Coexpression,963	RIPOR2,LRRC59,SMIM29,SLC43A2,PTEN,PPWD1,APH1A,ABR,PNN,FAM168B,CAPNS1,SNRNP70,ZNF280C,MAPK3,GADD45A,LINC02175,TSC22D3,PHF12,NEK7,MOGS,HIPK3,DMTF1,RBM12B,PNPLA6,NSRP1,INTS8,ZNF554
gene_set_query	1156	ZNF433	925.0	ARCHS4 Coexpression,504;Enrichr Queries,677;GTEx Coexpression,1594	ZNF254,LRRC59,SMIM29,RPL12,APH1A,FAM168B,MPRIP,CAPNS1,IRAK1,SNRNP70,SLC16A6,ZNF426,ZNF525,ZNF844,MFN2,ZNF787,GADD45A,TSC22D3,MOGS,SYTL2,GADD45G,BCL6,MAFF,MPPED2,PLEKHM2,PNPLA6
gene_set_query	1157	DUX4	926.0	ARCHS4 Coexpression,1558;ReMap ChIP-seq,294	PLA2G12A,TBC1D19,CAV1,RPL11,INHBA,METTL21A,MFSD11,PPP1CB,ABR,PNN,HEY1,WNK1,SPIRE2,EMILIN1,GSAP,PIGL,TARDBP,REPS1
gene_set_query	1158	ZNF350	927.3	ARCHS4 Coexpression,824;Enrichr Queries,786;GTEx Coexpression,1172	TSEN34,ZNF254,RIPOR2,LRRC59,SMIM29,HMGB2,ATN1,NEDD9,MT1X,FAM168B,FRAT2,MPRIP,SERPINH1,ZNF844,MFN2,PLXNA1,KIF1C,MAP4,ICMT,PHF12,TSC22D3,MOGS,SYTL2,BCL6,IRF1,BCL2,MSRB1
gene_set_query	1159	DLX6	927.3	ARCHS4 Coexpression,1200;Enrichr Queries,778;GTEx Coexpression,804	MAGED1,COL11A1,CCDC106,FNBP1L,KLC1,DLL3,APH1A,HEY1,ZIC2,KIF5C,PPP4R4,GDAP1L1,HABP4,CLVS1,WNT10B,FOXD1,FOXF2,ZBTB16,RBM18,DTNBP1,INHBA,BMP2,DMTF1,MPPED2,PAFAH1B3,CAMK1G
gene_set_query	1160	GTF2IRD2B	928.0	ARCHS4 Coexpression,1587;Enrichr Queries,493;GTEx Coexpression,704	LAMA5,LRRC59,CEBPD,SMIM29,NEDD9,PBXIP1,SCMH1,EIF2D,SEMA6C,MYH7B,TSC22D3,PCIF1,PDE4DIP,CDPF1,HIPK3,NFATC4,SYTL2,PINK1,CASTOR3,BCL6,EEF1D,BCL2,ECHDC2,NUPR1,PAFAH1B3
gene_set_query	1161	ZNF280D	929.0	ARCHS4 Coexpression,962;Enrichr Queries,1048;GTEx Coexpression,777	LRRC59,SMIM29,PTEN,CHD2,RPL8,METTL21A,ZBTB4,TOMM22,APH1A,OPHN1,ATP9B,SPTBN1,WWTR1,CRTAP,ZNF483,PDE4DIP,NFATC4,SYTL2,LATS1,DMTF1,BCL6,WNK1,PEAK1,HNRNPH3,RPL29
gene_set_query	1162	SNAI3	929.7	ARCHS4 Coexpression,1326;Enrichr Queries,420;GTEx Coexpression,1043	RIPOR2,SMIM29,SLC43A2,ITGA3,GADD45A,MTMR14,EMP1,HSPB1,TAP1,NBEAL2,NR1D1,GADD45G,TMLHE,FRAT2,BCL6,SLCO4A1,RAB37,IRF1,MAFF,S100A6,ZNF787,MSRB1,PLEC
gene_set_query	1163	ELF4	931.3	ARCHS4 Coexpression,1157;Enrichr Queries,141;GTEx Coexpression,1496	CEBPD,SMIM29,NEDD9,HSPB1,FRAT2,SERPINH1,TIMP3,TIMP1,TGM2,ANXA2,GADD45A,CAV2,CAV1,TAP2,TAP1,EMP1,NBEAL2,PATL1,MMP14,BCL6,PACS1,IRF1,MAFF,S100A6,TAGLN2,PNPLA6,PLEC,MSRB1
gene_set_query	1164	ZNF341	931.3	ARCHS4 Coexpression,1512;Enrichr Queries,122;GTEx Coexpression,1160	RIPOR2,LAMA5,SMIM29,NEDD9,HSPB1,METTL21A,CCND3,FAM168B,FRAT2,ZMIZ2,PLXNA2,ZNF787,MAP3K6,TLE1,ZBTB16,CAV1,PDE4DIP,USB1,NR1D1,HIPK2,BCL6,SLCO4A1,WNK1,PACS1,SPIRE2,TACC2,ZNF554,MSRB1,FKBP5,PLEC
gene_set_query	1165	ZNF518B	932.0	ARCHS4 Coexpression,514;Enrichr Queries,1072;GTEx Coexpression,1210	SMIM29,PTEN,HSPB1,FNBP1L,PPP1CB,APH1A,ZIC2,ZNF280C,PLXNA2,ARL6IP4,RDH14,RAC1,RPL18,E2F6,RPS9,GADD45A,RBM18,TSC22D3,OGA,PDE4DIP,CSNK1D,GADD45G,EIF2S3,HNRNPH1,EEF1D,COL5A2,S100A6
gene_set_query	1166	ZNF513	932.3	ARCHS4 Coexpression,1440;Enrichr Queries,259;GTEx Coexpression,1098	SMIM29,ZBTB47,IFT172,AKAP8L,HSPB1,CCDC106,FTH1,GPC1,GOLGA6L4,MACROD1,GAS2L1,MYH7B,FKRP,GADD45A,PPP1R16A,AXIN1,CSNK1D,ATXN2L,FNDC4,BCL6,CDC37,IRF1,TRIP6,NUPR1,DNAL4,PLEC
gene_set_query	1167	ZNF585A	934.7	ARCHS4 Coexpression,1080;Enrichr Queries,674;GTEx Coexpression,1050	RIPOR2,LRRC59,ZNF175,SMIM29,GADD45A,TSC22D3,RPL12,NEDD9,PDE4DIP,MOGS,GPATCH8,SYTL2,APH1A,LAS1L,DMTF1,BCL6,CAPNS1,IRAK1,WNK1,RNPEP,ZNF426,ZNF510,ATP9B
gene_set_query	1168	IRX4	934.7	ARCHS4 Coexpression,340;Enrichr Queries,921;GTEx Coexpression,1543	LAMA5,SMIM29,CTNND2,CLTB,HSPB1,CUX2,HEY1,ZIC2,GPC1,TNKS1BP1,MFN2,PLXNA1,KIF1C,MAP3K6,PPFIA3,PPP1R26,PPP1R14B,FOXD1,ENTPD2,ITGA3,ZBTB16,PCGF2,RGMA,BMP2,SMTN,PLEC
gene_set_query	1169	ZNF213	935.3	ARCHS4 Coexpression,711;Enrichr Queries,626;GTEx Coexpression,1469	LAMA5,PLEKHH3,SMIM29,ZBTB47,ATN1,HSPB1,EFCAB5,TP53INP2,ZMIZ2,SAP130,UBC,RAB11FIP3,PPFIA3,MAPK3,MYH7B,NTNG2,GADD45A,CSNK1D,MFSD10,GADD45G,TBL3,BCL6,PACS1,IRF1,SPIRE2,PLEC
gene_set_query	1170	PROX2	936.0	ARCHS4 Coexpression,1553;Enrichr Queries,748;GTEx Coexpression,507	RPL4,RIPOR2,LRRC59,SMIM29,TAMM41,APH1A,RASGEF1A,KIF5C,RPS3,CDH23,LPXN,ATP9B,EIF4B,COBL,RPL23A,NFATC4,RGMA,EEF1A1,EIF2S3,DMTF1,BCL6,RBM12B,HNRNPD,BCL2,RAPGEF4
gene_set_query	1171	DMRTA2	936.3	ARCHS4 Coexpression,396;Enrichr Queries,1021;GTEx Coexpression,1392	PRDM8,IGSF1,COL11A1,TMEM200C,RPL36A,RPL9,HEY1,ZIC2,KIF5C,GDAP1L1,PLXNA2,RPL36,CHST8,APC2,GDF11,MPP3,FOXD1,FOXF2,DCC,PCGF2,EMP1,DNAAF4,RGMA,BMP2,RPS27,CASTOR3,RPL37A
gene_set_query	1172	MTERF1	937.5	ARCHS4 Coexpression,295;GTEx Coexpression,1580	SET,COMMD10,ATN1,CSNK1D,MOGS,APH1A,ABR,TOM1L2,MPRIP,CAPNS1,SNRNP70,PACS1,ZMIZ2,TNKS1BP1,PLEKHM2,KIF1C,PNPLA6
gene_set_query	1173	ZNF776	938.3	ARCHS4 Coexpression,1432;Enrichr Queries,931;GTEx Coexpression,452	ZNF254,LRRC59,ZNF175,CRTAP,POU2F1,BICRAL,OGA,LINC00909,CHD2,RPL8,HARS2,GPATCH8,HIPK3,ZIC2,DMTF1,CAPNS1,RAB37,SNRNP70,RBM12B,ZNF844,ZNF426,ZNF346,ZNF510
gene_set_query	1174	HOXD1	939.7	ARCHS4 Coexpression,1608;Enrichr Queries,1009;GTEx Coexpression,202	CEBPD,TRAK2,ZIC2,TP53INP2,KIF5B,PEA15,CA4,TIMP3,ZNF326,MBP,RPL38,MAP4,RAC1,BCAS1,RBM11,PAQR6,FOXD1,FOXF2,ZBTB16,RPS5,MTURN,PTP4A2,DYNC1LI2,BMP2,WNK1,COL5A2,PKP4
gene_set_query	1175	KLF12	941.0	ARCHS4 Coexpression,777;Enrichr Queries,1163;GTEx Coexpression,883	LRRC59,RIPOR2,SMIM29,ACVR1B,RPL8,PITPNC1,APH1A,SGCD,PLXNA2,RREB1,BICRAL,NEK7,OGA,PDE4DIP,HIPK2,TUFM,INPP4B,BCL6,DMTF1,TRIP6,BCL2,SPIN2B,NECTIN2,TRAM2-AS1,FTL
gene_set_query	1176	ZNF573	941.0	ARCHS4 Coexpression,593;Enrichr Queries,1118;GTEx Coexpression,1112	ZNF254,LRRC59,CEBPD,SMIM29,GSTCD,APH1A,FAM168B,CAPNS1,IRAK1,SNRNP70,ZNF280C,TNKS1BP1,MFN2,ZNF426,ZNF844,ARIH1,LINC02175,PDE4DIP,MOGS,DMTF1,RBM12B,MAFF,TRAF5,BCL2,PLEKHM2,PNPLA6
gene_set_query	1177	ZNF28	941.3	ARCHS4 Coexpression,355;Enrichr Queries,1268;GTEx Coexpression,1201	ZNF254,SET,SMIM29,ATN1,PPP1CB,APH1A,FAM168B,MPRIP,CAPNS1,SNRNP70,ZMIZ2,ZNF525,ZNF426,MFN2,ZNF787,CRTAP,PDE4DIP,MOGS,HIPK3,SYTL2,LATS1,EIF2S3,PLEKHM2,PNPLA6,RPL28
gene_set_query	1178	ZSCAN10	941.7	ARCHS4 Coexpression,917;Enrichr Queries,1245;GTEx Coexpression,663	RTN2,SET,KCNC1,SLC43A2,CIB2,GPATCH8,UNG,FRAT2,ZIC2,EPCAM,KIF5C,CA4,SERPINH1,RAC3,ATXN7L2,HNRNPA1,PELP1,USP24,SEMA6C,KCNJ11,COBL,ILF3,RAB37,HNRNPD,GPR19
gene_set_query	1179	MSANTD3	942.0	ARCHS4 Coexpression,673;GTEx Coexpression,1211	ACVR1,PLA2G12A,ICMT,SMOX,RBM18,PEAR1,PVR,CDC14B,MARCH2,RAB37,FTH1,CMPK1,SH3BGRL2,RDH14,TAGLN2,GAS2L1
gene_set_query	1180	EHF	942.0	ARCHS4 Coexpression,1376;Enrichr Queries,958;ReMap ChIP-seq,237;GTEx Coexpression,1197	ANXA2,ZBTB47,CEBPD,LRBA,FAM107A,EMP1,SDCBP2,HARS2,BMP2,SLK,BCL6,TMEM54,EPCAM,S100A6,PGM2,TIMP3,TNKS1BP1,GTF2IRD1,MBP,RAC1,NUPR1,RREB1,TGM2
gene_set_query	1181	ZNF500	942.3	ARCHS4 Coexpression,1536;Enrichr Queries,937;GTEx Coexpression,354	LAMA5,CEBPD,SMIM29,METTL21A,NDST2,MPRIP,ATP9B,RAB11FIP3,RPS9,BICRAL,PHF12,ZBTB16,PCIF1,CDPF1,NFATC4,LATS1,MED22,PAN3,TTLL3,RAB34,SPIRE2,SNRNP200,RPL28,ZNF554,PLEC
gene_set_query	1182	ZNF507	942.7	ARCHS4 Coexpression,612;Enrichr Queries,1222;GTEx Coexpression,994	USP24,RPL4,KMT2D,ZNF175,HNRNPA3,POU2F1,LINC02175,LRBA,VPS13D,PTPN11,CHD2,GPATCH8,LATS1,ILF3,SLK,WNK1,KIF5B,ZNF280C,RBM12B,SNRNP200,E2F6,SPTBN1,EIF4B
gene_set_query	1183	DZIP1	943.3	ARCHS4 Coexpression,1018;Enrichr Queries,1059;GTEx Coexpression,753	WWTR1,SMIM29,DAPK1,CTNND2,SQOR,TAP1,LAMB1,MAPK8IP2,LZTFL1,SYTL2,CCND3,RIMS3,SCRN1,KIF5C,PPP4R4,GDAP1L1,COL5A2,HABP4,PHF24,TIMP3,AMZ2,TAGLN2,JAM2,MAP4K4
gene_set_query	1184	GSC	944.0	ARCHS4 Coexpression,1498;Enrichr Queries,1208;GTEx Coexpression,126	BCAR3,FLT1,ADCY4,NEDD9,PEAR1,APOLD1,SHE,CDH5,HEY1,ZIC2,AIFM2,GJA4,TIMP3,RPL35,RPL38,FOXD1,FOXF2,CAV2,GADD45A,CAV1,SIAH1,CIDEA,HIPK3,RGMA,INPP4B,TMEM135,BMP2,FKBP9
gene_set_query	1185	ZNF26	948.0	ARCHS4 Coexpression,1199;Enrichr Queries,391;GTEx Coexpression,1254	SET,SMIM29,METTL21A,PNN,RPS17,OPHN1,MARVELD2,RPS2,E2F6,ATP9B,HNRNPA3,TSC22D3,PUS1,OGA,PDE4DIP,HIPK2,EIF2S3,DMTF1,BCL6,WNK1,HNRNPH1,PEAK1,IRF1,HNRNPD,SPIRE2,ZNF554
gene_set_query	1186	ZNF583	948.3	ARCHS4 Coexpression,1441;Enrichr Queries,675;GTEx Coexpression,729	RIPOR2,LRRC59,SMIM29,NEDD9,APH1A,FAM168B,SCRN1,OPHN1,KIF5C,RNPEP,SLC16A6,PLXNA2,ZNF426,RREB1,TBC1D10A,CSGALNACT1,TSC22D3,NBEAL2,MOGS,SYTL2,BCL6,BCL2,ZNF510,ZNF554,TRAM2-AS1
gene_set_query	1187	ZNF677	949.7	ARCHS4 Coexpression,893;Enrichr Queries,366;GTEx Coexpression,1590	RIPOR2,LRRC59,SMIM29,APH1A,CUX2,CAPNS1,IRAK1,KIF5C,SNRNP70,TIMP3,ZNF426,ZNF844,MFN2,JAM2,ZNF483,DAPK1,ZBTB16,RARRES2,MOGS,RGMA,RAB37,CRISPLD2,MPPED2,PLEKHM2,PNPLA6,ZNF554
gene_set_query	1188	ZNF79	950.3	ARCHS4 Coexpression,1119;Enrichr Queries,832;GTEx Coexpression,900	SMIM29,POP4,MPI,WDR24,TAF1D,CSKMT,ZNF426,GSE1,BRD9,PRMT5,RBM14,TAF12,ITGA3,GADD45A,PDE4DIP,CSNK1D,TEX2,PATL1,COMMD5,SYTL2,TBL3,TMLHE,SDHAF2,DMTF1,IRF1,MAFF
gene_set_query	1189	ZNF391	950.7	ARCHS4 Coexpression,613;Enrichr Queries,917;GTEx Coexpression,1322	ZNF254,FLT1,SMIM29,MTMR14,FNBP1L,APH1A,CAPNS1,KIF5C,PPP4R4,ZNF280C,SH3BGRL2,ZNF844,RNF150,HNRNPA1,ZNF483,DTNA,TSC22D3,SQOR,MOGS,INHBA,LZTFL1,SYTL2,EEF1D,PLEKHM2,TAGLN2,PNPLA6
gene_set_query	1190	ZNF491	950.7	ARCHS4 Coexpression,1043;Enrichr Queries,968;GTEx Coexpression,841	RIPOR2,ZNF175,TBC1D19,SMIM29,RPL12,FNBP1L,GPATCH8,CAPNS1,CDH23,ZNF844,RNF150,ZNF346,ZNF483,DCC,CDPF1,MOGS,TMEM170B,SYTL2,LATS1,CRISPLD2,SLCO4A1,S100A6,SPIN2B,PIGL,ZNF510
gene_set_query	1191	NFXL1	951.0	ARCHS4 Coexpression,441;Enrichr Queries,1183;GTEx Coexpression,1229	ZNF254,SMIM29,NGLY1,ATN1,FNBP1L,ZBTB4,APH1A,ABR,MPRIP,CAPNS1,SNRNP70,ZMIZ2,KIF1C,RAB11FIP3,TAF12,GADD45A,TSC22D3,PCIF1,PATL1,TOM1L2,DMTF1,BCL6,MAFF,PLEKHM2,INTS8,BCL2L2,FKBP5
gene_set_query	1192	PITX2	952.0	ARCHS4 Coexpression,1380;Enrichr Queries,613;GTEx Coexpression,863	RTN2,FLT1,UBE2D4,CEBPD,SMIM29,HSPB1,SGCD,ZIC2,MACROD1,PLXNA2,SERPINH1,TIMP3,E2F6,TGM2,SEMA6C,FOXD1,KCNJ11,FOXF2,CAV1,PDE4DIP,LAMB1,ANO5,BMP2,COL5A2,GTF2IRD1
gene_set_query	1193	ZNF596	952.0	ARCHS4 Coexpression,1032;Enrichr Queries,1081;GTEx Coexpression,743	LRRC59,ZNF175,SMIM29,CASC1,APOLD1,APH1A,ARVCF,FAM168B,ZIC2,CAPNS1,SNRNP70,SLC16A6,PLXNA3,ZNF483,POU2F1,LINC02175,TSC22D3,IGIP,PDE4DIP,MOGS,SYTL2,ATXN2L,LAS1L,DMTF1,BCL6,CRISPLD2,SPIRE2
gene_set_query	1194	ESRRG	952.3	ARCHS4 Coexpression,389;Enrichr Queries,1262;GTEx Coexpression,1206	LRRC59,NECAB3,CTNND2,RPL12,RPL8,APH1A,RPS17,IRAK1,PLXNA2,MAP3K21,RPL18,ZNF483,RPS9,DTNA,ZBTB16,COBL,PDE4DIP,MOGS,TUFM,EEF1D,MPPED2,ACO2,TACC2,RPL29,RPL28,UBA52,RAPGEF4
gene_set_query	1195	CENPBD1	952.5	ARCHS4 Coexpression,596;GTEx Coexpression,1309	PRMT5,POP4,VPS13D,ATN1,MOGS,COMMD5,FAM168B,MPRIP,SNRNP70,WNK1,ZMIZ2,SPIRE2,MFN2,PAFAH1B3,ZNF554,SPTBN1
gene_set_query	1196	SATB2	952.7	ARCHS4 Coexpression,984;Enrichr Queries,1124;GTEx Coexpression,750	ZBTB16,CTNND2,SQOR,COBL,LAMB1,SYTL2,ABR,KLC4,GRM5,CUX2,TMEM54,BCL6,EPCAM,ETHE1,COL5A2,KIF5A,SPIRE2,PLXNA2,BCL2,PHACTR3,PHF24,TSPAN3,ATP9B,RAPGEF4
gene_set_query	1197	ZNF100	953.0	ARCHS4 Coexpression,587;Enrichr Queries,1370;GTEx Coexpression,902	ZNF254,LRRC59,SMIM29,GSTCD,NGLY1,HMGB2,ATN1,PPWD1,MOGS,METTL21A,PHTF1,SYTL2,APH1A,FAM168B,MPRIP,CAPNS1,SNRNP70,ZNF280C,ZNF525,TNKS1BP1,ZNF426,PLEKHM2,PNPLA6
gene_set_query	1198	ZBTB11	954.3	ARCHS4 Coexpression,1212;Enrichr Queries,1086;ReMap ChIP-seq,169;GTEx Coexpression,1350	HSPB6,MPI,ATN1,RPL8,CHD2,NDST2,PNN,SLK,CAPNS1,OPHN1,RPS18,CSKMT,KIF5B,RPLP2,ARL6IP4,EMILIN1,EIF2D,ARIH1,RPS11,METTL17,DGAT1,RPS5,VPS13D,ANO8,RPL13A,CSNK1D,MOGS,GAB2,MFSD11,PATL1,TUFM,TAPBP,MED22,PTP4A2,LSG1,DMTF1,SNHG10,PIGL,RPL29,ZNF510,FTL,RTN2,KMT2D,CCDC106,WDR24,APH1A,DNAJB1,UBC,ZNF787,EIF4B,USP24,PPP1R14B,TAF12,LRBA,OGA,TYW1B,PTPN11,USB1,HARS2,HIPK3,PER1,RPS27,WNK1,NOL12,TPT1
gene_set_query	1199	ZNF699	954.3	ARCHS4 Coexpression,1251;Enrichr Queries,310;GTEx Coexpression,1302	PRDM8,CEBPD,SMIM29,ATN1,NEDD9,RPL8,CAPNS1,TIMP3,ZNF426,ZNF844,TNKS1BP1,FAM120AOS,GADD45A,TSC22D3,NEK7,LAMB1,INHBA,HIPK3,LATS1,SLC25A37,BCL6,CRISPLD2,CD109,COL5A2,RPL29
gene_set_query	1200	PITX3	954.3	ARCHS4 Coexpression,626;Enrichr Queries,1366;GTEx Coexpression,871	RTN2,SEMA6C,UBE2D4,KCNJ11,ZBTB47,HSPB6,ZBTB16,ADIRF,PDE4DIP,NR1D1,ANO5,SGCD,DMTF1,ZIC2,MACROD1,MFN2,KIF1C,TACC2,E2F6,SNTA1
gene_set_query	1201	ZNF709	955.0	ARCHS4 Coexpression,600;Enrichr Queries,1274;GTEx Coexpression,991	OSCP1,ZNF254,LRRC59,SMIM29,SLC43A2,PTEN,EFCAB5,FNBP1L,CASC1,PPP1CB,ABR,CAPNS1,IRAK1,SNRNP70,ZNF844,KIF1C,JAM2,CRTAP,OGA,IFT122,MOGS,LRRC37B,ATXN2L,CRISPLD2,HNRNPH1,PNPLA6
gene_set_query	1202	ETV2	956.0	Literature ChIP-seq,145;ARCHS4 Coexpression,1524;Enrichr Queries,573;GTEx Coexpression,1582	CEBPD,SMIM29,GALNT18,HSPB1,PBXIP1,PEAR1,NDRG2,ZBTB4,PPP1CB,FAM168B,HEY1,ZIC2,GOLGA6L4,RPL36,SERPINH1,RPL35,RPL13,RPL38,TRIM26,ARIH1,RAB11FIP4,FAM120AOS,CHST8,ZNF584,MYH7B,DTNA,DCC,LAMB1,NR1D1,GAB2,LRRC37B,NFATC4,GADD45G,HIPK2,ATXN2L,DYNC1LI2,BCL6,TTLL3,ASPHD1,RAB37,IRF1,MAFF,CRY2,S100A6,FKBP5
gene_set_query	1203	RFX7	957.0	ARCHS4 Coexpression,412;Enrichr Queries,1264;GTEx Coexpression,1195	USP24,KMT2D,SEC24B,HNRNPA3,POU2F1,LRBA,PRDM15,PTEN,COBL,CHD2,MTRNR2L1,PATL1,ABR,ILF3,WNK1,RBM12B,HNRNPD,GSE1,ARIH1,SNRNP200,HNRNPA1,TARDBP,EIF4B,FTL
gene_set_query	1204	ZNF260	957.3	ARCHS4 Coexpression,506;Enrichr Queries,1161;GTEx Coexpression,1205	ZNF254,SET,SMIM29,MAGED1,TSC22D3,IGIP,NEK7,PTEN,TAP2,PTPN11,MOGS,FNBP1L,APH1A,DMTF1,CAPNS1,SNRNP70,KIF5B,ZMIZ2,PLEKHM2,MAFK,TAGLN2,PNPLA6,HNRNPA1,ZNF510
gene_set_query	1205	SP100	958.0	ARCHS4 Coexpression,1305;Enrichr Queries,529;GTEx Coexpression,1040	RIPOR2,ANXA2,SMIM29,CAV1,SQOR,TAP2,TAP1,EMP1,PYCR1,SOD2,TAPBP,PPP1R3F,BCL6,SCRN1,STK17A,IRF1,DHX58,S100A6,LPXN,TIMP1,NUPR1,HNRNPA1,TGM2
gene_set_query	1206	ZNF286A	959.0	ARCHS4 Coexpression,945;Enrichr Queries,1033;GTEx Coexpression,899	RPL4,ZNF175,SET,POU2F1,SMIM29,DAPK1,TSC22D3,MOGS,FNBP1L,EEF1A1,LATS1,PPP1CB,APH1A,ILF3,TAF1D,EIF2S3,DMTF1,CAPNS1,ZIC2,KIF5C,HNRNPH1,HNRNPA1,ZNF510
gene_set_query	1207	ZNF615	960.7	ARCHS4 Coexpression,977;Enrichr Queries,940;GTEx Coexpression,965	LRRC59,ZNF175,SMIM29,TSC22D3,OGA,MT1X,MOGS,FNBP1L,RPL8,ZBTB4,SYTL2,APH1A,LATS1,BCL6,CAPNS1,IRAK1,SNRNP70,SPIN2B,ZNF426,ZNF844,RNF150,PNPLA6,ZNF510,JAM2
gene_set_query	1208	HLX	961.7	ARCHS4 Coexpression,1162;Enrichr Queries,176;GTEx Coexpression,1547	FLT1,CEBPD,SMIM29,SLC43A2,METRNL,FRAT2,HEY1,TIMP1,TGM2,ANXA2,GADD45A,TSC22D3,CAV1,SQOR,EMP1,USB1,NBEAL2,INHBA,SOD2,GADD45G,MMP14,BCL6,CRISPLD2,IRF1,MAFF,S100A6,PLEKHM2,MSRB1
gene_set_query	1209	ZNF407	965.3	ARCHS4 Coexpression,831;Enrichr Queries,742;GTEx Coexpression,1323	USP24,PRMT5,KMT2D,LRBA,CTNND2,RALGAPA2,VPS13D,PDE4DIP,CHD2,MTRNR2L1,HIPK3,TMLHE,SLK,MPRIP,WNK1,BCL2,RAF1,RREB1,SBF2,ATP9B,SPTBN1
gene_set_query	1210	ZNF419	966.7	ARCHS4 Coexpression,1302;Enrichr Queries,801;GTEx Coexpression,797	ZNF254,SPTBN4,RIPOR2,LRRC59,ZNF175,SMIM29,AKAP8L,ATN1,METTL21A,APH1A,SNRNP70,ZNF426,ATXN7L2,RREB1,LINC00632,GADD45A,TSC22D3,PDE4DIP,MOGS,DMTF1,BCL6,IRF1,SPIRE2,ZNF510,ZNF554
gene_set_query	1211	ZNF182	967.3	ARCHS4 Coexpression,1322;Enrichr Queries,1263;GTEx Coexpression,317	ZNF254,RIPOR2,ZNF175,SMIM29,BICRAL,USP4,PHF12,TSC22D3,ATN1,PPWD1,NBEAL2,CHD2,METRNL,MFSD10,SYTL2,PNN,ARVCF,PAN3,DMTF1,BCL6,RAB37,SNRNP70,LPXN,REPS1
gene_set_query	1212	ZKSCAN7	967.5	ARCHS4 Coexpression,1139;GTEx Coexpression,796	LRRC59,ZNF175,TAMM41,RPL12,CLTB,CDPF1,MOGS,PHTF1,APH1A,CAPNS1,RBM12B,SPIRE2,RAC1,ZNF346,INTS8,ZNF554
gene_set_query	1213	ETV3	967.7	ARCHS4 Coexpression,1150;Enrichr Queries,371;GTEx Coexpression,1382	SMIM29,SLC43A2,GADD45A,TSC22D3,SQOR,CLTB,EMP1,NEDD9,PDE4DIP,INHBA,METRNL,ACVR1B,SOD2,PATL1,GADD45G,DNAJB1,BCL6,IRF1,MAFF,UBC,DHX58,BCL2,RREB1
gene_set_query	1214	ZNF81	968.0	ARCHS4 Coexpression,672;Enrichr Queries,1165;GTEx Coexpression,1067	USP24,PRMT5,ZNF483,LRBA,VPS13D,PDE4DIP,CHD2,RPL8,MTRNR2L1,PATL1,HIPK3,LATS1,TMLHE,DMTF1,WNK1,RBM12B,ZNF280C,HABP4,RPL36,ARL6IP4,RAF1,RPL29,RPL18,ATP9B
gene_set_query	1215	TFAP2E	968.0	ARCHS4 Coexpression,1534;Enrichr Queries,846;GTEx Coexpression,524	BCAR3,PRDM8,SPTBN4,WNT10B,CA10,KCNC1,CEBPD,SMIM29,GADD45A,CITED4,ANO8,GRIN2C,KCNAB3,GNG13,BCAN,BMP2,RIT2,LAS1L,ZIC2,HEY1,RAB37,CDH10,MAP3K6
gene_set_query	1216	HSFY2	969.5	ARCHS4 Coexpression,1589;GTEx Coexpression,350	UNC13C,SPTBN4,MYH7B,CA10,KCNC1,KCNJ9,GRIN2C,KLC1,MAPK8IP2,RIT2,SCRN1,ZIC2,CDH10,GOLGA6L4,CLVS1
gene_set_query	1217	ZNF385C	971.7	ARCHS4 Coexpression,1295;Enrichr Queries,364;GTEx Coexpression,1256	LAMA5,LRRC59,SMIM29,EFCAB5,C2CD4C,METTL21A,APH1A,RASGEF1A,ZIC2,DHX58,CDH23,RAB11FIP4,BCAS1,CHST8,MYH7B,WNT10B,IFT122,RTN4RL2,MOGS,LRRC37B,NFATC4,RGMA,ATXN2L,RAB37,SPIRE2,ZNF554
gene_set_query	1218	BHLHA15	974.0	ARCHS4 Coexpression,1117;GTEx Coexpression,831	LRRC59,SHC2,PLEKHH3,SNHG8,AXIN1,PYCR1,MOGS,TAF1D,PC,IRAK1,PLXNA2,MAP3K21,ZNF787,GAS2L1
gene_set_query	1219	ZNF605	974.7	ARCHS4 Coexpression,994;Enrichr Queries,1159;GTEx Coexpression,771	SPTBN4,LRRC59,ZNF175,SMIM29,ATN1,METTL21A,APH1A,ARVCF,ZIC2,OPHN1,SNRNP70,KIF5C,NINL,ATP9B,DAPK1,MOGS,GRIN2C,ACADSB,INPP4B,DMTF1,SPIRE2,NSRP1,ZNF510,ZNF554,FKBP5
gene_set_query	1220	SPDEF	974.7	ARCHS4 Coexpression,798;Enrichr Queries,718;GTEx Coexpression,1408	PRDM8,ENTPD2,NECAB3,CEBPD,GADD45A,TSC22D3,PPP1R16A,HSPB1,PYCR1,MOGS,SYTL2,GADD45G,APH1A,BCL6,CAPNS1,TMEM54,EPCAM,BCL2,TNKS1BP1,GSE1,NUPR1,NECTIN2,BCAS1,TGM2
gene_set_query	1221	FOXD3	974.7	ARCHS4 Coexpression,800;Enrichr Queries,1002;GTEx Coexpression,1122	CHST8,TLE1,ENTPD2,FLT1,FOXD1,SET,FOXF2,COBL,RGMA,UNG,BMP2,ILF3,CUX2,ZIC2,RHOJ,MMP17,HNRNPD,RPL35,RAC3,RPL38,HNRNPA1,SPTBN1,PLEC,PELP1
gene_set_query	1222	ZNF669	975.0	ARCHS4 Coexpression,430;Enrichr Queries,1046;GTEx Coexpression,1449	LRRC59,SMIM29,ATN1,APH1A,FAM168B,MPRIP,CAPNS1,SNRNP70,ZMIZ2,LPXN,ZNF426,TNKS1BP1,MFN2,ZNF483,CRTAP,GADD45A,CAV1,MOGS,PATL1,BCL6,IRF1,MAFF,RBM12B,PLEKHM2,PNPLA6,CCNQ
gene_set_query	1223	ZNF610	975.0	ARCHS4 Coexpression,886;Enrichr Queries,1097;GTEx Coexpression,942	OSCP1,ZNF254,LRRC59,SMIM29,NEDD9,FNBP1L,CASC1,APH1A,FAM168B,CAPNS1,IRAK1,KIF5C,SNRNP70,ZNF844,MFN2,AMZ2,RNF150,DCC,TSC22D3,IFT122,MOGS,LZTFL1,SYTL2,PLEKHM2,PNPLA6,DNAL4
gene_set_query	1224	LMX1A	975.3	ARCHS4 Coexpression,1041;Enrichr Queries,1297;GTEx Coexpression,588	TUSC3,MAGED1,IFT172,IGSF1,PBXIP1,RPL9,GOLGA3,CUX2,OPHN1,PLXNA2,RPL36,GSE1,LINC00632,PLXNA3,CHST8,FKRP,RPL21,DCC,ZBTB16,RPL13A,RGMA,BMP2,RPS27,RPL37A,ZNF554
gene_set_query	1225	HOXA13	978.7	ARCHS4 Coexpression,1029;Enrichr Queries,1012;GTEx Coexpression,895	PRDM8,RPL4,KMT2D,LRRC59,FOXD1,ICMT,TAF15,SMIM29,FOXF2,NXN,ZBTB16,CAV1,PTPN11,SMTN,CUX2,TMEM54,HEY1,BCL6,ZIC2,IRAK1,ETHE1,TIMP3,EMILIN1,RNF150
gene_set_query	1226	MSANTD1	979.0	ARCHS4 Coexpression,943;GTEx Coexpression,1015	WNT10B,LRRC59,SLC43A2,MOGS,CCDC106,FHIT,APH1A,FAM168B,CAPNS1,TTLL3,PPP4R4,HABP4,NSRP1,CAMK1G,CLVS1
gene_set_query	1227	ZNF501	980.0	ARCHS4 Coexpression,1183;Enrichr Queries,964;GTEx Coexpression,793	RIPOR2,SMIM29,GSTCD,NEDD9,FNBP1L,CUX2,CAPNS1,KIF5C,SNRNP70,TIMP3,ZNF426,ZNF844,SBF2,ACVR1,ZNF483,GADD45A,TSC22D3,PARVA,MOGS,VASN,LATS1,COL5A2,GTF2IRD1,NSRP1,TRAM2-AS1
gene_set_query	1228	ZNF417	980.3	ARCHS4 Coexpression,627;Enrichr Queries,1071;GTEx Coexpression,1243	ZNF254,LRRC59,ZNF175,SMIM29,RPL12,RPL8,APH1A,CAPNS1,ZNF426,RAC1,ATP9B,ZNF483,PPP1R14B,CRTAP,POU2F1,BICRAL,PDE4DIP,MOGS,SYTL2,DMTF1,WNK1,RBM12B,RPL29,INTS8,ZNF554
gene_set_query	1229	FIGLA	980.7	ARCHS4 Coexpression,1580;Enrichr Queries,1206;GTEx Coexpression,156	SHC2,PLEKHH3,RPL10,ZFAND2A,ADCY4,RPL9,TAF1D,RPS16,CUX2,ZIC2,PLXNA2,CDH23,RREB1,UNC13C,RPS9,FOXF2,DAPK1,DCC,RPS5,ZBTB16,SNHG8,DMTF1,EEF1D,TRAF5,EIF3F,EIF3D
gene_set_query	1230	CRX	981.5	Literature ChIP-seq,140;ARCHS4 Coexpression,1402;Enrichr Queries,1020;GTEx Coexpression,1364	LRRC59,CEBPD,SMIM29,COL11A1,CTNND2,HSPB1,METTL21A,ZBTB4,ASGR1,APH1A,ZIC2,SCRN1,PLXNA2,JAM2,TGM2,SEMA6C,USP4,BHMT2,COMMD10,ARNT,RNASE4,ACADSB,HARS2,TOMM40L,PER1,SMTN,RIT2,DMTF1,BCL6,IRF1,ETHE1,SPIRE2,ZNF554,CAMK1G
gene_set_query	1231	TLX2	983.0	ARCHS4 Coexpression,743;Enrichr Queries,1203;GTEx Coexpression,1003	PRDM8,LRRC59,FOXD1,DGAT1,FOXF2,KCNC1,NGB,FOXK2,PYCR1,GRIN2C,SHD,APH1A,BCAN,AS3MT,SMTN,FAM171A2,ILF3,ARVCF,RIMS3,ZIC2,RPL27A,RAC3,EMILIN1,RNF150
gene_set_query	1232	LHX8	983.7	ARCHS4 Coexpression,856;Enrichr Queries,794;GTEx Coexpression,1301	ZNF254,NTNG2,FOXD1,NORAD,FOXF2,DCC,MAGED1,COL11A1,ZBTB16,RBM18,INHBA,NDRG2,ADCY8,FNBP1L,KLC1,BMP2,ZIC2,MPPED2,GDAP1L1,PLXNA2,PAFAH1B3,MAPK4,GPR19
gene_set_query	1233	ZNF77	984.3	ARCHS4 Coexpression,843;Enrichr Queries,840;GTEx Coexpression,1270	SMIM29,NXN,SETD6,ATN1,HSPB1,MT1X,GPATCH8,DNAJB1,ABR,RPS17,MPRIP,CAPNS1,SNRNP70,TP53INP2,ZMIZ2,ZNF426,ZNF584,GADD45A,TSC22D3,BCL6,PACS1,IRF1,PLEKHM2,ZNF554,EIF3D
gene_set_query	1234	ZNF527	985.7	ARCHS4 Coexpression,1068;Enrichr Queries,1233;GTEx Coexpression,656	ZNF254,LRRC59,ZNF175,TBC1D19,SMIM29,RBM18,CDPF1,LAMB1,MOGS,METTL21A,GPATCH8,LATS1,APH1A,OPHN1,MARVELD2,IRF1,RBM12B,SPIRE2,SPIN2B,ZNF525,ZNF844,RDH14,ZNF510,ZNF554
gene_set_query	1235	LHX4	986.0	ARCHS4 Coexpression,868;Enrichr Queries,922;GTEx Coexpression,1168	TSEN34,USP24,RIPOR2,NTNG2,KMT2D,AXIN1,RGMA,BMP2,ILF3,FRAT2,CUX2,ZIC2,DMTF1,KIF5C,WNK1,RBM12B,PLXNA2,BCL2,CDH23,GSE1,GAS2L1,INTS8,EIF4B,MSRB1
gene_set_query	1236	POU4F1	986.7	ARCHS4 Coexpression,543;Enrichr Queries,887;GTEx Coexpression,1530	PRDM8,APC2,FOXD1,SMIM29,DCC,ZBTB16,PCGF2,CTNND2,NGLY1,TMEM200C,FNBP1L,GADD45G,BMP2,FAM171A2,ILF3,CUX2,RIMS3,HEY1,ZIC2,KIF5C,GDAP1L1,RAC3,HNRNPH3,MAP4K4
gene_set_query	1237	ATOH1	987.0	ARCHS4 Coexpression,724;Enrichr Queries,1116;GTEx Coexpression,1121	LRRC59,SNED1,FOXD1,DGAT1,CEBPD,CTNND2,ZBTB16,ADCY8,SDCBP2,VASN,GADD45G,KLC4,BMP2,MMP14,TMEM54,BCL6,EPCAM,ETHE1,GPC1,EMILIN1,TIMP1,PLEC
gene_set_query	1238	PLAGL2	988.3	ARCHS4 Coexpression,551;Enrichr Queries,864;GTEx Coexpression,1550	KMT2D,HNRNPA3,TAF15,SMIM29,HMGB2,MOGS,NBEAL2,SOD2,TM9SF4,PATL1,HIPK2,ATXN2L,ILF3,BCL6,WNK1,FTH1,IRF1,ZMIZ2,SAP130,HNRNPD,NUPR1,SNRNP200,TGM2
gene_set_query	1239	NKX23	988.5	ARCHS4 Coexpression,1468;GTEx Coexpression,509	RPL3,NXN,ITGA1,GDPD2,PARVA,TAPBP,MED22,SMTN,PDLIM2,RAB37,TRAF5,ARL6IP4,EMILIN1,GSAP,RNF150
gene_set_query	1240	ZNF70	989.7	ARCHS4 Coexpression,1185;Enrichr Queries,538;GTEx Coexpression,1246	SNED1,TBC1D19,SMIM29,SLC43A2,METTL21A,ZBTB4,CYTH3,OPHN1,MARVELD2,SERPINH1,PLXNA1,ZNF844,E2F6,PLXNA3,MAP4K4,TSC22D3,MKLN1-AS,TOM1L2,CRISPLD2,PACS1,RBM12B,BCL2,SPIRE2,NSRP1,ZNF554
gene_set_query	1241	ZBTB24	990.3	ARCHS4 Coexpression,944;Enrichr Queries,594;GTEx Coexpression,1433	RIPOR2,SMIM29,GADD45A,MAGED1,TSC22D3,OGA,ATN1,PDE4DIP,CHD2,PATL1,GADD45G,TOM1L2,DMTF1,BCL6,STK17A,IRF1,GPC1,BCL2,ARHGEF3,LPXN,MAP4,BCL2L2,FKBP5
gene_set_query	1242	NKX21	991.0	ARCHS4 Coexpression,1320;GTEx Coexpression,662	CSGALNACT1,ZNF254,LAMA5,IFT140,MAGED1,GALNT18,ATN1,RTN4RL2,DNAAF4,FNBP1L,MARVELD2,ZMIZ2,MPPED2,TSPAN3,PLA2R1,PAFAH1B3
gene_set_query	1243	ZNF287	991.3	ARCHS4 Coexpression,605;Enrichr Queries,933;GTEx Coexpression,1436	ZNF254,KMT2D,SMIM29,TUSC3,MAGED1,NEDD9,FNBP1L,SGCD,CAPNS1,KIF5C,SNRNP70,ZMIZ2,RDH14,TSPAN3,ZNF584,DTNA,DCC,RBM18,PDE4DIP,MOGS,SYTL2,DMTF1,BCL6,CD109,PLEKHM2
gene_set_query	1244	HOXC12	992.0	ARCHS4 Coexpression,703;Enrichr Queries,1198;GTEx Coexpression,1075	LRRC59,FOXD1,FOXF2,ZBTB16,VPS13D,ATN1,PYCR1,SNX21,NR1D1,METRNL,ACVR1B,RPL8,APH1A,FBL,MMP14,BMP2,CUX2,RPS16,ZIC2,CAPNS1,IRAK1,MPPED2,FNDC10,TNKS1BP1
gene_set_query	1245	MYF5	992.0	ARCHS4 Coexpression,1030;Enrichr Queries,1137;GTEx Coexpression,809	RTN2,BCAR3,UBE2D4,COL11A1,SGCD,MACROD1,E2F6,SEMA6C,KCNJ11,ANXA2,GADD45A,CAV2,ZBTB16,CAV1,CIDEA,PDE4DIP,ANO5,GADD45G,BMP2,DMTF1,CD109,MAFF,COL5A2,S100A6,FKBP9
gene_set_query	1246	NR2E3	992.0	ARCHS4 Coexpression,1181;Enrichr Queries,803	TLE1,FOXD1,CEBPD,KCNJ11,ZBTB16,ADCY8,METTL21A,MFSD11,CUX2,HEY1,DMTF1,BCL6,MARVELD2,CDH23,SPIRE2,GSE1,PIGL,CLVS1
gene_set_query	1247	TIGD3	993.0	ARCHS4 Coexpression,1239;Enrichr Queries,637;GTEx Coexpression,1103	RIPOR2,NTNG2,SMIM29,GADD45A,ZBTB16,HMGB2,NBEAL2,PHTF1,GADD45G,RND1,SLC25A37,FRAT2,BCL6,RAB37,SLCO4A1,EPCAM,PACS1,MAFF,SLC16A6,RAMP1,MSRB1,FKBP5
gene_set_query	1248	ZNF525	993.5	ARCHS4 Coexpression,1083;GTEx Coexpression,904	HNRNPA3,RPS6,ATN1,MOGS,ATXN2L,APH1A,ILF3,FAM168B,CAPNS1,MARVELD2,HNRNPH1,HNRNPD,MFN2,PLEKHM2,SNRNP200
gene_set_query	1249	ZNF12	996.0	ARCHS4 Coexpression,1311;Enrichr Queries,1346;GTEx Coexpression,331	SEC24B,NEK7,PPWD1,CHD2,LATS1,PPP1CB,PNN,PINK1,PAN3,DMTF1,BCL6,HNRNPH1,KIF5B,RBM12B,HNRNPD,ARL6IP4,AMZ2,SRSF4,TARDBP,ZNF510,EIF4B,METTL17
gene_set_query	1250	DLX3	996.0	ARCHS4 Coexpression,1327;Enrichr Queries,423;GTEx Coexpression,1238	LAMA5,FOXD1,SMIM29,CLTB,EMP1,COBL,HSPB1,NR1D1,METRNL,ACVR1B,RPL8,GADD45G,BMP2,HEY1,BCL6,TMEM54,CRISPLD2,PLXNA2,TIMP3,TNKS1BP1,GSE1,NUPR1,TGM2
gene_set_query	1251	HOMEZ	998.3	ARCHS4 Coexpression,935;Enrichr Queries,539;GTEx Coexpression,1521	BCAR3,SMIM29,RPL36A,NEDD9,HSPB1,HEY1,MPRIP,RPS18,GOLGA6L4,SAP130,KIF5A,GSE1,RPL13,RDH14,MYH7B,GADD45A,KCNJ9,TSC22D3,PDE4DIP,NR1D1,BCL6,IRF1,MAFF,RPL37A,FKBP5
gene_set_query	1252	ZNF385D	998.3	ARCHS4 Coexpression,764;Enrichr Queries,989;GTEx Coexpression,1242	NTNG2,UNC13C,LRRC59,CA10,ZNF483,PLA2G12A,SMIM29,DCC,COL11A1,RPL12,ARHGEF10L,MOGS,GNG13,APH1A,CYTH3,MARCH2,INPP4B,SGCD,CRISPLD1,COL5A2,PLXNA2,SH3BGRL2,RNF150,RPL29
gene_set_query	1253	ZBTB21	1000.0	ARCHS4 Coexpression,1415;GTEx Coexpression,585	SEC24B,CEBPD,SIAH1,LINC00909,CHD2,PPP1R3F,PER1,SLK,ELMSAN1,WNK1,KIF5B,MAFF,PIGL,ARIH1,RBM11
gene_set_query	1254	POU6F2	1000.0	ARCHS4 Coexpression,1243;Enrichr Queries,1188;GTEx Coexpression,570	LRRC59,DCC,CTNND2,COL11A1,ZBTB16,RPL12,COBL,MOGS,C2CD4C,APH1A,AGBL4,RIMS3,CUX2,KCNS1,CAPNS1,SNRNP70,KIF5A,GDAP1L1,PLXNA2,PHF24,MFN2,CTXN2,CAMK1G
gene_set_query	1255	CSRNP3	1001.0	ARCHS4 Coexpression,1166;GTEx Coexpression,835	ZNF483,NORAD,CTNND2,FNBP1L,AGBL4,FAM171A2,GRM5,RIMS3,KIF5C,PPP4R4,GDAP1L1,KIF5A,CTXN2,CAMK1G,RAPGEF4
gene_set_query	1256	RLF	1001.0	ARCHS4 Coexpression,1058;Enrichr Queries,1193;GTEx Coexpression,751	PPP1R26,ZNF254,USP24,SEC24B,USP4,GADD45A,SIAH1,PTEN,OGA,NEDD9,METRNL,CHD2,FNBP1L,PATL1,PER1,CAPNS1,ELMSAN1,WNK1,KIF5B,MAFF,UBC,ARL6IP4,ARIH1
gene_set_query	1257	CSRNP1	1001.0	ARCHS4 Coexpression,710;GTEx Coexpression,1292	CEBPD,TSC22D3,NEDD9,TAP1,NBEAL2,AKAP17A,GAB2,METRNL,PER1,BCL6,IRF1,MAFF,UBC,MAFK
gene_set_query	1258	PRDM10	1001.0	ARCHS4 Coexpression,1616;Enrichr Queries,629;GTEx Coexpression,759	USP24,UNC13C,CERS6,POU2F1,KCNC1,KCNJ11,SMIM29,PDE4DIP,CHD2,GPATCH8,HIPK2,ZIC2,DMTF1,BCL6,RAB37,ATG16L1,WNK1,GSE1,ATXN7L2,RAF1,RREB1,SPTBN1
gene_set_query	1259	CHAMP1	1002.0	ARCHS4 Coexpression,566;GTEx Coexpression,1438	KMT2D,LRRC59,HNRNPA3,TAF15,PATL1,ATXN2L,RPS17,ILF3,FAM168B,RARS,HNRNPD,ANP32B,SNRNP200,HNRNPA1,TARDBP,PELP1
gene_set_query	1260	ZIC2	1002.0	ARCHS4 Coexpression,1435;Enrichr Queries,959;GTEx Coexpression,612	SPTBN4,SET,KCNC1,HMGB2,HSPB1,PPP1CB,ARVCF,HEY1,EPCAM,HNRNPA1,CA10,FOXD1,FOXF2,GADD45A,CAV1,GRIN2C,KCNAB3,GNG13,GADD45G,RIT2,EIF2S3,RAB37,HNRNPH1,CDH10,COL5A2
gene_set_query	1261	SMYD3	1005.0	ARCHS4 Coexpression,971;GTEx Coexpression,1038	KMT2D,PLA2G12A,MAGED1,CSNK1D,ABR,FAM171A2,RIT2,SNRNP70,ZMIZ2,GDAP1L1,PLEKHM2,KIF1C,PNPLA6,CTXN2,CLVS1
gene_set_query	1262	ZNF397	1005.0	ARCHS4 Coexpression,988;GTEx Coexpression,1022	LRRC59,ZNF175,BICRAL,ARNT,MOGS,METTL21A,LATS1,APH1A,CAPNS1,MARVELD2,RBM12B,SPIRE2,GAS2L1,ZNF554,SBF2
gene_set_query	1263	ZNF667	1006.0	ARCHS4 Coexpression,1202;Enrichr Queries,1004;GTEx Coexpression,813	CHST8,RIPOR2,LRRC59,ZNF483,SMIM29,TUSC3,MAGED1,DAPK1,IFT172,IGSF1,ZBTB16,EMP1,MOGS,APH1A,FAM171A2,HEY1,BCL6,KIF5C,SPIRE2,TIMP3,ZNF554,ATP9B,GPR19,LINC00632
gene_set_query	1264	ZNF134	1007.0	ARCHS4 Coexpression,954;Enrichr Queries,1140;GTEx Coexpression,928	ZNF584,ZNF254,PRMT5,SEC24B,CERS6,POU2F1,SMIM29,BICRAL,GADD45A,TSC22D3,ATL2,NEDD9,FNBP1L,GPATCH8,BCL6,IRAK1,ZIC2,BCL2,ZNF426,KIF1C,TIMP1,HNRNPA1,TARDBP,GPR19
gene_set_query	1265	ZNF98	1009.0	ARCHS4 Coexpression,1102;Enrichr Queries,973;GTEx Coexpression,951	SHC2,PLA2G12A,PLEKHH3,DTNA,DCC,CTNND2,SNHG8,PYCR1,PDE4DIP,SLC6A11,MOGS,RGMA,APH1A,FAM168B,MPRIP,CAPNS1,SNRNP70,PLXNA2,MAP3K21,TIMP3,ZNF844,MFN2,PLEKHM2,RNF150
gene_set_query	1266	ZNF454	1010.0	ARCHS4 Coexpression,1169;Enrichr Queries,1271;GTEx Coexpression,589	LRRC59,HNRNPA1P48,ZNF175,TBC1D19,SMIM29,TUSC3,RPL12,ATN1,ZBTB4,APH1A,CAPNS1,PHACTR3,MFN2,PLXNA3,NTNG2,DCC,BHMT2,PARVA,NBEAL2,MOGS,NFATC4,RGMA,LATS1,BMP2,ZNF554
gene_set_query	1267	ZSCAN23	1010.0	ARCHS4 Coexpression,846;Enrichr Queries,1073;GTEx Coexpression,1111	PRDM8,ZNF254,TBC1D19,ZNF483,SMIM29,DAPK1,MAGED1,DCC,ZBTB16,FNBP1L,RGMA,EEF1A1,LATS1,CUX2,CAPNS1,KIF5C,RBM12B,COL5A2,MPPED2,TAGLN2,RNF150,TSPAN3,HNRNPA1
gene_set_query	1268	ZNF717	1010.0	ARCHS4 Coexpression,1405;Enrichr Queries,653;GTEx Coexpression,973	LAMA5,PLA2G12A,SMIM29,TAMM41,DAPK1,ZBTB16,COBL,PDE4DIP,MOGS,FHIT,SYTL2,APH1A,RPS17,BMP2,EIF2S3,WNK1,PEAK1,RARS,PLXNA2,BCL2,EIF2D,RPS2,EIF3D,ATP9B
gene_set_query	1269	ZNF778	1010.0	ARCHS4 Coexpression,1279;Enrichr Queries,431;GTEx Coexpression,1321	ZNF584,PRMT5,LAMA5,SMIM29,PHF12,HSPB1,PDE4DIP,CHD2,METTL21A,SYTL2,ABR,BCL6,OPHN1,MARVELD2,WNK1,FTH1,PLXNA2,SPIRE2,GSE1,E2F6,RREB1,ZNF554,SPTBN1,PLEC
gene_set_query	1270	DMBX1	1010.0	ARCHS4 Coexpression,1492;Enrichr Queries,772;GTEx Coexpression,767	CHST8,OSCP1,BCAR3,FOXD1,SMIM29,IFT172,IGSF1,FOXK2,IFT122,RGMA,ATXN2L,APH1A,BMP2,AS3MT,CUX2,HEY1,TMEM54,ZIC2,CDH23,SPIRE2,RBM20,ZNF554,LINC00632
gene_set_query	1271	TBPL2	1012.0	ARCHS4 Coexpression,1190;GTEx Coexpression,833	PLA2G12A,RPL3,SMOX,SNX21,NR1D1,ACVR1B,METTL21A,CDC14B,MARCH2,TMEM54,ELMSAN1,RPS18,ETHE1,SH3BGRL2,GAS2L1
gene_set_query	1272	ZNF302	1012.0	ARCHS4 Coexpression,1260;Enrichr Queries,1143;GTEx Coexpression,632	ZNF254,ZNF175,SMIM29,METRNL,METTL21A,MARVELD2,KIF5C,PGM2,RNF150,TBC1D10A,GDF11,PLA2G12A,TSC22D3,CAV1,IGIP,ANO8,PDE4DIP,NBEAL2,SYTL2,CASTOR3,DMTF1,BCL6,MAFF,TAGLN2,ZNF510
gene_set_query	1273	ZNF569	1012.0	ARCHS4 Coexpression,510;Enrichr Queries,1295;GTEx Coexpression,1232	OSCP1,ZNF254,ZNF175,SMIM29,LINC02175,TSC22D3,EFCAB5,MOGS,TMEM170B,FNBP1L,APH1A,CAPNS1,SNRNP70,ZMIZ2,ZNF426,TNKS1BP1,PLEKHM2,KIF1C,AMZ2,MAFK,TAGLN2,PNPLA6
gene_set_query	1274	ZBTB49	1013.0	ARCHS4 Coexpression,1476;GTEx Coexpression,549	CHST8,TSEN34,RIPOR2,TAF12,MTMR14,PHF12,PCIF1,AXIN1,TAP1,CSNK1D,PATL1,COMMD5,SDHAF2,LPXN
gene_set_query	1275	ZUP1	1013.0	ARCHS4 Coexpression,586;Enrichr Queries,1195;GTEx Coexpression,1257	SET,SMIM29,HMGB2,ATN1,FNBP1L,ZBTB4,PPP1CB,TAF1D,MPRIP,CAPNS1,SNRNP70,ZMIZ2,DHX58,LPXN,TNKS1BP1,KIF1C,GADD45A,TAP1,MOGS,PATL1,TAPBP,DMTF1,WNK1,PACS1,IRF1
gene_set_query	1276	ZNF860	1014.0	ARCHS4 Coexpression,873;GTEx Coexpression,1154	SET,ATN1,PTEN,EMP1,QRSL1,OSBPL10,PPP1CB,FAM168B,SLK,ZNF426,PGM2,PLEKHM2,PNPLA6,PRELID3B
gene_set_query	1277	FOXD4L3	1014.0	ARCHS4 Coexpression,1341;Enrichr Queries,1332;GTEx Coexpression,370	APC2,SPTBN4,KCNJ9,GADD45A,PDE4DIP,CSNK1D,KLC1,MAPK8IP2,RGMA,ABR,FAM171A2,BMP2,CUX2,RASGEF1A,KIF5C,CDH10,GDAP1L1,CTXN3,CTXN2,PLA2R1,LINC00641,RAB11FIP3,CLVS1,GPR19
gene_set_query	1278	SKOR1	1016.0	ARCHS4 Coexpression,1385;GTEx Coexpression,646	APC2,SPTBN4,UNC13C,CA10,KCNC1,ATL2,GRIN2C,KCNAB3,ACVR1B,GNG13,ARVCF,FAM171A2,RIT2,ZIC2,RAB37
gene_set_query	1279	NR1I2	1016.0	Literature ChIP-seq,70;ARCHS4 Coexpression,1465;Enrichr Queries,1258;GTEx Coexpression,1271	BCAR3,CEBPD,ATN1,NEDD9,ARHGEF10L,KLC1,FHIT,ASGR1,PITPNC1,KLC4,ARVCF,TAF1D,CUX2,ACVR1,DTNA,DGAT1,GADD45A,BHMT2,ZBTB16,PCGF2,CAV1,VPS13D,COBL,PARVA,ACADSB,SDCBP2,HIPK2,TUFM,ALDH4A1,TOM1L2,SLC25A37,PER1,BCL6,ATG16L1,SNHG10,TRAF5,BCL2,ECHDC2,TACC2,TPT1,RAPGEF4,FKBP5
gene_set_query	1280	THAP10	1017.0	ARCHS4 Coexpression,1384;Enrichr Queries,1150;GTEx Coexpression,517	SMIM29,KCNJ9,GADD45A,TSC22D3,HMGB2,MT1X,PBXIP1,NBEAL2,KLC1,SYTL2,PPP1R3F,FAM168B,SCRN1,KIF5C,CDH10,GDAP1L1,MAFF,NUPR1,TSPAN3,HNRNPH3,CTXN2,LINC00641,PAFAH1B3,CLVS1
gene_set_query	1281	MESP2	1017.0	ARCHS4 Coexpression,1540;Enrichr Queries,1170;GTEx Coexpression,342	WNT10B,SMIM29,ZBTB16,PCIF1,CITED4,HSPB1,EFCAB5,NR1D1,DLL3,GADD45G,ABR,FAM171A2,BCL6,KIF5A,GDAP1L1,FNDC10,SPIRE2,PHF24,MFN2,NUPR1,CTXN2,PAFAH1B3,CAMK1G,MAPK3
gene_set_query	1282	ARGFX	1018.0	ARCHS4 Coexpression,1484;Enrichr Queries,979;GTEx Coexpression,591	MYH7B,SEMA6C,RIPOR2,ZBTB47,GALNT18,PHF12,SIAH1,PDE4DIP,COBL,PRELP,METTL21A,ANO5,HIPK3,CDH5,PINK1,NDUFS8,FRAT2,SMYD2,TYRO3,MFN2,ACO2,DGCR6,RPL28,VPS39
gene_set_query	1283	HOXB13	1019.0	ARCHS4 Coexpression,1617;Enrichr Queries,774;ReMap ChIP-seq,283;GTEx Coexpression,1400	PRDM8,LINC01354,DNAH6,PTEN,HSPB1,APOLD1,CDC14B,PPP1CB,CYTH3,CUX2,RPS16,ZIC2,UBC,CA4,RPS3,SH3BGRL2,PLXNA1,RPS12,REPS1,CSGALNACT1,TLE1,POU2F1,FOXD1,ANXA2,FOXF2,DAPK1,LRBA,PHF12,RBM18,ZBTB16,CAV1,RPS6,SNHG8,MKLN1-AS,RGMA,TOM1L2,PER1,BMP2,SDHAF2,WNK1,PEAK1,RBM20,CTXN3,NUPR1
gene_set_query	1284	TMF1	1019.0	ARCHS4 Coexpression,642;GTEx Coexpression,1396	PPP1R14B,RPS5,ATN1,RPL8,CHD2,UNG,TUFM,ILF3,SLK,ZNF280C,ARIH1,ZNF787,RPL29,RPL18,RPL28
gene_set_query	1285	PHF21A	1019.0	ARCHS4 Coexpression,931;Enrichr Queries,981;GTEx Coexpression,1145	TSEN34,RIPOR2,KMT2D,NTNG2,SMIM29,PHF12,TSC22D3,PTEN,USB1,NBEAL2,GAB2,CHD2,ABR,SLC25A37,FRAT2,BCL6,WNK1,PACS1,GSE1,RREB1,MAP4K4,MSRB1
gene_set_query	1286	PROX1	1020.0	ARCHS4 Coexpression,1328;Enrichr Queries,1237;ReMap ChIP-seq,247;GTEx Coexpression,1266	RPL3,CLTB,HSPB1,FNBP1L,ASGR1,PHACTR3,TIMP3,PAQR6,ANXA2,ITGA3,BHMT2,ITGA1,EMP1,COBL,ANO5,EEF1G,PTP4A2,MED24,CD109,SNHG10,IRF1,TRAF5,S100A6,ITGA7,RBM20,FTL,YAP1,LAMA5,SMIM29,ATL2,APOLD1,PDLIM2,EPCAM,ELMSAN1,UBC,PLXNA2,LPXN,RPL18,PRELID3B,MYH7B,GADD45A,CAV1,ZBTB16,OGA,NR1D1,ACADSB,GADD45G,PER1,BMP2,BCL6,ECHDC2,GTF2IRD1
gene_set_query	1287	TCF23	1020.0	ARCHS4 Coexpression,1286;Enrichr Queries,575;GTEx Coexpression,1199	LRRC59,CEBPD,ZBTB16,FAM107A,PRELP,MOGS,NR1D1,SDCBP2,NFATC4,APH1A,FAM168B,DMTF1,MAFF,CA4,SPIRE2,TIMP3,EMILIN1,NUPR1,HNRNPA1,MAP3K6,RAMP1,ZNF554,FKBP5
gene_set_query	1288	ZNF624	1020.0	ARCHS4 Coexpression,845;Enrichr Queries,1127;GTEx Coexpression,1088	LRRC59,CEBPD,SMIM29,GSTCD,TSC22D3,GXYLT1,ATN1,PTEN,EFCAB5,MOGS,TMEM170B,LZTFL1,APH1A,CAPNS1,IRAK1,STK17A,SNRNP70,CD109,TP53INP2,ZNF280C,TNKS1BP1,SBF2,MAP4K4
gene_set_query	1289	ZFP64	1020.0	ARCHS4 Coexpression,1404;Enrichr Queries,541;GTEx Coexpression,1115	BCAR3,TLE1,CERS6,SMIM29,TAMM41,LRBA,COBL,PDE4DIP,TM9SF4,APH1A,FBL,ADCK2,SMYD2,PLXNA2,SPIRE2,GSE1,PLEKHM2,TACC2,RREB1,ZNF554,BCL2L2,FKBP5,MAP4K4,PLEC
gene_set_query	1290	ZNF222	1021.0	ARCHS4 Coexpression,752;Enrichr Queries,932;GTEx Coexpression,1378	UNC13C,ZNF175,CEBPD,SMIM29,GADD45A,TSC22D3,ZFAND2A,ATN1,USB1,MT1X,MOGS,PHTF1,COMMD5,BCL6,MPRIP,CAPNS1,SNRNP70,IRF1,ZMIZ2,MAFF,ZNF426,TNKS1BP1,KIF1C,BCL2L2
gene_set_query	1291	FOXD2	1022.0	ARCHS4 Coexpression,1571;Enrichr Queries,826;GTEx Coexpression,668	BCAR3,TLE1,ENTPD2,FOXD1,SMIM29,FOXF2,ITGA3,GADD45A,TSC22D3,ZBTB16,ADIRF,HSPB1,PRELP,INHBA,PEAR1,BCL6,ZIC2,MARVELD2,ETHE1,MAFF,S100A6,RNF150,PLEC
gene_set_query	1292	ZNF781	1022.0	ARCHS4 Coexpression,1584;Enrichr Queries,847;GTEx Coexpression,635	CSGALNACT1,SPTBN4,CA10,ZNF483,KCNC1,SMIM29,ZBTB16,CAV1,GRIN2C,KLC1,KCNAB3,RGMA,ARVCF,RIT2,LAS1L,ZIC2,CRISPLD2,MPPED2,BCL2,PHACTR3,ZNF844,RNF150,ATP9B
gene_set_query	1293	FOXI3	1022.0	ARCHS4 Coexpression,1003;GTEx Coexpression,1041	MOGS,ACVR1B,APH1A,EEF1G,FBL,CAPNS1,OPHN1,RPS18,TYRO3,SPIRE2,PLEKHM2,PNPLA6,ZNF554,TBC1D10A
gene_set_query	1294	ZSCAN31	1023.0	ARCHS4 Coexpression,1101;GTEx Coexpression,944	OSCP1,IFT140,TUSC3,IFT172,EFCAB5,MOGS,ZBTB4,DNAJB1,SNRNP70,PACS1,SCMH1,RNF150,PNPLA6,NINL,UBA52
gene_set_query	1295	ZBTB48	1023.0	ARCHS4 Coexpression,1460;Enrichr Queries,298;GTEx Coexpression,1310	TSEN34,POU2F1,SMIM29,GADD45A,PHF12,RPL11,HSPB1,TAP1,NBEAL2,ARHGEF10L,MFSD10,GADD45G,FRAT2,BCL6,SNRNP70,ZMIZ2,MAFF,CRY2,PNPLA6,MAP3K6,TARDBP,PLEC,MSRB1
gene_set_query	1296	ZNF556	1023.0	ARCHS4 Coexpression,1281;Enrichr Queries,1138;GTEx Coexpression,649	RTN2,SEMA6C,RIPOR2,UBE2D4,KCNJ11,SMIM29,SLC43A2,PDE4DIP,METTL21A,ANO5,GPATCH8,BMP2,CUX2,OPHN1,MACROD1,SPIRE2,ZNF426,ZNF844,DGCR6,ATXN7L2,NSRP1,ZNF554,RAB11FIP4
gene_set_query	1297	ZNF20	1023.0	ARCHS4 Coexpression,788;Enrichr Queries,745;GTEx Coexpression,1536	LRRC59,CEBPD,SMIM29,GADD45A,TSC22D3,HMGB2,HSPB1,PDE4DIP,LRRC6,MOGS,APH1A,FAM168B,HEY1,BCL6,OPHN1,SNRNP70,IRF1,COL5A2,SPIRE2,ZNF844,MFN2,NSRP1,ZNF554
gene_set_query	1298	ZNF138	1023.0	ARCHS4 Coexpression,670;Enrichr Queries,1236;GTEx Coexpression,1164	ZNF254,SMIM29,DCC,ITGA1,HMGB2,PDE4DIP,PARVA,MOGS,FNBP1L,UNG,DMTF1,CAPNS1,IRAK1,WNK1,KIF5C,SCMH1,PLEKHM2,KIF1C,MAFK,TAGLN2,PNPLA6,PAFAH1B3
gene_set_query	1299	ZNF304	1023.0	ARCHS4 Coexpression,1620;Enrichr Queries,1030;GTEx Coexpression,420	ZNF584,USP24,ZNF175,MPP3,KCNC1,SMIM29,GADD45A,SETD6,TSC22D3,GRIN2C,FNBP1L,GPATCH8,FAM168B,ZIC2,SLC16A6,ARHGEF3,TIMP3,ZNF426,RNF150,ZNF554,ZNF510
gene_set_query	1300	ZNF264	1024.0	ARCHS4 Coexpression,687;Enrichr Queries,1079;GTEx Coexpression,1306	PRMT5,KMT2D,LRRC59,ZNF483,SMIM29,IGIP,SOD2,RPL8,METTL21A,PATL1,HIPK3,APH1A,GOLGA3,BCL6,OPHN1,WNK1,PEAK1,SPIRE2,ZNF844,RPL29,RREB1,ZNF554,ATP9B,SPTBN1
gene_set_query	1301	TBPL1	1024.0	ARCHS4 Coexpression,645;GTEx Coexpression,1403	KMT2D,DCC,ATN1,EFCAB5,CSNK1D,MOGS,MPRIP,CAPNS1,IRAK1,SNRNP70,ZMIZ2,TNKS1BP1,SH3BGRL2,KIF1C,PNPLA6
gene_set_query	1302	ZNF844	1025.0	ARCHS4 Coexpression,1091;GTEx Coexpression,958	LRRC59,ZNF175,RBM14,BICRAL,MOGS,METTL21A,LATS1,APH1A,OPHN1,RBM12B,SPIRE2,HNRNPH3,NSRP1,INTS8,ZNF554
gene_set_query	1303	PCGF6	1025.0	ARCHS4 Coexpression,265;Enrichr Queries,1318;GTEx Coexpression,1493	HNRNPA1P48,SET,SMIM29,HMGB2,ATN1,ZBTB4,UNG,ABR,MPRIP,CAPNS1,SNRNP70,ZMIZ2,ZNF280C,ZNF844,RDH14,E2F6,GADD45A,NBEAL2,LZTFL1,TOM1L2,PACS1,PLEKHM2,PNPLA6,BCL2L2,FKBP5
gene_set_query	1304	PROP1	1025.0	ARCHS4 Coexpression,1472;Enrichr Queries,1207;GTEx Coexpression,397	CHST8,FOXD1,CEBPD,TUSC3,MAGED1,IFT172,IGSF1,ZBTB16,GRIN2C,GOLGA3,BMP2,DMTF1,IRF1,MPPED2,SPIRE2,GSE1,PLXNA1,ZNF554,GPR19,LINC00632,PLXNA3,REPS1
gene_set_query	1305	ZNF891	1026.0	ARCHS4 Coexpression,985;GTEx Coexpression,1066	LRRC59,TBC1D19,LINC02175,GSTCD,MOGS,METTL21A,APH1A,OPHN1,ZNF280C,RBM12B,SPIRE2,ZNF844,ARIH1,ZNF554,ATP9B
gene_set_query	1306	ZNF732	1028.0	ARCHS4 Coexpression,1529;GTEx Coexpression,526	SPTBN4,ZNF175,CA10,SET,KCNC1,GRIN2C,KCNAB3,RIT2,EIF2S3,LAS1L,ZIC2,SNRNP70,HNRNPA1,NINL
gene_set_query	1307	ZNF607	1028.0	ARCHS4 Coexpression,1379;Enrichr Queries,817;GTEx Coexpression,888	OSCP1,ZNF254,ZNF175,SMIM29,MAGED1,IFT172,RBM18,IFT122,PDE4DIP,FNBP1L,CASC1,LZTFL1,OSBPL10,ATXN2L,EPCAM,KIF5C,ARHGEF3,ANKRD54,ZNF525,ZNF844,HNRNPA1,NINL,GPR19
gene_set_query	1308	PRDM15	1029.0	ARCHS4 Coexpression,1090;Enrichr Queries,759;GTEx Coexpression,1237	KMT2D,SMIM29,ZBTB16,PUS1,PDE4DIP,METTL21A,PATL1,LAPTM4A,SNHG12,BCL6,WNK1,PEA15,BCL2,SPIRE2,GSE1,TACC2,RREB1,ZNF554,ATP9B,FKBP5,MAP4K4,PLEC
gene_set_query	1309	SCML4	1029.0	ARCHS4 Coexpression,869;Enrichr Queries,867;GTEx Coexpression,1351	RIPOR2,LRRC59,SMIM29,TSC22D3,TAP1,PBXIP1,SYTL2,INPP4B,CCND3,FRAT2,BCL6,RAB37,IRF1,BCL2,ARHGEF3,LPXN,TBC1D10A,RAPGEF4,TGM2
gene_set_query	1310	ZNF180	1029.0	ARCHS4 Coexpression,348;Enrichr Queries,1241;GTEx Coexpression,1498	ZNF254,SMIM29,ATN1,ZBTB4,ABR,MPRIP,CAPNS1,SNRNP70,ZMIZ2,ZNF426,TNKS1BP1,ZNF844,KIF1C,MAP4,BICRAL,PDE4DIP,MOGS,SYTL2,LATS1,DMTF1,KYAT3,PLEKHM2,PNPLA6,BCL2L2,FKBP5
gene_set_query	1311	L3MBTL3	1030.0	ARCHS4 Coexpression,1178;GTEx Coexpression,881	TSEN34,SET,PHF12,COBL,PPP1CB,TOM1L2,CCND3,EIF2S3,ZIC2,STK17A,HNRNPH1,DHX58,FLOT1,ACO2
gene_set_query	1312	ZNF354C	1030.0	ARCHS4 Coexpression,1078;Enrichr Queries,1305;GTEx Coexpression,707	ACVR1,ZNF175,SMIM29,MAGED1,CAV1,PARVA,INHBA,FNBP1L,GPATCH8,SYTL2,LATS1,DYNC1LI2,SCRN1,KIF5C,KIF5B,COL5A2,RBM12B,ZNF844,RNF150,HNRNPH3,ZNF510,SBF2,MAP4K4
gene_set_query	1313	LMX1B	1031.0	ARCHS4 Coexpression,901;Enrichr Queries,1129;GTEx Coexpression,1062	APC2,FLT1,FOXD1,PLEKHH3,FOXF2,ZBTB16,PCGF2,CITED4,NR1D1,RPL8,RGMA,EEF1G,FAM171A2,CUX2,ZIC2,ELMSAN1,RPS18,PLXNA2,SPIRE2,GSE1,GTF2IRD1,ZNF554,PLXNA3
gene_set_query	1314	ZNF382	1032.0	ARCHS4 Coexpression,1110;Enrichr Queries,1344;GTEx Coexpression,641	SPTBN4,RIPOR2,LRRC59,CA10,KCNC1,SMIM29,MOGS,GRIN2C,KCNAB3,TMEM170B,METTL21A,GNG13,SYTL2,APH1A,RIT2,ZIC2,OPHN1,RAB37,CDH10,SPIRE2,ZNF426,ZNF554,ATP9B
gene_set_query	1315	ZBTB39	1033.0	ARCHS4 Coexpression,907;Enrichr Queries,633;GTEx Coexpression,1558	RPL4,HNRNPA3,POU2F1,SMIM29,DAPK1,ZBTB16,PHF12,RPSA,ACVR1B,HIPK2,UNG,EEF1A1,ILF3,BCL6,WNK1,CRY2,HNRNPD,GSE1,SNRNP200,HNRNPA1,RREB1,EIF4B,FKBP5
gene_set_query	1316	SIX4	1033.0	ARCHS4 Coexpression,1596;Enrichr Queries,687;GTEx Coexpression,816	RTN2,USP24,ICMT,UBE2D4,KCNJ11,SMIM29,GADD45A,CAV1,PDE4DIP,EMP1,HSPB1,ANO5,RGMA,BCL6,ZIC2,COL5A2,MACROD1,SERPINH1,TIMP3,TACC2,E2F6,FKBP5
gene_set_query	1317	NEUROG3	1034.0	ARCHS4 Coexpression,622;Enrichr Queries,1391;GTEx Coexpression,1089	ZNF254,PPP1R14B,PCDH20,ZBTB16,NBEAL2,C2CD4C,FNBP1L,GADD45G,DLL3,KLC4,BMP2,TMEM54,EPCAM,ETHE1,MMP17,RNPEP,GSE1,TARDBP,ZNF510
gene_set_query	1318	ZNF485	1034.0	ARCHS4 Coexpression,1002;Enrichr Queries,792;GTEx Coexpression,1308	PRMT5,SMIM29,PUS1,CAV1,ATN1,EMP1,QRSL1,ZBTB4,WDR77,UNG,OSBPL10,ABR,BCL6,ZIC2,SLCO4A1,IRF1,ZMIZ2,SLC16A6,BCL2,PLEKHM2,PNPLA6,CTXN2,BCL2L2
gene_set_query	1319	ZNF568	1035.0	ARCHS4 Coexpression,1231;Enrichr Queries,1250;GTEx Coexpression,623	LRRC59,ZNF175,SMIM29,TSC22D3,PDE4DIP,NBEAL2,MOGS,TAPBP,SYTL2,APH1A,FAM168B,SCRN1,CAPNS1,WNK1,SNRNP70,RNPEP,SPIN2B,ZNF426,ZNF844,NSRP1,ZNF510,ZNF554,TRAM2-AS1
gene_set_query	1320	PRDM6	1035.0	ARCHS4 Coexpression,1397;Enrichr Queries,893;GTEx Coexpression,815	YAP1,USP35,SNED1,CRTAP,FLT1,SMIM29,FOXF2,ITGA3,ZBTB16,PRELP,RGMA,BMP2,CRISPLD1,CRISPLD2,PEAK1,RAB34,NMRK1,COL5A2,PLXNA2,TIMP3,EMILIN1
gene_set_query	1321	VSX1	1035.0	ARCHS4 Coexpression,1256;Enrichr Queries,1339;GTEx Coexpression,510	PRDM8,SPTBN4,LRRC59,CA10,KCNC1,FOXF2,RPL12,MOGS,GRIN2C,KCNAB3,GNG13,APH1A,BCAN,ARVCF,RIT2,CUX2,ZIC2,OPHN1,RAB37,CDH10,ZNF554
gene_set_query	1322	ZSCAN5A	1037.0	ARCHS4 Coexpression,1205;Enrichr Queries,321;GTEx Coexpression,1584	BCAR3,RIPOR2,DTNA,SMIM29,SMOX,GADD45A,TSC22D3,NEDD9,PDE4DIP,MT1X,MOGS,METTL21A,APH1A,FAM168B,OPHN1,SLCO4A1,MAFF,ARHGEF3,SPIRE2,TACC2,ZNF554,FKBP5,PLEC
gene_set_query	1323	PRDM12	1038.0	ARCHS4 Coexpression,820;Enrichr Queries,1373;GTEx Coexpression,921	APC2,PRDM8,GDF11,PLEKHH3,FOXD1,FOXF2,ZBTB16,PCGF2,CSNK1D,KLC1,MAPK8IP2,TEX2,SHD,FAM171A2,ZIC2,GDAP1L1,CTXN2,FGFBP3,RAB11FIP3,CLVS1
gene_set_query	1324	HOXA7	1039.0	ARCHS4 Coexpression,972;Enrichr Queries,581;GTEx Coexpression,1565	FOXD1,HSPB6,SMIM29,FOXF2,ZBTB16,CAV1,RPS5,RPS6,EMP1,HSPB1,INHBA,NDRG2,UNG,BMP2,NDUFS8,BCL6,IRF1,MACROD1,TIMP3,ARL6IP4,RPS2,RPL29,RPL18
gene_set_query	1325	SEBOX	1040.0	ARCHS4 Coexpression,1543;Enrichr Queries,537	MYH7B,CEBPD,ZBTB47,GADD45A,TSC22D3,HSPB1,NR1D1,GRIN2C,GADD45G,DMTF1,BCL6,RAB34,GOLGA6L4,S100A6,NUPR1,FKBP5,TGM2
gene_set_query	1326	IRF8	1040.0	Literature ChIP-seq,119;ARCHS4 Coexpression,1567;Enrichr Queries,1122;GTEx Coexpression,1353	RPL4,BCAR3,CEBPD,RPL36A,LAPTM4A,PDLIM2,RPS3,LPXN,TRIM26,TIMP1,TGM2,POU2F1,ANXA2,TAP2,TAP1,ARNT,RNASE4,TOMM40L,GADD45G,LSG1,BCL6,IRF1,S100A6,BCL2,RPS20,RAF1,TPT1,PLEC
gene_set_query	1327	ZNF543	1040.0	ARCHS4 Coexpression,830;Enrichr Queries,1051;GTEx Coexpression,1240	ZNF584,ZNF254,PRMT5,ZNF175,ZNF483,SMIM29,GSTCD,ATN1,PDE4DIP,MOGS,APH1A,GOLGA3,FAM168B,DMTF1,SNRNP70,IRF1,ZMIZ2,ZNF426,ZNF844,TNKS1BP1,PLEKHM2,ARIH1,PNPLA6
gene_set_query	1328	GRHL1	1041.0	ARCHS4 Coexpression,1290;Enrichr Queries,504;GTEx Coexpression,1329	PLA2G12A,CEBPD,SMIM29,GADD45A,SMOX,CLTB,EMP1,COBL,HSPB1,SYTL2,GADD45G,CDC14B,MARCH2,HEY1,BCL6,EPCAM,MAFF,PGM2,SH3BGRL2,ACSBG1,TBC1D10A,FKBP5,TGM2
gene_set_query	1329	ZNF765	1041.0	ARCHS4 Coexpression,762;Enrichr Queries,1182;GTEx Coexpression,1179	ZNF254,LRRC59,NEDD9,PDE4DIP,MOGS,METTL21A,APH1A,FAM168B,EIF2S3,CAPNS1,OPHN1,BCL2,SPIRE2,ZNF426,ZNF525,ZNF844,EIF2D,RPS2,EIF3D,ZNF554,ATP9B,EIF4B,FKBP5
gene_set_query	1330	IRF6	1044.0	ARCHS4 Coexpression,1258;Enrichr Queries,419;GTEx Coexpression,1454	MYH7B,LAMA5,ANXA2,CEBPD,GADD45A,ITGA3,CLTB,EMP1,HSPB1,ACVR1B,SDCBP2,MMP14,SLK,MARVELD2,EPCAM,IRF1,S100A6,TIMP3,TNKS1BP1,TAGLN2,RPL38,NUPR1,TGM2
gene_set_query	1331	ZNF280A	1044.0	ARCHS4 Coexpression,1577;Enrichr Queries,572;GTEx Coexpression,983	SMIM29,TUSC3,RARRES2,SIAH1,EMP1,PDE4DIP,SAT2,UNG,SYTL2,INPP4B,AS3MT,FNDC4,FRAT2,HEY1,KIF5C,COL5A2,SLC16A6,TIMP3,PLXNA1,GPR19,TGM2
gene_set_query	1332	ALX1	1045.0	ARCHS4 Coexpression,1332;Enrichr Queries,1220;GTEx Coexpression,583	ACVR1,YAP1,FOXD1,ANXA2,SMIM29,FOXF2,COL11A1,ZBTB16,CAV1,RPS5,RPL36A,VASN,TOMM22,MMP14,NDUFS8,ZIC2,CD109,RAB34,TRIP6,COL5A2,FKBP9,RPL18,SBF2
gene_set_query	1333	ZNF585B	1046.0	ARCHS4 Coexpression,1377;Enrichr Queries,1063;GTEx Coexpression,698	MYH7B,ZNF175,SMIM29,IFT140,TSC22D3,ATN1,PDE4DIP,METTL21A,ZBTB4,DMTF1,BCL6,SNRNP70,PEAK1,FTH1,GOLGA6L4,MPPED2,BCL2,ZNF426,ZNF844,NUPR1,NINL,ZNF510,ATP9B
gene_set_query	1334	LBX2	1047.0	ARCHS4 Coexpression,1036;Enrichr Queries,729;GTEx Coexpression,1375	FLT1,FOXD1,CEBPD,SMIM29,FOXF2,TAF12,BHMT2,PUS1,HSPB1,RNASE4,ACADSB,ASGR1,SHE,TBL3,HEY1,SPR,IRAK1,AIFM2,RAB34,RHOJ,TIMP3,EMILIN1,FTL
gene_set_query	1335	VSX2	1047.0	ARCHS4 Coexpression,1133;Enrichr Queries,1328;GTEx Coexpression,679	PRDM8,UNC13C,GDF11,FOXF2,ZBTB16,CCDC106,MTURN,RGMA,CUX2,RIMS3,ZIC2,SCRN1,ASPHD1,PPP4R4,PEA15,MPPED2,HABP4,CDH23,MBP,HNRNPA1,LINC00641,CLVS1
gene_set_query	1336	ZNF17	1047.0	ARCHS4 Coexpression,759;Enrichr Queries,1154;GTEx Coexpression,1228	ZNF584,ZNF254,ZNF175,CRTAP,SMIM29,ATN1,PDE4DIP,MOGS,ZBTB4,GPATCH8,LATS1,CAPNS1,SNRNP70,ZMIZ2,RBM12B,ARHGEF3,SH3BGRL2,ZNF426,TNKS1BP1,KIF1C,PNPLA6,E2F6,BCL2L2
gene_set_query	1337	ZNF256	1048.0	ARCHS4 Coexpression,836;Enrichr Queries,1160;GTEx Coexpression,1149	ZNF584,SEC24B,CERS6,SMIM29,DAPK1,GADD45A,ZBTB16,TSC22D3,ZFAND2A,GSTCD,VPS13D,ADCY8,ZBTB4,UNG,MPRIP,CAPNS1,ELMSAN1,TIMP3,ZNF426,ZNF844,KIF1C,HNRNPA1,NOL12
gene_set_query	1338	RHOXF1	1050.0	ARCHS4 Coexpression,1526;Enrichr Queries,1270;GTEx Coexpression,353	SPTBN4,CA10,KCNC1,ZBTB16,IGSF1,AKAP8L,CIDEA,COBL,GRIN2C,KCNAB3,CHD2,CASC1,LRRC37B,PHTF1,BMP2,RIT2,LAS1L,ZIC2,CRISPLD1,RAB37,SLC16A6,RAC3,RAMP1,BCAS1
gene_set_query	1339	ZNF790	1051.0	ARCHS4 Coexpression,1051;Enrichr Queries,854;GTEx Coexpression,1247	ZNF254,WWTR1,RIPOR2,LRRC59,ZNF175,SMIM29,GADD45A,GSTCD,NEDD9,MOGS,APH1A,DNAJB1,FAM168B,BCL6,CAPNS1,SNRNP70,ZNF426,ZNF844,MFN2,RDH14,ZNF510,ZNF554
gene_set_query	1340	ZNF280B	1051.0	ARCHS4 Coexpression,835;Enrichr Queries,1267	RIPOR2,SET,SMIM29,DAPK1,PTEN,MOGS,PPP1CB,APH1A,INPP4B,CAPNS1,MARVELD2,KIF5C,SNRNP70,HNRNPH1,BCL2,TIMP3,PNPLA6
gene_set_query	1341	ZNF785	1052.0	ARCHS4 Coexpression,1064;GTEx Coexpression,1039	LRRC59,ZNF175,KCNC1,KCNAB3,METTL21A,APH1A,OPHN1,SNRNP70,SPIRE2,ZNF844,NSRP1,ZNF510,ZNF554,PLXNA3
gene_set_query	1342	TAL2	1053.0	ARCHS4 Coexpression,1483;Enrichr Queries,727;GTEx Coexpression,949	RTN2,SEMA6C,FLT1,UBE2D4,HSPB6,GADD45A,MAGED1,ZBTB16,CAV1,INHBA,ANO5,GADD45G,APH1A,BMP2,CUX2,HEY1,DMTF1,ZIC2,CA4,MACROD1,TIMP3,DGCR6,JAM2
gene_set_query	1343	PRMT3	1054.0	ARCHS4 Coexpression,862;Enrichr Queries,1186;GTEx Coexpression,1114	RPL4,PRMT5,SET,ANXA2,HMGB2,QRSL1,WDR77,UNG,FBL,TAF1D,EIF2S3,LAS1L,RARS,RIOX2,HNRNPD,HNRNPA1,E2F6,FKBP5
gene_set_query	1344	CENPX	1054.0	GTEx Coexpression,1054	TSTA3,TMEM54,ETHE1,TRIM26,PAFAH1B3,TOMM22
gene_set_query	1345	FEV	1054.0	ARCHS4 Coexpression,1575;Enrichr Queries,1114;GTEx Coexpression,473	CHST8,SHC2,FOXD1,SMIM29,FOXF2,TUSC3,MAGED1,IGSF1,ZBTB16,PPP1R16A,NGB,HSPB1,CSNK1D,SHD,ZIC2,EPCAM,IRF1,PEX5,CA4,SPIRE2,GPR19
gene_set_query	1346	OTP	1055.0	ARCHS4 Coexpression,1022;Enrichr Queries,1335;GTEx Coexpression,808	PRDM8,APC2,DTNA,FOXD1,NORAD,GALNT16,FOXF2,DCC,NGB,C2CD4C,FNBP1L,KLC1,SHD,RGMA,ZIC2,CASTOR3,KIF5C,PEA15,GDAP1L1,FNDC10,CTXN2
gene_set_query	1347	ZNF845	1056.0	ARCHS4 Coexpression,658;Enrichr Queries,1130;GTEx Coexpression,1381	ZNF254,SET,SMIM29,ATN1,PDE4DIP,FNBP1L,AATF,ABR,TOM1L2,EIF2S3,BCL6,CAPNS1,SNRNP70,RARS,ZMIZ2,ZNF426,ZNF525,ZNF844,MAP4,EIF3D,RAB11FIP3,BCL2L2
gene_set_query	1348	ZNF800	1056.0	ARCHS4 Coexpression,948;Enrichr Queries,1316;GTEx Coexpression,905	APC2,PPP1R26,NORAD,SMIM29,CTNND2,PCGF2,IGIP,ATN1,CCDC106,CHD2,HIPK3,PPP1R3F,WNK1,STK17A,KIF5B,SERPINH1,BCL2,KIF1C,RREB1,SPTBN1,NECTIN2
gene_set_query	1349	ZNF230	1058.0	ARCHS4 Coexpression,819;Enrichr Queries,1181;GTEx Coexpression,1173	TSEN34,ZNF254,RIPOR2,LRRC59,CEBPD,SMIM29,TSC22D3,ATN1,USB1,MOGS,HIPK3,APH1A,FAM168B,FRAT2,BCL6,MPRIP,CAPNS1,ZNF844,TNKS1BP1,MFN2,KIF1C,MAP4,RREB1,MSRB1
gene_set_query	1350	FOXN4	1059.0	ARCHS4 Coexpression,932;Enrichr Queries,825;GTEx Coexpression,1419	CHST8,GDF11,SMIM29,NXN,ZBTB16,TMEM200C,HMGB2,IFT122,EFCAB5,BPHL,SHD,GADD45G,BCAN,CUX2,TMEM54,ZIC2,MPPED2,PLXNA2,CDH23,TIMP3,RPL13,NINL
gene_set_query	1351	VENTX	1060.0	ARCHS4 Coexpression,1207;Enrichr Queries,791;GTEx Coexpression,1182	CHST8,RIPOR2,LRRC59,FLT1,CEBPD,SMIM29,RARRES2,USB1,METTL21A,ASGR1,APH1A,CCND3,FAM168B,FRAT2,BCL6,ZIC2,RAB37,CRISPLD2,SPIRE2,ZNF844,TIMP1,ZNF554,MSRB1
gene_set_query	1352	SHOX	1064.0	ARCHS4 Coexpression,1487;Enrichr Queries,1298;GTEx Coexpression,407	BCAR3,ACVR1,USP24,SEC24B,FOXD1,HSPB6,SMIM29,FOXF2,ZBTB16,COL11A1,METTL21A,APOLD1,HIPK3,INPP4B,TMEM135,CUX2,MARVELD2,AIFM2,GJA4,MAFF,PHACTR3,RNF150
gene_set_query	1353	DPRX	1064.0	ARCHS4 Coexpression,1398;Enrichr Queries,1126;GTEx Coexpression,669	SEMA6C,FLT1,POU2F1,UBE2D4,KCNJ11,HSPB6,FOXF2,MTMR14,RPS5,SIAH1,PDE4DIP,NR1D1,METTL21A,ANO5,CDH5,CUX2,FRAT2,HEY1,BCL6,IRF1,MACROD1,TACC2
gene_set_query	1354	ETV7	1065.0	ARCHS4 Coexpression,1232;Enrichr Queries,1100;GTEx Coexpression,864	SQOR,TAP2,TAP1,INHBA,METRNL,ACVR1B,SOD2,FBL,RPS19,BCL6,ELMSAN1,IRF1,DHX58,NUPR1,TBC1D10A,TGM2,MSRB1
gene_set_query	1355	HESX1	1065.0	ARCHS4 Coexpression,1054;Enrichr Queries,752;GTEx Coexpression,1390	SET,FLT1,RPL21,GSTCD,EMP1,RPL23A,INHBA,RPL9,FRAT2,RPS27,HEY1,BCL6,ZIC2,RPS19,EPCAM,IRF1,ZNF280C,DHX58,CA4,RPL36,RPS20,NUPR1
gene_set_query	1356	PLAG1	1066.0	ARCHS4 Coexpression,1552;Enrichr Queries,889;GTEx Coexpression,756	ZNF175,FOXD1,SMIM29,ZBTB16,TSC22D3,CAV1,GXYLT1,PPWD1,LAMB1,INHBA,APH1A,HEY1,BCL6,MARVELD2,PEAK1,RBM12B,MAFF,BCL2,TIMP3,RNF150,PLXNA3,PLEC
gene_set_query	1357	ZNF35	1067.0	ARCHS4 Coexpression,1473;Enrichr Queries,348;GTEx Coexpression,1380	PRMT5,SET,CEBPD,SMIM29,GADD45A,GSTCD,TSC22D3,HSPB1,PBXIP1,FNBP1L,GADD45G,BMP2,DMTF1,BCL6,RAB34,IRF1,RARS,ZNF280C,MAFF,COL5A2,SERPINH1,TIMP3,TIMP1
gene_set_query	1358	ZNF846	1068.0	ARCHS4 Coexpression,1325;Enrichr Queries,336;GTEx Coexpression,1542	PRDM8,LRRC59,SMIM29,GADD45A,LINC02175,TSC22D3,PDE4DIP,PBXIP1,MOGS,INHBA,SYTL2,APH1A,FAM168B,BCL6,CAPNS1,CRISPLD2,TP53INP2,BCL2,ARHGEF3,ZNF844,MFN2,TIMP1,NINL
gene_set_query	1359	ZKSCAN2	1068.0	ARCHS4 Coexpression,1015;Enrichr Queries,1094;GTEx Coexpression,1095	SEMA6C,CERS6,POU2F1,SMIM29,DCC,MAGED1,LINC02175,NGLY1,INHBA,FNBP1L,ILF3,WNK1,KIF5C,GDAP1L1,PLXNA2,BCL2,GSE1,AMZ2,TAGLN2,HNRNPA1,E2F6,RREB1,NINL
gene_set_query	1360	DMRT1	1068.0	Literature ChIP-seq,67;ARCHS4 Coexpression,1510;Enrichr Queries,1285;GTEx Coexpression,1411	CLTB,PTEN,GXYLT1,HSPB1,ARHGEF10L,CASC1,GPATCH8,PITPNC1,SHE,AS3MT,CCND3,HEY1,RPS19,SNRNP70,KIF5C,SAP130,EMILIN1,PPFIA3,TGM2,CERS6,DAPK1,IFT140,USP4,ITGA3,DCC,COBL,CYS1,GAB2,TEX2,QRSL1,ATXN2L,PTP4A2,RAB37,HNRNPH1,CDC37,PKP4,SRSF4,NSRP1,RAPGEF4,YAP1,TSEN34,SHC2,MVK,SMIM29,SLC43A2,NXN,COL11A1,RPL12,PRDM15,C2CD4C,CCDC106,ZBTB4,FAM171A2,CUX2,GPC1,UBC,RPS3,CDH23,RREB1,EIF4B,RAB11FIP4,MAP4K4,WWTR1,ICMT,POU2F1,LRBA,PHF12,NEK7,IFT122,PTPN11,GRIN2C,GADD45G,NFATC4,BMP2,BCL6,SPIRE2,ECHDC2,TACC2,PNPLA6,TARDBP,INTS8,TPT1
gene_set_query	1361	ZNF623	1069.0	ARCHS4 Coexpression,1359;Enrichr Queries,639;GTEx Coexpression,1208	PRMT5,SMIM29,GADD45A,USP4,TSC22D3,HSPB1,ZBTB4,GPATCH8,LATS1,DNAJB1,BCL6,WNK1,PEAK1,CD109,TP53INP2,IRF1,RBM12B,SERPINH1,SPIRE2,ATP9B,FKBP5,PLEC,FTL
gene_set_query	1362	ZNF750	1069.0	ARCHS4 Coexpression,1564;Enrichr Queries,1069;ReMap ChIP-seq,192;GTEx Coexpression,1452	BCAR3,LINC01354,MPI,CLTB,HSPB1,CAPNS1,CSKMT,RAC3,TIMP3,TNKS1BP1,EMILIN1,RPS11,TBC1D10A,PPFIA3,METTL17,APC2,RBM14,RPL13A,EMP1,COBL,RPSA,MOGS,EEF1G,MED22,ILF3,ETHE1,RAB34,S100A6,TAGLN2,NUPR1,UBA52,PAFAH1B3,PFDN5,PLEC,LAMA5,CEBPD,PBXIP1,ACVR1B,DNAJB1,ELMSAN1,EPCAM,GPC1,UBC,RPS2,PRELID3B,PPP1R26,PPP1R14B,ZBTB16,RPL23A,LAMB1,NR1D1,NFATC4,GADD45G,TBL3,TRIP6,MAFK,PNPLA6,NAXD
gene_set_query	1363	ZNF707	1069.0	ARCHS4 Coexpression,1442;Enrichr Queries,362;GTEx Coexpression,1404	CEBPD,SMIM29,SLC43A2,GADD45A,ZBTB16,PUS1,PPP1R16A,HSPB1,METTL21A,GADD45G,COMMD5,ATXN2L,BCL6,TTLL3,EEF1D,ZMIZ2,GPC1,IRF1,SAP130,SPIRE2,RREB1,ZNF554,PLEC
gene_set_query	1364	PAX2	1069.0	ARCHS4 Coexpression,1044;Enrichr Queries,1117;GTEx Coexpression,1047	FOXD1,FOXF2,BHMT2,ZBTB16,PCGF2,AKAP8L,ATN1,ANO8,CYS1,BPHL,RGMA,ALDH4A1,FAM171A2,CUX2,ZIC2,SNRNP70,PLXNA2,BCL2,CTXN3,RAB11FIP3,PELP1
gene_set_query	1365	ZSCAN30	1071.0	ARCHS4 Coexpression,1423;GTEx Coexpression,719	ZNF175,GRIN2C,METTL21A,GPATCH8,APH1A,ARVCF,DMTF1,ZIC2,OPHN1,SNRNP70,PEAK1,ZNF510,ATP9B,TBC1D10A
gene_set_query	1366	ZNF443	1071.0	ARCHS4 Coexpression,661;Enrichr Queries,1040;GTEx Coexpression,1512	ZNF254,SET,CEBPD,SMIM29,GADD45A,CAV1,RBM18,HMGB2,ATN1,NEDD9,PDE4DIP,MOGS,FNBP1L,PPP1CB,FRAT2,MPRIP,CAPNS1,WNK1,PLEKHM2,ITGA7,KIF1C,PNPLA6,MSRB1
gene_set_query	1367	ZNF347	1072.0	ARCHS4 Coexpression,1107;Enrichr Queries,1192;GTEx Coexpression,916	ZNF254,LRRC59,ZNF175,SMIM29,UBE2D4,CAV1,ARNT,METTL21A,GPATCH8,LATS1,APH1A,DMTF1,OPHN1,RBM12B,SPIRE2,ZNF426,ZNF525,ZNF844,HNRNPH3,ZNF510,ZNF554,ATP9B
gene_set_query	1368	DMRT3	1073.0	ARCHS4 Coexpression,1106;Enrichr Queries,1101;GTEx Coexpression,1012	GDF11,FLT1,FOXF2,IFT140,ZBTB16,IFT122,DNAAF4,CASC1,OSBPL10,SHE,BMP2,CUX2,HEY1,BCL6,ZIC2,MPPED2,DNAL4,JAM2,CLVS1
gene_set_query	1369	ZNF157	1075.0	ARCHS4 Coexpression,1433;Enrichr Queries,1173;GTEx Coexpression,619	SPTBN4,LRRC59,CA10,ZNF483,MPP3,KCNC1,SMIM29,GRIN2C,KLC1,KCNAB3,GADD45G,APH1A,ARVCF,RIT2,SCRN1,ZIC2,DMTF1,OPHN1,KIF5C,KIF5A,SPIRE2,TIMP1,ZNF554
gene_set_query	1370	BHLHA9	1076.0	ARCHS4 Coexpression,1585;GTEx Coexpression,566	AGBL4,FAM171A2,RIMS3,FRAT2,FNDC4,KCNS1,KIF5A,GDAP1L1,PHF24,C2CD4C,CTXN2,CAMK1G
gene_set_query	1371	ZNF461	1076.0	ARCHS4 Coexpression,1123;Enrichr Queries,1243;GTEx Coexpression,861	ZNF254,SPTBN4,LRRC59,ZNF175,CA10,KCNC1,SMIM29,GADD45A,MOGS,GRIN2C,MFSD11,APH1A,RIT2,ZIC2,DMTF1,CAPNS1,SPIRE2,ZNF426,ZNF525,ZNF844,MFN2,ZNF510,ZNF554
gene_set_query	1372	HOXD12	1077.0	ARCHS4 Coexpression,1395;Enrichr Queries,1387;GTEx Coexpression,450	PRDM8,WWTR1,LAMA5,CRTAP,FOXD1,TLE1,FOXF2,NXN,PARVA,NFATC4,MED22,SMTN,TAF1D,CUX2,ZIC2,SCMH1,COL5A2,EMILIN1,RNF150
gene_set_query	1373	TBX21	1078.0	ARCHS4 Coexpression,1100;Enrichr Queries,1384;ReMap ChIP-seq,252;GTEx Coexpression,1576	RTN2,RIPOR2,RPL10,SMIM29,NGLY1,ATN1,NEDD9,PBXIP1,CCDC106,CHD2,APOLD1,CCND3,RPS16,FRAT2,RPS19,ELMSAN1,UBC,FLOT1,MBP,RPL18,RPS11,MAP4K4,TGM2,NEK7,TAP2,RPL13A,TAP1,NBEAL2,NR1D1,EEF1A1,EEF1G,PTP4A2,PER1,RPS27,BCL6,WNK1,CDC37,IRF1,MAFF,S100A6,BCL2,CHI3L2,ARHGEF3,IER3-AS1,SNRNP200,GPR19
gene_set_query	1374	ZNF519	1079.0	ARCHS4 Coexpression,1076;Enrichr Queries,1403;GTEx Coexpression,758	SPTBN4,ZNF175,CA10,ZNF483,KCNC1,HMGB2,MOGS,GRIN2C,KCNAB3,METTL21A,APH1A,RIT2,LAS1L,ZIC2,CAPNS1,OPHN1,PEAK1,ATP9B
gene_set_query	1375	ZNF280C	1081.0	ARCHS4 Coexpression,581;Enrichr Queries,1261;GTEx Coexpression,1402	GSTCD,TSC22D3,GXYLT1,HMGB2,CLTB,HSPB1,PBXIP1,MOGS,FNBP1L,ZBTB4,APH1A,PNN,CAPNS1,SNRNP70,RBM12B,PLEKHM2,KIF1C,ZNF326,TAGLN2,PNPLA6,SNRNP200,HNRNPA1
gene_set_query	1376	POU4F3	1082.0	ARCHS4 Coexpression,1264;Enrichr Queries,1199;GTEx Coexpression,782	YAP1,LRRC59,CRTAP,HNRNPA3,FOXD1,SMIM29,FOXF2,GADD45A,ZBTB16,ADIRF,RTN4RL2,ADCY8,GRIN2C,VASN,SHD,NDST2,SHE,CUX2,CDH23,NSRP1,TRAM2-AS1
gene_set_query	1377	ZNF557	1082.0	ARCHS4 Coexpression,965;Enrichr Queries,853;GTEx Coexpression,1427	ZNF254,PRMT5,LRRC59,ZNF483,SMIM29,MOGS,METTL21A,COMMD5,APH1A,ABR,FAM168B,CAPNS1,MARVELD2,ELMSAN1,IRF1,MAFF,BCL2,SPIRE2,ZNF426,RREB1,ZNF554,FKBP5
gene_set_query	1378	CENPA	1085.0	ARCHS4 Coexpression,918;GTEx Coexpression,1252	RPL4,LRRC59,RPS17,PPP1R14B,GSTCD,RPL12,HMGB2,HNRNPD,LPXN,RPSA,RPL8,TARDBP
gene_set_query	1379	TBX10	1086.0	ARCHS4 Coexpression,1353;Enrichr Queries,906;GTEx Coexpression,1000	MYH7B,WNT10B,LAMA5,DGAT1,SMIM29,PPP1R16A,PYCR1,SDCBP2,KLC4,TMEM54,EPCAM,ETHE1,MAFF,CA4,S100A6,BCAS1,PLEC
gene_set_query	1380	ZNF8	1087.0	ARCHS4 Coexpression,1001;Enrichr Queries,1172	POU2F1,DAPK1,ZBTB16,TSC22D3,NR1D1,METTL21A,APH1A,OPHN1,KIF5C,BCL2,SPIRE2,ZNF844,NSRP1,RREB1,ZNF554,ATP9B,PLXNA3
gene_set_query	1381	ZNF383	1087.0	ARCHS4 Coexpression,1197;Enrichr Queries,837;GTEx Coexpression,1227	LRRC59,SEC24B,ZNF175,CEBPD,SMIM29,GADD45A,TSC22D3,QRSL1,CHD2,METTL21A,PATL1,SYTL2,OPHN1,ARHGEF3,SPIRE2,ZNF426,ZNF844,TIMP1,RAF1,ZNF510,ZNF554,ATP9B
gene_set_query	1382	ZNF284	1087.0	ARCHS4 Coexpression,838;Enrichr Queries,1057;GTEx Coexpression,1366	LRRC59,ZNF175,SMIM29,TAMM41,TSC22D3,IGIP,MOGS,FNBP1L,TMEM170B,HARS2,SYTL2,PPP1CB,APH1A,FAM168B,BCL6,CAPNS1,MARVELD2,SNRNP70,HABP4,ARHGEF3,MFN2,PNPLA6
gene_set_query	1383	TCF24	1089.0	ARCHS4 Coexpression,1294;Enrichr Queries,1054;GTEx Coexpression,918	CHST8,MYH7B,SMIM29,RARRES2,SIAH1,PDE4DIP,MOGS,GADD45G,BMP2,NDUFS8,CUX2,RASGEF1A,ZIC2,MPRIP,CAPNS1,EPCAM,ZMIZ2,SMYD2,MFN2,RBM20,ACO2,PNPLA6
gene_set_query	1384	SPIB	1089.0	ARCHS4 Coexpression,1299;Enrichr Queries,1383;ReMap ChIP-seq,286;GTEx Coexpression,1388	RTN2,RIPOR2,LRRC59,ZNF175,LINC01354,SMIM29,MTMR14,HMGB2,RPL36A,PRDM15,NEDD9,LRRC6,CCDC106,METTL21A,ELMSAN1,PEA15,UBC,SERPINH1,LPXN,FAM120AOS,WNT10B,PPP1R14B,CRTAP,USP4,SIAH1,DTNBP1,TAP1,IFT122,NBEAL2,TOMM40L,SUMF1,HIPK2,PTP4A2,BCL6,IRF1,MAFF,CHI3L2,BCL2,ZNF554,FTL
gene_set_query	1385	ZNF676	1089.0	ARCHS4 Coexpression,1628;Enrichr Queries,1256;GTEx Coexpression,384	WWTR1,ZNF483,FLT1,SMIM29,IFT140,CAV2,COL11A1,DNAAF4,ZBTB4,ANO5,NFATC4,SHE,DMTF1,KIF5C,SCMH1,RNF150,PLA2R1,PAFAH1B3
gene_set_query	1386	HMX2	1091.0	ARCHS4 Coexpression,567;Enrichr Queries,1205;GTEx Coexpression,1501	RPL4,HNRNPA3,FOXD1,FOXF2,ZBTB16,RPL12,HMGB2,RPL36A,GADD45G,EEF1A1,FBL,ILF3,RPS28,CUX2,RPS16,BCL6,ZIC2,RPL27A,HNRNPD,BCL2,LPXN,RPL29,HNRNPA1
gene_set_query	1387	IRX2	1092.0	ARCHS4 Coexpression,1457;Enrichr Queries,787;GTEx Coexpression,1033	SMIM29,TUSC3,CAV1,PCGF2,HSPB1,NR1D1,ACVR1B,RPL9,GADD45G,RGMA,APH1A,EEF1G,BMP2,RPS27,HEY1,ZIC2,RPS18,EPCAM,COL5A2,TIMP3,FGFBP3,RPS12
gene_set_query	1388	ZNF101	1094.0	ARCHS4 Coexpression,1079;Enrichr Queries,869;GTEx Coexpression,1333	RIPOR2,LRRC59,CEBPD,SMIM29,TSC22D3,MT1X,SOD2,METTL21A,FAM168B,FRAT2,STK17A,IRF1,BCL2,SPIRE2,TNKS1BP1,ZNF844,MAP4,ZNF554,FKBP5
gene_set_query	1389	SIX6	1094.0	ARCHS4 Coexpression,1262;Enrichr Queries,1209;GTEx Coexpression,812	CHST8,FLT1,FOXD1,SET,FOXF2,TUSC3,MAGED1,IFT172,IGSF1,ZBTB16,FNBP1L,GOLGA3,BMP2,EIF2S3,ZIC2,HNRNPA1,PAFAH1B3,LINC00632,PLXNA3
gene_set_query	1390	KDM2B	1096.0	ARCHS4 Coexpression,727;GTEx Coexpression,1464	KMT2D,HNRNPA3,LRBA,AKAP17A,ATXN2L,FBL,ILF3,SNRNP70,ZMIZ2,HNRNPD,BCL2,SNRNP200,HNRNPA1,PELP1
gene_set_query	1391	ZNF257	1096.0	ARCHS4 Coexpression,979;Enrichr Queries,1317;GTEx Coexpression,993	ZNF254,CSGALNACT1,LRRC59,SMIM29,HMGB2,MOGS,APH1A,SHE,FAM168B,EIF2S3,KIF5C,RBM12B,HNRNPD,SPIRE2,ZNF525,LPXN,TIMP3,MFN2,ZNF844,ZNF554,GPR19
gene_set_query	1392	EN1	1098.0	ARCHS4 Coexpression,1374;Enrichr Queries,553;GTEx Coexpression,1368	RTN2,SEMA6C,FOXD1,FKRP,SMIM29,FOXF2,COL11A1,ZBTB16,PCGF2,TMEM200C,SNX21,INHBA,RPL9,RGMA,BMP2,HEY1,ZIC2,KIF5C,COL5A2,PLXNA2,TIMP3,TACC2
gene_set_query	1393	ZNF426	1099.0	ARCHS4 Coexpression,853;Enrichr Queries,1166;GTEx Coexpression,1277	ZNF254,PRMT5,LRRC59,SMIM29,GADD45A,EMP1,MOGS,SOD2,METTL21A,HIPK3,APH1A,FAM168B,SLK,CAPNS1,WNK1,SNRNP70,IRF1,MAFF,PGM2,PLEKHM2,PNPLA6,ZNF554
gene_set_query	1394	ZNF502	1099.0	ARCHS4 Coexpression,1261;Enrichr Queries,1235;GTEx Coexpression,802	CSGALNACT1,NTNG2,RIPOR2,ZNF175,SMIM29,SETD6,CAV1,NEDD9,MOGS,GAB2,GPATCH8,LZTFL1,SYTL2,LATS1,APH1A,ZIC2,EEF1D,ZNF280C,MPPED2,ZNF844,ZNF510,MAPK3
gene_set_query	1395	ZNF85	1101.0	ARCHS4 Coexpression,358;Enrichr Queries,1361;GTEx Coexpression,1583	ZNF254,LRRC59,SMIM29,HMGB2,ATN1,MOGS,UNG,PPP1CB,APH1A,FAM168B,BCL6,MPRIP,CAPNS1,IRAK1,SNRNP70,HNRNPH1,ZMIZ2,TNKS1BP1,PLEKHM2,KIF1C,PNPLA6
gene_set_query	1396	ZNF431	1104.0	ARCHS4 Coexpression,870;Enrichr Queries,1265;GTEx Coexpression,1178	ZNF254,LRRC59,SMIM29,EMP1,MOGS,FNBP1L,METTL21A,APH1A,PNN,SLK,DMTF1,OPHN1,WNK1,PEAK1,SPIRE2,ZNF426,PGM2,ZNF844,RREB1,ZNF554,ATP9B
gene_set_query	1397	AHRR	1105.0	ARCHS4 Coexpression,738;GTEx Coexpression,1472	LRRC59,SLC43A2,GSTCD,MOGS,METRNL,VASN,MMP14,IRAK1,ZMIZ2,CD109,LPXN,PLEKHM2,EMILIN1,PNPLA6
gene_set_query	1398	ZFAT	1107.0	ARCHS4 Coexpression,1347;Enrichr Queries,544;GTEx Coexpression,1429	TLE1,SMIM29,SLC43A2,DAPK1,ZBTB16,VPS13D,HMGB2,PDE4DIP,HIPK2,ABR,INPP4B,BCL6,PLXNA2,BCL2,LPXN,GSE1,TACC2,RREB1,ATP9B,FKBP5,PLEC
gene_set_query	1399	TFAP2B	1108.0	ARCHS4 Coexpression,814;Enrichr Queries,1019;GTEx Coexpression,1492	APC2,MVK,DCC,ZBTB16,PCGF2,CLTB,NGB,ANO8,ACVR1B,FNBP1L,KLC1,SHD,BMP2,FAM171A2,CUX2,HEY1,ZIC2,EPCAM,KIF5C,GDAP1L1,PLXNA2,TIMP3
gene_set_query	1400	BATF3	1109.0	ARCHS4 Coexpression,1336;Enrichr Queries,730;GTEx Coexpression,1260	CEBPD,SMIM29,GADD45A,SQOR,TAP2,TAP1,EMP1,INHBA,SOD2,BCL6,IRF1,MAFF,DHX58,S100A6,LPXN,TIMP1,NUPR1,TGM2
gene_set_query	1401	ZNF566	1111.0	ARCHS4 Coexpression,995;Enrichr Queries,1302;GTEx Coexpression,1035	USP24,ZNF254,LRRC59,ZNF175,SMIM29,GADD45A,MOGS,GPATCH8,SYTL2,APH1A,FAM168B,ZIC2,CAPNS1,SNRNP70,SLC16A6,SPIN2B,ZNF426,PLEKHM2,PNPLA6,ZNF510,ZNF554
gene_set_query	1402	ZNF611	1111.0	ARCHS4 Coexpression,1204;Enrichr Queries,843;GTEx Coexpression,1287	ZNF254,RIPOR2,LRRC59,POU2F1,ANXA2,SMIM29,USP4,BICRAL,VPS13D,PTEN,PDE4DIP,MOGS,METTL21A,SYTL2,APH1A,FAM168B,DMTF1,BCL6,CAPNS1,WNK1,ZNF426,ATP9B
gene_set_query	1403	ZNF831	1112.0	ARCHS4 Coexpression,776;Enrichr Queries,1105;GTEx Coexpression,1456	RIPOR2,KMT2D,SMIM29,TAP2,TAP1,PBXIP1,CSNK1D,NBEAL2,SYTL2,CCND3,PACS1,IRF1,BCL2,ARHGEF3,LPXN,BRD9,GPR19
gene_set_query	1404	PAX1	1113.0	ARCHS4 Coexpression,1088;Enrichr Queries,1327;GTEx Coexpression,924	FOXD1,PLEKHH3,FOXF2,ZBTB16,RARRES2,ZBTB4,ALDH4A1,BMP2,ZIC2,PACS1,CD109,NMRK1,DHRS7B,MACROD1,PLXNA1,TNKS1BP1,GTF2IRD1,NUPR1,RREB1
gene_set_query	1405	POU1F1	1113.0	ARCHS4 Coexpression,1400;Enrichr Queries,1238;GTEx Coexpression,702	CHST8,POU2F1,CEBPD,TUSC3,MAGED1,DAPK1,IFT172,IGSF1,COL11A1,ZBTB16,TSC22D3,GOLGA3,RPS17,DMTF1,BCL6,IRF1,GDAP1L1,GSE1,LINC00632,PLXNA3,RBM11
gene_set_query	1406	ATF6	1117.0	ARCHS4 Coexpression,1339;Enrichr Queries,764;GTEx Coexpression,1249	TSEN34,CEBPD,GADD45A,TSC22D3,PTEN,NEDD9,USB1,CHD2,TRAK2,FRAT2,SLK,BCL6,WNK1,BCL2,RNF150,FKBP9,RREB1,MSRB1,FKBP5,MAP4K4
gene_set_query	1407	ZSCAN5C	1119.0	ARCHS4 Coexpression,1607;Enrichr Queries,619;GTEx Coexpression,1132	MYH7B,TUSC3,DCC,POP4,LRBA,MPI,MT1M,SIAH1,SNX21,METTL21A,TOMM22,NFATC4,RPS17,CASTOR3,ITGA7,GSE1,MAP4,TACC2,GAS2L1,CLVS1
gene_set_query	1408	ZNF322	1123.0	ARCHS4 Coexpression,844;GTEx Coexpression,1401	ACVR1,LATS1,ZNF254,CCND3,SET,ZIC2,MAGED1,RBM12B,TAGLN2,FNBP1L,HNRNPA1,NINL
gene_set_query	1409	CEBPE	1123.0	ARCHS4 Coexpression,1371;Enrichr Queries,762;GTEx Coexpression,1236	RIPOR2,KMT2D,NTNG2,ANXA2,CEBPD,GADD45A,ZBTB16,TSC22D3,NBEAL2,NR1D1,INHBA,GADD45G,SLC25A37,FRAT2,BCL6,CRISPLD2,IRF1,RPL38,MSRB1,TGM2
gene_set_query	1410	L3MBTL4	1123.0	ARCHS4 Coexpression,957;GTEx Coexpression,1289	LRRC59,ZNF483,MVK,RPL12,IFT122,ACVR1B,ACADSB,APH1A,OPHN1,SPIN2B,RPL29,ZNF554,ATP9B
gene_set_query	1411	FOXA3	1124.0	ARCHS4 Coexpression,1249;Enrichr Queries,1178;GTEx Coexpression,946	BHMT2,PYCR1,HSPB1,MOGS,RNASE4,SDCBP2,ASGR1,ALDH4A1,KLC4,BMP2,CUX2,SPR,MARVELD2,TMEM54,ZIC2,EPCAM,MAP3K21,TGM2
gene_set_query	1412	ZNF224	1125.0	ARCHS4 Coexpression,1312;Enrichr Queries,706;GTEx Coexpression,1356	ZNF254,LRRC59,ZNF175,PPP1R14B,SMIM29,OGA,PTEN,PPWD1,PDE4DIP,PYCR1,CHD2,PHTF1,PNN,EIF2S3,DMTF1,BCL6,CAPNS1,WNK1,ARHGEF3,ATP9B
gene_set_query	1413	NR6A1	1126.0	ARCHS4 Coexpression,1391;Enrichr Queries,681;GTEx Coexpression,1305	TLE1,POU2F1,SET,DAPK1,GADD45A,IFT122,COBL,ATXN2L,PPP1CB,EIF2S3,BCL6,ZIC2,KIF5C,HNRNPH1,SAP130,TIMP3,HNRNPA1,RREB1,RAB11FIP4,FKBP5
gene_set_query	1414	ZNF749	1126.0	ARCHS4 Coexpression,851;Enrichr Queries,1307;GTEx Coexpression,1219	ZNF584,PRMT5,SMIM29,DAPK1,PUS1,RPS5,ATN1,ZBTB4,TOMM22,UNG,ABR,TOM1L2,RPS17,DMTF1,CAPNS1,ZMIZ2,ZNF426,BCL2L2
gene_set_query	1415	SIM1	1128.0	ARCHS4 Coexpression,1254;Enrichr Queries,1368;GTEx Coexpression,763	FOXD1,ANXA2,KCNJ11,DCC,TUSC3,ZBTB16,PTEN,PDE4DIP,SBF2-AS1,VASN,APH1A,MMP14,MARVELD2,CD109,COL5A2,PLXNA2,FKBP9,SBF2
gene_set_query	1416	ZFP42	1130.0	Literature ChIP-seq,85;ARCHS4 Coexpression,1494;Enrichr Queries,1355;GTEx Coexpression,1586	RPL4,RPL3,AKAP8L,HMGB2,HSPB1,CASC1,CDC14B,PNN,RPS17,ZIC2,RPS18,KIF5B,RPL36,RPLP2,EMILIN1,EIF2D,RPS11,RPL39,METTL17,RPS9,RBM14,COBL,RPL13A,TOMM40L,EEF1A1,MED22,MED24,NDUFS8,HNRNPH1,RAB34,RBM12B,PIGL,SNRNP200,RAF1,RPL28,SET,RPL12,UNG,KLC4,EPCAM,LPXN,HNRNPA1,JAM2,HNRNPA3,TAF12,PHF12,RPL23A,ACADSB,HIST3H2A,ACO2,ANP32B
gene_set_query	1417	SIX3	1131.0	ARCHS4 Coexpression,1180;Enrichr Queries,1218;GTEx Coexpression,995	TSEN34,WNT10B,ADCYAP1R1,FOXD1,UBE2D4,ZBTB16,CCDC106,DLL3,RGMA,BMP2,RPS17,CUX2,ZIC2,KIF5C,MAFF,POLR3H,RPS20,MAPK4,GPR19,CLVS1
gene_set_query	1418	ZNF490	1132.0	ARCHS4 Coexpression,1283;Enrichr Queries,834;GTEx Coexpression,1278	SMIM29,PTEN,COBL,USB1,KLC1,CHD2,METTL21A,APH1A,ABR,FAM168B,FRAT2,BCL6,OPHN1,SPIRE2,LPXN,GSE1,ZNF844,NINL,ZNF554,MSRB1
gene_set_query	1419	ASCL3	1132.0	ARCHS4 Coexpression,1220;Enrichr Queries,1352;GTEx Coexpression,825	SERPINA3,IFT172,TMEM200C,DNAH6,CIDEA,PYCR1,RABL2B,NR1D1,FNBP1L,SUMF1,GADD45G,DNAJB1,DMTF1,PACS1,CMPK1,CHI3L2,SH3BGRL2,ACSBG1,D2HGDH,TGM2
gene_set_query	1420	POU2F3	1135.0	ARCHS4 Coexpression,1469;Enrichr Queries,606;GTEx Coexpression,1330	CEBPD,SMIM29,GADD45A,ZBTB16,CLTB,COBL,HSPB1,MOGS,NR1D1,ACVR1B,BMP2,BCL6,MARVELD2,EPCAM,CRISPLD2,IRF1,SPIRE2,ZNF554,RAB11FIP4,TGM2
gene_set_query	1421	YBX2	1135.0	ARCHS4 Coexpression,1300;Enrichr Queries,528;GTEx Coexpression,1578	MYH7B,ZBTB16,CITED4,HMGB2,COBL,HSPB1,NDRG2,GADD45G,ATXN2L,BCL6,ZIC2,TMEM54,EPCAM,KIF5C,CA4,S100A6,GSE1,PELP1
gene_set_query	1422	CPEB1	1136.0	ARCHS4 Coexpression,1237;GTEx Coexpression,1034	UNC13C,ZNF483,UBE2D4,IFT172,MOGS,LZTFL1,APH1A,SCRN1,MARVELD2,MBP,RNF150,PELP1,RBM11
gene_set_query	1423	ZNF563	1136.0	ARCHS4 Coexpression,1626;Enrichr Queries,175;GTEx Coexpression,1607	RIPOR2,CEBPD,SMIM29,GADD45A,ZBTB16,NEDD9,TMEM170B,APOLD1,SYTL2,INPP4B,CRISPLD2,MAFF,TRAF5,SLC16A6,BCL2,ZNF426,ZNF844,RNF150,TGM2
gene_set_query	1424	YY2	1137.0	ARCHS4 Coexpression,942;Enrichr Queries,1152;GTEx Coexpression,1317	SMIM29,GADD45A,SETD6,PTEN,GXYLT1,EMP1,PBXIP1,VASN,SYTL2,PPP1CB,ABR,HEY1,CD109,RARS,COL5A2,ZNF280C,PLXNA2,TIMP1,ANP32B,RREB1
gene_set_query	1425	ZNF711	1137.0	ARCHS4 Coexpression,1399;Enrichr Queries,902;GTEx Coexpression,1110	RPL4,DTNA,SMIM29,TSC22D3,IFT122,FNBP1L,SYTL2,ATXN2L,RPS4X,BMP2,HIST3H2A,HEY1,CRISPLD1,SAP130,BCL2,ANKRD54,TIMP3,HNRNPA1,DNAL4
gene_set_query	1426	ZNF562	1138.0	ARCHS4 Coexpression,1414;Enrichr Queries,851;GTEx Coexpression,1148	OGA,EMP1,SOD2,METTL21A,SDCBP2,HIPK2,SLK,DMTF1,OPHN1,WNK1,HNRNPH1,PEAK1,FTH1,RBM12B,ZNF426,PGM2,ARIH1,ZNF554,ATP9B,MAP4K4
gene_set_query	1427	ZSCAN29	1138.0	ARCHS4 Coexpression,863;Enrichr Queries,991;GTEx Coexpression,1560	APC2,GDF11,POU2F1,SMIM29,PHF12,PTEN,EFCAB5,CHD2,TAF1D,ILF3,DMTF1,BCL6,ELMSAN1,WNK1,KIF5C,RBM12B,ARL6IP4,RPL17,EIF4B,MAP4K4
gene_set_query	1428	NOTO	1138.0	ARCHS4 Coexpression,1463;Enrichr Queries,1276;GTEx Coexpression,675	SPTBN4,CA10,FLT1,KCNC1,DGAT1,FOXF2,ZBTB16,MOGS,APH1A,KLC4,FAM168B,RIT2,CUX2,ZIC2,EPCAM,CA4,SPIRE2,ZNF554
gene_set_query	1429	FOXR2	1138.0	ARCHS4 Coexpression,1105;Enrichr Queries,871;GTEx Coexpression,1439	LRRC59,WWTR1,DCC,ITGA3,ZBTB16,IGSF1,ITGA1,IFT122,LAMB1,APH1A,BMP2,DMTF1,ZIC2,IRAK1,EPCAM,RAB34,IRF1,RARS,SAP130,PLXNA1
gene_set_query	1430	ZNF169	1139.0	ARCHS4 Coexpression,1533;Enrichr Queries,1035;GTEx Coexpression,848	ZNF175,SMIM29,BICRAL,RALGAPA2,OGA,ANO8,HSPB1,PDE4DIP,KCNAB3,SOD2,METTL21A,HARS2,APH1A,RASGEF1A,DMTF1,RAB37,TRAF5,BCL2,SPIRE2,ZNF554,NECTIN2
gene_set_query	1431	IKZF2	1139.0	ARCHS4 Coexpression,1434;Enrichr Queries,644;GTEx Coexpression,1340	RIPOR2,SET,SMIM29,LRBA,ZBTB16,HMGB2,EMP1,NEDD9,SYTL2,INPP4B,BCL6,WNK1,IRF1,PLXNA2,BCL2,CHI3L2,TIMP3,LPXN,FKBP5
gene_set_query	1432	REL	1140.0	ARCHS4 Coexpression,1319;Enrichr Queries,860;GTEx Coexpression,1241	CEBPD,USP4,GADD45A,TSC22D3,TAP1,NEDD9,INHBA,SOD2,METTL21A,CHD2,PATL1,BCL6,OPHN1,PEAK1,IRF1,MAFF,BCL2,LPXN,ATP9B,TGM2
gene_set_query	1433	ZFP92	1140.0	ARCHS4 Coexpression,1479;Enrichr Queries,631;GTEx Coexpression,1311	RIPOR2,SMIM29,TUSC3,ITGA3,ZBTB16,INHBA,PHTF1,LRRC37B,CUX2,HEY1,EPCAM,RAB37,RAB34,NMRK1,SCMH1,CDH23,PLXNA2,TIMP3,RNF150,NUPR1
gene_set_query	1434	ZNF578	1143.0	ARCHS4 Coexpression,1470;Enrichr Queries,1184;GTEx Coexpression,776	RIPOR2,FOXD1,FLT1,DTNA,SMIM29,DCC,BHMT2,GXYLT1,METTL21A,VASN,CYTH3,APH1A,MARVELD2,PEAK1,ZNF280C,COL5A2,CDH23,ZNF844,RNF150,SBF2
gene_set_query	1435	NKX11	1144.0	ARCHS4 Coexpression,1583;GTEx Coexpression,705	CHST8,ATXN2L,OSCP1,IFT172,IGSF1,SAP130,IFT122,METTL21A,CASC1,DNAL4,ZBTB4
gene_set_query	1436	ZNF675	1145.0	ARCHS4 Coexpression,682;Enrichr Queries,1322;GTEx Coexpression,1432	ZNF254,LRRC59,SMIM29,LRBA,HMGB2,MOGS,FNBP1L,METTL21A,SYTL2,APH1A,FAM168B,CAPNS1,OPHN1,SPIRE2,ZNF525,ZNF426,PLEKHM2,ZNF844,ZNF554,ATP9B
gene_set_query	1437	ZNF597	1146.0	ARCHS4 Coexpression,1491;Enrichr Queries,376;GTEx Coexpression,1570	UNC13C,SMIM29,DAPK1,GADD45A,ZBTB16,TSC22D3,CAV1,ZFAND2A,SIAH1,EMP1,PRELP,VASN,SYTL2,BCL6,CRISPLD2,IRF1,MAFF,SLC16A6,ARHGEF3
gene_set_query	1438	ZNF416	1146.0	ARCHS4 Coexpression,1420;Enrichr Queries,600;GTEx Coexpression,1417	ZNF584,PRMT5,CEBPD,SMIM29,GADD45A,ZBTB16,TSC22D3,HSPB1,SYTL2,GADD45G,UNG,TUFM,DNAJB1,STK17A,IRF1,SLC16A6,ZNF426,FKBP5
gene_set_query	1439	ZNF487	1146.0	ARCHS4 Coexpression,1217;Enrichr Queries,705;GTEx Coexpression,1516	CSGALNACT1,WWTR1,LRRC59,SMIM29,GADD45A,HSPB1,PDE4DIP,MOGS,CHD2,CASC1,APOLD1,APH1A,FAM168B,SNRNP70,TP53INP2,BCL2,ARHGEF3,GSE1,TNKS1BP1,MFN2
gene_set_query	1440	MTERF3	1147.0	ARCHS4 Coexpression,1321;GTEx Coexpression,972	KMT2D,RBM18,ATN1,PDE4DIP,QRSL1,ANO5,ZBTB4,WDR77,ABR,MPRIP,PACS1,RDH14,E2F6
gene_set_query	1441	BORCS8MEF2B	1147.0	ARCHS4 Coexpression,1147	FRAT2,TAP1,TAGLN2,NBEAL2,ZNF787,PNPLA6,RPL28,MSRB1
gene_set_query	1442	ZNF695	1150.0	ARCHS4 Coexpression,662;Enrichr Queries,1398;GTEx Coexpression,1389	GSTCD,HMGB2,PBXIP1,MOGS,ZBTB4,APH1A,ABR,MPRIP,CAPNS1,EPCAM,SNRNP70,PACS1,ZMIZ2,LPXN,PLEKHM2,PNPLA6
gene_set_query	1443	ZNF84	1150.0	ARCHS4 Coexpression,692;Enrichr Queries,1224;GTEx Coexpression,1535	ZNF254,LRRC59,SMIM29,MAGED1,OGA,PTEN,PDE4DIP,MOGS,FNBP1L,APH1A,RPS17,DMTF1,CAPNS1,IRAK1,EEF1D,MPPED2,TAGLN2,PNPLA6
gene_set_query	1444	TBX6	1151.0	ARCHS4 Coexpression,1600;Enrichr Queries,462;GTEx Coexpression,1391	SMIM29,GADD45A,TSC22D3,EMP1,HSPB1,NR1D1,GADD45G,HEY1,BCL6,IRF1,MAFF,PLXNA2,CDH23,SPIRE2,PGM2,NUPR1,MAP3K6,RREB1,ZNF554,TGM2
gene_set_query	1445	ZNF283	1151.0	ARCHS4 Coexpression,1182;Enrichr Queries,1251;GTEx Coexpression,1020	ZNF175,SMIM29,TSC22D3,PDE4DIP,METTL21A,GPATCH8,LATS1,APH1A,OPHN1,RBM12B,ARHGEF3,SPIRE2,SPIN2B,ZNF426,ZNF844,NSRP1,ZNF510,ZNF554,FKBP5
gene_set_query	1446	PTF1A	1152.0	ARCHS4 Coexpression,1113;Enrichr Queries,1389;GTEx Coexpression,953	SERPINA3,SHC2,PLEKHH3,FOXF2,GADD45A,ZFAND2A,RARRES2,MT1M,SNHG8,PYCR1,NR1D1,TAF1D,CUX2,ZIC2,PLXNA2,MAP3K21,RAMP1
gene_set_query	1447	ZNF132	1152.0	ARCHS4 Coexpression,1416;Enrichr Queries,850;GTEx Coexpression,1191	ZNF584,RIPOR2,ZNF175,TBC1D19,SMIM29,MAGED1,ZBTB16,IFT172,DNAH6,EFCAB5,GPATCH8,SMG6,BMP2,CUX2,CRISPLD2,RBM12B,PLXNA2,TIMP3,ZNF844,RNF150,ZNF510
gene_set_query	1448	TLX1	1154.0	ARCHS4 Coexpression,1352;Enrichr Queries,1280;GTEx Coexpression,830	PRR5,FLT1,FOXD1,FOXF2,ZBTB16,PUS1,GDPD2,TAPBP,NDST2,BMP2,PDLIM2,ZIC2,IRAK1,HNRNPH1,PEAK1,BCL2,RPL35,RAC3,GSAP,RPL38
gene_set_query	1449	ZNF232	1155.0	ARCHS4 Coexpression,1367;Enrichr Queries,1017;GTEx Coexpression,1080	SMIM29,RPL21,NXN,DAPK1,HMGB2,CDPF1,UNG,ABR,CUX2,BCL6,ZIC2,MPRIP,RPS19,IRF1,SCMH1,MAFF,RPL36,PLEKHM2,E2F6,INTS8,PAFAH1B3
gene_set_query	1450	TIGD1	1156.0	ARCHS4 Coexpression,1410;GTEx Coexpression,901	APH1A,PNN,LAS1L,OPHN1,PEAK1,PARVA,ATXN7L2,LINC00909,METTL21A,HARS2,ATP9B,PELP1
gene_set_query	1451	ZNF268	1156.0	ARCHS4 Coexpression,879;Enrichr Queries,1292;GTEx Coexpression,1296	LRRC59,SMIM29,GXYLT1,MOGS,METTL21A,HIPK3,SYTL2,LATS1,APH1A,INPP4B,DMTF1,CAPNS1,OPHN1,MARVELD2,SPIRE2,ZNF426,SBF2,ZNF554
gene_set_query	1452	ZNF555	1157.0	ARCHS4 Coexpression,939;Enrichr Queries,1091;GTEx Coexpression,1442	ZNF254,LRRC59,ZNF483,SMIM29,LINC02175,TSC22D3,RPL12,EFCAB5,MOGS,GAB2,APH1A,BCL6,CAPNS1,IRAK1,SNRNP70,IRF1,BCL2,ZNF844,PNPLA6,ZNF554
gene_set_query	1453	ZNF234	1158.0	ARCHS4 Coexpression,973;Enrichr Queries,1312;GTEx Coexpression,1188	ZNF254,LRRC59,ZNF175,SMIM29,MOGS,METTL21A,APH1A,FAM168B,DMTF1,CAPNS1,OPHN1,RBM12B,SPIRE2,PHF24,ZNF426,RDH14,EIF2D,ZNF554,RAB11FIP4
gene_set_query	1454	GATA5	1159.0	ARCHS4 Coexpression,1301;Enrichr Queries,776;GTEx Coexpression,1399	FLT1,SMIM29,FOXF2,DGAT1,PPP1R16A,IFT122,SDCBP2,GADD45G,ATXN2L,BMP2,CUX2,RPS16,HEY1,ZIC2,TMEM54,EPCAM,CA4,TGM2
gene_set_query	1455	ZBED9	1163.0	ARCHS4 Coexpression,821;GTEx Coexpression,1504	RPL4,RPL3,FKRP,RPL21,IFT122,EFCAB5,RPL23A,SMTN,TAF1D,HIST3H2A,CSKMT,RBM20,RPL17
gene_set_query	1456	HNF1A	1163.0	ARCHS4 Coexpression,1525;Enrichr Queries,813;GTEx Coexpression,1150	MYH7B,FLT1,CEBPD,BHMT2,ZBTB16,HSPB1,PDE4DIP,BPHL,ACADSB,ASGR1,KLC4,BMP2,AS3MT,BCL6,IRF1,BCL2,RPL38,TGM2
gene_set_query	1457	ZNF267	1163.0	ARCHS4 Coexpression,1422;Enrichr Queries,1039;GTEx Coexpression,1028	RIPOR2,CEBPD,SMIM29,GADD45A,TSC22D3,SQOR,HMGB2,TAP1,INHBA,SOD2,PATL1,BCL6,STK17A,IRF1,MAFF,LPXN
gene_set_query	1458	GFI1	1169.0	ARCHS4 Coexpression,900;Enrichr Queries,1098;GTEx Coexpression,1508	RIPOR2,KMT2D,ANXA2,CEBPD,SMIM29,GADD45A,PHF12,ZBTB16,CITED4,TAP1,NBEAL2,MFSD10,CCND3,BCL6,STK17A,EEF1D,IRF1,BCL2,RPL29,TPT1
gene_set_query	1459	FOXI1	1169.0	ARCHS4 Coexpression,1522;Enrichr Queries,1026;GTEx Coexpression,960	FOXD1,CEBPD,FOXF2,ZBTB16,CIDEA,CYS1,ACVR1B,BPHL,ALDH4A1,EEF1G,HEY1,BCL6,EPCAM,IRF1,CA4,BCL2,RPL35,RPL38,PLA2R1,RAB11FIP3
gene_set_query	1460	ETV3L	1171.0	ARCHS4 Coexpression,1240;Enrichr Queries,935;GTEx Coexpression,1337	NTNG2,SET,FLT1,SMIM29,CITED4,SQOR,PDE4DIP,INHBA,SOD2,COMMD5,TOM1L2,SLCO4A1,MAFF,DHX58,CRY2,BCL2,CDH23,LPXN,TIMP3
gene_set_query	1461	ZNF429	1171.0	ARCHS4 Coexpression,1216;Enrichr Queries,1266;GTEx Coexpression,1032	TSEN34,ZNF254,RIPOR2,LRRC59,SMIM29,MOGS,LINC00909,ACADSB,PHTF1,APH1A,FAM168B,FRAT2,CAPNS1,KIF5C,SNRNP70,ZNF426,ZNF844,ATP9B,MSRB1
gene_set_query	1462	ZBTB6	1174.0	ARCHS4 Coexpression,908;Enrichr Queries,1299;GTEx Coexpression,1314	PRMT5,RIPOR2,CERS6,NEK7,PTEN,PTPN11,QRSL1,LINC00909,TMEM170B,PPP1CB,APH1A,EEF1A1,PNN,FAM168B,DMTF1,RBM12B,EIF4B,TPT1
gene_set_query	1463	ARID3B	1175.0	ARCHS4 Coexpression,812;GTEx Coexpression,1538	ILF3,FRAT2,POU2F1,ZIC2,STK17A,CAV1,HNRNPD,CIB2,PARVA,FKBP9,HNRNPA1,PELP1
gene_set_query	1464	OVOL1	1177.0	ARCHS4 Coexpression,1508;Enrichr Queries,628;GTEx Coexpression,1395	MYH7B,CEBPD,CLTB,COBL,HSPB1,NR1D1,SDCBP2,BMP2,TMEM54,SLCO4A1,EPCAM,IRF1,MAFF,NUPR1,TBC1D10A,RAB11FIP4
gene_set_query	1465	BARX2	1178.0	ARCHS4 Coexpression,1514;Enrichr Queries,728;GTEx Coexpression,1291	MYH7B,PLEKHH3,ZBTB16,EMP1,COBL,INHBA,SDCBP2,GADD45G,RGMA,BMP2,SLK,BCL6,PLXNA2,SPIRE2,PGM2,TIMP3,RREB1,ZNF554,TGM2
gene_set_query	1466	ZNF57	1178.0	ARCHS4 Coexpression,1323;Enrichr Queries,658;GTEx Coexpression,1553	POU2F1,CEBPD,SMIM29,GADD45A,TSC22D3,ATN1,PDE4DIP,MT1X,ACVR1B,ZBTB4,SYTL2,ABR,BCL6,CRISPLD2,SNRNP70,MAFF,FKBP5,PLEC,METTL17
gene_set_query	1467	NFE4	1180.0	GTEx Coexpression,1180	TSEN34,RIPOR2,FRAT2,USB1,MSRB1
gene_set_query	1468	LIN28A	1183.0	ARCHS4 Coexpression,785;GTEx Coexpression,1581	ILF3,HNRNPA3,SET,ICMT,ZIC2,HNRNPD,CIB2,HNRNPA1,EIF4B,UNG,PELP1
gene_set_query	1469	OVOL3	1186.0	ARCHS4 Coexpression,865;GTEx Coexpression,1506	ATXN2L,BCAN,ZNF483,CA10,MIGA2,BCL6,GADD45A,SETD6,IFT122,SLC6A11,CYS1,RAMP1
gene_set_query	1470	ZNF684	1186.0	ARCHS4 Coexpression,1082;Enrichr Queries,1164;GTEx Coexpression,1312	BCAR3,LRRC59,SMIM29,GADD45A,BHMT2,HMGB2,ATN1,PDE4DIP,MT1X,MOGS,ACADSB,ASGR1,APH1A,FAM168B,RIMS3,SNRNP70,IRF1,TNKS1BP1,MFN2
gene_set_query	1471	ISL1	1186.0	ARCHS4 Coexpression,1449;Enrichr Queries,897;GTEx Coexpression,1212	PRDM8,FOXD1,SMIM29,NXN,TUSC3,COL11A1,CAV1,PTEN,COBL,NFATC4,GADD45G,BMP2,HEY1,MARVELD2,KIF5C,EPCAM,SCMH1,TIMP3,PRELID3B
gene_set_query	1472	TP73	1188.0	ARCHS4 Coexpression,1132;Enrichr Queries,908;GTEx Coexpression,1525	KMT2D,CEBPD,GADD45A,IFT140,LRBA,ZBTB16,CAV1,PTEN,ATN1,HSPB1,FOXK2,ATXN2L,ABR,ILF3,BCL6,WNK1,ZMIZ2,BCL2,PLEC
gene_set_query	1473	ZBTB7C	1189.0	ARCHS4 Coexpression,1601;Enrichr Queries,809;GTEx Coexpression,1156	SMIM29,ZBTB16,CLTB,COBL,SDCBP2,GADD45G,RGMA,BMP2,HEY1,TMEM54,CRISPLD2,PLXNA2,PGM2,TIMP3,RREB1,TBC1D10A,TGM2
gene_set_query	1474	ZBTB34	1189.0	ARCHS4 Coexpression,1372;Enrichr Queries,842;GTEx Coexpression,1352	RIPOR2,POU2F1,SMIM29,GADD45A,TSC22D3,PTEN,NBEAL2,SLC25A37,FRAT2,DMTF1,BCL6,ELMSAN1,RAB37,BCL2,GSE1,SH3BGRL2,RREB1,MSRB1
gene_set_query	1475	ZNF570	1190.0	ARCHS4 Coexpression,951;Enrichr Queries,1247;GTEx Coexpression,1372	ZNF254,LRRC59,SMIM29,LINC02175,GSTCD,IFT172,MOGS,APH1A,FAM168B,DMTF1,BCL6,CAPNS1,SNRNP70,ZNF280C,ZNF426,ZNF844,MFN2,PNPLA6,ZNF554
gene_set_query	1476	ZNF112	1192.0	ARCHS4 Coexpression,1189;GTEx Coexpression,1194	ZNF254,ZNF175,KCNC1,ZIC2,MAGED1,DCC,TMEM200C,TAGLN2,FNBP1L,ZNF510,UBA52,GPATCH8
gene_set_query	1477	DUXA	1195.0	ARCHS4 Coexpression,1551;Enrichr Queries,1060;GTEx Coexpression,974	YAP1,CRTAP,FLT1,SMIM29,SIAH1,ADIRF,PDE4DIP,PRELP,INHBA,METTL21A,CUX2,FRAT2,CRISPLD1,ZIC2,IRF1,CDH23,ZNF554
gene_set_query	1478	ZNF215	1198.0	ARCHS4 Coexpression,1208;Enrichr Queries,1313;GTEx Coexpression,1074	LRRC59,RIPOR2,UNC13C,SET,SMIM29,CAV1,PYCR1,RPSA,MOGS,CASC1,SYTL2,APH1A,INPP4B,RPS17,CAPNS1,SNRNP70,RARS,PNPLA6,TGM2
gene_set_query	1479	AKNA	1201.0	ARCHS4 Coexpression,1045;Enrichr Queries,1190;GTEx Coexpression,1367	RIPOR2,SMIM29,PHF12,TSC22D3,TAP2,TAP1,PBXIP1,NBEAL2,CCND3,FRAT2,BCL6,PACS1,IRF1,BCL2,LPXN,PLEC,MSRB1
gene_set_query	1480	HSFY1	1201.0	ARCHS4 Coexpression,1592;GTEx Coexpression,810	MYH7B,PLA2G12A,ELMSAN1,GOLGA6L4,SH3BGRL2,ANKRD54,MAP3K21,PYCR1,NEDD9,PAFAH1B3
gene_set_query	1481	ZNF221	1205.0	ARCHS4 Coexpression,956;Enrichr Queries,1249;GTEx Coexpression,1410	ZNF254,LAMA5,LRRC59,ZNF175,SMIM29,GSTCD,PDE4DIP,EFCAB5,MOGS,SYTL2,APH1A,CAPNS1,SNRNP70,SPIRE2,ZNF426,ZNF844,ZNF554
gene_set_query	1482	ZNF155	1209.0	ARCHS4 Coexpression,1285;Enrichr Queries,782;GTEx Coexpression,1559	ZNF254,PRMT5,UNC13C,ZNF175,FLT1,CEBPD,SMIM29,GADD45A,ZFAND2A,MT1X,CASC1,DMTF1,BCL6,ZNF280C,ARHGEF3,ZNF426,NSRP1,INTS8
gene_set_query	1483	HELT	1210.0	ARCHS4 Coexpression,1245;Enrichr Queries,1201;GTEx Coexpression,1183	FLT1,TLE1,DCC,ZBTB16,CLTB,NR1D1,METRNL,ACVR1B,GADD45G,DLL3,BMP2,CUX2,ADCK2,CA4,GSE1,DNAH10OS,EIF3F,TSPAN3,FAM120AOS
gene_set_query	1484	ZNF474	1212.0	ARCHS4 Coexpression,1126;Enrichr Queries,1215;GTEx Coexpression,1295	OSCP1,CEBPD,SMIM29,IFT140,IFT172,DNAH6,RABL2B,LRRC6,CASC1,BMP2,CRISPLD1,CDH23,PLXNA1,TSPAN3
gene_set_query	1485	FOXB2	1215.0	ARCHS4 Coexpression,1225;Enrichr Queries,1324;GTEx Coexpression,1097	CHST8,KMT2D,FOXD1,NORAD,GALNT16,FOXF2,ZBTB16,NGB,NDUFS8,ZIC2,IRAK1,FNDC10,ZNF787,CTXN2,RREB1,PELP1
gene_set_query	1486	ZNF93	1216.0	ARCHS4 Coexpression,848;Enrichr Queries,1314;GTEx Coexpression,1485	ZNF254,SET,SMIM29,HMGB2,NEDD9,MOGS,FNBP1L,APH1A,MPRIP,CAPNS1,IRAK1,ZIC2,SNRNP70,LPXN,TIMP3,PLEKHM2,KIF1C
gene_set_query	1487	ZNF726	1217.0	ARCHS4 Coexpression,1063;GTEx Coexpression,1371	APH1A,OPHN1,LRBA,HNRNPD,SPIRE2,ZNF844,MOGS,RPS2,METTL21A,NSRP1,ZNF554
gene_set_query	1488	ZSCAN32	1219.0	ARCHS4 Coexpression,1431;GTEx Coexpression,1006	TSEN34,LSG1,FRAT2,ATN1,KIF1C,USB1,LINC00909,TARDBP,LZTFL1,MSRB1,COMMD5
gene_set_query	1489	ZNF480	1219.0	ARCHS4 Coexpression,1066;Enrichr Queries,1308;GTEx Coexpression,1282	ZNF254,SMIM29,MT1X,MOGS,QRSL1,FNBP1L,METTL21A,WDR77,APH1A,CAPNS1,PEAK1,ZNF426,ZNF525,PLEKHM2,RDH14,PNPLA6,E2F6,ATP9B
gene_set_query	1490	JRKL	1222.0	ARCHS4 Coexpression,1598;Enrichr Queries,986;GTEx Coexpression,1083	MYH7B,SMIM29,GSTCD,NEK7,GXYLT1,EMP1,LAMB1,DMTF1,BCL6,KIF5B,GOLGA6L4,ZNF280C,RBM12B,ZNF525,NUPR1,RREB1,MAP4K4
gene_set_query	1491	ZNF714	1223.0	ARCHS4 Coexpression,1057;Enrichr Queries,1374;GTEx Coexpression,1239	ZNF254,LRRC59,POU2F1,GSTCD,HMGB2,EMP1,MOGS,FNBP1L,APH1A,CAPNS1,SNRNP70,ZNF426,PLEKHM2,PNPLA6,HNRNPA1
gene_set_query	1492	FERD3L	1225.0	ARCHS4 Coexpression,1505;Enrichr Queries,1397;GTEx Coexpression,773	FOXD1,ZBTB16,IFT122,RPL9,VASN,MMP14,CUX2,OPHN1,CD109,COL5A2,PLXNA1,SBF2,TRAM2-AS1
gene_set_query	1493	LIN28B	1226.0	ARCHS4 Coexpression,1229;Enrichr Queries,1234;GTEx Coexpression,1214	OSCP1,SET,SMIM29,DCC,IFT122,EFCAB5,UNG,ILF3,CUX2,ZIC2,EPCAM,KIF5C,COL5A2,HNRNPD,TIMP3,HNRNPA1,TARDBP
gene_set_query	1494	ZNF281	1226.0	ARCHS4 Coexpression,1497;Enrichr Queries,690;GTEx Coexpression,1490	SET,POU2F1,CEBPD,GADD45A,CAV1,NEK7,HMGB2,HSPB1,USB1,SOD2,BCL6,ZIC2,STK17A,FTH1,KIF5B,IRF1,S100A6,HNRNPA1
gene_set_query	1495	ISX	1230.0	ARCHS4 Coexpression,1386;Enrichr Queries,1275;GTEx Coexpression,1030	DGAT1,SQOR,INHBA,SDCBP2,KLC4,BMP2,TMEM54,EPCAM,KIF5C,ETHE1,CA4,PLXNA2,BCAS1
gene_set_query	1496	TET2	1231.0	ARCHS4 Coexpression,1308;GTEx Coexpression,1153	RIPOR2,SLC25A37,USP4,SLC16A6,TAP1,PYCR1,NBEAL2,RPL8,CHD2,ATP9B
gene_set_query	1497	ZNF805	1234.0	ARCHS4 Coexpression,921;Enrichr Queries,1300;GTEx Coexpression,1480	USP24,PRMT5,SMIM29,TSC22D3,LRBA,VPS13D,PITPNA,PARVA,MTRNR2L1,PATL1,HIPK3,TIMP3,ZNF426,SPTBN1,EIF4B,PPFIA3,RBM11
gene_set_query	1498	RBAK	1235.0	ARCHS4 Coexpression,1061;Enrichr Queries,1393;GTEx Coexpression,1250	USP24,ZNF175,HNRNPA3,SETD6,PTPN11,LATS1,PNN,SLK,DMTF1,BCL6,WNK1,KIF5B,RBM12B,ZNF510,EIF4B
gene_set_query	1499	ZNF200	1235.0	ARCHS4 Coexpression,1419;Enrichr Queries,856;GTEx Coexpression,1430	RIPOR2,SMIM29,NEDD9,LRRC6,SOD2,METTL21A,DNAJB1,FAM168B,BCL6,OPHN1,ELMSAN1,IRF1,SAP130,PEA15,MAFF,E2F6,ZNF554,ATP9B
gene_set_query	1500	ZSCAN20	1236.0	ARCHS4 Coexpression,1624;Enrichr Queries,549;GTEx Coexpression,1534	BCAR3,POU2F1,SMIM29,RALGAPA2,VPS13D,PDE4DIP,ARHGEF10L,RPS17,BCL6,PLXNA2,BCL2,GSE1,RREB1,FKBP5,PLEC
gene_set_query	1501	NOBOX	1236.0	ARCHS4 Coexpression,1568;Enrichr Queries,669;GTEx Coexpression,1470	UNC13C,FOXD1,CEBPD,FOXF2,COL11A1,ZBTB16,ZFAND2A,IFT122,COBL,INHBA,CASC1,GADD45G,CUX2,DMTF1,BCL6,IRF1,SAP130
gene_set_query	1502	ZNF45	1237.0	ARCHS4 Coexpression,1008;Enrichr Queries,1228;GTEx Coexpression,1475	ZNF175,SMIM29,PPWD1,UNG,LATS1,EEF1A1,RPS4X,TMLHE,IRF1,MPPED2,BCL2,ARHGEF3,ZNF426,HNRNPA1,ZNF510,EIF4B,METTL17
gene_set_query	1503	ZNF770	1238.0	ARCHS4 Coexpression,970;Enrichr Queries,1369;GTEx Coexpression,1374	ZNF254,PRMT5,SET,ANXA2,FNBP1L,HIPK2,PPP1CB,ZIC2,KIF5B,RARS,RIOX2,RBM12B,ZNF426,TAGLN2,HNRNPA1,TARDBP
gene_set_query	1504	ZNF225	1238.0	ARCHS4 Coexpression,1158;GTEx Coexpression,1318	LATS1,LRRC59,ZNF175,CAPNS1,OPHN1,RBM12B,ZNF844,MOGS,NSRP1,ZNF554,RND1
gene_set_query	1505	MTF1	1240.0	ARCHS4 Coexpression,1448;GTEx Coexpression,1031	TSEN34,RIPOR2,FRAT2,TAF12,SLC43A2,SQOR,DHX58,SLC16A6,TAP1,USB1,SOD2
gene_set_query	1506	HSF5	1241.0	ARCHS4 Coexpression,1625;Enrichr Queries,689;GTEx Coexpression,1409	RIPOR2,FLT1,SMIM29,DCC,ZBTB16,IFT122,EFCAB5,CUX2,HEY1,DMTF1,IRF1,CA4,TIMP3,PLEC
gene_set_query	1507	ARID5A	1242.0	ARCHS4 Coexpression,1235;GTEx Coexpression,1248	PER1,STK17A,IRF1,MAFF,TAP1,LPXN,MAFK,PBXIP1,AKAP17A,METRNL
gene_set_query	1508	ZNF367	1243.0	ARCHS4 Coexpression,847;Enrichr Queries,1390;GTEx Coexpression,1491	LRRC59,PLA2G12A,SMOX,GSTCD,HMGB2,PEAR1,UNG,CDC14B,MARCH2,CCND3,CMPK1,SH3BGRL2,TAGLN2,FKBP5
gene_set_query	1509	SOX15	1244.0	ARCHS4 Coexpression,1528;Enrichr Queries,701;GTEx Coexpression,1503	SMIM29,GADD45A,SIAH1,CLTB,HSPB1,RGMA,UNG,BMP2,FRAT2,TMEM54,ZIC2,EPCAM,S100A6,PGM2,TIMP3,TAGLN2,TIMP1
gene_set_query	1510	HES2	1245.0	ARCHS4 Coexpression,1609;Enrichr Queries,956;GTEx Coexpression,1170	CEBPD,SMIM29,GADD45A,CITED4,CLTB,NR1D1,SDCBP2,CRISPLD2,MAFF,PLXNA2,SPIRE2,PGM2,NUPR1,RREB1,ZNF554,TBC1D10A,TGM2
gene_set_query	1511	ZNF273	1248.0	ARCHS4 Coexpression,1103;Enrichr Queries,1189;GTEx Coexpression,1451	ZNF254,LRRC59,SMIM29,HMGB2,PDE4DIP,MOGS,NR1D1,ACVR1B,FNBP1L,METTL21A,SYTL2,APH1A,CAPNS1,OPHN1,EPCAM,SPIRE2,ZNF554,FKBP5
gene_set_query	1512	SP110	1249.0	ARCHS4 Coexpression,1545;Enrichr Queries,655;GTEx Coexpression,1546	RIPOR2,SQOR,EMP1,TAP1,SOD2,TAPBP,BCL6,IRF1,DHX58,LPXN,TIMP1,NUPR1,TGM2
gene_set_query	1513	ZNF773	1249.0	ARCHS4 Coexpression,1428;Enrichr Queries,984;GTEx Coexpression,1336	ZNF584,PRMT5,LRRC59,ZNF483,SMIM29,SLC43A2,GADD45A,TSC22D3,METTL21A,PATL1,SYTL2,APH1A,BCL6,CAPNS1,IRF1,ZNF426,ZNF844,ATP9B
gene_set_query	1514	ZNF37A	1249.0	ARCHS4 Coexpression,1424;Enrichr Queries,1269;GTEx Coexpression,1055	ZNF254,ZNF175,SMIM29,ATN1,OGA,METTL21A,APH1A,GOLGA3,DMTF1,OPHN1,SNRNP70,WNK1,PEAK1,BCL2,ZNF510,ATP9B,PLXNA3,FKBP5
gene_set_query	1515	BHLHE23	1250.0	ARCHS4 Coexpression,1026;GTEx Coexpression,1474	CHST8,ATXN2L,ILF3,TAF1D,HIST3H2A,TAF15,CSKMT,HMGB2,LPXN,GSE1,DLL3
gene_set_query	1516	ZNF619	1251.0	ARCHS4 Coexpression,1421;Enrichr Queries,1162;GTEx Coexpression,1169	PRMT5,SMIM29,RALGAPA2,QRSL1,METTL21A,PATL1,APOLD1,LATS1,APH1A,FAM168B,TMLHE,EIF2S3,DMTF1,WNK1,IRF1,SPIRE2,ZNF554,FKBP5
gene_set_query	1517	ZIM2	1252.0	ARCHS4 Coexpression,1599;Enrichr Queries,760;GTEx Coexpression,1397	UNC13C,NTNG2,MYH7B,DTNA,DCC,CTNND2,ZBTB16,VPS13D,PDE4DIP,CASC1,AGBL4,CUX2,GOLGA6L4,COL5A2,RAPGEF4
gene_set_query	1518	RAG1	1254.0	ARCHS4 Coexpression,1114;Enrichr Queries,1080;GTEx Coexpression,1567	RIPOR2,ANXA2,ZBTB16,HMGB2,LRRC37B,LZTFL1,INPP4B,PTP4A2,ILF3,CCND3,BCL6,IRF1,BCL2,TIMP3,RPL38,HNRNPA1,FKBP5
gene_set_query	1519	ZNF724	1256.0	ARCHS4 Coexpression,1155;GTEx Coexpression,1357	APH1A,CAPNS1,SNRNP70,GSTCD,HMGB2,SPIRE2,LPXN,MFN2,PLEKHM2,MOGS,ZNF554
gene_set_query	1520	MSGN1	1256.0	ARCHS4 Coexpression,1535;Enrichr Queries,955;GTEx Coexpression,1279	SET,SMIM29,GADD45A,ZBTB16,EMP1,INHBA,RGMA,SLK,DMTF1,BCL6,HNRNPH1,CDH23,KYAT3,ZNF426,PGM2,GSE1,RREB1
gene_set_query	1521	NAIF1	1257.0	ARCHS4 Coexpression,1574;GTEx Coexpression,939	TSEN34,FRAT2,SDHAF2,TAF12,USB1,ZNF787,PIGL,GAB2,ZBTB4,MSRB1
gene_set_query	1522	ZNF530	1257.0	ARCHS4 Coexpression,1177;Enrichr Queries,1404;GTEx Coexpression,1190	ZNF584,USP24,UBE2D4,HMGB2,ATN1,MOGS,QRSL1,HARS2,GPATCH8,APH1A,CAPNS1,SPIRE2,TNKS1BP1
gene_set_query	1523	ZNF233	1258.0	ARCHS4 Coexpression,1426;Enrichr Queries,1257;GTEx Coexpression,1092	OSCP1,CSGALNACT1,RIPOR2,LRRC59,SMIM29,DCC,PDE4DIP,EFCAB5,MOGS,CASC1,APH1A,HEY1,KIF5C,AMZ2,RNF150,ATP9B
gene_set_query	1524	RHOXF2	1263.0	ARCHS4 Coexpression,1530;Enrichr Queries,815;GTEx Coexpression,1443	SET,ANXA2,ZBTB16,IGSF1,TSC22D3,HMGB2,IFT122,PYCR1,NR1D1,HEY1,BCL6,ZIC2,SAP130,SERPINH1,GSE1,ANP32B,TGM2
gene_set_query	1525	ZNF546	1263.0	ARCHS4 Coexpression,1096;Enrichr Queries,1272;GTEx Coexpression,1422	LRRC59,ZNF175,IFT122,EFCAB5,MOGS,TMEM170B,METTL21A,APOLD1,SYTL2,APH1A,DMTF1,BCL6,OPHN1,MARVELD2,SPIRE2,ZNF554,FKBP5
gene_set_query	1526	ZNF850	1265.0	ARCHS4 Coexpression,1194;GTEx Coexpression,1335	APH1A,EIF2S3,OPHN1,ZNF280C,RBM12B,SPIRE2,ZNF844,METTL21A,NSRP1,ZNF554
gene_set_query	1527	GRHL3	1266.0	ARCHS4 Coexpression,1338;Enrichr Queries,1065;GTEx Coexpression,1394	SMIM29,GADD45A,CLTB,EMP1,COBL,HSPB1,INHBA,SDCBP2,SLK,BCL6,EPCAM,PGM2,TNKS1BP1,NUPR1
gene_set_query	1528	PAX4	1269.0	ARCHS4 Coexpression,1478;Enrichr Queries,1376;GTEx Coexpression,952	LRRC59,DGAT1,CEBPD,SQOR,PPP1R16A,FAM107A,APH1A,KLC4,FAM168B,TMEM54,EPCAM,KIF5C,ETHE1,IRF1,ZNF426
gene_set_query	1529	KAT7	1271.0	ARCHS4 Coexpression,1417;GTEx Coexpression,1125	UBE2D4,MARVELD2,LINC02175,SAP130,IFT122,EFCAB5,ARIH1,METTL21A,NSRP1,ZNF554
gene_set_query	1530	ZNF688	1275.0	ARCHS4 Coexpression,1613;Enrichr Queries,651;GTEx Coexpression,1561	PPP1R14B,SMIM29,HSPB1,LAMB1,WDR24,ATXN2L,MARVELD2,FTH1,CDC37,GPC1,IRF1,MAFF,MACROD1,NUPR1,RPL18
gene_set_query	1531	GCM2	1277.0	ARCHS4 Coexpression,1555;Enrichr Queries,1388;GTEx Coexpression,887	ZNF175,FLT1,DMTF1,SMOX,DCC,CD109,NMRK1,RARRES2,PLXNA1,SNX21,ZBTB4
gene_set_query	1532	NKX24	1277.0	ARCHS4 Coexpression,1250;GTEx Coexpression,1304	OSCP1,RPL4,NDST2,RPS4X,IRAK1,CITED4,IFT122,RAC3,RPS2,CASC1
gene_set_query	1533	CCDC17	1279.0	ARCHS4 Coexpression,1369;GTEx Coexpression,1189	OSCP1,RIPOR2,IFT140,IFT172,DNAH6,RABL2B,LRRC6,TAGLN2,CASC1
gene_set_query	1534	LTF	1284.0	ARCHS4 Coexpression,1154;GTEx Coexpression,1414	KMT2D,NTNG2,PER1,PACS1,PHF12,CIDEA,NBEAL2,PNPLA6,TMEM170B,MFSD10
gene_set_query	1535	ZNF80	1284.0	ARCHS4 Coexpression,1269;Enrichr Queries,1134;GTEx Coexpression,1450	PRDM8,RIPOR2,SMIM29,USP4,PHF12,PDE4DIP,METTL21A,FAM168B,DMTF1,STK17A,IRF1,TRAF5,ARHGEF3,CHI3L2,ACSBG1,MAP4
gene_set_query	1536	ZNF229	1287.0	ARCHS4 Coexpression,1394;Enrichr Queries,1179	CSGALNACT1,DTNA,SMIM29,CRISPLD1,CRISPLD2,KIF5C,MAGED1,ZNF844,TAP1,NBEAL2,FNBP1L,TGM2
gene_set_query	1537	ZNF124	1289.0	ARCHS4 Coexpression,1004;Enrichr Queries,1394;GTEx Coexpression,1468	TAF15,SMIM29,NEK7,HMGB2,ATN1,NEDD9,MOGS,APH1A,CAPNS1,SNRNP70,ZMIZ2,LPXN,TNKS1BP1,ATP9B
gene_set_query	1538	ZNF541	1289.0	ARCHS4 Coexpression,1610;Enrichr Queries,708;GTEx Coexpression,1548	PRDM8,MYH7B,SPTBN4,ENTPD2,SMIM29,ZBTB16,IFT122,HSPB1,RTN4RL2,CUX2,ZIC2,GOLGA6L4,CA4,PHACTR3
gene_set_query	1539	SPIC	1292.0	ARCHS4 Coexpression,1531;Enrichr Queries,1377;GTEx Coexpression,967	PRR5,DOCK6,NGLY1,GDPD2,TAPBP,NDST2,MMP14,PDLIM2,PEAK1,IRF1,GSAP,NUPR1,ACO2,EIF3D,TGM2
gene_set_query	1540	FOXD4L6	1293.0	ARCHS4 Coexpression,1474;Enrichr Queries,1111	ABR,AS3MT,TLE1,CTNND2,CDH10,PPP4R4,PLXNA2,PHACTR3,PDE4DIP,TARDBP,CASC1,RGMA
gene_set_query	1541	RHOXF2B	1297.0	ARCHS4 Coexpression,1604;Enrichr Queries,865;GTEx Coexpression,1421	DTNA,SET,IGSF1,TSC22D3,IFT122,RPS17,CUX2,ZIC2,MARVELD2,SAP130,SRARP,GDAP1L1,RREB1,BCAS1,TGM2
gene_set_query	1542	HMX3	1301.0	ARCHS4 Coexpression,1128;Enrichr Queries,1331;GTEx Coexpression,1444	RPL4,FOXD1,TAF15,FOXF2,ZBTB16,RPL12,HMGB2,GADD45G,ATXN2L,FBL,ILF3,RPS17,ZIC2,BCL2,LPXN
gene_set_query	1543	PLSCR1	1304.0	ARCHS4 Coexpression,1461;GTEx Coexpression,1147	TOM1L2,CEBPD,IRF1,SQOR,DHX58,TAP2,TAP1,TAGLN2,SOD2,COMMD5
gene_set_query	1544	RFX6	1304.0	ARCHS4 Coexpression,1451;Enrichr Queries,1252;GTEx Coexpression,1209	LRRC59,TUSC3,ZBTB16,PTEN,PYCR1,MOGS,RNASE4,BMP2,MARVELD2,EPCAM,COL5A2,CA4,MAP3K21,RAMP1,PRELID3B
gene_set_query	1545	TFEC	1306.0	ARCHS4 Coexpression,1364;Enrichr Queries,1320;GTEx Coexpression,1233	CEBPD,SLC43A2,SQOR,EMP1,INHBA,SOD2,TAPBP,CCND3,IRF1,DHX58,LPXN,GSAP,FTL,TGM2
gene_set_query	1546	SIM2	1308.0	ARCHS4 Coexpression,1488;Enrichr Queries,1155;GTEx Coexpression,1281	FOXD1,FOXF2,COL11A1,ZBTB16,EMP1,INHBA,METTL21A,SDCBP2,APH1A,BMP2,SLK,ZIC2,EPCAM,SPIRE2,PGM2,ZNF554
gene_set_query	1547	EVX1	1310.0	ARCHS4 Coexpression,1590;Enrichr Queries,1362;GTEx Coexpression,979	PRDM8,MYH7B,AS3MT,KAT2A,NECAB3,FOXD1,TTLL3,FOXF2,ZIC2,RARRES2,IRF1,GOLGA6L4
gene_set_query	1548	NANOGP8	1311.0	ARCHS4 Coexpression,1455;GTEx Coexpression,1166	NTNG2,SET,EIF2S3,ZIC2,STK17A,USB1,FKBP9,HNRNPA1,METTL17,UNG
gene_set_query	1549	E2F2	1314.0	ARCHS4 Coexpression,1362;Enrichr Queries,1315;GTEx Coexpression,1264	GADD45A,HMGB2,NBEAL2,UNG,TRAK2,SLC25A37,CCND3,LAPTM4A,FRAT2,PAN3,WNK1,SLC16A6,BCL2,FKBP5
gene_set_query	1550	ZIM3	1319.0	ARCHS4 Coexpression,1345;Enrichr Queries,1062;GTEx Coexpression,1551	CHST8,UNC13C,NTNG2,DCC,COL11A1,IFT122,COBL,MOGS,METTL21A,APH1A,FAM168B,RIT2,SPIRE2,ZNF554,RAPGEF4,CLVS1
gene_set_query	1551	BSX	1320.0	ARCHS4 Coexpression,1614;Enrichr Queries,1329;GTEx Coexpression,1018	NORAD,GALNT16,KCNC1,FOXF2,ZBTB16,NGB,AXIN1,C2CD4C,CUX2,CA4,FNDC10,CTXN2,GAS2L1
gene_set_query	1552	KLF14	1328.0	ARCHS4 Coexpression,1507;Enrichr Queries,1149	CYTH3,BMP2,CRTAP,FLT1,FOXD1,CUX2,BCL6,FOXF2,ZIC2,CSKMT,ZBTB16,RPSA
gene_set_query	1553	MIXL1	1330.0	ARCHS4 Coexpression,1387;Enrichr Queries,1125;GTEx Coexpression,1477	SMIM29,CAV1,CITED4,HMGB2,MOGS,APH1A,BMP2,FAM168B,ZIC2,MARVELD2,SNRNP70,IRF1,PLXNA2,LPXN,PNPLA6
gene_set_query	1554	ZNF648	1331.0	ARCHS4 Coexpression,1481;Enrichr Queries,1380;GTEx Coexpression,1133	SMIM29,BHMT2,PDE4DIP,METTL21A,BPHL,ACADSB,ASGR1,RGMA,OPHN1,GOLGA6L4,RBM12B,PLXNA2,ECHDC2
gene_set_query	1555	SOX5	1333.0	ARCHS4 Coexpression,1430;Enrichr Queries,1055;GTEx Coexpression,1515	DTNA,DCC,CTNND2,ZBTB16,MPPED2,PLXNA2,BCL2,PHACTR3,TIMP3,COBL,INHBA,FNBP1L
gene_set_query	1556	ZNF492	1335.0	ARCHS4 Coexpression,1291;GTEx Coexpression,1379	APH1A,FAM168B,SET,GSTCD,HMGB2,SPIRE2,MOGS,METTL21A,ZNF554
gene_set_query	1557	ZSCAN5B	1337.0	ARCHS4 Coexpression,1582;Enrichr Queries,963;GTEx Coexpression,1467	SMIM29,BHMT2,SIAH1,CIDEA,IFT122,COBL,HSPB1,PDE4DIP,NR1D1,FRAT2,DMTF1,NUPR1,DNAL4,JAM2
gene_set_query	1558	ZNF440	1338.0	ARCHS4 Coexpression,1486;Enrichr Queries,1244;GTEx Coexpression,1284	ZNF254,BCAR3,SMIM29,LRBA,IFT172,DNAH6,PTEN,RABL2B,ACVR1B,SDCBP2,APH1A,SPIRE2,ZNF426,ZNF844,RAB11FIP4
gene_set_query	1559	ONECUT3	1338.0	ARCHS4 Coexpression,1324;Enrichr Queries,1133;GTEx Coexpression,1557	FOXD1,FOXF2,IFT122,MOGS,METTL21A,RGMA,APH1A,CUX2,ZIC2,KIF5C,SPIRE2,GSE1,RREB1,ZNF554,PLEC
gene_set_query	1560	SOX14	1338.0	ARCHS4 Coexpression,1560;Enrichr Queries,1330;GTEx Coexpression,1124	CA10,FOXD1,NORAD,FOXF2,NGB,SLC6A11,BMP2,CUX2,ZIC2,FNDC10,SPIRE2,CTXN2,ZNF554
gene_set_query	1561	ZNF716	1341.0	ARCHS4 Coexpression,1393;Enrichr Queries,1093;GTEx Coexpression,1537	ZNF254,UNC13C,CEBPD,SMIM29,DCC,CTNND2,IFT122,MOGS,METTL21A,ABR,AS3MT,SGCD,CUX2,SPIRE2,ZNF554
gene_set_query	1562	ZNF239	1341.0	ARCHS4 Coexpression,1358;Enrichr Queries,1260;GTEx Coexpression,1406	PRMT5,TBC1D19,SET,SMIM29,GADD45A,PUS1,CAV1,SYTL2,UNG,ZIC2,KIF5C,RARS,ZNF280C,PAFAH1B3,FKBP5
gene_set_query	1563	SP140	1344.0	ARCHS4 Coexpression,1318;Enrichr Queries,1360;GTEx Coexpression,1354	RIPOR2,STK17A,IRF1,DHX58,TAP2,BCL2,TAP1,LPXN,TGM2
gene_set_query	1564	HOXB1	1346.0	ARCHS4 Coexpression,1563;Enrichr Queries,1291;GTEx Coexpression,1185	FOXD1,SET,SMIM29,ZBTB16,CLTB,EMP1,SDCBP2,RGMA,ZIC2,SERPINH1,PGM2,HNRNPA1,RREB1
gene_set_query	1565	TPRX1	1347.0	ARCHS4 Coexpression,1546;Enrichr Queries,926;GTEx Coexpression,1568	FLT1,SMIM29,SIAH1,IFT122,PDE4DIP,METTL21A,BMP2,CUX2,FRAT2,DMTF1,CRISPLD2,SLC16A6,CDH23,PLEC
gene_set_query	1566	ZNF473	1348.0	ARCHS4 Coexpression,1603;Enrichr Queries,1015;GTEx Coexpression,1425	GADD45A,ZFAND2A,TSC22D3,IFT172,DNAH6,HMGB2,IFT122,EFCAB5,UNG,DNAJB1,ILF3,MAFF,E2F6
gene_set_query	1567	PAX9	1350.0	ARCHS4 Coexpression,1618;Enrichr Queries,1290;GTEx Coexpression,1141	BMP2,SLK,FOXD1,SMIM29,FOXF2,ZIC2,EMP1,ZNF426,PGM2,INHBA,SDCBP2
gene_set_query	1568	FOXI2	1352.0	ARCHS4 Coexpression,1586;Enrichr Queries,1286;GTEx Coexpression,1184	RIPOR2,FLT1,EMP1,ADCY8,RGMA,BMP2,SLK,ZIC2,NMRK1,CA4,ZNF426,PGM2,RREB1
gene_set_query	1569	NR1H4	1358.0	ARCHS4 Coexpression,1569;Enrichr Queries,1239;GTEx Coexpression,1267	KLC4,CEBPD,BHMT2,IRF1,TIMP3,NUPR1,ACADSB,ASGR1,GADD45G,TGM2,FTL
gene_set_query	1570	LEUTX	1361.0	ARCHS4 Coexpression,1495;Enrichr Queries,1151;GTEx Coexpression,1437	CHST8,UNC13C,FLT1,FOXF2,DCC,RPS5,SIAH1,HMGB2,CDH5,FRAT2,HEY1,RPL36,LPXN,CLVS1
gene_set_query	1571	MYRFL	1362.0	ARCHS4 Coexpression,1501;GTEx Coexpression,1223	KLC4,DGAT1,TMEM54,EPCAM,NUDT16,SDCBP2
gene_set_query	1572	MYCL	1363.0	ARCHS4 Coexpression,1366;GTEx Coexpression,1359	FRAT2,ADCK2,CLTB,CDH23,NBEAL2,ACVR1B,HNRNPA1,MSRB1,DLL3
gene_set_query	1573	IRF5	1364.0	ARCHS4 Coexpression,1519;Enrichr Queries,1191;GTEx Coexpression,1383	ANXA2,CEBPD,SMIM29,SLC43A2,SQOR,HMGB2,TAP1,NBEAL2,BCL6,IRF1,S100A6,LPXN,TGM2
gene_set_query	1574	POU5F2	1366.0	ARCHS4 Coexpression,1203;GTEx Coexpression,1529	APH1A,LRRC59,OPHN1,PEAK1,EFCAB5,MOGS,METTL21A,ATP9B
gene_set_query	1575	FOXN1	1368.0	ARCHS4 Coexpression,1355;Enrichr Queries,1240;GTEx Coexpression,1509	MYH7B,LAMA5,ZBTB16,CLTB,HSPB1,ACVR1B,BMP2,DMTF1,IRF1,GPC1,TIMP3,TNKS1BP1,MAP3K6
gene_set_query	1576	ZNF780A	1373.0	ARCHS4 Coexpression,1413;Enrichr Queries,1289;GTEx Coexpression,1418	ZNF254,SMIM29,PTEN,METTL21A,ACADSB,HIPK3,FRAT2,DMTF1,OPHN1,PEAK1,RBM12B,ATP9B,MSRB1
gene_set_query	1577	E2F8	1374.0	ARCHS4 Coexpression,1566;Enrichr Queries,1400;GTEx Coexpression,1155	SEMA6C,ILF3,MACROD1,HMGB2,HNRNPD,QRSL1,ANO5,WDR77,UNG
gene_set_query	1578	ZNF689	1375.0	ARCHS4 Coexpression,1513;Enrichr Queries,1082;GTEx Coexpression,1531	SET,EFCAB5,ADCY8,BPHL,APOLD1,PHTF1,NDST2,ATXN2L,ZIC2,CDC37,IRF1,TRIP6,LPXN,HNRNPA1
gene_set_query	1579	ZNF829	1378.0	ARCHS4 Coexpression,1192;Enrichr Queries,1350;GTEx Coexpression,1592	APH1A,LRRC59,SMIM29,SPIRE2,ZNF426,ZNF525,ZNF844,MOGS,METTL21A,NSRP1,ZNF554,SYTL2
gene_set_query	1580	IKZF3	1380.0	ARCHS4 Coexpression,1475;Enrichr Queries,1347;GTEx Coexpression,1319	RIPOR2,SMIM29,IRF1,HMGB2,BCL2,TAP1,LPXN
gene_set_query	1581	ARID3C	1383.0	ARCHS4 Coexpression,1521;GTEx Coexpression,1244	ALDH4A1,BHMT2,MPPED2,BPHL,ACADSB,ASGR1
gene_set_query	1582	ZNF99	1385.0	ARCHS4 Coexpression,1287;Enrichr Queries,1323;GTEx Coexpression,1544	ZNF254,UNC13C,RIPOR2,LRRC59,DCC,IFT122,PDE4DIP,MOGS,ANO5,APH1A,FAM168B,SPIRE2,ZNF554
gene_set_query	1583	NR1I3	1389.0	ARCHS4 Coexpression,1523;Enrichr Queries,1306;GTEx Coexpression,1338	APH1A,LRRC59,GADD45A,BHMT2,NR1D1,ACADSB,ASGR1,TOMM40L,RAPGEF4,FKBP5
gene_set_query	1584	ZSCAN4	1389.0	ARCHS4 Coexpression,1547;Enrichr Queries,1287;GTEx Coexpression,1334	BMP2,FRAT2,HEY1,SMIM29,ZIC2,ELMSAN1,IRF1,MAFF,SIAH1,NR1D1,ACVR1B,METTL21A
gene_set_query	1585	SP140L	1391.0	ARCHS4 Coexpression,1466;GTEx Coexpression,1316	SCRN1,STK17A,TSC22D3,IRF1,TAP2,TAP1,LPXN,TAPBP
gene_set_query	1586	CPXCR1	1395.0	ARCHS4 Coexpression,1594;Enrichr Queries,990;GTEx Coexpression,1602	UNC13C,DMTF1,KCNC1,DCC,COL11A1,PCDH20,CDH10,POP4,DNAH6,EMP1,INHBA,ADCY8
gene_set_query	1587	TBX22	1395.0	ARCHS4 Coexpression,1591;Enrichr Queries,1288;GTEx Coexpression,1307	ATXN2L,SET,DMTF1,ZIC2,COL11A1,IGSF1,SAP130,IFT122,INHBA,ADCY8,RBM11
gene_set_query	1588	CREB3L3	1403.0	ARCHS4 Coexpression,1562;Enrichr Queries,1301;GTEx Coexpression,1345	ALDH4A1,PC,DGAT1,CA4,HSPB1,NUPR1,SDCBP2,ASGR1,GADD45G,TGM2
gene_set_query	1589	NKX12	1414.0	ARCHS4 Coexpression,1462;GTEx Coexpression,1365	SET,ZIC2,PITPNA,CLTB,HNRNPD,EMP1,HNRNPA1,UNG
gene_set_query	1590	DMRTB1	1415.0	ARCHS4 Coexpression,1612;Enrichr Queries,1121;GTEx Coexpression,1511	CUX2,SMIM29,ZIC2,COL11A1,ZBTB16,CA4,PLXNA2,IFT122,EFCAB5,CASC1,GADD45G,PELP1
gene_set_query	1591	ESX1	1420.0	ARCHS4 Coexpression,1615;Enrichr Queries,1213;GTEx Coexpression,1431	BMP2,FOXD1,HEY1,SMIM29,FOXF2,TSC22D3,SAP130,IFT122,CASC3,RGMA
gene_set_query	1592	KLF17	1425.0	ARCHS4 Coexpression,1539;Enrichr Queries,1139;GTEx Coexpression,1596	FRAT2,HEY1,CEBPD,SMIM29,GADD45A,ZBTB16,SIAH1,PLXNA2,INHBA,METTL21A,TGM2
gene_set_query	1593	TGIF2LX	1426.0	ARCHS4 Coexpression,1602;Enrichr Queries,1070;GTEx Coexpression,1605	CA10,FOXD1,POU2F1,DMTF1,FOXF2,DCC,ATG16L1,CDH10,MAFF,PDE4DIP,COBL
gene_set_query	1594	ZBTB32	1429.0	ARCHS4 Coexpression,1334;Enrichr Queries,1381;GTEx Coexpression,1571	SLCO4A1,IRF1,ZMIZ2,TAP2,BCL2,TAP1,LPXN,AKAP17A,GADD45G,TGM2
gene_set_query	1595	CDX4	1430.0	ARCHS4 Coexpression,1500;Enrichr Queries,1294;GTEx Coexpression,1495	CHST8,BMP2,SET,EIF2S3,DMTF1,ZIC2,ZBTB16,TSC22D3,KYAT3,NR1D1,ACVR1B,WDR77
gene_set_query	1596	ZFP69	1432.0	ARCHS4 Coexpression,1344;GTEx Coexpression,1520	ZNF254,CITED4,LPXN,MFSD11,INTS8,TPT1,LZTFL1
gene_set_query	1597	ZFP69B	1435.0	ARCHS4 Coexpression,1412;GTEx Coexpression,1457	SET,CEBPD,MAGED1,LPXN,FNBP1L,HNRNPA1,PAFAH1B3
gene_set_query	1598	ANHX	1436.0	ARCHS4 Coexpression,1331;GTEx Coexpression,1540	PRMT5,RNPEP,IFT122,RPSA,PKP4,INTS8,UNG
gene_set_query	1599	SOHLH2	1438.0	ARCHS4 Coexpression,1537;Enrichr Queries,1255;GTEx Coexpression,1523	UNC13C,DTNA,SMIM29,SH3BGRL2,TIMP3,EMP1,COBL,EFCAB5,INHBA,CASC1,INTS8
gene_set_query	1600	TERB1	1447.0	ARCHS4 Coexpression,1406;GTEx Coexpression,1487	APH1A,OPHN1,SPIRE2,IFT122,EFCAB5,METTL21A,ZNF554
gene_set_query	1601	POU2AF1	1455.0	ARCHS4 Coexpression,1425;GTEx Coexpression,1484	MYH7B,PEAK1,ZMIZ2,GOLGA6L4,HMGB2,LPXN,NUPR1
gene_set_query	1602	ZNF479	1455.0	ARCHS4 Coexpression,1627;Enrichr Queries,1136;GTEx Coexpression,1601	ZNF254,UNC13C,CUX2,HEY1,DCC,COL11A1,COBL,PDE4DIP
gene_set_query	1603	GSC2	1455.0	ARCHS4 Coexpression,1623;Enrichr Queries,1326;GTEx Coexpression,1416	FOXD1,CUX2,FOXF2,ZIC2,SAP130,IFT122,PLEC
gene_set_query	1604	ZNF705A	1455.0	ARCHS4 Coexpression,1573;Enrichr Queries,1204;GTEx Coexpression,1589	MMP14,PINK1,SMIM29,TSC22D3,SIAH1,EMP1,LPXN,ZNF525,TIMP1,LYVE1
gene_set_query	1605	NKX31	1458.0	ARCHS4 Coexpression,1509;GTEx Coexpression,1407	PRDM8,CUX2,MARVELD2,ECHDC2,NUPR1,FKBP5
gene_set_query	1606	CBLL2	1460.0	ARCHS4 Coexpression,1606;Enrichr Queries,1167;GTEx Coexpression,1606	CDH5,RIPOR2,GRM5,TAF1D,CEBPD,ZBTB16,FTH1,TIMP3,CAMK1G,RGMA
gene_set_query	1607	ZNF560	1461.0	ARCHS4 Coexpression,1489;Enrichr Queries,1321;GTEx Coexpression,1574	CHST8,FLT1,CUX2,SET,RPS27,EIF2S3,ZIC2,KIF5C,COL11A1,ZNF280C
gene_set_query	1608	ZNF670	1463.0	ARCHS4 Coexpression,1554;Enrichr Queries,1371	SET,SMIM29,GADD45A,RARS,MAFF,FNBP1L,PAFAH1B3
gene_set_query	1609	FOXR1	1463.0	ARCHS4 Coexpression,1548;Enrichr Queries,1365;GTEx Coexpression,1476	FOXD1,FRAT2,CDC37,RPS5,SAP130,SIAH1,MACROD1,IFT122,NUPR1
gene_set_query	1610	ZNF679	1466.0	ARCHS4 Coexpression,1579;Enrichr Queries,1221;GTEx Coexpression,1597	ZNF254,LAMA5,FRAT2,CEBPD,SMIM29,SIAH1,MT1X,SYTL2,GADD45G
gene_set_query	1611	TFDP3	1468.0	ARCHS4 Coexpression,1595;Enrichr Queries,1395;GTEx Coexpression,1415	NDST2,DMTF1,TSC22D3,SAP130,HMGB2,IFT122,E2F6
gene_set_query	1612	FAM170A	1471.0	ARCHS4 Coexpression,1588;Enrichr Queries,1304;GTEx Coexpression,1522	CA10,DCC,ZBTB16,GALNT18,CDH10,GOLGA6L4,IFT122,EFCAB5,INHBA
gene_set_query	1613	DNMT1	1476.0	ARCHS4 Coexpression,1565;GTEx Coexpression,1387	ATXN2L,UNC13C,ILF3,GSTCD,SNRNP200
gene_set_query	1614	ZNF730	1478.0	ARCHS4 Coexpression,1407;GTEx Coexpression,1549	ZNF254,ZIC2,GSTCD,SNX21,FNBP1L,HNRNPA1
gene_set_query	1615	SOX30	1480.0	ARCHS4 Coexpression,1570;Enrichr Queries,1283;GTEx Coexpression,1587	MYH7B,DMTF1,CEBPD,SMIM29,ZBTB16,GOLGA6L4,PHACTR3,SNX21,NR1D1
gene_set_query	1616	ZNF729	1486.0	ARCHS4 Coexpression,1549;GTEx Coexpression,1423	IFT122,EFCAB5,FNBP1L,METTL21A,MTRNR2L1
gene_set_query	1617	ASCL4	1486.0	ARCHS4 Coexpression,1544;Enrichr Queries,1338;GTEx Coexpression,1577	CUX2,OPHN1,RAB37,ZBTB16,PHACTR3,ATP9B,RGMA
gene_set_query	1618	TGIF2LY	1492.0	ARCHS4 Coexpression,1496;Enrichr Queries,1385;GTEx Coexpression,1595	CUX2,DMTF1,SMIM29,IGSF1,COBL,CHD2,CASC1
gene_set_query	1619	DMRTC2	1492.0	ARCHS4 Coexpression,1622;Enrichr Queries,1293;GTEx Coexpression,1562	CUX2,DMTF1,BCL6,RAB34,ZBTB16,CA4,IFT122
gene_set_query	1620	NANOGNB	1493.0	ARCHS4 Coexpression,1453;GTEx Coexpression,1533	APH1A,SAP130,SPIRE2,MOGS,METTL21A,ZNF554
gene_set_query	1621	EVX2	1502.0	ARCHS4 Coexpression,1541;Enrichr Queries,1363;GTEx Coexpression,1603	PRDM8,MYH7B,FOXD1,FOXF2,ZIC2,ZBTB47,GOLGA6L4
gene_set_query	1622	ZNF878	1504.0	ARCHS4 Coexpression,1502;GTEx Coexpression,1505	SET,ZIC2,RARS,HMGB2,LPXN,HNRNPA1
gene_set_query	1623	ZNF728	1506.0	ARCHS4 Coexpression,1485;GTEx Coexpression,1526	APH1A,CAPNS1,SIAH1,IFT122,GNG13
gene_set_query	1624	ZNF705D	1507.0	ARCHS4 Coexpression,1581;Enrichr Queries,1354;GTEx Coexpression,1585	SMIM29,CRISPLD2,DCC,AXIN1,PDE4DIP,GAS2L1,RAPGEF4
gene_set_query	1625	CENPS	1508.0	ARCHS4 Coexpression,1556;GTEx Coexpression,1459	OSCP1,POP4,IFT122,RPS20,TOMM22
gene_set_query	1626	ZNF683	1527.0	ARCHS4 Coexpression,1597;Enrichr Queries,1386;GTEx Coexpression,1599	MYH7B,SMIM29,IRF1,SYTL2
gene_set_query	1627	ZNF735	1549.0	ARCHS4 Coexpression,1542;GTEx Coexpression,1556	FRAT2,SIAH1,LRRC6,METTL21A
gene_set_query	1628	ZNF705B	1579.0	ARCHS4 Coexpression,1559;GTEx Coexpression,1598	OPHN1,IFT172,FGFBP3
gene_set_query	1629	SPZ1	1591.0	ARCHS4 Coexpression,1593;GTEx Coexpression,1588	MYH7B,GOLGA6L4
gene_set_query	1630	HSFX2	1605.0	ARCHS4 Coexpression,1605	MYH7B,GOLGA6L4
gene_set_query	1631	ZNF705G	1610.0	ARCHS4 Coexpression,1619;GTEx Coexpression,1600	ATP9B
gene_set_query	1632	CCDC169SOHLH2	1611.0	ARCHS4 Coexpression,1611	MYH7B,GOLGA6L4
