Query Name	Rank	TF	Score	Library	Overlapping_Genes
gene_set_query	1	TFEC	32.67	ARCHS4 Coexpression,8;Enrichr Queries,6;GTEx Coexpression,84	CSF1R,IGSF6,CMTM6,TREM2
gene_set_query	2	HLX	55.0	ARCHS4 Coexpression,23;Enrichr Queries,34;GTEx Coexpression,108	CSF1R,IGSF6
gene_set_query	3	MTF1	55.5	ARCHS4 Coexpression,19;GTEx Coexpression,92	IGSF6,CMTM6
gene_set_query	4	NKX23	65.5	ARCHS4 Coexpression,45;GTEx Coexpression,86	CSF1R,PLD4
gene_set_query	5	GTF2B	65.75	ARCHS4 Coexpression,99;ENCODE ChIP-seq,80;ReMap ChIP-seq,78;GTEx Coexpression,6	RPS26,IGSF6,CMTM6,PTGES3L
gene_set_query	6	SPI1	76.67	Literature ChIP-seq,4;ARCHS4 Coexpression,186;ENCODE ChIP-seq,13;Enrichr Queries,1;ReMap ChIP-seq,157;GTEx Coexpression,99	RPS26,CSF1R,IGSF6,CCDC124,PLD4,TREM2
gene_set_query	7	TBX10	86.67	ARCHS4 Coexpression,184;Enrichr Queries,25;GTEx Coexpression,51	ACY3
gene_set_query	8	CEBPA	91.4	Literature ChIP-seq,95;ARCHS4 Coexpression,105;Enrichr Queries,42;ReMap ChIP-seq,70;GTEx Coexpression,145	CSF1R,IGSF6,CMTM6
gene_set_query	9	VENTX	95.33	ARCHS4 Coexpression,103;Enrichr Queries,18;GTEx Coexpression,165	CSF1R,IGSF6,PTGES3L
gene_set_query	10	LYL1	100.0	Literature ChIP-seq,42;ARCHS4 Coexpression,267;Enrichr Queries,8;ReMap ChIP-seq,61;GTEx Coexpression,122	CSF1R,IGSF6,PLD4,TREM2
gene_set_query	11	TET2	107.0	ARCHS4 Coexpression,94;GTEx Coexpression,120	IGSF6,CMTM6
gene_set_query	12	FOXN2	115.0	ARCHS4 Coexpression,56;Enrichr Queries,165;GTEx Coexpression,124	IGSF6,CMTM6
gene_set_query	13	ZNF774	126.7	ARCHS4 Coexpression,49;Enrichr Queries,253;GTEx Coexpression,78	PTGES3L
gene_set_query	14	IRF8	127.5	Literature ChIP-seq,1;ARCHS4 Coexpression,20;Enrichr Queries,4;GTEx Coexpression,485	CSF1R,IGSF6,PLD4,TREM2
gene_set_query	15	ZNF778	128.0	ARCHS4 Coexpression,27;Enrichr Queries,174;GTEx Coexpression,183	PTGES3L
gene_set_query	16	ZNF490	128.0	ARCHS4 Coexpression,43;Enrichr Queries,178;GTEx Coexpression,163	IGSF6,PTGES3L
gene_set_query	17	MAFB	130.5	ARCHS4 Coexpression,12;Enrichr Queries,36;ReMap ChIP-seq,132;GTEx Coexpression,342	CSF1R,IGSF6,TREM2
gene_set_query	18	MAF	140.0	ARCHS4 Coexpression,42;Enrichr Queries,21;ReMap ChIP-seq,113;GTEx Coexpression,384	CSF1R
gene_set_query	19	ZNF813	144.5	ARCHS4 Coexpression,46;GTEx Coexpression,243	PTGES3L
gene_set_query	20	DNTTIP1	148.5	ARCHS4 Coexpression,203;GTEx Coexpression,94	IGSF6,CCDC124
gene_set_query	21	ZNF584	151.5	ARCHS4 Coexpression,175;Enrichr Queries,108;ReMap ChIP-seq,34;GTEx Coexpression,289	CCDC124,PTGES3L
gene_set_query	22	IRF2	155.0	ARCHS4 Coexpression,211;Enrichr Queries,214;ReMap ChIP-seq,20;GTEx Coexpression,175	IGSF6,CCDC124,PTGES3L
gene_set_query	23	CEBPD	155.8	Literature ChIP-seq,139;ARCHS4 Coexpression,10;ENCODE ChIP-seq,37;ReMap ChIP-seq,102;GTEx Coexpression,491	RPS26,CSF1R,IGSF6,TREM2
gene_set_query	24	BAZ2A	156.0	ARCHS4 Coexpression,305;Enrichr Queries,111;GTEx Coexpression,52	CCDC124
gene_set_query	25	ZNF341	156.3	ARCHS4 Coexpression,174;Enrichr Queries,163;GTEx Coexpression,132	IGSF6,PTGES3L
gene_set_query	26	CHCHD3	158.0	ARCHS4 Coexpression,199;GTEx Coexpression,117	RPS26,PTGES3L
gene_set_query	27	YBX3	161.0	ARCHS4 Coexpression,287;GTEx Coexpression,35	PTGES3L
gene_set_query	28	NFE4	161.0	GTEx Coexpression,161	IGSF6
gene_set_query	29	GTF3A	161.3	ARCHS4 Coexpression,269;Enrichr Queries,51;GTEx Coexpression,164	RPS26,PTGES3L
gene_set_query	30	THAP8	163.0	ARCHS4 Coexpression,402;Enrichr Queries,70;GTEx Coexpression,17	CCDC124
gene_set_query	31	MYRFL	165.0	ARCHS4 Coexpression,282;GTEx Coexpression,48	ACY3
gene_set_query	32	ZNF785	166.0	ARCHS4 Coexpression,35;GTEx Coexpression,297	PTGES3L
gene_set_query	33	ZNF99	168.3	ARCHS4 Coexpression,48;Enrichr Queries,106;GTEx Coexpression,351	PTGES3L
gene_set_query	34	NFE2	169.0	ARCHS4 Coexpression,456;ENCODE ChIP-seq,79;Enrichr Queries,57;ReMap ChIP-seq,104;GTEx Coexpression,149	IGSF6,CCDC124
gene_set_query	35	ATF6	171.0	ARCHS4 Coexpression,373;Enrichr Queries,133;GTEx Coexpression,7	IGSF6,CMTM6
gene_set_query	36	POU2F2	180.2	ARCHS4 Coexpression,521;ENCODE ChIP-seq,98;Enrichr Queries,11;ReMap ChIP-seq,71;GTEx Coexpression,200	CSF1R,PTGES3L,PLD4
gene_set_query	37	GATAD2A	181.0	ARCHS4 Coexpression,229;Enrichr Queries,239;GTEx Coexpression,75	CMTM6
gene_set_query	38	ZNF385A	181.0	ARCHS4 Coexpression,15;Enrichr Queries,50;GTEx Coexpression,478	CSF1R,IGSF6
gene_set_query	39	ZNF850	183.0	ARCHS4 Coexpression,66;GTEx Coexpression,300	PTGES3L
gene_set_query	40	ZNF763	184.3	ARCHS4 Coexpression,181;Enrichr Queries,310;GTEx Coexpression,62	IGSF6,PTGES3L
gene_set_query	41	DUX4	188.5	ARCHS4 Coexpression,348;ReMap ChIP-seq,29	CMTM6
gene_set_query	42	ELF1	188.6	Literature ChIP-seq,120;ARCHS4 Coexpression,163;ENCODE ChIP-seq,47;ReMap ChIP-seq,147;GTEx Coexpression,466	CCDC124,CMTM6
gene_set_query	43	BCL6	192.0	Literature ChIP-seq,38;ARCHS4 Coexpression,202;Enrichr Queries,520;ReMap ChIP-seq,82;GTEx Coexpression,118	RPS26,CSF1R,ACY3,IGSF6
gene_set_query	44	MXD3	193.0	ARCHS4 Coexpression,213;Enrichr Queries,216;GTEx Coexpression,150	RPS26,IGSF6
gene_set_query	45	USF1	198.6	ARCHS4 Coexpression,340;ENCODE ChIP-seq,52;Enrichr Queries,279;ReMap ChIP-seq,188;GTEx Coexpression,134	IGSF6,CCDC124
gene_set_query	46	BATF	201.0	ARCHS4 Coexpression,518;ENCODE ChIP-seq,109;Enrichr Queries,10;ReMap ChIP-seq,225;GTEx Coexpression,143	CSF1R,IGSF6
gene_set_query	47	GATA1	203.0	Literature ChIP-seq,66;ARCHS4 Coexpression,451;ENCODE ChIP-seq,34;Enrichr Queries,63;ReMap ChIP-seq,79;GTEx Coexpression,525	CSF1R,CMTM6,PLD4
gene_set_query	48	PLSCR1	203.5	ARCHS4 Coexpression,22;GTEx Coexpression,385	IGSF6,CMTM6
gene_set_query	49	SP1	208.2	ARCHS4 Coexpression,558;ENCODE ChIP-seq,61;Enrichr Queries,185;ReMap ChIP-seq,111;GTEx Coexpression,126	RPS26,CMTM6
gene_set_query	50	ZGPAT	209.7	ARCHS4 Coexpression,289;Enrichr Queries,148;GTEx Coexpression,192	
gene_set_query	51	MEF2A	210.8	Literature ChIP-seq,126;ARCHS4 Coexpression,91;ENCODE ChIP-seq,7;Enrichr Queries,721;ReMap ChIP-seq,235;GTEx Coexpression,85	CSF1R,ACY3,PTGES3L,PLD4
gene_set_query	52	TFE3	211.7	ARCHS4 Coexpression,397;Enrichr Queries,79;GTEx Coexpression,159	IGSF6
gene_set_query	53	THAP7	211.7	ARCHS4 Coexpression,168;Enrichr Queries,47;GTEx Coexpression,420	CCDC124
gene_set_query	54	NR1H3	213.2	Literature ChIP-seq,40;ARCHS4 Coexpression,18;Enrichr Queries,54;ReMap ChIP-seq,67;GTEx Coexpression,887	CSF1R,IGSF6,CMTM6
gene_set_query	55	HNF4A	215.2	Literature ChIP-seq,7;ARCHS4 Coexpression,611;ENCODE ChIP-seq,40;Enrichr Queries,426;ReMap ChIP-seq,84;GTEx Coexpression,123	RPS26,ACY3,CMTM6
gene_set_query	56	ZBTB45	216.0	ARCHS4 Coexpression,569;Enrichr Queries,38;GTEx Coexpression,41	CCDC124
gene_set_query	57	PIN1	216.5	ARCHS4 Coexpression,146;GTEx Coexpression,287	CCDC124
gene_set_query	58	BACH1	219.0	Literature ChIP-seq,59;ARCHS4 Coexpression,13;ENCODE ChIP-seq,67;Enrichr Queries,1030;ReMap ChIP-seq,122;GTEx Coexpression,23	RPS26,IGSF6,CMTM6,TREM2
gene_set_query	59	IRF4	219.6	ARCHS4 Coexpression,694;ENCODE ChIP-seq,63;Enrichr Queries,56;ReMap ChIP-seq,87;GTEx Coexpression,198	RPS26,CSF1R,ACY3
gene_set_query	60	ZNF438	225.0	ARCHS4 Coexpression,32;Enrichr Queries,531;GTEx Coexpression,112	IGSF6
gene_set_query	61	NR4A3	226.0	ARCHS4 Coexpression,1;Enrichr Queries,519;GTEx Coexpression,158	CSF1R,IGSF6,PTGES3L,PLD4,TREM2
gene_set_query	62	MEF2C	227.4	ARCHS4 Coexpression,1076;ENCODE ChIP-seq,4;Enrichr Queries,15;ReMap ChIP-seq,8;GTEx Coexpression,34	CSF1R,ACY3,IGSF6,PTGES3L,PLD4
gene_set_query	63	ZNF157	229.0	ARCHS4 Coexpression,141;Enrichr Queries,268;GTEx Coexpression,278	PTGES3L
gene_set_query	64	ARID5A	238.0	ARCHS4 Coexpression,159;GTEx Coexpression,317	CSF1R
gene_set_query	65	RFX3	242.3	ARCHS4 Coexpression,193;Enrichr Queries,305;GTEx Coexpression,229	PTGES3L
gene_set_query	66	PPARD	243.3	Literature ChIP-seq,86;ARCHS4 Coexpression,124;Enrichr Queries,432;GTEx Coexpression,331	CSF1R
gene_set_query	67	THAP4	243.3	ARCHS4 Coexpression,218;Enrichr Queries,484;GTEx Coexpression,28	CCDC124,PTGES3L
gene_set_query	68	TRAFD1	244.3	ARCHS4 Coexpression,240;Enrichr Queries,366;GTEx Coexpression,127	CMTM6
gene_set_query	69	ZNF610	244.7	ARCHS4 Coexpression,127;Enrichr Queries,147;GTEx Coexpression,460	PTGES3L
gene_set_query	70	RUNX1	244.8	Literature ChIP-seq,51;ARCHS4 Coexpression,429;Enrichr Queries,24;ReMap ChIP-seq,115;GTEx Coexpression,605	RPS26,CSF1R,ACY3,CCDC124
gene_set_query	71	NR2C2	246.6	ARCHS4 Coexpression,420;ENCODE ChIP-seq,2;Enrichr Queries,224;ReMap ChIP-seq,81;GTEx Coexpression,506	RPS26,ACY3
gene_set_query	72	TBPL2	247.0	ARCHS4 Coexpression,55;GTEx Coexpression,439	PTGES3L
gene_set_query	73	KDM5B	250.0	Literature ChIP-seq,62;ARCHS4 Coexpression,793;ENCODE ChIP-seq,68;ReMap ChIP-seq,145;GTEx Coexpression,182	CCDC124,CMTM6
gene_set_query	74	IKZF2	253.0	ARCHS4 Coexpression,312;Enrichr Queries,92;GTEx Coexpression,355	
gene_set_query	75	IRF5	254.0	ARCHS4 Coexpression,21;Enrichr Queries,2;GTEx Coexpression,739	CSF1R,IGSF6,PLD4,TREM2
gene_set_query	76	ZBTB32	255.7	ARCHS4 Coexpression,342;Enrichr Queries,69;GTEx Coexpression,356	
gene_set_query	77	HNF4G	256.2	ARCHS4 Coexpression,544;ENCODE ChIP-seq,3;Enrichr Queries,499;ReMap ChIP-seq,168;GTEx Coexpression,67	RPS26,ACY3
gene_set_query	78	POU5F1	256.6	Literature ChIP-seq,8;ARCHS4 Coexpression,604;Enrichr Queries,525;ReMap ChIP-seq,103;GTEx Coexpression,43	RPS26,ACY3,CCDC124,PLD4,TREM2
gene_set_query	79	ANHX	257.0	ARCHS4 Coexpression,299;GTEx Coexpression,215	
gene_set_query	80	ZNF41	258.7	ARCHS4 Coexpression,489;Enrichr Queries,215;GTEx Coexpression,72	PTGES3L
gene_set_query	81	STAT5A	259.2	Literature ChIP-seq,6;ARCHS4 Coexpression,647;ENCODE ChIP-seq,48;Enrichr Queries,43;ReMap ChIP-seq,138;GTEx Coexpression,673	RPS26,CSF1R,IGSF6,CMTM6
gene_set_query	82	ZNF212	267.3	ARCHS4 Coexpression,209;Enrichr Queries,167;GTEx Coexpression,426	CCDC124
gene_set_query	83	CUX1	267.7	Literature ChIP-seq,81;ARCHS4 Coexpression,493;ENCODE ChIP-seq,72;Enrichr Queries,206;ReMap ChIP-seq,60;GTEx Coexpression,694	RPS26,CSF1R,PTGES3L
gene_set_query	84	ZNF2	269.5	ARCHS4 Coexpression,258;Enrichr Queries,281	
gene_set_query	85	RARA	269.8	Literature ChIP-seq,67;ARCHS4 Coexpression,516;Enrichr Queries,447;ReMap ChIP-seq,184;GTEx Coexpression,135	ACY3,IGSF6
gene_set_query	86	FLI1	269.8	Literature ChIP-seq,29;ARCHS4 Coexpression,309;ENCODE ChIP-seq,76;Enrichr Queries,23;ReMap ChIP-seq,110;GTEx Coexpression,1072	CSF1R,CMTM6,PLD4
gene_set_query	87	ZNF396	270.0	ARCHS4 Coexpression,112;Enrichr Queries,689;GTEx Coexpression,9	IGSF6,CMTM6,PTGES3L
gene_set_query	88	GLMP	272.0	ARCHS4 Coexpression,449;GTEx Coexpression,95	CMTM6
gene_set_query	89	CEBPE	272.3	ARCHS4 Coexpression,721;Enrichr Queries,9;GTEx Coexpression,87	CSF1R,IGSF6,PLD4
gene_set_query	90	TERF2	274.8	ARCHS4 Coexpression,78;Enrichr Queries,535;ReMap ChIP-seq,12;GTEx Coexpression,474	ACY3,PTGES3L
gene_set_query	91	BATF3	275.0	ARCHS4 Coexpression,350;Enrichr Queries,41;GTEx Coexpression,434	CSF1R
gene_set_query	92	KLF4	275.6	Literature ChIP-seq,16;ARCHS4 Coexpression,370;Enrichr Queries,631;ReMap ChIP-seq,101;GTEx Coexpression,260	RPS26,CMTM6
gene_set_query	93	ZFP3	276.0	ARCHS4 Coexpression,158;Enrichr Queries,620;GTEx Coexpression,50	CMTM6,PTGES3L
gene_set_query	94	ZNF681	277.3	ARCHS4 Coexpression,228;Enrichr Queries,234;GTEx Coexpression,370	PTGES3L
gene_set_query	95	ZNF554	278.0	ARCHS4 Coexpression,71;Enrichr Queries,237;GTEx Coexpression,526	PTGES3L
gene_set_query	96	ZNF620	278.3	ARCHS4 Coexpression,125;Enrichr Queries,352;GTEx Coexpression,358	PTGES3L
gene_set_query	97	ZNF385C	282.7	ARCHS4 Coexpression,69;Enrichr Queries,383;GTEx Coexpression,396	PTGES3L
gene_set_query	98	MYBL2	285.5	Literature ChIP-seq,27;ARCHS4 Coexpression,810;ENCODE ChIP-seq,57;Enrichr Queries,269;ReMap ChIP-seq,174;GTEx Coexpression,376	RPS26,CMTM6
gene_set_query	99	MYB	287.3	Literature ChIP-seq,124;ARCHS4 Coexpression,298;ENCODE ChIP-seq,111;Enrichr Queries,524;ReMap ChIP-seq,89;GTEx Coexpression,578	ACY3
gene_set_query	100	TIGD3	288.0	ARCHS4 Coexpression,453;Enrichr Queries,378;GTEx Coexpression,33	IGSF6
gene_set_query	101	FOXM1	288.3	Literature ChIP-seq,5;ARCHS4 Coexpression,344;ENCODE ChIP-seq,58;Enrichr Queries,419;ReMap ChIP-seq,123;GTEx Coexpression,781	RPS26,CMTM6,PLD4
gene_set_query	102	NFAT5	288.7	ARCHS4 Coexpression,262;Enrichr Queries,562;GTEx Coexpression,42	CCDC124
gene_set_query	103	IKZF1	289.8	Literature ChIP-seq,152;ARCHS4 Coexpression,931;ENCODE ChIP-seq,6;Enrichr Queries,7;ReMap ChIP-seq,130;GTEx Coexpression,513	CSF1R,ACY3,IGSF6,CCDC124,CMTM6,PLD4
gene_set_query	104	NFYC	290.0	ARCHS4 Coexpression,415;Enrichr Queries,284;GTEx Coexpression,171	IGSF6
gene_set_query	105	EGR2	292.0	ARCHS4 Coexpression,2;Enrichr Queries,685;GTEx Coexpression,189	CSF1R,IGSF6,PLD4,TREM2
gene_set_query	106	SPIB	292.5	ARCHS4 Coexpression,79;Enrichr Queries,62;ReMap ChIP-seq,252;GTEx Coexpression,777	PLD4
gene_set_query	107	ZNF205	294.0	ARCHS4 Coexpression,539;Enrichr Queries,32;GTEx Coexpression,311	CCDC124
gene_set_query	108	ZKSCAN1	295.0	ARCHS4 Coexpression,499;ENCODE ChIP-seq,10;Enrichr Queries,241;ReMap ChIP-seq,80;GTEx Coexpression,645	RPS26,CCDC124
gene_set_query	109	GATAD2B	296.0	ARCHS4 Coexpression,472;Enrichr Queries,166;GTEx Coexpression,250	
gene_set_query	110	JDP2	296.7	ARCHS4 Coexpression,11;Enrichr Queries,497;GTEx Coexpression,382	CSF1R,IGSF6,TREM2
gene_set_query	111	CREB3L3	296.7	ARCHS4 Coexpression,442;Enrichr Queries,35;GTEx Coexpression,413	ACY3
gene_set_query	112	DMRT2	297.3	ARCHS4 Coexpression,302;Enrichr Queries,516;GTEx Coexpression,74	ACY3
gene_set_query	113	SNAI3	298.3	ARCHS4 Coexpression,137;Enrichr Queries,651;GTEx Coexpression,107	IGSF6
gene_set_query	114	ZSCAN31	298.5	ARCHS4 Coexpression,117;GTEx Coexpression,480	PTGES3L
gene_set_query	115	CEBPB	300.0	Literature ChIP-seq,25;ARCHS4 Coexpression,24;ENCODE ChIP-seq,5;Enrichr Queries,803;ReMap ChIP-seq,198;GTEx Coexpression,745	RPS26,CSF1R,IGSF6,CCDC124,TREM2
gene_set_query	116	IRF1	300.3	Literature ChIP-seq,143;ARCHS4 Coexpression,177;ENCODE ChIP-seq,41;Enrichr Queries,1235;ReMap ChIP-seq,62;GTEx Coexpression,144	RPS26,IGSF6,CCDC124,PTGES3L,PLD4
gene_set_query	117	NFATC1	306.8	ARCHS4 Coexpression,216;ENCODE ChIP-seq,56;Enrichr Queries,1029;ReMap ChIP-seq,135;GTEx Coexpression,98	RPS26,CSF1R,PTGES3L
gene_set_query	118	ZNF790	307.0	ARCHS4 Coexpression,217;Enrichr Queries,398;GTEx Coexpression,306	PTGES3L
gene_set_query	119	SATB1	308.0	ARCHS4 Coexpression,441;Enrichr Queries,327;ReMap ChIP-seq,285;GTEx Coexpression,179	PTGES3L
gene_set_query	120	TFAP2C	308.2	Literature ChIP-seq,113;ARCHS4 Coexpression,283;ENCODE ChIP-seq,95;Enrichr Queries,946;ReMap ChIP-seq,68;GTEx Coexpression,344	ACY3
gene_set_query	121	ASH1L	309.0	ARCHS4 Coexpression,260;Enrichr Queries,402;GTEx Coexpression,265	
gene_set_query	122	ZNF787	309.3	ARCHS4 Coexpression,779;Enrichr Queries,28;GTEx Coexpression,121	IGSF6,CCDC124
gene_set_query	123	ZNF274	311.3	Literature ChIP-seq,146;ARCHS4 Coexpression,189;ENCODE ChIP-seq,105;Enrichr Queries,274;ReMap ChIP-seq,247;GTEx Coexpression,907	PTGES3L
gene_set_query	124	KLF1	312.0	Literature ChIP-seq,53;ARCHS4 Coexpression,587;Enrichr Queries,73;ReMap ChIP-seq,163;GTEx Coexpression,684	RPS26
gene_set_query	125	ZNF568	312.0	ARCHS4 Coexpression,145;Enrichr Queries,493;GTEx Coexpression,298	PTGES3L
gene_set_query	126	KLF5	312.6	Literature ChIP-seq,37;ARCHS4 Coexpression,266;Enrichr Queries,564;ReMap ChIP-seq,164;GTEx Coexpression,532	IGSF6,CMTM6
gene_set_query	127	ATF3	312.8	Literature ChIP-seq,77;ARCHS4 Coexpression,4;ENCODE ChIP-seq,15;Enrichr Queries,792;ReMap ChIP-seq,21;GTEx Coexpression,968	RPS26,CSF1R,IGSF6,CCDC124,PTGES3L,TREM2
gene_set_query	128	SP2	313.2	ARCHS4 Coexpression,582;ENCODE ChIP-seq,90;Enrichr Queries,522;ReMap ChIP-seq,150;GTEx Coexpression,222	
gene_set_query	129	ZNF394	314.0	ARCHS4 Coexpression,102;Enrichr Queries,157;GTEx Coexpression,683	IGSF6
gene_set_query	130	FOSL2	314.4	ARCHS4 Coexpression,376;ENCODE ChIP-seq,50;Enrichr Queries,735;ReMap ChIP-seq,158;GTEx Coexpression,253	RPS26
gene_set_query	131	NFE2L2	314.4	Literature ChIP-seq,117;ARCHS4 Coexpression,166;Enrichr Queries,948;ReMap ChIP-seq,96;GTEx Coexpression,245	CMTM6,PTGES3L
gene_set_query	132	HES1	315.5	ARCHS4 Coexpression,136;Enrichr Queries,865;ReMap ChIP-seq,23;GTEx Coexpression,238	RPS26,PLD4
gene_set_query	133	ZNF564	315.7	ARCHS4 Coexpression,728;Enrichr Queries,180;GTEx Coexpression,39	IGSF6
gene_set_query	134	ZNF598	315.7	ARCHS4 Coexpression,657;Enrichr Queries,55;GTEx Coexpression,235	CCDC124
gene_set_query	135	ZNF318	316.8	ARCHS4 Coexpression,252;Enrichr Queries,129;ReMap ChIP-seq,4;GTEx Coexpression,882	RPS26,PTGES3L
gene_set_query	136	CREBZF	317.3	ARCHS4 Coexpression,410;Enrichr Queries,104;GTEx Coexpression,438	
gene_set_query	137	PRDM2	317.3	ARCHS4 Coexpression,418;Enrichr Queries,293;GTEx Coexpression,241	
gene_set_query	138	RXRA	317.3	Literature ChIP-seq,3;ARCHS4 Coexpression,345;ENCODE ChIP-seq,110;Enrichr Queries,356;ReMap ChIP-seq,179;GTEx Coexpression,911	RPS26,ACY3,TREM2
gene_set_query	139	CBX2	317.4	ARCHS4 Coexpression,898;ENCODE ChIP-seq,26;Enrichr Queries,377;ReMap ChIP-seq,5;GTEx Coexpression,281	CSF1R,ACY3
gene_set_query	140	ZNF579	317.7	ARCHS4 Coexpression,892;Enrichr Queries,14;GTEx Coexpression,47	CCDC124,PTGES3L
gene_set_query	141	RUNX3	318.0	ARCHS4 Coexpression,744;ENCODE ChIP-seq,59;Enrichr Queries,61;ReMap ChIP-seq,46;GTEx Coexpression,680	RPS26,CSF1R,CCDC124
gene_set_query	142	E2F1	318.5	Literature ChIP-seq,65;ARCHS4 Coexpression,641;ENCODE ChIP-seq,93;Enrichr Queries,424;ReMap ChIP-seq,106;GTEx Coexpression,582	CCDC124,CMTM6
gene_set_query	143	SMAD4	319.4	Literature ChIP-seq,89;ARCHS4 Coexpression,138;Enrichr Queries,362;ReMap ChIP-seq,275;GTEx Coexpression,733	CCDC124
gene_set_query	144	TFAP2A	319.8	Literature ChIP-seq,98;ARCHS4 Coexpression,392;ENCODE ChIP-seq,66;Enrichr Queries,1072;ReMap ChIP-seq,42;GTEx Coexpression,249	CSF1R,ACY3
gene_set_query	145	ZNF566	320.0	ARCHS4 Coexpression,120;Enrichr Queries,557;GTEx Coexpression,283	PTGES3L
gene_set_query	146	TCF15	320.7	ARCHS4 Coexpression,192;Enrichr Queries,758;GTEx Coexpression,12	RPS26,PTGES3L
gene_set_query	147	TEAD4	320.8	Literature ChIP-seq,92;ARCHS4 Coexpression,475;ENCODE ChIP-seq,49;Enrichr Queries,1004;ReMap ChIP-seq,203;GTEx Coexpression,102	RPS26,PTGES3L
gene_set_query	148	TCF3	323.7	Literature ChIP-seq,52;ARCHS4 Coexpression,625;ENCODE ChIP-seq,97;Enrichr Queries,463;ReMap ChIP-seq,36;GTEx Coexpression,669	RPS26,ACY3
gene_set_query	149	CSRNP2	328.5	ARCHS4 Coexpression,249;GTEx Coexpression,408	
gene_set_query	150	NR1H2	329.8	ARCHS4 Coexpression,951;Enrichr Queries,53;ReMap ChIP-seq,239;GTEx Coexpression,76	CCDC124
gene_set_query	151	PCGF2	330.0	ARCHS4 Coexpression,468;ReMap ChIP-seq,192	
gene_set_query	152	RUNX2	330.2	Literature ChIP-seq,69;ARCHS4 Coexpression,224;Enrichr Queries,27;ReMap ChIP-seq,72;GTEx Coexpression,1259	CSF1R,CCDC124,PLD4
gene_set_query	153	MAFA	330.3	ARCHS4 Coexpression,463;Enrichr Queries,446;GTEx Coexpression,82	PTGES3L
gene_set_query	154	ZBTB2	330.3	ARCHS4 Coexpression,68;Enrichr Queries,738;GTEx Coexpression,185	CMTM6
gene_set_query	155	NME2	331.3	ARCHS4 Coexpression,762;ReMap ChIP-seq,210;GTEx Coexpression,22	RPS26
gene_set_query	156	ZNF596	333.0	ARCHS4 Coexpression,182;Enrichr Queries,294;GTEx Coexpression,523	PTGES3L
gene_set_query	157	GRHL2	333.4	Literature ChIP-seq,121;ARCHS4 Coexpression,461;Enrichr Queries,612;ReMap ChIP-seq,189;GTEx Coexpression,284	
gene_set_query	158	HHEX	334.8	ARCHS4 Coexpression,1043;Enrichr Queries,37;ReMap ChIP-seq,53;GTEx Coexpression,206	RPS26,CSF1R
gene_set_query	159	RELA	335.2	Literature ChIP-seq,54;ARCHS4 Coexpression,912;ENCODE ChIP-seq,32;Enrichr Queries,233;ReMap ChIP-seq,85;GTEx Coexpression,695	RPS26,CCDC124
gene_set_query	160	ARID3A	336.0	ARCHS4 Coexpression,556;ENCODE ChIP-seq,81;Enrichr Queries,730;ReMap ChIP-seq,159;GTEx Coexpression,154	RPS26,IGSF6
gene_set_query	161	ZNF558	336.3	ARCHS4 Coexpression,122;Enrichr Queries,460;GTEx Coexpression,427	PTGES3L
gene_set_query	162	CENPS	336.5	ARCHS4 Coexpression,313;GTEx Coexpression,360	
gene_set_query	163	PLAGL2	336.7	ARCHS4 Coexpression,488;Enrichr Queries,90;GTEx Coexpression,432	
gene_set_query	164	AHR	337.4	Literature ChIP-seq,132;ARCHS4 Coexpression,188;Enrichr Queries,559;ReMap ChIP-seq,73;GTEx Coexpression,735	ACY3,CMTM6
gene_set_query	165	ZNF846	337.7	ARCHS4 Coexpression,135;Enrichr Queries,570;GTEx Coexpression,308	PTGES3L
gene_set_query	166	ZNF726	338.0	ARCHS4 Coexpression,34;GTEx Coexpression,642	PTGES3L
gene_set_query	167	HSFX1	338.0	ARCHS4 Coexpression,580;GTEx Coexpression,96	PTGES3L
gene_set_query	168	ETV6	338.3	ARCHS4 Coexpression,164;Enrichr Queries,411;ReMap ChIP-seq,224;GTEx Coexpression,554	IGSF6
gene_set_query	169	HSFY2	338.5	ARCHS4 Coexpression,271;GTEx Coexpression,406	
gene_set_query	170	RFX5	339.0	ARCHS4 Coexpression,700;ENCODE ChIP-seq,74;Enrichr Queries,87;ReMap ChIP-seq,108;GTEx Coexpression,726	RPS26
gene_set_query	171	ZBTB42	340.0	ARCHS4 Coexpression,433;GTEx Coexpression,247	
gene_set_query	172	ZNF263	340.3	Literature ChIP-seq,158;ARCHS4 Coexpression,256;ENCODE ChIP-seq,73;Enrichr Queries,348;ReMap ChIP-seq,185;GTEx Coexpression,1022	RPS26
gene_set_query	173	SNAPC5	340.5	ARCHS4 Coexpression,651;GTEx Coexpression,30	PTGES3L
gene_set_query	174	ZBTB25	340.7	ARCHS4 Coexpression,41;Enrichr Queries,563;GTEx Coexpression,418	PTGES3L
gene_set_query	175	PURA	341.0	ARCHS4 Coexpression,245;GTEx Coexpression,437	
gene_set_query	176	ZNF213	342.0	ARCHS4 Coexpression,279;Enrichr Queries,254;GTEx Coexpression,493	
gene_set_query	177	ESRRA	342.0	ARCHS4 Coexpression,1098;ENCODE ChIP-seq,104;Enrichr Queries,146;ReMap ChIP-seq,195;GTEx Coexpression,167	PTGES3L
gene_set_query	178	ZNF526	344.0	ARCHS4 Coexpression,29;Enrichr Queries,112;GTEx Coexpression,891	PTGES3L
gene_set_query	179	ZNF7	344.3	ARCHS4 Coexpression,63;Enrichr Queries,569;GTEx Coexpression,401	PTGES3L
gene_set_query	180	ZNF550	345.0	ARCHS4 Coexpression,87;Enrichr Queries,550;GTEx Coexpression,398	PTGES3L
gene_set_query	181	ETV3	345.3	ARCHS4 Coexpression,187;Enrichr Queries,127;GTEx Coexpression,722	CMTM6
gene_set_query	182	ZNF556	345.7	ARCHS4 Coexpression,33;Enrichr Queries,852;GTEx Coexpression,152	PTGES3L
gene_set_query	183	ZXDA	346.7	ARCHS4 Coexpression,257;Enrichr Queries,491;GTEx Coexpression,292	
gene_set_query	184	ZNF687	347.3	ARCHS4 Coexpression,790;Enrichr Queries,169;GTEx Coexpression,83	IGSF6
gene_set_query	185	MNT	348.0	ARCHS4 Coexpression,718;Enrichr Queries,321;ReMap ChIP-seq,265;GTEx Coexpression,88	IGSF6
gene_set_query	186	PREB	348.0	ARCHS4 Coexpression,142;Enrichr Queries,151;GTEx Coexpression,751	CCDC124
gene_set_query	187	BHLHA15	349.0	ARCHS4 Coexpression,275;GTEx Coexpression,423	
gene_set_query	188	CPEB1	349.5	ARCHS4 Coexpression,428;GTEx Coexpression,271	
gene_set_query	189	E2F4	350.5	Literature ChIP-seq,87;ARCHS4 Coexpression,246;ENCODE ChIP-seq,64;Enrichr Queries,187;ReMap ChIP-seq,120;GTEx Coexpression,1399	RPS26
gene_set_query	190	SPIC	350.7	ARCHS4 Coexpression,881;Enrichr Queries,5;GTEx Coexpression,166	CSF1R,IGSF6,PLD4
gene_set_query	191	ZNF324B	352.0	ARCHS4 Coexpression,341;GTEx Coexpression,363	
gene_set_query	192	FOXA3	354.3	ARCHS4 Coexpression,598;Enrichr Queries,329;GTEx Coexpression,136	ACY3
gene_set_query	193	CTCF	356.3	Literature ChIP-seq,12;ARCHS4 Coexpression,695;ENCODE ChIP-seq,1;Enrichr Queries,599;ReMap ChIP-seq,90;GTEx Coexpression,741	RPS26,ACY3,CCDC124,CMTM6,PTGES3L
gene_set_query	194	BAZ2B	357.0	ARCHS4 Coexpression,826;Enrichr Queries,209;GTEx Coexpression,36	CCDC124
gene_set_query	195	ZNF500	358.3	ARCHS4 Coexpression,59;Enrichr Queries,548;GTEx Coexpression,468	PTGES3L
gene_set_query	196	ZNF724	359.0	ARCHS4 Coexpression,198;GTEx Coexpression,520	PTGES3L
gene_set_query	197	TERB1	359.5	ARCHS4 Coexpression,54;GTEx Coexpression,665	PTGES3L
gene_set_query	198	SREBF2	360.5	Literature ChIP-seq,48;ARCHS4 Coexpression,1363;ENCODE ChIP-seq,114;Enrichr Queries,264;ReMap ChIP-seq,41;GTEx Coexpression,333	RPS26,ACY3
gene_set_query	199	AHRR	361.0	ARCHS4 Coexpression,204;GTEx Coexpression,518	CSF1R
gene_set_query	200	THAP11	361.2	Literature ChIP-seq,44;ARCHS4 Coexpression,1571;Enrichr Queries,130;ReMap ChIP-seq,24;GTEx Coexpression,37	RPS26,CMTM6,PTGES3L
gene_set_query	201	GFI1B	362.4	Literature ChIP-seq,23;ARCHS4 Coexpression,1427;Enrichr Queries,78;ReMap ChIP-seq,173;GTEx Coexpression,111	IGSF6,PLD4,TREM2
gene_set_query	202	NR3C1	362.8	Literature ChIP-seq,47;ARCHS4 Coexpression,155;ENCODE ChIP-seq,9;Enrichr Queries,885;ReMap ChIP-seq,137;GTEx Coexpression,944	CCDC124,CMTM6
gene_set_query	203	MYOD1	363.0	ARCHS4 Coexpression,332;ENCODE ChIP-seq,88;Enrichr Queries,1109;ReMap ChIP-seq,216;GTEx Coexpression,70	PTGES3L
gene_set_query	204	CREB1	365.2	Literature ChIP-seq,50;ARCHS4 Coexpression,38;ENCODE ChIP-seq,19;Enrichr Queries,641;ReMap ChIP-seq,100;GTEx Coexpression,1343	RPS26,CCDC124,CMTM6,PTGES3L
gene_set_query	205	ZNF431	367.7	ARCHS4 Coexpression,92;Enrichr Queries,302;GTEx Coexpression,709	PTGES3L
gene_set_query	206	TFDP1	368.0	ARCHS4 Coexpression,353;Enrichr Queries,301;ReMap ChIP-seq,44;GTEx Coexpression,774	CCDC124
gene_set_query	207	MYC	369.2	Literature ChIP-seq,9;ARCHS4 Coexpression,841;ENCODE ChIP-seq,44;Enrichr Queries,887;ReMap ChIP-seq,112;GTEx Coexpression,322	RPS26,CCDC124
gene_set_query	208	YY1	369.5	Literature ChIP-seq,11;ARCHS4 Coexpression,866;ENCODE ChIP-seq,31;Enrichr Queries,72;ReMap ChIP-seq,105;GTEx Coexpression,1132	RPS26,CCDC124
gene_set_query	209	ASCL3	372.0	ARCHS4 Coexpression,253;Enrichr Queries,586;GTEx Coexpression,277	
gene_set_query	210	ETS2	373.3	Literature ChIP-seq,148;ARCHS4 Coexpression,220;Enrichr Queries,434;GTEx Coexpression,691	CSF1R
gene_set_query	211	NCOA2	374.0	ARCHS4 Coexpression,986;Enrichr Queries,306;ReMap ChIP-seq,194;GTEx Coexpression,10	CCDC124,CMTM6
gene_set_query	212	STAT2	374.0	ARCHS4 Coexpression,222;ENCODE ChIP-seq,116;Enrichr Queries,1272;ReMap ChIP-seq,245;GTEx Coexpression,15	IGSF6,CCDC124
gene_set_query	213	E2F6	374.6	ARCHS4 Coexpression,1179;ENCODE ChIP-seq,85;Enrichr Queries,465;ReMap ChIP-seq,117;GTEx Coexpression,27	RPS26,PTGES3L
gene_set_query	214	MYOG	374.8	ARCHS4 Coexpression,792;ENCODE ChIP-seq,87;Enrichr Queries,480;GTEx Coexpression,140	PTGES3L
gene_set_query	215	GTF2IRD2	375.0	ARCHS4 Coexpression,74;Enrichr Queries,64;GTEx Coexpression,987	PTGES3L
gene_set_query	216	ZNF492	377.5	ARCHS4 Coexpression,58;GTEx Coexpression,697	PTGES3L
gene_set_query	217	FOXP2	377.5	Literature ChIP-seq,125;ARCHS4 Coexpression,450;ENCODE ChIP-seq,113;Enrichr Queries,1045;ReMap ChIP-seq,167;GTEx Coexpression,365	
gene_set_query	218	ZBTB34	377.7	ARCHS4 Coexpression,733;Enrichr Queries,270;GTEx Coexpression,130	IGSF6
gene_set_query	219	ZNF114	378.0	ARCHS4 Coexpression,128;Enrichr Queries,647;GTEx Coexpression,359	PTGES3L
gene_set_query	220	RARG	378.3	Literature ChIP-seq,14;ARCHS4 Coexpression,680;Enrichr Queries,577;GTEx Coexpression,242	CCDC124
gene_set_query	221	ZNF366	382.0	ARCHS4 Coexpression,195;Enrichr Queries,17;GTEx Coexpression,934	CSF1R,IGSF6
gene_set_query	222	ZNF844	382.5	ARCHS4 Coexpression,98;GTEx Coexpression,667	PTGES3L
gene_set_query	223	NKX28	383.5	ARCHS4 Coexpression,207;GTEx Coexpression,560	CCDC124
gene_set_query	224	GATA3	384.5	Literature ChIP-seq,74;ARCHS4 Coexpression,519;ENCODE ChIP-seq,43;Enrichr Queries,890;ReMap ChIP-seq,190;GTEx Coexpression,591	CSF1R,ACY3
gene_set_query	225	ZNF483	384.7	ARCHS4 Coexpression,416;Enrichr Queries,271;GTEx Coexpression,467	
gene_set_query	226	ZSCAN5C	385.3	ARCHS4 Coexpression,780;Enrichr Queries,172;GTEx Coexpression,204	
gene_set_query	227	EOMES	386.2	Literature ChIP-seq,17;ARCHS4 Coexpression,757;Enrichr Queries,470;ReMap ChIP-seq,35;GTEx Coexpression,652	CSF1R,ACY3,TREM2
gene_set_query	228	ZNF765	386.3	ARCHS4 Coexpression,70;Enrichr Queries,372;GTEx Coexpression,717	PTGES3L
gene_set_query	229	PHF21A	387.3	ARCHS4 Coexpression,710;Enrichr Queries,349;GTEx Coexpression,103	IGSF6
gene_set_query	230	UBP1	387.7	ARCHS4 Coexpression,581;Enrichr Queries,320;GTEx Coexpression,262	
gene_set_query	231	HMG20B	387.7	ARCHS4 Coexpression,509;Enrichr Queries,287;GTEx Coexpression,367	
gene_set_query	232	ZNF827	387.7	ARCHS4 Coexpression,223;Enrichr Queries,882;GTEx Coexpression,58	CMTM6
gene_set_query	233	TAL1	389.5	Literature ChIP-seq,2;ARCHS4 Coexpression,1340;ENCODE ChIP-seq,8;Enrichr Queries,44;ReMap ChIP-seq,99;GTEx Coexpression,844	RPS26,CSF1R,CMTM6,PLD4
gene_set_query	234	DMRTC2	390.0	ARCHS4 Coexpression,427;Enrichr Queries,20;GTEx Coexpression,723	ACY3
gene_set_query	235	DLX3	390.0	ARCHS4 Coexpression,264;Enrichr Queries,683;GTEx Coexpression,223	
gene_set_query	236	HOXB8	390.3	ARCHS4 Coexpression,699;Enrichr Queries,451;GTEx Coexpression,21	TREM2
gene_set_query	237	AKAP8	391.0	ARCHS4 Coexpression,640;Enrichr Queries,109;GTEx Coexpression,424	
gene_set_query	238	ZNF267	391.7	ARCHS4 Coexpression,14;Enrichr Queries,956;GTEx Coexpression,205	IGSF6,CMTM6
gene_set_query	239	STAT6	391.8	Literature ChIP-seq,142;ARCHS4 Coexpression,304;Enrichr Queries,759;GTEx Coexpression,362	
gene_set_query	240	NKX32	392.0	ARCHS4 Coexpression,439;GTEx Coexpression,345	
gene_set_query	241	E2F7	393.2	Literature ChIP-seq,160;ARCHS4 Coexpression,1081;Enrichr Queries,435;ReMap ChIP-seq,38;GTEx Coexpression,252	PLD4
gene_set_query	242	INSM2	393.3	ARCHS4 Coexpression,498;Enrichr Queries,249;GTEx Coexpression,433	
gene_set_query	243	PAX5	394.6	ARCHS4 Coexpression,636;ENCODE ChIP-seq,83;Enrichr Queries,617;ReMap ChIP-seq,22;GTEx Coexpression,615	RPS26,ACY3,CCDC124
gene_set_query	244	ZEB2	395.0	ARCHS4 Coexpression,17;Enrichr Queries,22;ReMap ChIP-seq,47;GTEx Coexpression,1494	CSF1R,IGSF6,PTGES3L
gene_set_query	245	ZNF217	395.5	Literature ChIP-seq,108;ARCHS4 Coexpression,613;ENCODE ChIP-seq,100;Enrichr Queries,1146;ReMap ChIP-seq,278;GTEx Coexpression,128	CMTM6
gene_set_query	246	NFIL3	396.0	ARCHS4 Coexpression,170;Enrichr Queries,709;GTEx Coexpression,309	IGSF6
gene_set_query	247	ZHX2	396.3	ARCHS4 Coexpression,854;Enrichr Queries,386;ReMap ChIP-seq,214;GTEx Coexpression,131	PTGES3L
gene_set_query	248	TBX6	396.3	ARCHS4 Coexpression,196;Enrichr Queries,156;GTEx Coexpression,837	PTGES3L
gene_set_query	249	XBP1	396.8	ARCHS4 Coexpression,501;Enrichr Queries,763;ReMap ChIP-seq,11;GTEx Coexpression,312	PTGES3L,TREM2
gene_set_query	250	ELK1	397.4	Literature ChIP-seq,123;ARCHS4 Coexpression,1325;ENCODE ChIP-seq,78;ReMap ChIP-seq,93;GTEx Coexpression,368	RPS26,PTGES3L
gene_set_query	251	TCF7	398.0	Literature ChIP-seq,109;ARCHS4 Coexpression,1052;Enrichr Queries,350;ReMap ChIP-seq,48;GTEx Coexpression,431	ACY3
gene_set_query	252	BHLHE40	398.5	ARCHS4 Coexpression,608;ENCODE ChIP-seq,23;ReMap ChIP-seq,109;GTEx Coexpression,854	RPS26,CMTM6
gene_set_query	253	MEF2B	399.8	ARCHS4 Coexpression,281;Enrichr Queries,505;ReMap ChIP-seq,2;GTEx Coexpression,811	ACY3,IGSF6,PLD4
gene_set_query	254	ZNF230	400.3	ARCHS4 Coexpression,686;Enrichr Queries,368;GTEx Coexpression,147	IGSF6
gene_set_query	255	ISX	402.3	ARCHS4 Coexpression,837;Enrichr Queries,142;GTEx Coexpression,228	
gene_set_query	256	FOSL1	402.6	ARCHS4 Coexpression,90;ENCODE ChIP-seq,108;Enrichr Queries,590;ReMap ChIP-seq,140;GTEx Coexpression,1085	CCDC124
gene_set_query	257	ZNF611	403.3	ARCHS4 Coexpression,93;Enrichr Queries,276;GTEx Coexpression,841	PTGES3L
gene_set_query	258	CEBPZ	404.4	ARCHS4 Coexpression,504;ENCODE ChIP-seq,107;Enrichr Queries,295;ReMap ChIP-seq,255;GTEx Coexpression,861	
gene_set_query	259	ZNF337	406.0	ARCHS4 Coexpression,545;Enrichr Queries,162;GTEx Coexpression,511	
gene_set_query	260	BRF2	408.0	ARCHS4 Coexpression,726;ReMap ChIP-seq,272;GTEx Coexpression,226	
gene_set_query	261	ZIM3	408.3	ARCHS4 Coexpression,165;Enrichr Queries,624;GTEx Coexpression,436	PTGES3L
gene_set_query	262	NR1I3	409.0	ARCHS4 Coexpression,205;Enrichr Queries,684;GTEx Coexpression,338	PTGES3L
gene_set_query	263	STAT3	409.3	Literature ChIP-seq,31;ARCHS4 Coexpression,752;ENCODE ChIP-seq,35;Enrichr Queries,878;ReMap ChIP-seq,98;GTEx Coexpression,662	RPS26,CSF1R,CCDC124,CMTM6
gene_set_query	264	ZSCAN25	409.5	ARCHS4 Coexpression,595;GTEx Coexpression,224	
gene_set_query	265	ZNF319	410.0	ARCHS4 Coexpression,1036;Enrichr Queries,105;GTEx Coexpression,89	IGSF6
gene_set_query	266	NFYA	410.0	ARCHS4 Coexpression,607;ENCODE ChIP-seq,82;Enrichr Queries,675;ReMap ChIP-seq,243;GTEx Coexpression,443	RPS26
gene_set_query	267	HINFP	412.0	ARCHS4 Coexpression,131;ReMap ChIP-seq,28;GTEx Coexpression,1077	CCDC124,PTGES3L
gene_set_query	268	ZNF750	412.5	ARCHS4 Coexpression,552;Enrichr Queries,743;ReMap ChIP-seq,97;GTEx Coexpression,258	CCDC124
gene_set_query	269	ATF4	412.5	ARCHS4 Coexpression,319;Enrichr Queries,30;ReMap ChIP-seq,267;GTEx Coexpression,1034	RPS26
gene_set_query	270	ATF2	415.6	ARCHS4 Coexpression,1094;ENCODE ChIP-seq,25;Enrichr Queries,384;ReMap ChIP-seq,170;GTEx Coexpression,405	RPS26,CCDC124
gene_set_query	271	MBD4	417.0	ARCHS4 Coexpression,1095;ENCODE ChIP-seq,21;Enrichr Queries,667;ReMap ChIP-seq,253;GTEx Coexpression,49	RPS26,IGSF6,CCDC124
gene_set_query	272	EGR3	420.3	ARCHS4 Coexpression,7;Enrichr Queries,601;GTEx Coexpression,653	CSF1R,PLD4,TREM2
gene_set_query	273	ZNF713	421.0	ARCHS4 Coexpression,36;Enrichr Queries,605;GTEx Coexpression,622	PTGES3L
gene_set_query	274	HOXB4	422.5	Literature ChIP-seq,64;ARCHS4 Coexpression,351;Enrichr Queries,705;GTEx Coexpression,570	RPS26
gene_set_query	275	ZBTB3	425.3	ARCHS4 Coexpression,185;Enrichr Queries,994;GTEx Coexpression,97	IGSF6,PTGES3L
gene_set_query	276	VDR	426.4	Literature ChIP-seq,43;ARCHS4 Coexpression,617;Enrichr Queries,718;ReMap ChIP-seq,119;GTEx Coexpression,635	RPS26,CCDC124
gene_set_query	277	RFX1	426.5	ARCHS4 Coexpression,411;Enrichr Queries,219;ReMap ChIP-seq,65;GTEx Coexpression,1011	PTGES3L
gene_set_query	278	ZNF821	427.3	ARCHS4 Coexpression,424;Enrichr Queries,140;GTEx Coexpression,718	
gene_set_query	279	ARNT	427.6	Literature ChIP-seq,119;ARCHS4 Coexpression,292;Enrichr Queries,1055;ReMap ChIP-seq,182;GTEx Coexpression,490	
gene_set_query	280	SETDB2	428.3	ARCHS4 Coexpression,1149;Enrichr Queries,120;GTEx Coexpression,16	CCDC124
gene_set_query	281	PAX4	429.3	ARCHS4 Coexpression,76;Enrichr Queries,609;GTEx Coexpression,603	PTGES3L
gene_set_query	282	NHLH1	429.7	ARCHS4 Coexpression,326;Enrichr Queries,872;GTEx Coexpression,91	IGSF6
gene_set_query	283	HSF1	430.8	Literature ChIP-seq,128;ARCHS4 Coexpression,1315;ENCODE ChIP-seq,117;ReMap ChIP-seq,200;GTEx Coexpression,394	
gene_set_query	284	ZNF44	432.0	ARCHS4 Coexpression,73;Enrichr Queries,232;GTEx Coexpression,991	PTGES3L
gene_set_query	285	NFE2L3	432.7	ARCHS4 Coexpression,564;Enrichr Queries,666;GTEx Coexpression,68	CMTM6
gene_set_query	286	CENPA	433.5	ARCHS4 Coexpression,530;GTEx Coexpression,337	
gene_set_query	287	ZNF207	433.8	ARCHS4 Coexpression,1337;Enrichr Queries,115;ReMap ChIP-seq,237;GTEx Coexpression,46	CCDC124
gene_set_query	288	ZNF736	436.5	ARCHS4 Coexpression,849;GTEx Coexpression,24	CCDC124
gene_set_query	289	ZNF716	436.7	ARCHS4 Coexpression,28;Enrichr Queries,118;GTEx Coexpression,1164	PTGES3L
gene_set_query	290	STAT1	437.0	Literature ChIP-seq,134;ARCHS4 Coexpression,804;ENCODE ChIP-seq,92;Enrichr Queries,900;ReMap ChIP-seq,141;GTEx Coexpression,551	
gene_set_query	291	ETV3L	439.0	ARCHS4 Coexpression,480;Enrichr Queries,509;GTEx Coexpression,328	
gene_set_query	292	ZIC2	439.0	ARCHS4 Coexpression,330;Enrichr Queries,784;GTEx Coexpression,203	
gene_set_query	293	HNF1A	439.7	ARCHS4 Coexpression,768;Enrichr Queries,438;GTEx Coexpression,113	ACY3
gene_set_query	294	HOXC9	440.5	Literature ChIP-seq,75;ARCHS4 Coexpression,149;Enrichr Queries,861;GTEx Coexpression,677	RPS26
gene_set_query	295	GFI1	440.7	ARCHS4 Coexpression,355;Enrichr Queries,150;GTEx Coexpression,817	
gene_set_query	296	TCF20	441.0	ARCHS4 Coexpression,664;Enrichr Queries,298;GTEx Coexpression,361	
gene_set_query	297	RAG1	441.7	ARCHS4 Coexpression,236;Enrichr Queries,286;GTEx Coexpression,803	
gene_set_query	298	JUND	441.8	Literature ChIP-seq,96;ARCHS4 Coexpression,1086;ENCODE ChIP-seq,55;Enrichr Queries,26;ReMap ChIP-seq,169;GTEx Coexpression,1219	RPS26,CCDC124
gene_set_query	299	PBX2	442.0	ARCHS4 Coexpression,523;Enrichr Queries,217;ReMap ChIP-seq,142;GTEx Coexpression,886	
gene_set_query	300	ZNF793	442.0	ARCHS4 Coexpression,40;Enrichr Queries,273;GTEx Coexpression,1013	PTGES3L
gene_set_query	301	NFKB1	444.8	ARCHS4 Coexpression,830;Enrichr Queries,195;ReMap ChIP-seq,88;GTEx Coexpression,666	CCDC124
gene_set_query	302	ZBTB39	445.7	ARCHS4 Coexpression,389;Enrichr Queries,323;GTEx Coexpression,625	
gene_set_query	303	ZNF329	446.0	ARCHS4 Coexpression,57;Enrichr Queries,704;GTEx Coexpression,577	PTGES3L
gene_set_query	304	POU2F1	446.3	ARCHS4 Coexpression,831;Enrichr Queries,395;ReMap ChIP-seq,186;GTEx Coexpression,373	
gene_set_query	305	ZNF454	446.7	ARCHS4 Coexpression,210;Enrichr Queries,85;GTEx Coexpression,1045	PTGES3L
gene_set_query	306	NR5A2	448.0	ARCHS4 Coexpression,233;Enrichr Queries,827;ReMap ChIP-seq,261;GTEx Coexpression,471	
gene_set_query	307	ZHX1	450.0	ARCHS4 Coexpression,334;Enrichr Queries,231;ReMap ChIP-seq,143;GTEx Coexpression,1092	
gene_set_query	308	ZNF669	450.3	ARCHS4 Coexpression,53;Enrichr Queries,1059;GTEx Coexpression,239	PTGES3L
gene_set_query	309	TET3	451.0	ARCHS4 Coexpression,307;ReMap ChIP-seq,296;GTEx Coexpression,750	
gene_set_query	310	ZNF398	451.3	ARCHS4 Coexpression,654;Enrichr Queries,336;GTEx Coexpression,364	
gene_set_query	311	NFKB2	451.8	ARCHS4 Coexpression,732;Enrichr Queries,543;ReMap ChIP-seq,63;GTEx Coexpression,469	CCDC124
gene_set_query	312	SCML4	452.7	ARCHS4 Coexpression,1093;Enrichr Queries,136;GTEx Coexpression,129	IGSF6
gene_set_query	313	FOS	453.0	ARCHS4 Coexpression,225;ENCODE ChIP-seq,60;Enrichr Queries,728;ReMap ChIP-seq,151;GTEx Coexpression,1101	RPS26,CSF1R,PTGES3L
gene_set_query	314	ZNF710	453.7	ARCHS4 Coexpression,143;Enrichr Queries,236;GTEx Coexpression,982	CSF1R
gene_set_query	315	MXD1	453.7	ARCHS4 Coexpression,95;Enrichr Queries,724;GTEx Coexpression,542	IGSF6
gene_set_query	316	ZNF619	454.7	ARCHS4 Coexpression,110;Enrichr Queries,678;GTEx Coexpression,576	PTGES3L
gene_set_query	317	ZBTB49	455.0	ARCHS4 Coexpression,67;GTEx Coexpression,843	CMTM6
gene_set_query	318	ZBTB46	456.0	ARCHS4 Coexpression,234;Enrichr Queries,225;GTEx Coexpression,909	
gene_set_query	319	ZNF257	456.3	ARCHS4 Coexpression,83;Enrichr Queries,354;GTEx Coexpression,932	PTGES3L
gene_set_query	320	ATF1	456.6	ARCHS4 Coexpression,1298;ENCODE ChIP-seq,75;Enrichr Queries,135;ReMap ChIP-seq,56;GTEx Coexpression,719	RPS26,PTGES3L
gene_set_query	321	MESP2	457.3	ARCHS4 Coexpression,962;Enrichr Queries,211;GTEx Coexpression,199	
gene_set_query	322	SIX1	459.0	ARCHS4 Coexpression,524;Enrichr Queries,696;GTEx Coexpression,157	PTGES3L
gene_set_query	323	SETDB1	460.0	Literature ChIP-seq,35;ARCHS4 Coexpression,883;ENCODE ChIP-seq,65;Enrichr Queries,652;ReMap ChIP-seq,49;GTEx Coexpression,1076	ACY3,CCDC124,CMTM6,PLD4
gene_set_query	324	BACH2	460.0	ARCHS4 Coexpression,432;Enrichr Queries,907;ReMap ChIP-seq,9;GTEx Coexpression,492	ACY3,IGSF6
gene_set_query	325	RREB1	460.0	ARCHS4 Coexpression,486;Enrichr Queries,184;GTEx Coexpression,710	
gene_set_query	326	ZNF383	462.7	ARCHS4 Coexpression,75;Enrichr Queries,208;GTEx Coexpression,1105	PTGES3L
gene_set_query	327	ZNF417	462.7	ARCHS4 Coexpression,354;Enrichr Queries,764;GTEx Coexpression,270	
gene_set_query	328	NR4A1	463.5	ARCHS4 Coexpression,5;Enrichr Queries,567;ReMap ChIP-seq,1;GTEx Coexpression,1281	RPS26,CSF1R,PTGES3L,PLD4,TREM2
gene_set_query	329	ZBED4	463.7	ARCHS4 Coexpression,899;Enrichr Queries,75;GTEx Coexpression,417	
gene_set_query	330	ZBTB7B	464.7	ARCHS4 Coexpression,747;Enrichr Queries,88;GTEx Coexpression,559	
gene_set_query	331	ZNF385D	465.3	ARCHS4 Coexpression,1029;Enrichr Queries,99;GTEx Coexpression,268	
gene_set_query	332	ZFP30	465.7	ARCHS4 Coexpression,259;Enrichr Queries,643;GTEx Coexpression,495	
gene_set_query	333	ZNF652	466.0	Literature ChIP-seq,155;ARCHS4 Coexpression,601;Enrichr Queries,627;GTEx Coexpression,481	
gene_set_query	334	BHLHE41	466.5	ARCHS4 Coexpression,9;GTEx Coexpression,924	CSF1R,PLD4,TREM2
gene_set_query	335	IRF7	467.0	ARCHS4 Coexpression,379;Enrichr Queries,202;GTEx Coexpression,820	
gene_set_query	336	SIM2	467.7	ARCHS4 Coexpression,113;Enrichr Queries,517;GTEx Coexpression,773	PTGES3L
gene_set_query	337	DOT1L	468.0	ARCHS4 Coexpression,531;Enrichr Queries,114;GTEx Coexpression,759	
gene_set_query	338	BCL11A	468.2	ARCHS4 Coexpression,1199;ENCODE ChIP-seq,11;Enrichr Queries,495;ReMap ChIP-seq,153;GTEx Coexpression,483	RPS26,PLD4
gene_set_query	339	ZNF691	468.3	ARCHS4 Coexpression,692;Enrichr Queries,303;GTEx Coexpression,410	
gene_set_query	340	CDX2	468.4	Literature ChIP-seq,26;ARCHS4 Coexpression,639;Enrichr Queries,1263;ReMap ChIP-seq,134;GTEx Coexpression,280	RPS26
gene_set_query	341	FOXK1	468.8	ARCHS4 Coexpression,900;Enrichr Queries,76;ReMap ChIP-seq,236;GTEx Coexpression,663	
gene_set_query	342	ELK4	469.6	ARCHS4 Coexpression,1101;ENCODE ChIP-seq,71;Enrichr Queries,186;ReMap ChIP-seq,238;GTEx Coexpression,752	RPS26
gene_set_query	343	CRX	470.3	Literature ChIP-seq,135;ARCHS4 Coexpression,44;Enrichr Queries,1127;GTEx Coexpression,575	PTGES3L
gene_set_query	344	EGR4	470.7	ARCHS4 Coexpression,596;Enrichr Queries,437;GTEx Coexpression,379	
gene_set_query	345	FOXP3	471.0	Literature ChIP-seq,60;ARCHS4 Coexpression,966;Enrichr Queries,60;GTEx Coexpression,798	RPS26,CSF1R
gene_set_query	346	ZNF746	471.3	ARCHS4 Coexpression,277;Enrichr Queries,959;GTEx Coexpression,178	IGSF6
gene_set_query	347	CASZ1	471.3	ARCHS4 Coexpression,585;Enrichr Queries,415;GTEx Coexpression,414	
gene_set_query	348	ELF3	473.8	ARCHS4 Coexpression,575;Enrichr Queries,668;ReMap ChIP-seq,199;GTEx Coexpression,453	
gene_set_query	349	SRF	474.7	Literature ChIP-seq,112;ARCHS4 Coexpression,659;ENCODE ChIP-seq,18;Enrichr Queries,607;ReMap ChIP-seq,18;GTEx Coexpression,1434	CCDC124,PTGES3L
gene_set_query	350	KDM2B	475.5	ARCHS4 Coexpression,507;GTEx Coexpression,444	
gene_set_query	351	TFEB	475.8	Literature ChIP-seq,127;ARCHS4 Coexpression,824;Enrichr Queries,797;GTEx Coexpression,155	IGSF6
gene_set_query	352	ZFP14	476.3	ARCHS4 Coexpression,118;Enrichr Queries,655;GTEx Coexpression,656	PTGES3L
gene_set_query	353	E2F3	476.3	ARCHS4 Coexpression,347;Enrichr Queries,967;GTEx Coexpression,115	IGSF6
gene_set_query	354	PRDM15	476.3	ARCHS4 Coexpression,1108;Enrichr Queries,101;GTEx Coexpression,220	
gene_set_query	355	THAP6	477.3	ARCHS4 Coexpression,104;Enrichr Queries,608;GTEx Coexpression,720	PTGES3L
gene_set_query	356	MYF5	477.7	ARCHS4 Coexpression,542;Enrichr Queries,828;GTEx Coexpression,63	PTGES3L
gene_set_query	357	ZNF317	477.7	ARCHS4 Coexpression,438;Enrichr Queries,677;GTEx Coexpression,318	
gene_set_query	358	AKNA	478.3	ARCHS4 Coexpression,782;Enrichr Queries,58;GTEx Coexpression,595	CSF1R
gene_set_query	359	SMAD3	478.8	Literature ChIP-seq,100;ARCHS4 Coexpression,923;Enrichr Queries,1042;ReMap ChIP-seq,127;GTEx Coexpression,202	
gene_set_query	360	TBP	478.8	Literature ChIP-seq,130;ARCHS4 Coexpression,1370;ENCODE ChIP-seq,62;ReMap ChIP-seq,107;GTEx Coexpression,725	CMTM6
gene_set_query	361	FOXJ3	479.3	ARCHS4 Coexpression,670;Enrichr Queries,230;GTEx Coexpression,538	
gene_set_query	362	NFX1	480.3	ARCHS4 Coexpression,984;Enrichr Queries,138;GTEx Coexpression,319	
gene_set_query	363	NR2F6	480.8	ARCHS4 Coexpression,645;Enrichr Queries,453;ReMap ChIP-seq,211;GTEx Coexpression,614	
gene_set_query	364	BATF2	481.3	ARCHS4 Coexpression,152;Enrichr Queries,1219;GTEx Coexpression,73	IGSF6
gene_set_query	365	FOXP1	481.6	Literature ChIP-seq,84;ARCHS4 Coexpression,1071;Enrichr Queries,727;ReMap ChIP-seq,154;GTEx Coexpression,372	RPS26
gene_set_query	366	PROX1	481.8	ARCHS4 Coexpression,265;Enrichr Queries,923;ReMap ChIP-seq,240;GTEx Coexpression,499	
gene_set_query	367	STAT5B	482.0	ARCHS4 Coexpression,1273;Enrichr Queries,412;ReMap ChIP-seq,92;GTEx Coexpression,151	IGSF6,PTGES3L
gene_set_query	368	ZNF747	484.7	ARCHS4 Coexpression,108;Enrichr Queries,1291;GTEx Coexpression,55	PTGES3L
gene_set_query	369	ARGFX	487.0	ARCHS4 Coexpression,1077;Enrichr Queries,325;GTEx Coexpression,59	PTGES3L
gene_set_query	370	FOXJ1	487.7	ARCHS4 Coexpression,584;Enrichr Queries,427;GTEx Coexpression,452	
gene_set_query	371	CREB5	488.0	ARCHS4 Coexpression,154;Enrichr Queries,1206;GTEx Coexpression,104	IGSF6
gene_set_query	372	BHLHE23	488.5	ARCHS4 Coexpression,448;GTEx Coexpression,529	
gene_set_query	373	FOXO3	489.5	Literature ChIP-seq,32;ARCHS4 Coexpression,571;Enrichr Queries,691;GTEx Coexpression,664	CCDC124,CMTM6
gene_set_query	374	HBP1	489.8	ARCHS4 Coexpression,16;Enrichr Queries,1061;ReMap ChIP-seq,76;GTEx Coexpression,806	IGSF6,CMTM6,PTGES3L
gene_set_query	375	E2F2	490.7	ARCHS4 Coexpression,660;Enrichr Queries,328;GTEx Coexpression,484	
gene_set_query	376	ZNF776	491.0	ARCHS4 Coexpression,232;Enrichr Queries,485;GTEx Coexpression,756	
gene_set_query	377	ARID3C	491.0	ARCHS4 Coexpression,696;GTEx Coexpression,286	
gene_set_query	378	ELF4	492.0	ARCHS4 Coexpression,684;Enrichr Queries,39;GTEx Coexpression,753	CSF1R
gene_set_query	379	ZNF672	492.3	ARCHS4 Coexpression,681;Enrichr Queries,778;GTEx Coexpression,18	PTGES3L
gene_set_query	380	ZNF415	493.3	ARCHS4 Coexpression,823;Enrichr Queries,421;GTEx Coexpression,236	
gene_set_query	381	TFAP4	494.0	ARCHS4 Coexpression,1054;Enrichr Queries,373;ReMap ChIP-seq,124;GTEx Coexpression,425	
gene_set_query	382	FOXK2	494.3	ARCHS4 Coexpression,803;Enrichr Queries,123;ReMap ChIP-seq,148;GTEx Coexpression,903	
gene_set_query	383	ZNF641	495.0	ARCHS4 Coexpression,148;Enrichr Queries,1297;GTEx Coexpression,40	IGSF6
gene_set_query	384	NAIF1	496.0	ARCHS4 Coexpression,876;GTEx Coexpression,116	IGSF6
gene_set_query	385	PDX1	497.0	Literature ChIP-seq,137;ARCHS4 Coexpression,359;Enrichr Queries,1378;ReMap ChIP-seq,114;GTEx Coexpression,497	
gene_set_query	386	ZNF646	497.3	ARCHS4 Coexpression,559;Enrichr Queries,433;GTEx Coexpression,500	
gene_set_query	387	HOXB7	497.8	Literature ChIP-seq,71;ARCHS4 Coexpression,907;Enrichr Queries,565;ReMap ChIP-seq,292;GTEx Coexpression,654	IGSF6
gene_set_query	388	ZNF529	498.0	ARCHS4 Coexpression,82;Enrichr Queries,382;GTEx Coexpression,1030	PTGES3L
gene_set_query	389	CREM	498.2	Literature ChIP-seq,58;ARCHS4 Coexpression,25;Enrichr Queries,854;ReMap ChIP-seq,223;GTEx Coexpression,1331	RPS26,CMTM6,CCDC124,TREM2
gene_set_query	390	ZFX	500.0	Literature ChIP-seq,79;ARCHS4 Coexpression,1591;Enrichr Queries,68;ReMap ChIP-seq,215;GTEx Coexpression,547	CCDC124
gene_set_query	391	SALL2	500.7	ARCHS4 Coexpression,268;Enrichr Queries,975;GTEx Coexpression,259	
gene_set_query	392	TP63	501.0	Literature ChIP-seq,63;ARCHS4 Coexpression,771;Enrichr Queries,1083;ReMap ChIP-seq,177;GTEx Coexpression,411	ACY3,CMTM6
gene_set_query	393	ZNF589	501.0	ARCHS4 Coexpression,367;Enrichr Queries,984;ReMap ChIP-seq,25;GTEx Coexpression,628	RPS26
gene_set_query	394	NCOA1	501.3	ARCHS4 Coexpression,343;Enrichr Queries,400;ReMap ChIP-seq,231;GTEx Coexpression,1031	
gene_set_query	395	ETS1	501.8	Literature ChIP-seq,18;ARCHS4 Coexpression,1333;ENCODE ChIP-seq,54;Enrichr Queries,568;ReMap ChIP-seq,160;GTEx Coexpression,878	RPS26,CCDC124
gene_set_query	396	ZNF491	503.3	ARCHS4 Coexpression,749;Enrichr Queries,244;GTEx Coexpression,517	
gene_set_query	397	MITF	503.8	Literature ChIP-seq,85;ARCHS4 Coexpression,940;Enrichr Queries,1152;ReMap ChIP-seq,205;GTEx Coexpression,137	IGSF6,PTGES3L
gene_set_query	398	SP110	504.3	ARCHS4 Coexpression,100;Enrichr Queries,1307;GTEx Coexpression,106	IGSF6
gene_set_query	399	MYF6	505.7	ARCHS4 Coexpression,570;Enrichr Queries,891;GTEx Coexpression,56	PTGES3L
gene_set_query	400	ZNF764	507.7	ARCHS4 Coexpression,151;Enrichr Queries,1003;GTEx Coexpression,369	PTGES3L
gene_set_query	401	MAX	508.0	ARCHS4 Coexpression,1515;ENCODE ChIP-seq,36;Enrichr Queries,200;ReMap ChIP-seq,131;GTEx Coexpression,658	RPS26,ACY3,CCDC124
gene_set_query	402	KLF13	508.8	ARCHS4 Coexpression,963;Enrichr Queries,263;ReMap ChIP-seq,251;GTEx Coexpression,558	
gene_set_query	403	ZNF555	509.0	ARCHS4 Coexpression,221;Enrichr Queries,82;GTEx Coexpression,1224	PTGES3L
gene_set_query	404	PAX6	509.2	Literature ChIP-seq,129;ARCHS4 Coexpression,381;Enrichr Queries,1171;ReMap ChIP-seq,31;GTEx Coexpression,834	RPS26
gene_set_query	405	IKZF5	511.0	ARCHS4 Coexpression,910;Enrichr Queries,319;GTEx Coexpression,304	
gene_set_query	406	SALL1	511.3	Literature ChIP-seq,157;ARCHS4 Coexpression,627;Enrichr Queries,909;GTEx Coexpression,352	
gene_set_query	407	NFIC	511.4	ARCHS4 Coexpression,1372;ENCODE ChIP-seq,45;Enrichr Queries,857;ReMap ChIP-seq,229;GTEx Coexpression,54	RPS26,PTGES3L
gene_set_query	408	ZNF540	511.7	ARCHS4 Coexpression,869;Enrichr Queries,343;GTEx Coexpression,323	
gene_set_query	409	E2F8	512.0	ARCHS4 Coexpression,620;Enrichr Queries,791;GTEx Coexpression,125	PTGES3L
gene_set_query	410	NFATC2	512.7	ARCHS4 Coexpression,1282;Enrichr Queries,29;GTEx Coexpression,227	CSF1R
gene_set_query	411	MLXIP	514.7	ARCHS4 Coexpression,976;Enrichr Queries,347;GTEx Coexpression,221	
gene_set_query	412	PBX3	515.2	ARCHS4 Coexpression,403;ENCODE ChIP-seq,14;Enrichr Queries,856;ReMap ChIP-seq,206;GTEx Coexpression,1097	RPS26,ACY3
gene_set_query	413	ZNF675	515.3	ARCHS4 Coexpression,72;Enrichr Queries,410;GTEx Coexpression,1064	PTGES3L
gene_set_query	414	KLF3	515.5	ARCHS4 Coexpression,1134;Enrichr Queries,316;ReMap ChIP-seq,43;GTEx Coexpression,569	RPS26
gene_set_query	415	VEZF1	515.7	ARCHS4 Coexpression,895;Enrichr Queries,116;GTEx Coexpression,536	
gene_set_query	416	ZNF804B	518.0	ARCHS4 Coexpression,360;Enrichr Queries,848;GTEx Coexpression,346	
gene_set_query	417	OVOL1	518.0	ARCHS4 Coexpression,444;Enrichr Queries,262;GTEx Coexpression,848	
gene_set_query	418	OVOL2	518.3	ARCHS4 Coexpression,385;Enrichr Queries,821;ReMap ChIP-seq,295;GTEx Coexpression,572	
gene_set_query	419	ZNF804A	519.0	ARCHS4 Coexpression,487;Enrichr Queries,282;GTEx Coexpression,788	
gene_set_query	420	ZNF835	519.0	ARCHS4 Coexpression,52;Enrichr Queries,472;GTEx Coexpression,1033	PTGES3L
gene_set_query	421	HES7	519.0	ARCHS4 Coexpression,333;Enrichr Queries,457;GTEx Coexpression,767	
gene_set_query	422	GTF2IRD1	519.0	ARCHS4 Coexpression,162;GTEx Coexpression,876	CMTM6
gene_set_query	423	ZNF441	519.7	ARCHS4 Coexpression,634;Enrichr Queries,197;GTEx Coexpression,728	
gene_set_query	424	HOXA1	520.7	ARCHS4 Coexpression,314;Enrichr Queries,955;GTEx Coexpression,293	
gene_set_query	425	HES2	521.3	ARCHS4 Coexpression,215;Enrichr Queries,756;GTEx Coexpression,593	PTGES3L
gene_set_query	426	RELB	521.5	ARCHS4 Coexpression,503;Enrichr Queries,660;ReMap ChIP-seq,57;GTEx Coexpression,866	CCDC124
gene_set_query	427	PITX1	521.7	ARCHS4 Coexpression,500;Enrichr Queries,636;GTEx Coexpression,429	
gene_set_query	428	ZNF639	521.8	ARCHS4 Coexpression,97;Enrichr Queries,189;ReMap ChIP-seq,268;GTEx Coexpression,1533	PTGES3L
gene_set_query	429	ZNF101	522.0	ARCHS4 Coexpression,77;Enrichr Queries,1389;GTEx Coexpression,100	IGSF6,PTGES3L
gene_set_query	430	FOXO1	525.6	Literature ChIP-seq,33;ARCHS4 Coexpression,1085;Enrichr Queries,1048;ReMap ChIP-seq,50;GTEx Coexpression,412	CSF1R,IGSF6
gene_set_query	431	ZNF467	525.7	ARCHS4 Coexpression,527;Enrichr Queries,880;GTEx Coexpression,170	IGSF6
gene_set_query	432	MYT1L	526.7	ARCHS4 Coexpression,405;Enrichr Queries,312;GTEx Coexpression,863	
gene_set_query	433	ZFHX2	527.0	ARCHS4 Coexpression,476;Enrichr Queries,175;GTEx Coexpression,930	
gene_set_query	434	GTF2I	528.0	ARCHS4 Coexpression,528	
gene_set_query	435	ZNF592	528.0	ARCHS4 Coexpression,384;Enrichr Queries,337;ReMap ChIP-seq,289;GTEx Coexpression,1102	
gene_set_query	436	PITX3	528.0	ARCHS4 Coexpression,310;Enrichr Queries,1255;GTEx Coexpression,19	PTGES3L
gene_set_query	437	PRDM1	528.0	ARCHS4 Coexpression,879;ENCODE ChIP-seq,99;Enrichr Queries,915;ReMap ChIP-seq,246;GTEx Coexpression,501	
gene_set_query	438	REL	528.3	ARCHS4 Coexpression,1272;Enrichr Queries,65;GTEx Coexpression,248	
gene_set_query	439	PAX8	529.3	ARCHS4 Coexpression,1007;Enrichr Queries,331;ReMap ChIP-seq,178;GTEx Coexpression,601	
gene_set_query	440	ZNF273	529.3	ARCHS4 Coexpression,1237;Enrichr Queries,95;GTEx Coexpression,256	
gene_set_query	441	ZNF92	530.3	ARCHS4 Coexpression,1060;Enrichr Queries,615;ReMap ChIP-seq,30;GTEx Coexpression,416	ACY3
gene_set_query	442	ZNF16	530.3	ARCHS4 Coexpression,219;Enrichr Queries,902;GTEx Coexpression,470	PTGES3L
gene_set_query	443	ZNF148	530.3	ARCHS4 Coexpression,50;Enrichr Queries,251;GTEx Coexpression,1290	CCDC124
gene_set_query	444	ZNF534	530.5	ARCHS4 Coexpression,383;GTEx Coexpression,678	
gene_set_query	445	NEUROD1	531.0	ARCHS4 Coexpression,796;Enrichr Queries,864;ReMap ChIP-seq,125;GTEx Coexpression,339	
gene_set_query	446	CENPX	531.0	GTEx Coexpression,531	
gene_set_query	447	IRF6	531.0	ARCHS4 Coexpression,666;Enrichr Queries,628;GTEx Coexpression,299	
gene_set_query	448	NFE2L1	532.3	ARCHS4 Coexpression,1332;Enrichr Queries,452;ReMap ChIP-seq,284;GTEx Coexpression,61	PTGES3L
gene_set_query	449	FOXN3	532.3	ARCHS4 Coexpression,536;Enrichr Queries,222;GTEx Coexpression,839	
gene_set_query	450	ZIC3	533.3	Literature ChIP-seq,145;ARCHS4 Coexpression,371;Enrichr Queries,1056;GTEx Coexpression,561	
gene_set_query	451	FOXA1	533.3	Literature ChIP-seq,73;ARCHS4 Coexpression,679;ENCODE ChIP-seq,84;Enrichr Queries,913;ReMap ChIP-seq,213;GTEx Coexpression,1238	CMTM6
gene_set_query	452	DPF3	534.0	ARCHS4 Coexpression,512;Enrichr Queries,1010;GTEx Coexpression,80	PTGES3L
gene_set_query	453	HMG20A	534.3	ARCHS4 Coexpression,852;Enrichr Queries,544;GTEx Coexpression,207	
gene_set_query	454	ZNF347	535.7	ARCHS4 Coexpression,1267;Enrichr Queries,128;GTEx Coexpression,212	
gene_set_query	455	ZNF236	536.0	ARCHS4 Coexpression,386;Enrichr Queries,322;GTEx Coexpression,900	
gene_set_query	456	ZNF248	536.7	ARCHS4 Coexpression,270;Enrichr Queries,951;GTEx Coexpression,389	
gene_set_query	457	ZNF511	537.0	ARCHS4 Coexpression,212;Enrichr Queries,1260;GTEx Coexpression,139	CCDC124,PTGES3L
gene_set_query	458	SOX6	538.3	ARCHS4 Coexpression,1156;Enrichr Queries,687;ReMap ChIP-seq,281;GTEx Coexpression,29	PTGES3L
gene_set_query	459	MEF2D	539.3	ARCHS4 Coexpression,1167;Enrichr Queries,370;GTEx Coexpression,81	PTGES3L
gene_set_query	460	CLOCK	539.4	Literature ChIP-seq,140;ARCHS4 Coexpression,949;Enrichr Queries,143;ReMap ChIP-seq,16;GTEx Coexpression,1449	ACY3,PTGES3L
gene_set_query	461	POU5F1B	539.5	ARCHS4 Coexpression,153;GTEx Coexpression,926	RPS26
gene_set_query	462	NR3C2	540.0	ARCHS4 Coexpression,295;Enrichr Queries,1095;GTEx Coexpression,230	
gene_set_query	463	ZNF888	540.0	GTEx Coexpression,540	
gene_set_query	464	PURB	540.0	ARCHS4 Coexpression,398;GTEx Coexpression,682	
gene_set_query	465	SALL4	541.3	Literature ChIP-seq,45;ARCHS4 Coexpression,272;Enrichr Queries,842;GTEx Coexpression,1006	IGSF6
gene_set_query	466	SREBF1	541.3	Literature ChIP-seq,133;ARCHS4 Coexpression,833;ENCODE ChIP-seq,103;Enrichr Queries,768;ReMap ChIP-seq,17;GTEx Coexpression,1394	ACY3,PTGES3L
gene_set_query	467	ERF	541.3	ARCHS4 Coexpression,716;Enrichr Queries,664;GTEx Coexpression,244	
gene_set_query	468	ZNF45	541.7	ARCHS4 Coexpression,278;Enrichr Queries,813;GTEx Coexpression,534	
gene_set_query	469	GZF1	542.3	ARCHS4 Coexpression,541;Enrichr Queries,66;GTEx Coexpression,1020	
gene_set_query	470	PBX4	543.0	ARCHS4 Coexpression,842;Enrichr Queries,137;GTEx Coexpression,650	
gene_set_query	471	ESRRB	543.5	Literature ChIP-seq,111;ARCHS4 Coexpression,748;Enrichr Queries,1205;GTEx Coexpression,110	PTGES3L
gene_set_query	472	ZBED5	543.5	ARCHS4 Coexpression,387;GTEx Coexpression,700	
gene_set_query	473	ZNF805	543.7	ARCHS4 Coexpression,579;Enrichr Queries,468;GTEx Coexpression,584	
gene_set_query	474	BCL11B	544.5	Literature ChIP-seq,161;ARCHS4 Coexpression,1193;Enrichr Queries,483;GTEx Coexpression,341	
gene_set_query	475	TBX21	545.3	ARCHS4 Coexpression,1216;Enrichr Queries,170;ReMap ChIP-seq,161;GTEx Coexpression,634	
gene_set_query	476	ZNF343	545.3	ARCHS4 Coexpression,687;Enrichr Queries,103;GTEx Coexpression,846	
gene_set_query	477	ZNF527	546.7	ARCHS4 Coexpression,39;Enrichr Queries,911;GTEx Coexpression,690	PTGES3L
gene_set_query	478	SP3	546.7	ARCHS4 Coexpression,89;Enrichr Queries,584;GTEx Coexpression,967	CMTM6
gene_set_query	479	BHLHE22	548.0	ARCHS4 Coexpression,1275;ReMap ChIP-seq,3;GTEx Coexpression,366	ACY3,PLD4
gene_set_query	480	RHOXF1	548.0	ARCHS4 Coexpression,778;Enrichr Queries,417;GTEx Coexpression,449	
gene_set_query	481	ZBTB40	548.0	ARCHS4 Coexpression,573;Enrichr Queries,526;GTEx Coexpression,545	
gene_set_query	482	PITX2	548.3	ARCHS4 Coexpression,806;Enrichr Queries,665;GTEx Coexpression,174	PTGES3L
gene_set_query	483	ZNF143	548.4	ARCHS4 Coexpression,1431;ENCODE ChIP-seq,30;Enrichr Queries,988;ReMap ChIP-seq,133;GTEx Coexpression,160	RPS26,IGSF6,CMTM6
gene_set_query	484	ZNF609	548.7	ARCHS4 Coexpression,291;Enrichr Queries,84;GTEx Coexpression,1271	
gene_set_query	485	SIX4	549.0	ARCHS4 Coexpression,566;Enrichr Queries,1012;GTEx Coexpression,69	PTGES3L
gene_set_query	486	SRY	549.8	Literature ChIP-seq,80;ARCHS4 Coexpression,532;Enrichr Queries,1293;GTEx Coexpression,294	ACY3
gene_set_query	487	ZNF169	550.3	ARCHS4 Coexpression,226;Enrichr Queries,825;GTEx Coexpression,600	PTGES3L
gene_set_query	488	ZNF175	550.5	ARCHS4 Coexpression,1183;Enrichr Queries,614;ReMap ChIP-seq,221;GTEx Coexpression,184	
gene_set_query	489	ASCL5	551.0	ARCHS4 Coexpression,838;GTEx Coexpression,264	
gene_set_query	490	FOXA2	551.5	Literature ChIP-seq,82;ARCHS4 Coexpression,494;ENCODE ChIP-seq,102;Enrichr Queries,1239;ReMap ChIP-seq,172;GTEx Coexpression,1220	ACY3
gene_set_query	491	NR4A2	552.0	Literature ChIP-seq,151;ARCHS4 Coexpression,176;Enrichr Queries,748;GTEx Coexpression,1133	TREM2
gene_set_query	492	ETV4	552.5	ARCHS4 Coexpression,241;Enrichr Queries,561;ReMap ChIP-seq,155;GTEx Coexpression,1253	
gene_set_query	493	CDX1	552.7	ARCHS4 Coexpression,677;Enrichr Queries,506;GTEx Coexpression,475	
gene_set_query	494	KLF11	553.7	ARCHS4 Coexpression,408;Enrichr Queries,879;GTEx Coexpression,374	
gene_set_query	495	SOX13	554.3	ARCHS4 Coexpression,466;Enrichr Queries,575;ReMap ChIP-seq,176;GTEx Coexpression,1000	
gene_set_query	496	ZNF843	555.0	ARCHS4 Coexpression,65;Enrichr Queries,672;GTEx Coexpression,928	PTGES3L
gene_set_query	497	ZNF648	556.0	ARCHS4 Coexpression,1032;Enrichr Queries,420;GTEx Coexpression,216	
gene_set_query	498	MYT1	556.3	ARCHS4 Coexpression,1221;Enrichr Queries,94;GTEx Coexpression,354	
gene_set_query	499	THAP1	556.8	ARCHS4 Coexpression,797;ENCODE ChIP-seq,20;Enrichr Queries,1031;ReMap ChIP-seq,264;GTEx Coexpression,672	RPS26,CCDC124
gene_set_query	500	ZNF219	557.0	ARCHS4 Coexpression,274;Enrichr Queries,574;GTEx Coexpression,823	
gene_set_query	501	DLX4	557.0	Literature ChIP-seq,164;ARCHS4 Coexpression,346;Enrichr Queries,1253;GTEx Coexpression,465	
gene_set_query	502	STAT4	557.5	Literature ChIP-seq,57;ARCHS4 Coexpression,807;Enrichr Queries,698;GTEx Coexpression,668	CMTM6
gene_set_query	503	CENPBD1	559.5	ARCHS4 Coexpression,64;GTEx Coexpression,1055	PTGES3L
gene_set_query	504	DZIP1	559.7	ARCHS4 Coexpression,372;Enrichr Queries,578;GTEx Coexpression,729	
gene_set_query	505	ZNF583	561.0	ARCHS4 Coexpression,458;Enrichr Queries,826;GTEx Coexpression,399	
gene_set_query	506	ZNF282	561.3	ARCHS4 Coexpression,517;Enrichr Queries,314;GTEx Coexpression,853	
gene_set_query	507	ZNF283	562.7	ARCHS4 Coexpression,37;Enrichr Queries,494;GTEx Coexpression,1157	PTGES3L
gene_set_query	508	ZMAT1	563.0	ARCHS4 Coexpression,320;Enrichr Queries,196;GTEx Coexpression,1173	
gene_set_query	509	NANOGP8	563.0	ARCHS4 Coexpression,577;GTEx Coexpression,549	
gene_set_query	510	CSRNP1	564.0	ARCHS4 Coexpression,261;GTEx Coexpression,867	
gene_set_query	511	ZNF302	565.3	ARCHS4 Coexpression,671;Enrichr Queries,920;GTEx Coexpression,105	CMTM6
gene_set_query	512	GMEB1	565.7	ARCHS4 Coexpression,119;Enrichr Queries,776;GTEx Coexpression,802	PTGES3L
gene_set_query	513	NPAS4	566.7	ARCHS4 Coexpression,812;Enrichr Queries,466;GTEx Coexpression,422	
gene_set_query	514	ZNF668	567.0	ARCHS4 Coexpression,167;Enrichr Queries,46;GTEx Coexpression,1488	CCDC124
gene_set_query	515	GCM1	568.0	ARCHS4 Coexpression,337;Enrichr Queries,1266;GTEx Coexpression,101	IGSF6
gene_set_query	516	ESRRG	568.0	ARCHS4 Coexpression,144;Enrichr Queries,193;GTEx Coexpression,1367	PTGES3L
gene_set_query	517	ZNF429	568.0	ARCHS4 Coexpression,1281;Enrichr Queries,330;GTEx Coexpression,93	IGSF6
gene_set_query	518	ZNF414	568.3	ARCHS4 Coexpression,335;Enrichr Queries,40;GTEx Coexpression,1330	CCDC124
gene_set_query	519	THYN1	569.5	ARCHS4 Coexpression,764;GTEx Coexpression,375	
gene_set_query	520	TCF24	569.7	ARCHS4 Coexpression,957;Enrichr Queries,527;GTEx Coexpression,225	
gene_set_query	521	GATA2	569.7	Literature ChIP-seq,91;ARCHS4 Coexpression,1284;ENCODE ChIP-seq,17;Enrichr Queries,595;ReMap ChIP-seq,52;GTEx Coexpression,1379	RPS26,PTGES3L
gene_set_query	522	MNX1	570.0	Literature ChIP-seq,102;ARCHS4 Coexpression,400;Enrichr Queries,1331;GTEx Coexpression,447	
gene_set_query	523	GABPA	570.3	Literature ChIP-seq,118;ARCHS4 Coexpression,936;ENCODE ChIP-seq,39;Enrichr Queries,634;ReMap ChIP-seq,95;GTEx Coexpression,1600	RPS26,CMTM6,PTGES3L
gene_set_query	524	ZNF146	570.3	ARCHS4 Coexpression,303;Enrichr Queries,450;GTEx Coexpression,958	
gene_set_query	525	ZBED2	571.7	ARCHS4 Coexpression,290;Enrichr Queries,937;GTEx Coexpression,488	
gene_set_query	526	DACH2	572.3	ARCHS4 Coexpression,437;Enrichr Queries,83;GTEx Coexpression,1197	
gene_set_query	527	CREBL2	573.0	ARCHS4 Coexpression,3;Enrichr Queries,212;GTEx Coexpression,1504	CSF1R,IGSF6,CMTM6
gene_set_query	528	KMT2B	573.5	ARCHS4 Coexpression,1141;ReMap ChIP-seq,6	ACY3,PTGES3L
gene_set_query	529	BORCS8MEF2B	574.0	ARCHS4 Coexpression,574	
gene_set_query	530	ZSCAN2	575.3	ARCHS4 Coexpression,60;Enrichr Queries,616;GTEx Coexpression,1050	PTGES3L
gene_set_query	531	ZNF628	576.3	ARCHS4 Coexpression,758;Enrichr Queries,74;GTEx Coexpression,897	
gene_set_query	532	CREB3	576.5	ARCHS4 Coexpression,484;Enrichr Queries,845;ReMap ChIP-seq,273;GTEx Coexpression,704	
gene_set_query	533	ZNF766	577.5	ARCHS4 Coexpression,1063;Enrichr Queries,403;ReMap ChIP-seq,287;GTEx Coexpression,557	
gene_set_query	534	ST18	577.7	ARCHS4 Coexpression,760;Enrichr Queries,739;GTEx Coexpression,234	
gene_set_query	535	TBX19	578.3	ARCHS4 Coexpression,106;Enrichr Queries,502;GTEx Coexpression,1127	PTGES3L
gene_set_query	536	TP53	579.4	Literature ChIP-seq,46;ARCHS4 Coexpression,586;Enrichr Queries,1172;ReMap ChIP-seq,51;GTEx Coexpression,1042	CSF1R
gene_set_query	537	HIVEP3	579.7	ARCHS4 Coexpression,6;Enrichr Queries,780;GTEx Coexpression,953	CSF1R,PLD4,TREM2
gene_set_query	538	ZNF581	580.0	ARCHS4 Coexpression,140;Enrichr Queries,1387;GTEx Coexpression,213	CCDC124
gene_set_query	539	ZBTB11	580.5	ARCHS4 Coexpression,1224;Enrichr Queries,394;ReMap ChIP-seq,248;GTEx Coexpression,456	
gene_set_query	540	HOXB9	581.0	ARCHS4 Coexpression,630;Enrichr Queries,850;GTEx Coexpression,263	
gene_set_query	541	ARNTL	581.0	ARCHS4 Coexpression,61;Enrichr Queries,1226;ReMap ChIP-seq,14;GTEx Coexpression,1023	ACY3,IGSF6,PTGES3L
gene_set_query	542	NRF1	581.0	ARCHS4 Coexpression,1079;ENCODE ChIP-seq,28;Enrichr Queries,869;ReMap ChIP-seq,91;GTEx Coexpression,838	RPS26,CCDC124
gene_set_query	543	ZNF286B	581.0	ARCHS4 Coexpression,944;GTEx Coexpression,218	
gene_set_query	544	ZSCAN10	581.3	ARCHS4 Coexpression,525;Enrichr Queries,425;GTEx Coexpression,794	
gene_set_query	545	IRX5	581.3	ARCHS4 Coexpression,548;Enrichr Queries,629;GTEx Coexpression,567	
gene_set_query	546	HOXB2	582.0	ARCHS4 Coexpression,194;Enrichr Queries,960;GTEx Coexpression,592	CCDC124
gene_set_query	547	SMAD1	583.0	Literature ChIP-seq,34;ARCHS4 Coexpression,983;Enrichr Queries,1006;ReMap ChIP-seq,165;GTEx Coexpression,727	CCDC124
gene_set_query	548	RHOXF2B	583.0	ARCHS4 Coexpression,742;Enrichr Queries,59;GTEx Coexpression,948	CSF1R
gene_set_query	549	SP140	583.3	ARCHS4 Coexpression,1249;Enrichr Queries,12;GTEx Coexpression,489	CSF1R,IGSF6
gene_set_query	550	ZKSCAN7	584.0	ARCHS4 Coexpression,173;GTEx Coexpression,995	PTGES3L
gene_set_query	551	ZNF875	584.0	ARCHS4 Coexpression,759;Enrichr Queries,81;GTEx Coexpression,912	
gene_set_query	552	ZBTB44	585.0	ARCHS4 Coexpression,129;Enrichr Queries,380;GTEx Coexpression,1246	CCDC124
gene_set_query	553	EGR1	586.3	Literature ChIP-seq,41;ARCHS4 Coexpression,1218;ENCODE ChIP-seq,38;Enrichr Queries,445;ReMap ChIP-seq,250;GTEx Coexpression,1526	CCDC124,CMTM6
gene_set_query	554	ZSCAN20	586.3	ARCHS4 Coexpression,481;Enrichr Queries,149;GTEx Coexpression,1129	
gene_set_query	555	FOXH1	587.3	ARCHS4 Coexpression,483;Enrichr Queries,285;GTEx Coexpression,994	
gene_set_query	556	NR1I2	587.5	Literature ChIP-seq,131;ARCHS4 Coexpression,862;Enrichr Queries,733;GTEx Coexpression,624	
gene_set_query	557	ZNF878	587.5	ARCHS4 Coexpression,380;GTEx Coexpression,795	
gene_set_query	558	MEIS1	588.0	Literature ChIP-seq,105;ARCHS4 Coexpression,1212;Enrichr Queries,1104;ReMap ChIP-seq,69;GTEx Coexpression,450	IGSF6
gene_set_query	559	ZNF530	588.3	ARCHS4 Coexpression,26;Enrichr Queries,924;GTEx Coexpression,815	PTGES3L
gene_set_query	560	ZNF384	590.2	ARCHS4 Coexpression,1318;ENCODE ChIP-seq,22;Enrichr Queries,326;ReMap ChIP-seq,74;GTEx Coexpression,1211	RPS26,CSF1R,PTGES3L
gene_set_query	561	TEAD2	590.5	ARCHS4 Coexpression,505;Enrichr Queries,1058;ReMap ChIP-seq,258;GTEx Coexpression,541	
gene_set_query	562	LCORL	591.7	ARCHS4 Coexpression,1347;Enrichr Queries,113;GTEx Coexpression,315	
gene_set_query	563	HNF1B	592.3	ARCHS4 Coexpression,421;Enrichr Queries,1147;ReMap ChIP-seq,209	
gene_set_query	564	REST	592.8	Literature ChIP-seq,90;ARCHS4 Coexpression,1618;ENCODE ChIP-seq,27;Enrichr Queries,1037;ReMap ChIP-seq,128;GTEx Coexpression,657	RPS26,CMTM6
gene_set_query	565	NKX61	593.0	ARCHS4 Coexpression,857;GTEx Coexpression,329	
gene_set_query	566	ZNF541	594.3	ARCHS4 Coexpression,858;Enrichr Queries,534;GTEx Coexpression,391	
gene_set_query	567	ASCL2	595.3	ARCHS4 Coexpression,368;Enrichr Queries,338;GTEx Coexpression,1080	
gene_set_query	568	ATF5	595.7	ARCHS4 Coexpression,846;Enrichr Queries,546;GTEx Coexpression,395	
gene_set_query	569	GLI1	595.8	Literature ChIP-seq,159;ARCHS4 Coexpression,465;Enrichr Queries,858;GTEx Coexpression,901	
gene_set_query	570	SP4	595.8	ARCHS4 Coexpression,1328;ENCODE ChIP-seq,101;Enrichr Queries,719;ReMap ChIP-seq,126;GTEx Coexpression,705	
gene_set_query	571	ZNF532	596.7	ARCHS4 Coexpression,404;Enrichr Queries,1005;GTEx Coexpression,381	
gene_set_query	572	NHLH2	596.7	ARCHS4 Coexpression,642;Enrichr Queries,816;GTEx Coexpression,332	
gene_set_query	573	PBX1	597.3	Literature ChIP-seq,78;ARCHS4 Coexpression,513;Enrichr Queries,838;GTEx Coexpression,960	ACY3
gene_set_query	574	HES3	600.0	ARCHS4 Coexpression,377;Enrichr Queries,1075;GTEx Coexpression,348	
gene_set_query	575	ZNF777	600.7	ARCHS4 Coexpression,1327;Enrichr Queries,89;GTEx Coexpression,386	
gene_set_query	576	ZNF696	600.7	ARCHS4 Coexpression,769;Enrichr Queries,141;GTEx Coexpression,892	
gene_set_query	577	TCF4	600.8	Literature ChIP-seq,22;ARCHS4 Coexpression,1045;Enrichr Queries,477;ReMap ChIP-seq,276;GTEx Coexpression,1184	CMTM6
gene_set_query	578	ZNF800	602.0	ARCHS4 Coexpression,1388;Enrichr Queries,353;GTEx Coexpression,65	CMTM6
gene_set_query	579	GATA6	602.4	Literature ChIP-seq,76;ARCHS4 Coexpression,652;Enrichr Queries,459;ReMap ChIP-seq,218;GTEx Coexpression,1607	CMTM6
gene_set_query	580	GLYR1	602.7	ARCHS4 Coexpression,942;ReMap ChIP-seq,269;GTEx Coexpression,597	
gene_set_query	581	PAX9	602.7	ARCHS4 Coexpression,327;Enrichr Queries,1178;GTEx Coexpression,303	
gene_set_query	582	ZNF562	603.0	ARCHS4 Coexpression,1058;Enrichr Queries,364;GTEx Coexpression,387	
gene_set_query	583	MAZ	603.0	ARCHS4 Coexpression,638;ENCODE ChIP-seq,33;Enrichr Queries,958;ReMap ChIP-seq,118;GTEx Coexpression,1268	RPS26,CMTM6
gene_set_query	584	ZNF345	603.3	ARCHS4 Coexpression,88;Enrichr Queries,571;GTEx Coexpression,1151	PTGES3L
gene_set_query	585	ZNF705E	604.5	ARCHS4 Coexpression,755;GTEx Coexpression,454	
gene_set_query	586	ETV1	605.5	ARCHS4 Coexpression,1434;Enrichr Queries,642;ReMap ChIP-seq,136;GTEx Coexpression,210	
gene_set_query	587	MYCL	606.5	ARCHS4 Coexpression,683;GTEx Coexpression,530	
gene_set_query	588	KDM2A	606.5	ARCHS4 Coexpression,1027;GTEx Coexpression,186	
gene_set_query	589	ZNF20	607.7	ARCHS4 Coexpression,352;Enrichr Queries,311;GTEx Coexpression,1160	
gene_set_query	590	ZSCAN29	608.0	ARCHS4 Coexpression,1023;Enrichr Queries,122;GTEx Coexpression,679	
gene_set_query	591	TFDP3	608.3	ARCHS4 Coexpression,562;Enrichr Queries,355;GTEx Coexpression,908	
gene_set_query	592	PRDM12	609.3	ARCHS4 Coexpression,706;Enrichr Queries,876;GTEx Coexpression,246	
gene_set_query	593	CDX4	609.7	ARCHS4 Coexpression,276;Enrichr Queries,805;GTEx Coexpression,748	
gene_set_query	594	ZNF674	609.7	ARCHS4 Coexpression,31;Enrichr Queries,1302;GTEx Coexpression,496	PTGES3L
gene_set_query	595	POU4F2	611.3	ARCHS4 Coexpression,301;Enrichr Queries,1329;ReMap ChIP-seq,58;GTEx Coexpression,757	PTGES3L
gene_set_query	596	ZFP41	611.3	ARCHS4 Coexpression,1037;Enrichr Queries,161;GTEx Coexpression,636	
gene_set_query	597	ZNF525	611.5	ARCHS4 Coexpression,86;GTEx Coexpression,1137	PTGES3L
gene_set_query	598	MLX	612.0	ARCHS4 Coexpression,614;Enrichr Queries,289;GTEx Coexpression,933	
gene_set_query	599	HMGN3	613.8	ARCHS4 Coexpression,827;ENCODE ChIP-seq,94;ReMap ChIP-seq,230;GTEx Coexpression,1304	
gene_set_query	600	ZKSCAN4	614.3	ARCHS4 Coexpression,358;Enrichr Queries,500;GTEx Coexpression,985	
gene_set_query	601	ZNF732	615.0	ARCHS4 Coexpression,811;GTEx Coexpression,419	
gene_set_query	602	EEA1	615.3	ARCHS4 Coexpression,979;Enrichr Queries,345;GTEx Coexpression,522	
gene_set_query	603	ZNF174	616.0	ARCHS4 Coexpression,414;Enrichr Queries,649;GTEx Coexpression,785	
gene_set_query	604	SNAPC4	617.0	ARCHS4 Coexpression,901;Enrichr Queries,938;ReMap ChIP-seq,226;GTEx Coexpression,403	
gene_set_query	605	HIVEP1	617.7	ARCHS4 Coexpression,1112;Enrichr Queries,545;GTEx Coexpression,196	
gene_set_query	606	CSRNP3	618.0	ARCHS4 Coexpression,772;GTEx Coexpression,464	
gene_set_query	607	NFYB	618.6	ARCHS4 Coexpression,1173;ENCODE ChIP-seq,77;Enrichr Queries,176;ReMap ChIP-seq,121;GTEx Coexpression,1546	RPS26
gene_set_query	608	TIGD2	619.0	ARCHS4 Coexpression,1114;Enrichr Queries,461;GTEx Coexpression,282	
gene_set_query	609	ZSCAN5B	619.0	ARCHS4 Coexpression,1198;Enrichr Queries,182;GTEx Coexpression,477	
gene_set_query	610	ELF2	619.3	ARCHS4 Coexpression,1308;Enrichr Queries,283;GTEx Coexpression,267	
gene_set_query	611	ETV5	621.3	ARCHS4 Coexpression,490;Enrichr Queries,529;GTEx Coexpression,845	
gene_set_query	612	MBD3	622.0	ARCHS4 Coexpression,925;Enrichr Queries,31;ReMap ChIP-seq,270;GTEx Coexpression,1262	CCDC124
gene_set_query	613	ZNF154	622.0	ARCHS4 Coexpression,109;Enrichr Queries,252;GTEx Coexpression,1505	PTGES3L
gene_set_query	614	ADNP2	622.3	ARCHS4 Coexpression,459;Enrichr Queries,238;GTEx Coexpression,1170	
gene_set_query	615	ZBTB7A	624.4	ARCHS4 Coexpression,1384;ENCODE ChIP-seq,96;Enrichr Queries,722;ReMap ChIP-seq,180;GTEx Coexpression,740	
gene_set_query	616	ONECUT1	624.8	ARCHS4 Coexpression,603;Enrichr Queries,1137;ReMap ChIP-seq,139;GTEx Coexpression,620	
gene_set_query	617	TFCP2L1	625.0	ARCHS4 Coexpression,590;Enrichr Queries,1019;GTEx Coexpression,266	
gene_set_query	618	TAL2	625.0	ARCHS4 Coexpression,1055;Enrichr Queries,682;GTEx Coexpression,138	PTGES3L
gene_set_query	619	ZNF208	625.0	ARCHS4 Coexpression,254;Enrichr Queries,259;GTEx Coexpression,1362	
gene_set_query	620	TCF21	625.3	Literature ChIP-seq,72;ARCHS4 Coexpression,941;Enrichr Queries,855;GTEx Coexpression,633	TREM2
gene_set_query	621	ZNF324	625.7	ARCHS4 Coexpression,1146;Enrichr Queries,121;GTEx Coexpression,610	
gene_set_query	622	ZNF599	626.3	ARCHS4 Coexpression,191;Enrichr Queries,278;GTEx Coexpression,1410	PTGES3L
gene_set_query	623	ZNF18	626.7	ARCHS4 Coexpression,1004;Enrichr Queries,703;GTEx Coexpression,173	IGSF6
gene_set_query	624	GRHL3	627.7	ARCHS4 Coexpression,362;Enrichr Queries,674;GTEx Coexpression,847	
gene_set_query	625	ZNF706	628.0	ARCHS4 Coexpression,1190;Enrichr Queries,48;GTEx Coexpression,646	RPS26
gene_set_query	626	KLF6	628.3	ARCHS4 Coexpression,719;Enrichr Queries,1050;ReMap ChIP-seq,201;GTEx Coexpression,543	
gene_set_query	627	RBAK	628.7	ARCHS4 Coexpression,1362;Enrichr Queries,194;GTEx Coexpression,330	
gene_set_query	628	ZBTB48	629.3	ARCHS4 Coexpression,672;Enrichr Queries,160;GTEx Coexpression,1056	
gene_set_query	629	ZNF182	629.7	ARCHS4 Coexpression,132;Enrichr Queries,204;GTEx Coexpression,1553	CMTM6
gene_set_query	630	ZNF701	630.0	ARCHS4 Coexpression,1620;Enrichr Queries,265;GTEx Coexpression,5	IGSF6,CMTM6
gene_set_query	631	ZBTB47	630.0	ARCHS4 Coexpression,954;Enrichr Queries,933;GTEx Coexpression,3	CCDC124,PTGES3L
gene_set_query	632	ZFAT	630.3	ARCHS4 Coexpression,502;Enrichr Queries,385;GTEx Coexpression,1004	
gene_set_query	633	RXRG	631.0	ARCHS4 Coexpression,705;Enrichr Queries,1046;GTEx Coexpression,142	PTGES3L
gene_set_query	634	NANOG	631.7	Literature ChIP-seq,10;ARCHS4 Coexpression,1262;ENCODE ChIP-seq,118;Enrichr Queries,775;ReMap ChIP-seq,181;GTEx Coexpression,1444	RPS26,CCDC124,TREM2
gene_set_query	635	ZKSCAN2	633.0	ARCHS4 Coexpression,366;Enrichr Queries,126;GTEx Coexpression,1407	
gene_set_query	636	MYCN	633.2	Literature ChIP-seq,39;ARCHS4 Coexpression,874;Enrichr Queries,830;ReMap ChIP-seq,193;GTEx Coexpression,1230	RPS26,CCDC124
gene_set_query	637	ZNF251	633.7	ARCHS4 Coexpression,134;Enrichr Queries,541;GTEx Coexpression,1226	CMTM6
gene_set_query	638	ZNF689	633.7	ARCHS4 Coexpression,537;Enrichr Queries,297;GTEx Coexpression,1067	
gene_set_query	639	ZNF829	635.0	ARCHS4 Coexpression,62;Enrichr Queries,511;GTEx Coexpression,1332	PTGES3L
gene_set_query	640	CTCFL	635.0	ARCHS4 Coexpression,969;ENCODE ChIP-seq,89;Enrichr Queries,812;ReMap ChIP-seq,191;GTEx Coexpression,1114	
gene_set_query	641	NANOGNB	635.0	ARCHS4 Coexpression,179;GTEx Coexpression,1091	PTGES3L
gene_set_query	642	ZMAT4	635.7	ARCHS4 Coexpression,624;Enrichr Queries,807;GTEx Coexpression,476	
gene_set_query	643	ZNF30	636.0	ARCHS4 Coexpression,1132;Enrichr Queries,139;GTEx Coexpression,637	
gene_set_query	644	SIX5	636.2	ARCHS4 Coexpression,629;ENCODE ChIP-seq,12;Enrichr Queries,973;ReMap ChIP-seq,197;GTEx Coexpression,1370	RPS26,CCDC124
gene_set_query	645	ZNF66	639.0	ARCHS4 Coexpression,784;GTEx Coexpression,494	
gene_set_query	646	ZBTB33	639.6	ARCHS4 Coexpression,1181;ENCODE ChIP-seq,53;Enrichr Queries,513;ReMap ChIP-seq,212;GTEx Coexpression,1239	ACY3
gene_set_query	647	E2F5	639.8	ARCHS4 Coexpression,1223;Enrichr Queries,1122;ReMap ChIP-seq,26;GTEx Coexpression,188	CCDC124
gene_set_query	648	ZKSCAN3	640.0	ARCHS4 Coexpression,1455;Enrichr Queries,145;GTEx Coexpression,320	
gene_set_query	649	ZNF292	640.3	ARCHS4 Coexpression,619;Enrichr Queries,183;GTEx Coexpression,1119	
gene_set_query	650	RFX7	640.3	ARCHS4 Coexpression,859;Enrichr Queries,229;GTEx Coexpression,833	
gene_set_query	651	HOXD13	640.5	Literature ChIP-seq,149;ARCHS4 Coexpression,462;Enrichr Queries,1365;GTEx Coexpression,586	
gene_set_query	652	GBX1	640.7	ARCHS4 Coexpression,511;Enrichr Queries,1367;GTEx Coexpression,44	PTGES3L
gene_set_query	653	ZNF382	642.0	ARCHS4 Coexpression,126;Enrichr Queries,1227;GTEx Coexpression,573	PTGES3L
gene_set_query	654	ZNF865	643.5	ARCHS4 Coexpression,1111;GTEx Coexpression,176	PTGES3L
gene_set_query	655	EMX2	643.7	ARCHS4 Coexpression,284;Enrichr Queries,618;GTEx Coexpression,1029	
gene_set_query	656	ZZZ3	644.2	ARCHS4 Coexpression,1597;ENCODE ChIP-seq,115;Enrichr Queries,335;ReMap ChIP-seq,290;GTEx Coexpression,884	
gene_set_query	657	ZNF671	644.3	ARCHS4 Coexpression,690;Enrichr Queries,761;GTEx Coexpression,482	
gene_set_query	658	ZSCAN1	644.7	ARCHS4 Coexpression,316;Enrichr Queries,409;GTEx Coexpression,1209	
gene_set_query	659	ZNF582	644.7	ARCHS4 Coexpression,770;Enrichr Queries,247;GTEx Coexpression,917	
gene_set_query	660	NEUROD2	645.0	Literature ChIP-seq,104;ARCHS4 Coexpression,886;Enrichr Queries,1081;GTEx Coexpression,509	
gene_set_query	661	ZNF707	645.0	ARCHS4 Coexpression,169;Enrichr Queries,361;GTEx Coexpression,1405	PTGES3L
gene_set_query	662	ZNF781	645.3	ARCHS4 Coexpression,1233;Enrichr Queries,313;GTEx Coexpression,390	
gene_set_query	663	ONECUT3	645.7	ARCHS4 Coexpression,133;Enrichr Queries,1200;GTEx Coexpression,604	PTGES3L
gene_set_query	664	SEBOX	646.0	ARCHS4 Coexpression,1002;Enrichr Queries,290	
gene_set_query	665	ZNF703	646.0	ARCHS4 Coexpression,250;Enrichr Queries,1065;GTEx Coexpression,623	
gene_set_query	666	ZBTB8B	647.0	ARCHS4 Coexpression,114;GTEx Coexpression,1180	PTGES3L
gene_set_query	667	ZNF32	647.3	ARCHS4 Coexpression,766;Enrichr Queries,1174;GTEx Coexpression,2	CCDC124,PTGES3L
gene_set_query	668	CAMTA1	648.3	ARCHS4 Coexpression,932;Enrichr Queries,248;GTEx Coexpression,765	
gene_set_query	669	HAND1	649.3	ARCHS4 Coexpression,478;Enrichr Queries,1279;GTEx Coexpression,191	
gene_set_query	670	ZNF254	649.3	ARCHS4 Coexpression,1406;Enrichr Queries,471;GTEx Coexpression,71	CCDC124
gene_set_query	671	SMYD3	649.5	ARCHS4 Coexpression,1008;GTEx Coexpression,291	
gene_set_query	672	ARNTL2	650.0	ARCHS4 Coexpression,514;Enrichr Queries,637;GTEx Coexpression,799	
gene_set_query	673	JUNB	650.5	ARCHS4 Coexpression,1048;Enrichr Queries,603;ReMap ChIP-seq,227;GTEx Coexpression,724	
gene_set_query	674	ZNF419	651.7	ARCHS4 Coexpression,84;Enrichr Queries,874;GTEx Coexpression,997	PTGES3L
gene_set_query	675	ZNF451	652.0	ARCHS4 Coexpression,1350;Enrichr Queries,553;GTEx Coexpression,53	CCDC124
gene_set_query	676	POU3F1	652.3	Literature ChIP-seq,28;ARCHS4 Coexpression,722;Enrichr Queries,1229;GTEx Coexpression,630	CCDC124,CMTM6
gene_set_query	677	EBF1	652.6	ARCHS4 Coexpression,318;ENCODE ChIP-seq,86;Enrichr Queries,1213;ReMap ChIP-seq,86;GTEx Coexpression,1560	RPS26,ACY3
gene_set_query	678	EPAS1	652.8	ARCHS4 Coexpression,1209;Enrichr Queries,943;ReMap ChIP-seq,13;GTEx Coexpression,446	CSF1R,CCDC124
gene_set_query	679	HMX3	653.0	ARCHS4 Coexpression,388;Enrichr Queries,1390;GTEx Coexpression,181	
gene_set_query	680	TERF1	653.3	ARCHS4 Coexpression,417;Enrichr Queries,954;ReMap ChIP-seq,10;GTEx Coexpression,1232	ACY3,IGSF6
gene_set_query	681	MBD1	653.3	ARCHS4 Coexpression,1057;Enrichr Queries,702;GTEx Coexpression,201	
gene_set_query	682	ZNF326	653.3	ARCHS4 Coexpression,1186;Enrichr Queries,119;GTEx Coexpression,655	
gene_set_query	683	CAMTA2	654.0	ARCHS4 Coexpression,1448;Enrichr Queries,131;GTEx Coexpression,383	
gene_set_query	684	XPA	654.3	ARCHS4 Coexpression,172;Enrichr Queries,539;GTEx Coexpression,1252	PTGES3L
gene_set_query	685	SNAPC2	654.5	ARCHS4 Coexpression,178;GTEx Coexpression,1131	CCDC124
gene_set_query	686	FOXJ2	654.8	ARCHS4 Coexpression,1245;Enrichr Queries,408;ReMap ChIP-seq,274;GTEx Coexpression,692	
gene_set_query	687	HOXA10	655.0	ARCHS4 Coexpression,1244;Enrichr Queries,657;GTEx Coexpression,64	PTGES3L
gene_set_query	688	ZNF25	655.3	ARCHS4 Coexpression,609;Enrichr Queries,811;GTEx Coexpression,546	
gene_set_query	689	ONECUT2	655.3	ARCHS4 Coexpression,656;Enrichr Queries,903;GTEx Coexpression,407	
gene_set_query	690	IRX4	656.0	ARCHS4 Coexpression,606;Enrichr Queries,1036;GTEx Coexpression,326	
gene_set_query	691	ZNF574	656.3	ARCHS4 Coexpression,183;Enrichr Queries,1002;GTEx Coexpression,784	CCDC124
gene_set_query	692	ZIC5	657.0	ARCHS4 Coexpression,297;Enrichr Queries,966;GTEx Coexpression,708	
gene_set_query	693	FOXD4L4	657.5	ARCHS4 Coexpression,395;GTEx Coexpression,920	
gene_set_query	694	ZNF165	658.0	ARCHS4 Coexpression,263;Enrichr Queries,736;ReMap ChIP-seq,291;GTEx Coexpression,1342	
gene_set_query	695	ZNF586	658.7	ARCHS4 Coexpression,1474;Enrichr Queries,334;GTEx Coexpression,168	IGSF6
gene_set_query	696	ZNF548	660.0	ARCHS4 Coexpression,111;Enrichr Queries,708;GTEx Coexpression,1161	PTGES3L
gene_set_query	697	RFX2	660.5	ARCHS4 Coexpression,406;Enrichr Queries,670;ReMap ChIP-seq,263;GTEx Coexpression,1303	
gene_set_query	698	PA2G4	661.5	ARCHS4 Coexpression,882;GTEx Coexpression,441	
gene_set_query	699	MBD2	661.5	ARCHS4 Coexpression,1203;Enrichr Queries,173;ReMap ChIP-seq,33;GTEx Coexpression,1237	PLD4
gene_set_query	700	ZNF773	662.0	ARCHS4 Coexpression,1303;Enrichr Queries,376;GTEx Coexpression,307	
gene_set_query	701	KMT2A	662.3	ARCHS4 Coexpression,765;ReMap ChIP-seq,219;GTEx Coexpression,1003	
gene_set_query	702	HSF2	662.7	ARCHS4 Coexpression,1250;Enrichr Queries,713;GTEx Coexpression,25	PTGES3L
gene_set_query	703	ADNP	664.0	ARCHS4 Coexpression,915;Enrichr Queries,177;ReMap ChIP-seq,280;GTEx Coexpression,1284	
gene_set_query	704	IRX3	665.0	ARCHS4 Coexpression,600;Enrichr Queries,747;GTEx Coexpression,648	
gene_set_query	705	THAP3	665.3	ARCHS4 Coexpression,470;Enrichr Queries,33;GTEx Coexpression,1493	CCDC124
gene_set_query	706	ZNF684	665.3	ARCHS4 Coexpression,85;Enrichr Queries,740;GTEx Coexpression,1171	PTGES3L
gene_set_query	707	ZNF792	666.7	ARCHS4 Coexpression,243;Enrichr Queries,580;GTEx Coexpression,1177	
gene_set_query	708	LBX2	667.3	ARCHS4 Coexpression,622;Enrichr Queries,706;GTEx Coexpression,674	
gene_set_query	709	DNMT1	667.5	ARCHS4 Coexpression,563;GTEx Coexpression,772	
gene_set_query	710	TCF12	667.6	ARCHS4 Coexpression,1171;ENCODE ChIP-seq,42;Enrichr Queries,324;ReMap ChIP-seq,202;GTEx Coexpression,1599	PLD4
gene_set_query	711	IRX2	668.3	ARCHS4 Coexpression,616;Enrichr Queries,1120;GTEx Coexpression,269	
gene_set_query	712	TBX1	668.3	ARCHS4 Coexpression,843;Enrichr Queries,1124;GTEx Coexpression,38	PTGES3L
gene_set_query	713	NKX12	668.5	ARCHS4 Coexpression,754;GTEx Coexpression,583	
gene_set_query	714	HOXC11	668.5	ARCHS4 Coexpression,735;Enrichr Queries,1298;ReMap ChIP-seq,294;GTEx Coexpression,347	
gene_set_query	715	ELK3	669.3	Literature ChIP-seq,93;ARCHS4 Coexpression,553;Enrichr Queries,492;GTEx Coexpression,1539	
gene_set_query	716	IKZF4	669.7	ARCHS4 Coexpression,834;Enrichr Queries,648;GTEx Coexpression,527	
gene_set_query	717	SRCAP	670.7	ARCHS4 Coexpression,336;Enrichr Queries,168;GTEx Coexpression,1508	
gene_set_query	718	RFX4	671.0	ARCHS4 Coexpression,311;Enrichr Queries,1223;GTEx Coexpression,479	
gene_set_query	719	EHF	672.8	ARCHS4 Coexpression,763;Enrichr Queries,783;ReMap ChIP-seq,293;GTEx Coexpression,852	
gene_set_query	720	POU6F2	673.3	ARCHS4 Coexpression,529;Enrichr Queries,91;GTEx Coexpression,1400	
gene_set_query	721	HIF1A	673.6	Literature ChIP-seq,144;ARCHS4 Coexpression,1066;Enrichr Queries,645;ReMap ChIP-seq,66;GTEx Coexpression,1447	PTGES3L
gene_set_query	722	ZNF677	673.7	ARCHS4 Coexpression,296;Enrichr Queries,399;GTEx Coexpression,1326	
gene_set_query	723	TRERF1	674.0	ARCHS4 Coexpression,378;Enrichr Queries,375;GTEx Coexpression,1269	
gene_set_query	724	ZNF234	674.7	ARCHS4 Coexpression,1013;Enrichr Queries,210;GTEx Coexpression,801	
gene_set_query	725	E4F1	675.3	Literature ChIP-seq,163;ARCHS4 Coexpression,897;Enrichr Queries,107;GTEx Coexpression,1534	
gene_set_query	726	ZUP1	675.3	ARCHS4 Coexpression,1476;Enrichr Queries,153;GTEx Coexpression,397	
gene_set_query	727	SOX12	676.0	ARCHS4 Coexpression,247;Enrichr Queries,256;GTEx Coexpression,1525	
gene_set_query	728	FOXF2	677.0	ARCHS4 Coexpression,492;Enrichr Queries,918;GTEx Coexpression,621	
gene_set_query	729	SOX2	677.0	Literature ChIP-seq,15;ARCHS4 Coexpression,820;Enrichr Queries,863;ReMap ChIP-seq,171;GTEx Coexpression,1516	RPS26,CCDC124,TREM2
gene_set_query	730	ZFP69B	677.0	ARCHS4 Coexpression,1014;GTEx Coexpression,340	
gene_set_query	731	PKNOX1	677.8	ARCHS4 Coexpression,884;Enrichr Queries,779;ReMap ChIP-seq,256;GTEx Coexpression,792	
gene_set_query	732	ZNF446	678.0	ARCHS4 Coexpression,522;Enrichr Queries,498;GTEx Coexpression,1014	
gene_set_query	733	ZNF496	678.0	ARCHS4 Coexpression,845;Enrichr Queries,181;GTEx Coexpression,1008	
gene_set_query	734	ZNF549	678.3	ARCHS4 Coexpression,227;Enrichr Queries,1363;GTEx Coexpression,445	PTGES3L
gene_set_query	735	ZNF544	679.0	ARCHS4 Coexpression,116;Enrichr Queries,786;GTEx Coexpression,1135	PTGES3L
gene_set_query	736	ZNF783	679.7	ARCHS4 Coexpression,844;Enrichr Queries,440;GTEx Coexpression,755	
gene_set_query	737	MAFK	680.6	ARCHS4 Coexpression,1168;ENCODE ChIP-seq,46;Enrichr Queries,782;ReMap ChIP-seq,152;GTEx Coexpression,1255	CSF1R
gene_set_query	738	ZNF789	680.7	ARCHS4 Coexpression,123;Enrichr Queries,442;GTEx Coexpression,1477	PTGES3L
gene_set_query	739	ZNF768	681.3	ARCHS4 Coexpression,756;Enrichr Queries,1256;GTEx Coexpression,32	PTGES3L
gene_set_query	740	TLX1	682.0	ARCHS4 Coexpression,576;Enrichr Queries,1356;GTEx Coexpression,114	CSF1R
gene_set_query	741	HOXC13	682.0	ARCHS4 Coexpression,727;Enrichr Queries,1125;GTEx Coexpression,194	
gene_set_query	742	FOXE1	685.0	ARCHS4 Coexpression,848;Enrichr Queries,883;GTEx Coexpression,324	
gene_set_query	743	ZNF471	685.0	ARCHS4 Coexpression,1030;Enrichr Queries,462;GTEx Coexpression,563	
gene_set_query	744	ZNF222	686.0	ARCHS4 Coexpression,1416;Enrichr Queries,486;GTEx Coexpression,156	IGSF6
gene_set_query	745	ZNF709	686.0	ARCHS4 Coexpression,1024;Enrichr Queries,132;GTEx Coexpression,902	
gene_set_query	746	ZNF516	686.0	ARCHS4 Coexpression,918;Enrichr Queries,171;GTEx Coexpression,969	
gene_set_query	747	NFATC3	687.0	ARCHS4 Coexpression,928;Enrichr Queries,220;GTEx Coexpression,913	
gene_set_query	748	LIN28A	687.0	ARCHS4 Coexpression,293;GTEx Coexpression,1081	
gene_set_query	749	SOX15	688.0	ARCHS4 Coexpression,788;Enrichr Queries,489;GTEx Coexpression,787	
gene_set_query	750	ZFP91	688.0	ARCHS4 Coexpression,469;Enrichr Queries,110;GTEx Coexpression,1485	
gene_set_query	751	CPXCR1	688.7	ARCHS4 Coexpression,434;Enrichr Queries,117;GTEx Coexpression,1515	
gene_set_query	752	PAX7	689.0	ARCHS4 Coexpression,891;Enrichr Queries,1099;GTEx Coexpression,77	PTGES3L
gene_set_query	753	FOXI1	689.0	ARCHS4 Coexpression,720;Enrichr Queries,1194;GTEx Coexpression,153	ACY3
gene_set_query	754	ZNF407	691.3	ARCHS4 Coexpression,1585;Enrichr Queries,292;GTEx Coexpression,197	
gene_set_query	755	ZSCAN21	691.3	ARCHS4 Coexpression,1072;Enrichr Queries,714;GTEx Coexpression,288	
gene_set_query	756	ZNF462	691.7	ARCHS4 Coexpression,970;Enrichr Queries,644;GTEx Coexpression,461	
gene_set_query	757	SOX9	692.0	Literature ChIP-seq,101;ARCHS4 Coexpression,1317;Enrichr Queries,551;ReMap ChIP-seq,55;GTEx Coexpression,1436	ACY3
gene_set_query	758	NCOA3	692.3	ARCHS4 Coexpression,1201;Enrichr Queries,1182;ReMap ChIP-seq,196;GTEx Coexpression,190	
gene_set_query	759	ZNF74	692.3	ARCHS4 Coexpression,356;Enrichr Queries,597;GTEx Coexpression,1124	
gene_set_query	760	ZNF131	692.7	ARCHS4 Coexpression,1449;Enrichr Queries,67;GTEx Coexpression,562	
gene_set_query	761	ZNF521	693.3	ARCHS4 Coexpression,538;Enrichr Queries,1140;GTEx Coexpression,402	
gene_set_query	762	ZNF124	693.7	ARCHS4 Coexpression,1336;Enrichr Queries,258;GTEx Coexpression,487	
gene_set_query	763	ZNF350	693.7	ARCHS4 Coexpression,822;Enrichr Queries,1113;GTEx Coexpression,146	IGSF6
gene_set_query	764	ESR1	693.7	Literature ChIP-seq,110;ARCHS4 Coexpression,1074;ENCODE ChIP-seq,112;Enrichr Queries,1043;ReMap ChIP-seq,232;GTEx Coexpression,1591	
gene_set_query	765	USF2	693.8	ARCHS4 Coexpression,1088;ENCODE ChIP-seq,29;Enrichr Queries,602;ReMap ChIP-seq,162;GTEx Coexpression,1588	RPS26,CCDC124
gene_set_query	766	ZNF70	694.0	ARCHS4 Coexpression,1488;Enrichr Queries,299;GTEx Coexpression,295	
gene_set_query	767	TCF7L2	694.5	Literature ChIP-seq,136;ARCHS4 Coexpression,1468;ENCODE ChIP-seq,70;Enrichr Queries,971;ReMap ChIP-seq,175;GTEx Coexpression,1347	CMTM6
gene_set_query	768	TTF1	694.5	ARCHS4 Coexpression,1227;GTEx Coexpression,162	PTGES3L
gene_set_query	769	NKRF	694.7	ARCHS4 Coexpression,794;Enrichr Queries,671;GTEx Coexpression,619	
gene_set_query	770	HESX1	694.7	ARCHS4 Coexpression,877;Enrichr Queries,391;GTEx Coexpression,816	
gene_set_query	771	GPBP1	695.0	ARCHS4 Coexpression,1115;GTEx Coexpression,275	
gene_set_query	772	ZSCAN32	695.5	ARCHS4 Coexpression,1334;GTEx Coexpression,57	IGSF6
gene_set_query	773	ZBTB8A	696.0	ARCHS4 Coexpression,51;GTEx Coexpression,1341	PTGES3L
gene_set_query	774	ZNF705A	696.7	ARCHS4 Coexpression,773;Enrichr Queries,3;GTEx Coexpression,1314	CSF1R,IGSF6,PLD4
gene_set_query	775	ZNF98	696.7	ARCHS4 Coexpression,1235;Enrichr Queries,266;GTEx Coexpression,589	
gene_set_query	776	BARX2	697.0	ARCHS4 Coexpression,540;Enrichr Queries,686;GTEx Coexpression,865	
gene_set_query	777	MAFG	697.0	ARCHS4 Coexpression,863;Enrichr Queries,441;ReMap ChIP-seq,234;GTEx Coexpression,1250	
gene_set_query	778	ZNF135	697.3	ARCHS4 Coexpression,761;Enrichr Queries,179;GTEx Coexpression,1152	
gene_set_query	779	JUN	697.7	Literature ChIP-seq,97;ARCHS4 Coexpression,1559;ENCODE ChIP-seq,16;Enrichr Queries,1001;ReMap ChIP-seq,144;GTEx Coexpression,1369	CMTM6,PLD4
gene_set_query	780	ZNF445	698.0	ARCHS4 Coexpression,1035;Enrichr Queries,416;GTEx Coexpression,643	
gene_set_query	781	ZNF71	698.3	ARCHS4 Coexpression,746;Enrichr Queries,344;GTEx Coexpression,1005	
gene_set_query	782	DMRT1	698.8	Literature ChIP-seq,99;ARCHS4 Coexpression,485;Enrichr Queries,1336;GTEx Coexpression,875	
gene_set_query	783	ZNF335	699.0	ARCHS4 Coexpression,1018;Enrichr Queries,80;ReMap ChIP-seq,297;GTEx Coexpression,1401	
gene_set_query	784	DACH1	699.3	Literature ChIP-seq,106;ARCHS4 Coexpression,776;Enrichr Queries,1216	
gene_set_query	785	ZFP2	701.0	ARCHS4 Coexpression,107;Enrichr Queries,925;GTEx Coexpression,1071	PTGES3L
gene_set_query	786	PAX3	702.7	ARCHS4 Coexpression,369;Enrichr Queries,1009;GTEx Coexpression,730	
gene_set_query	787	ZEB1	703.2	ARCHS4 Coexpression,662;ENCODE ChIP-seq,106;Enrichr Queries,1068;ReMap ChIP-seq,75;GTEx Coexpression,1605	ACY3
gene_set_query	788	ZNF683	703.3	ARCHS4 Coexpression,623;Enrichr Queries,13;GTEx Coexpression,1474	IGSF6
gene_set_query	789	SCRT2	704.3	ARCHS4 Coexpression,993;Enrichr Queries,716;GTEx Coexpression,404	
gene_set_query	790	TGIF2	704.5	ARCHS4 Coexpression,615;Enrichr Queries,1287;ReMap ChIP-seq,156;GTEx Coexpression,760	
gene_set_query	791	VSX1	704.7	ARCHS4 Coexpression,653;Enrichr Queries,1252;GTEx Coexpression,209	
gene_set_query	792	ZBTB16	705.0	ARCHS4 Coexpression,435;Enrichr Queries,1157;ReMap ChIP-seq,277;GTEx Coexpression,951	
gene_set_query	793	ZFPM1	705.0	ARCHS4 Coexpression,1135;Enrichr Queries,381;GTEx Coexpression,599	
gene_set_query	794	LIN28B	705.7	ARCHS4 Coexpression,331;Enrichr Queries,914;GTEx Coexpression,872	
gene_set_query	795	ZNF333	707.0	ARCHS4 Coexpression,1104;Enrichr Queries,332;GTEx Coexpression,685	
gene_set_query	796	ZNF552	708.3	ARCHS4 Coexpression,1606;Enrichr Queries,342;GTEx Coexpression,177	IGSF6
gene_set_query	797	ETV2	709.0	Literature ChIP-seq,49;ARCHS4 Coexpression,740;Enrichr Queries,847;GTEx Coexpression,1200	RPS26
gene_set_query	798	ESR2	709.2	Literature ChIP-seq,141;ARCHS4 Coexpression,1361;Enrichr Queries,473;ReMap ChIP-seq,282;GTEx Coexpression,1289	
gene_set_query	799	ZNF560	711.7	ARCHS4 Coexpression,1215;Enrichr Queries,404;GTEx Coexpression,516	
gene_set_query	800	ZNF432	713.0	ARCHS4 Coexpression,1330;Enrichr Queries,482;GTEx Coexpression,327	
gene_set_query	801	LMX1B	713.3	ARCHS4 Coexpression,361;Enrichr Queries,1161;GTEx Coexpression,618	
gene_set_query	802	TFAP2E	714.3	ARCHS4 Coexpression,1511;Enrichr Queries,296;GTEx Coexpression,336	
gene_set_query	803	MYNN	714.5	ARCHS4 Coexpression,1479;Enrichr Queries,405;ReMap ChIP-seq,242;GTEx Coexpression,732	
gene_set_query	804	ZBTB7C	715.7	ARCHS4 Coexpression,697;Enrichr Queries,992;GTEx Coexpression,458	
gene_set_query	805	CEBPG	715.8	ARCHS4 Coexpression,875;Enrichr Queries,1149;ReMap ChIP-seq,283;GTEx Coexpression,556	
gene_set_query	806	SP100	716.3	ARCHS4 Coexpression,1100;Enrichr Queries,744;GTEx Coexpression,305	
gene_set_query	807	ZNF276	716.7	ARCHS4 Coexpression,1160;Enrichr Queries,100;GTEx Coexpression,890	
gene_set_query	808	HOXB6	716.7	ARCHS4 Coexpression,549;Enrichr Queries,831;GTEx Coexpression,770	
gene_set_query	809	THAP10	717.0	ARCHS4 Coexpression,832;Enrichr Queries,1040;GTEx Coexpression,279	
gene_set_query	810	CXXC4	717.0	ARCHS4 Coexpression,802;ReMap ChIP-seq,233;GTEx Coexpression,1116	
gene_set_query	811	ZNF510	717.3	ARCHS4 Coexpression,618;Enrichr Queries,1232;GTEx Coexpression,302	
gene_set_query	812	ZNF613	718.0	ARCHS4 Coexpression,1450;Enrichr Queries,390;GTEx Coexpression,314	
gene_set_query	813	ZNF79	718.7	ARCHS4 Coexpression,280;Enrichr Queries,769;GTEx Coexpression,1107	
gene_set_query	814	ZNF410	719.0	ARCHS4 Coexpression,1540;Enrichr Queries,591;GTEx Coexpression,26	CMTM6
gene_set_query	815	IRF9	719.3	ARCHS4 Coexpression,157;Enrichr Queries,1359;ReMap ChIP-seq,262;GTEx Coexpression,1099	IGSF6
gene_set_query	816	ZNF547	719.3	ARCHS4 Coexpression,1133;Enrichr Queries,418;GTEx Coexpression,607	
gene_set_query	817	ZNF37A	719.3	ARCHS4 Coexpression,1239;Enrichr Queries,369;GTEx Coexpression,550	
gene_set_query	818	YBX1	720.3	ARCHS4 Coexpression,819;Enrichr Queries,49;GTEx Coexpression,1293	RPS26
gene_set_query	819	ZNF215	721.0	ARCHS4 Coexpression,1131;Enrichr Queries,223;GTEx Coexpression,809	
gene_set_query	820	LBX1	722.0	ARCHS4 Coexpression,709;Enrichr Queries,1391;GTEx Coexpression,66	PTGES3L
gene_set_query	821	ZNF224	723.0	ARCHS4 Coexpression,1147;Enrichr Queries,515;GTEx Coexpression,507	
gene_set_query	822	PAX2	724.7	ARCHS4 Coexpression,781;Enrichr Queries,1274;GTEx Coexpression,119	ACY3
gene_set_query	823	NPAS1	726.0	ARCHS4 Coexpression,81;Enrichr Queries,798;GTEx Coexpression,1299	CCDC124
gene_set_query	824	KLF14	728.0	ARCHS4 Coexpression,436;Enrichr Queries,1020	
gene_set_query	825	HOXC10	728.0	ARCHS4 Coexpression,809;Enrichr Queries,940;GTEx Coexpression,435	
gene_set_query	826	DLX2	728.3	ARCHS4 Coexpression,997;Enrichr Queries,635;GTEx Coexpression,553	
gene_set_query	827	ELF5	728.4	Literature ChIP-seq,114;ARCHS4 Coexpression,1469;Enrichr Queries,944;ReMap ChIP-seq,288;GTEx Coexpression,827	
gene_set_query	828	ZNF594	728.7	ARCHS4 Coexpression,1614;Enrichr Queries,144;GTEx Coexpression,428	
gene_set_query	829	DRAP1	729.0	ARCHS4 Coexpression,171;Enrichr Queries,1024;GTEx Coexpression,992	CCDC124
gene_set_query	830	ZNF678	729.3	ARCHS4 Coexpression,1495;Enrichr Queries,359;GTEx Coexpression,334	
gene_set_query	831	ZNF576	729.7	ARCHS4 Coexpression,626;Enrichr Queries,536;GTEx Coexpression,1027	
gene_set_query	832	MECOM	729.7	Literature ChIP-seq,24;ARCHS4 Coexpression,663;GTEx Coexpression,1502	CSF1R,IGSF6
gene_set_query	833	ZNF461	730.0	ARCHS4 Coexpression,329;Enrichr Queries,1071;GTEx Coexpression,790	
gene_set_query	834	CIC	732.0	ARCHS4 Coexpression,1506;Enrichr Queries,125;GTEx Coexpression,565	
gene_set_query	835	SKOR1	732.0	ARCHS4 Coexpression,835;GTEx Coexpression,629	
gene_set_query	836	MSX2	732.0	ARCHS4 Coexpression,633;Enrichr Queries,680;GTEx Coexpression,883	
gene_set_query	837	ZNF296	732.3	ARCHS4 Coexpression,161;Enrichr Queries,1176;GTEx Coexpression,860	CCDC124
gene_set_query	838	MXI1	732.8	ARCHS4 Coexpression,1293;ENCODE ChIP-seq,24;Enrichr Queries,942;ReMap ChIP-seq,94;GTEx Coexpression,1311	CCDC124,CMTM6
gene_set_query	839	NR1H4	733.0	ARCHS4 Coexpression,676;Enrichr Queries,986;GTEx Coexpression,537	
gene_set_query	840	ZNF740	733.5	ARCHS4 Coexpression,1254;Enrichr Queries,192;ReMap ChIP-seq,32;GTEx Coexpression,1456	PTGES3L
gene_set_query	841	ZSCAN30	734.5	ARCHS4 Coexpression,1236;GTEx Coexpression,233	
gene_set_query	842	ZNF408	735.7	ARCHS4 Coexpression,180;Enrichr Queries,766;GTEx Coexpression,1261	CCDC124
gene_set_query	843	SOX21	735.7	ARCHS4 Coexpression,798;Enrichr Queries,952;GTEx Coexpression,457	
gene_set_query	844	ZNF316	737.0	ARCHS4 Coexpression,908;Enrichr Queries,246;GTEx Coexpression,1057	
gene_set_query	845	ZNF546	737.0	ARCHS4 Coexpression,1162;Enrichr Queries,93;GTEx Coexpression,956	
gene_set_query	846	ZNF607	738.0	ARCHS4 Coexpression,795;Enrichr Queries,523;GTEx Coexpression,896	
gene_set_query	847	NR5A1	739.0	ARCHS4 Coexpression,995;Enrichr Queries,1202;GTEx Coexpression,20	CSF1R
gene_set_query	848	SOX7	740.3	ARCHS4 Coexpression,1012;Enrichr Queries,998;GTEx Coexpression,211	
gene_set_query	849	SAFB	740.5	ARCHS4 Coexpression,230;GTEx Coexpression,1251	
gene_set_query	850	NR2F2	741.6	ARCHS4 Coexpression,1494;ENCODE ChIP-seq,51;Enrichr Queries,799;ReMap ChIP-seq,129;GTEx Coexpression,1235	RPS26
gene_set_query	851	NR2F1	742.0	ARCHS4 Coexpression,1062;Enrichr Queries,921;ReMap ChIP-seq,64;GTEx Coexpression,921	ACY3
gene_set_query	852	HMGA1	742.0	ARCHS4 Coexpression,825;Enrichr Queries,594;GTEx Coexpression,807	
gene_set_query	853	ZNF704	742.3	ARCHS4 Coexpression,750;Enrichr Queries,1201;GTEx Coexpression,276	
gene_set_query	854	MTERF3	743.0	ARCHS4 Coexpression,1314;GTEx Coexpression,172	PTGES3L
gene_set_query	855	PRDM10	743.7	ARCHS4 Coexpression,1125;Enrichr Queries,280;GTEx Coexpression,826	
gene_set_query	856	MESP1	744.0	ARCHS4 Coexpression,130;Enrichr Queries,1101;GTEx Coexpression,1001	RPS26
gene_set_query	857	MEIS2	744.5	ARCHS4 Coexpression,237;Enrichr Queries,1060;ReMap ChIP-seq,279;GTEx Coexpression,1402	
gene_set_query	858	ZFHX3	744.7	ARCHS4 Coexpression,708;Enrichr Queries,611;GTEx Coexpression,915	
gene_set_query	859	ZNF3	746.0	ARCHS4 Coexpression,817;Enrichr Queries,496;GTEx Coexpression,925	
gene_set_query	860	ASCL1	747.3	ARCHS4 Coexpression,560;Enrichr Queries,1231;ReMap ChIP-seq,183;GTEx Coexpression,1015	
gene_set_query	861	JRKL	748.0	ARCHS4 Coexpression,631;Enrichr Queries,71;GTEx Coexpression,1542	
gene_set_query	862	ZNF264	748.0	ARCHS4 Coexpression,1020;Enrichr Queries,272;GTEx Coexpression,952	
gene_set_query	863	TIGD5	748.7	ARCHS4 Coexpression,958;Enrichr Queries,242;GTEx Coexpression,1046	
gene_set_query	864	ZNF19	748.7	ARCHS4 Coexpression,939;Enrichr Queries,991;GTEx Coexpression,316	
gene_set_query	865	ZNF33B	748.7	ARCHS4 Coexpression,916;Enrichr Queries,953;GTEx Coexpression,377	
gene_set_query	866	DDIT3	748.7	ARCHS4 Coexpression,1243;Enrichr Queries,742;GTEx Coexpression,261	
gene_set_query	867	BNC1	748.7	ARCHS4 Coexpression,828;Enrichr Queries,870;GTEx Coexpression,548	
gene_set_query	868	ZNF80	750.3	ARCHS4 Coexpression,786;Enrichr Queries,1211;GTEx Coexpression,254	
gene_set_query	869	ZNF235	750.7	ARCHS4 Coexpression,1604;Enrichr Queries,260;GTEx Coexpression,388	
gene_set_query	870	FOXQ1	751.0	ARCHS4 Coexpression,409;Enrichr Queries,771;GTEx Coexpression,1073	
gene_set_query	871	MXD4	751.0	ARCHS4 Coexpression,1426;Enrichr Queries,640;GTEx Coexpression,187	
gene_set_query	872	SETBP1	752.0	ARCHS4 Coexpression,594;Enrichr Queries,191;GTEx Coexpression,1471	
gene_set_query	873	GPBP1L1	752.0	ARCHS4 Coexpression,808;GTEx Coexpression,696	
gene_set_query	874	ZNF365	752.0	ARCHS4 Coexpression,497;Enrichr Queries,785;GTEx Coexpression,974	
gene_set_query	875	ZNF780A	752.7	ARCHS4 Coexpression,1050;Enrichr Queries,1163;GTEx Coexpression,45	IGSF6
gene_set_query	876	HSFX2	753.0	ARCHS4 Coexpression,753	
gene_set_query	877	ZNF142	753.0	ARCHS4 Coexpression,1170;Enrichr Queries,227;GTEx Coexpression,862	
gene_set_query	878	ZNF587	753.3	ARCHS4 Coexpression,1119;Enrichr Queries,1062;GTEx Coexpression,79	CCDC124
gene_set_query	879	TFCP2	753.3	ARCHS4 Coexpression,785;Enrichr Queries,413;GTEx Coexpression,1062	
gene_set_query	880	FBXL19	753.5	ARCHS4 Coexpression,905;GTEx Coexpression,602	
gene_set_query	881	ZNF799	753.7	ARCHS4 Coexpression,1364;Enrichr Queries,893;GTEx Coexpression,4	IGSF6,CMTM6
gene_set_query	882	ZBED1	754.5	ARCHS4 Coexpression,1343;Enrichr Queries,1400;ReMap ChIP-seq,244;GTEx Coexpression,31	PTGES3L
gene_set_query	883	FOXD2	755.0	ARCHS4 Coexpression,730;Enrichr Queries,676;GTEx Coexpression,859	
gene_set_query	884	ATF7	755.3	ARCHS4 Coexpression,1276;Enrichr Queries,371;ReMap ChIP-seq,208;GTEx Coexpression,1166	
gene_set_query	885	SIX3	756.3	ARCHS4 Coexpression,30;Enrichr Queries,1289;GTEx Coexpression,950	RPS26
gene_set_query	886	HSFY1	756.5	ARCHS4 Coexpression,364;GTEx Coexpression,1149	
gene_set_query	887	GRHL1	756.7	ARCHS4 Coexpression,1541;Enrichr Queries,474;GTEx Coexpression,255	
gene_set_query	888	KCMF1	756.7	ARCHS4 Coexpression,495;Enrichr Queries,255;GTEx Coexpression,1520	
gene_set_query	889	ZNF24	756.8	ARCHS4 Coexpression,1231;Enrichr Queries,228;ReMap ChIP-seq,241;GTEx Coexpression,1327	
gene_set_query	890	ZNF304	757.0	ARCHS4 Coexpression,725;Enrichr Queries,1221;GTEx Coexpression,325	
gene_set_query	891	ZNF132	757.3	ARCHS4 Coexpression,1096;Enrichr Queries,358;GTEx Coexpression,818	
gene_set_query	892	CCDC17	757.5	ARCHS4 Coexpression,707;GTEx Coexpression,808	
gene_set_query	893	ZNF425	757.7	ARCHS4 Coexpression,926;Enrichr Queries,767;GTEx Coexpression,580	
gene_set_query	894	RBPJ	757.8	Literature ChIP-seq,36;ARCHS4 Coexpression,1463;Enrichr Queries,746;ReMap ChIP-seq,83;GTEx Coexpression,1461	RPS26,IGSF6,PLD4
gene_set_query	895	LHX4	758.0	ARCHS4 Coexpression,1092;Enrichr Queries,1041;GTEx Coexpression,141	IGSF6
gene_set_query	896	DEAF1	758.3	ARCHS4 Coexpression,1584;Enrichr Queries,961;ReMap ChIP-seq,40;GTEx Coexpression,448	RPS26
gene_set_query	897	SP8	758.3	ARCHS4 Coexpression,889;Enrichr Queries,1135;GTEx Coexpression,251	
gene_set_query	898	PRDM14	758.6	Literature ChIP-seq,103;ARCHS4 Coexpression,1217;Enrichr Queries,1246;ReMap ChIP-seq,15;GTEx Coexpression,1212	ACY3,CCDC124
gene_set_query	899	TP73	760.0	ARCHS4 Coexpression,419;Enrichr Queries,906;GTEx Coexpression,955	
gene_set_query	900	DMTF1	760.0	ARCHS4 Coexpression,321;Enrichr Queries,458;GTEx Coexpression,1501	
gene_set_query	901	ZNF587B	760.0	ARCHS4 Coexpression,1430;GTEx Coexpression,90	CMTM6
gene_set_query	902	NKX24	760.5	ARCHS4 Coexpression,602;GTEx Coexpression,919	
gene_set_query	903	ZFP28	761.3	ARCHS4 Coexpression,814;Enrichr Queries,732;GTEx Coexpression,738	
gene_set_query	904	ZNF26	761.7	ARCHS4 Coexpression,1000;Enrichr Queries,905;GTEx Coexpression,380	
gene_set_query	905	ZNF77	762.0	ARCHS4 Coexpression,1445;Enrichr Queries,245;GTEx Coexpression,596	
gene_set_query	906	MYBL1	763.3	Literature ChIP-seq,153;ARCHS4 Coexpression,1460;Enrichr Queries,981;GTEx Coexpression,459	
gene_set_query	907	FOXD4	764.0	ARCHS4 Coexpression,703;Enrichr Queries,1316;GTEx Coexpression,273	
gene_set_query	908	ZNF577	764.0	ARCHS4 Coexpression,965;Enrichr Queries,456;GTEx Coexpression,871	
gene_set_query	909	ZBTB22	764.3	ARCHS4 Coexpression,1121;Enrichr Queries,662;GTEx Coexpression,510	
gene_set_query	910	BPTF	764.5	ARCHS4 Coexpression,648;GTEx Coexpression,881	
gene_set_query	911	SOX11	764.6	Literature ChIP-seq,115;ARCHS4 Coexpression,955;Enrichr Queries,965;ReMap ChIP-seq,217;GTEx Coexpression,1571	
gene_set_query	912	DBP	764.7	ARCHS4 Coexpression,829;Enrichr Queries,910;GTEx Coexpression,555	
gene_set_query	913	ZBTB12	764.7	ARCHS4 Coexpression,273;Enrichr Queries,476;GTEx Coexpression,1545	
gene_set_query	914	IRF3	765.4	ARCHS4 Coexpression,1200;ENCODE ChIP-seq,91;Enrichr Queries,773;ReMap ChIP-seq,266;GTEx Coexpression,1497	
gene_set_query	915	POU3F4	765.7	ARCHS4 Coexpression,457;Enrichr Queries,752;GTEx Coexpression,1088	
gene_set_query	916	ZBED9	766.0	ARCHS4 Coexpression,743;GTEx Coexpression,789	
gene_set_query	917	ZC3H8	767.5	ARCHS4 Coexpression,1265;Enrichr Queries,978;ReMap ChIP-seq,259;GTEx Coexpression,568	
gene_set_query	918	TBXT	767.5	ARCHS4 Coexpression,682;Enrichr Queries,1344;ReMap ChIP-seq,45;GTEx Coexpression,999	ACY3
gene_set_query	919	ZHX3	768.0	ARCHS4 Coexpression,972;Enrichr Queries,226;GTEx Coexpression,1106	
gene_set_query	920	ZNF660	769.7	ARCHS4 Coexpression,861;Enrichr Queries,521;GTEx Coexpression,927	
gene_set_query	921	ZXDC	770.3	ARCHS4 Coexpression,896;Enrichr Queries,257;GTEx Coexpression,1158	
gene_set_query	922	ZBTB4	770.7	ARCHS4 Coexpression,1481;Enrichr Queries,481;GTEx Coexpression,350	
gene_set_query	923	ZNF585A	771.3	ARCHS4 Coexpression,1031;Enrichr Queries,820;GTEx Coexpression,463	
gene_set_query	924	POU2F3	772.0	ARCHS4 Coexpression,1534;Enrichr Queries,508;GTEx Coexpression,274	
gene_set_query	925	ZNF559	772.0	ARCHS4 Coexpression,658;Enrichr Queries,455;GTEx Coexpression,1203	
gene_set_query	926	LHX5	772.3	ARCHS4 Coexpression,813;Enrichr Queries,1267;GTEx Coexpression,237	
gene_set_query	927	NR2C1	772.7	ARCHS4 Coexpression,1543;Enrichr Queries,188;GTEx Coexpression,587	
gene_set_query	928	ZNF354B	772.7	ARCHS4 Coexpression,238;Enrichr Queries,839;GTEx Coexpression,1241	
gene_set_query	929	HIC2	773.0	ARCHS4 Coexpression,791;Enrichr Queries,715;GTEx Coexpression,813	
gene_set_query	930	SNAI1	774.0	ARCHS4 Coexpression,443;Enrichr Queries,899;GTEx Coexpression,980	
gene_set_query	931	ZFP90	774.0	ARCHS4 Coexpression,973;Enrichr Queries,213;GTEx Coexpression,1136	
gene_set_query	932	HOXB13	774.5	ARCHS4 Coexpression,248;Enrichr Queries,1240;ReMap ChIP-seq,37;GTEx Coexpression,1573	PTGES3L
gene_set_query	933	MAFF	774.8	ARCHS4 Coexpression,1616;ENCODE ChIP-seq,69;Enrichr Queries,654;ReMap ChIP-seq,116;GTEx Coexpression,1419	RPS26
gene_set_query	934	KLF9	775.8	ARCHS4 Coexpression,1622;Enrichr Queries,593;ReMap ChIP-seq,228;GTEx Coexpression,660	
gene_set_query	935	ARID2	776.0	ARCHS4 Coexpression,1359;Enrichr Queries,317;ReMap ChIP-seq,149;GTEx Coexpression,1279	
gene_set_query	936	ZNF385B	776.7	ARCHS4 Coexpression,839;Enrichr Queries,190;GTEx Coexpression,1301	
gene_set_query	937	GMEB2	777.7	ARCHS4 Coexpression,1130;Enrichr Queries,240;GTEx Coexpression,963	
gene_set_query	938	ZNF8	778.0	ARCHS4 Coexpression,1306;Enrichr Queries,250	
gene_set_query	939	FOXN4	778.7	ARCHS4 Coexpression,731;Enrichr Queries,663;GTEx Coexpression,942	
gene_set_query	940	LTF	779.5	ARCHS4 Coexpression,655;GTEx Coexpression,904	
gene_set_query	941	NOBOX	780.0	ARCHS4 Coexpression,635;Enrichr Queries,1207;GTEx Coexpression,498	
gene_set_query	942	PURG	780.0	ARCHS4 Coexpression,911;GTEx Coexpression,649	
gene_set_query	943	ZFPM2	780.3	ARCHS4 Coexpression,704;Enrichr Queries,1164;GTEx Coexpression,473	
gene_set_query	944	PPARG	781.6	Literature ChIP-seq,83;ARCHS4 Coexpression,1493;Enrichr Queries,699;ReMap ChIP-seq,54;GTEx Coexpression,1579	CCDC124,PTGES3L
gene_set_query	945	KLF2	782.5	Literature ChIP-seq,156;ARCHS4 Coexpression,1268;Enrichr Queries,729;GTEx Coexpression,977	
gene_set_query	946	ZIC4	782.7	ARCHS4 Coexpression,365;Enrichr Queries,1308;GTEx Coexpression,675	
gene_set_query	947	TGIF1	783.0	ARCHS4 Coexpression,964;Enrichr Queries,795;GTEx Coexpression,590	
gene_set_query	948	JRK	783.5	ARCHS4 Coexpression,382;GTEx Coexpression,1185	
gene_set_query	949	HMBOX1	783.5	ARCHS4 Coexpression,1205;Enrichr Queries,583;ReMap ChIP-seq,260;GTEx Coexpression,1086	
gene_set_query	950	ZIM2	784.0	ARCHS4 Coexpression,644;Enrichr Queries,102;GTEx Coexpression,1606	
gene_set_query	951	ZNF615	785.3	ARCHS4 Coexpression,1040;Enrichr Queries,582;GTEx Coexpression,734	
gene_set_query	952	ZNF133	785.3	ARCHS4 Coexpression,375;Enrichr Queries,585;GTEx Coexpression,1396	
gene_set_query	953	SCRT1	785.5	ARCHS4 Coexpression,1485;Enrichr Queries,86	
gene_set_query	954	ZNF557	785.7	ARCHS4 Coexpression,974;Enrichr Queries,393;GTEx Coexpression,990	
gene_set_query	955	ZNF75A	785.7	ARCHS4 Coexpression,328;Enrichr Queries,1011;GTEx Coexpression,1018	
gene_set_query	956	PRR12	786.3	ARCHS4 Coexpression,1099;Enrichr Queries,235;GTEx Coexpression,1025	
gene_set_query	957	SP9	786.5	ARCHS4 Coexpression,667;GTEx Coexpression,906	
gene_set_query	958	LHX1	786.5	ARCHS4 Coexpression,325;Enrichr Queries,1248	
gene_set_query	959	ZNF443	787.3	ARCHS4 Coexpression,1374;Enrichr Queries,977;GTEx Coexpression,11	IGSF6,CMTM6
gene_set_query	960	PCGF6	787.7	ARCHS4 Coexpression,1259;Enrichr Queries,388;GTEx Coexpression,716	
gene_set_query	961	ZBTB6	788.0	ARCHS4 Coexpression,156;Enrichr Queries,1022;GTEx Coexpression,1186	CMTM6
gene_set_query	962	HOXD11	788.3	ARCHS4 Coexpression,200;Enrichr Queries,1314;GTEx Coexpression,851	CCDC124
gene_set_query	963	ZNF543	788.7	ARCHS4 Coexpression,1624;Enrichr Queries,510;GTEx Coexpression,232	
gene_set_query	964	RLF	789.0	ARCHS4 Coexpression,1593;Enrichr Queries,134;GTEx Coexpression,640	
gene_set_query	965	ARID5B	789.0	ARCHS4 Coexpression,1025;Enrichr Queries,964;GTEx Coexpression,378	
gene_set_query	966	ZNF735	789.0	ARCHS4 Coexpression,990;GTEx Coexpression,588	
gene_set_query	967	IRX1	789.0	ARCHS4 Coexpression,674;Enrichr Queries,794;GTEx Coexpression,899	
gene_set_query	968	ZNF141	789.3	ARCHS4 Coexpression,1353;Enrichr Queries,309;GTEx Coexpression,706	
gene_set_query	969	ZNF860	790.0	ARCHS4 Coexpression,1129;GTEx Coexpression,451	
gene_set_query	970	ZNF497	791.3	ARCHS4 Coexpression,139;Enrichr Queries,1196;GTEx Coexpression,1039	PTGES3L
gene_set_query	971	ZNF565	791.3	ARCHS4 Coexpression,968;Enrichr Queries,1049;GTEx Coexpression,357	
gene_set_query	972	ZNF391	792.0	ARCHS4 Coexpression,1192;Enrichr Queries,989;GTEx Coexpression,195	
gene_set_query	973	CUX2	792.0	ARCHS4 Coexpression,496;Enrichr Queries,428;GTEx Coexpression,1452	
gene_set_query	974	ZNF536	792.3	ARCHS4 Coexpression,689;Enrichr Queries,650;GTEx Coexpression,1038	
gene_set_query	975	ATOH7	793.0	ARCHS4 Coexpression,422;Enrichr Queries,1143;GTEx Coexpression,814	
gene_set_query	976	ZNF493	793.0	ARCHS4 Coexpression,1118;Enrichr Queries,846;GTEx Coexpression,415	
gene_set_query	977	ETV7	793.3	ARCHS4 Coexpression,147;Enrichr Queries,1401;GTEx Coexpression,832	IGSF6
gene_set_query	978	ALX1	794.0	ARCHS4 Coexpression,300;Enrichr Queries,1096;GTEx Coexpression,986	
gene_set_query	979	SP5	794.3	ARCHS4 Coexpression,1294;Enrichr Queries,504;GTEx Coexpression,585	
gene_set_query	980	HOXB3	795.0	ARCHS4 Coexpression,685;Enrichr Queries,1186;GTEx Coexpression,514	
gene_set_query	981	ZSCAN5A	795.0	ARCHS4 Coexpression,96;Enrichr Queries,1033;GTEx Coexpression,1256	PTGES3L
gene_set_query	982	TBX2	796.3	ARCHS4 Coexpression,637;Enrichr Queries,622;GTEx Coexpression,1130	
gene_set_query	983	ZNF630	796.5	ARCHS4 Coexpression,206;GTEx Coexpression,1387	PTGES3L
gene_set_query	984	ZNF35	796.7	ARCHS4 Coexpression,924;Enrichr Queries,765;GTEx Coexpression,701	
gene_set_query	985	TBX4	797.0	ARCHS4 Coexpression,197;Enrichr Queries,1086;GTEx Coexpression,1108	PTGES3L
gene_set_query	986	MYSM1	797.3	ARCHS4 Coexpression,1230;Enrichr Queries,658;GTEx Coexpression,504	
gene_set_query	987	EN2	798.0	ARCHS4 Coexpression,678;Enrichr Queries,1254;GTEx Coexpression,462	
gene_set_query	988	ZNF653	798.3	ARCHS4 Coexpression,1161;Enrichr Queries,695;GTEx Coexpression,539	
gene_set_query	989	ZNF256	799.7	ARCHS4 Coexpression,1366;Enrichr Queries,633;GTEx Coexpression,400	
gene_set_query	990	ZNF160	800.7	ARCHS4 Coexpression,357;Enrichr Queries,849;GTEx Coexpression,1196	
gene_set_query	991	ZNF665	800.7	ARCHS4 Coexpression,115;Enrichr Queries,982;GTEx Coexpression,1305	PTGES3L
gene_set_query	992	ZFP92	801.3	ARCHS4 Coexpression,1017;Enrichr Queries,304;GTEx Coexpression,1083	
gene_set_query	993	PRDM13	802.7	ARCHS4 Coexpression,477;Enrichr Queries,1184;GTEx Coexpression,747	
gene_set_query	994	TBX22	802.7	ARCHS4 Coexpression,322;Enrichr Queries,1115;GTEx Coexpression,971	
gene_set_query	995	NR0B1	803.0	Literature ChIP-seq,13;ARCHS4 Coexpression,394;Enrichr Queries,1278;GTEx Coexpression,1527	RPS26,PLD4
gene_set_query	996	ZNF426	803.3	ARCHS4 Coexpression,930;Enrichr Queries,781;GTEx Coexpression,699	
gene_set_query	997	CBLL2	803.7	ARCHS4 Coexpression,774;Enrichr Queries,45;GTEx Coexpression,1592	CSF1R
gene_set_query	998	AR	803.8	Literature ChIP-seq,61;ARCHS4 Coexpression,1446;Enrichr Queries,1118;ReMap ChIP-seq,59;GTEx Coexpression,1335	CSF1R,PTGES3L,PLD4
gene_set_query	999	FOXN1	804.0	ARCHS4 Coexpression,588;Enrichr Queries,999;GTEx Coexpression,825	
gene_set_query	1000	TBX5	804.5	Literature ChIP-seq,70;ARCHS4 Coexpression,1443;Enrichr Queries,540;GTEx Coexpression,1165	TREM2
gene_set_query	1001	SOX17	805.3	Literature ChIP-seq,20;ARCHS4 Coexpression,1483;Enrichr Queries,669;GTEx Coexpression,1049	RPS26,CCDC124
gene_set_query	1002	PRDM4	805.3	ARCHS4 Coexpression,1419;Enrichr Queries,707;GTEx Coexpression,290	
gene_set_query	1003	TFAP2B	806.0	ARCHS4 Coexpression,605;Enrichr Queries,1111;GTEx Coexpression,702	
gene_set_query	1004	ZBTB17	806.3	ARCHS4 Coexpression,880;Enrichr Queries,159;GTEx Coexpression,1380	
gene_set_query	1005	SIX2	806.5	ARCHS4 Coexpression,1044;Enrichr Queries,1027;ReMap ChIP-seq,146;GTEx Coexpression,1009	
gene_set_query	1006	HOXB1	807.0	ARCHS4 Coexpression,467;Enrichr Queries,1183;GTEx Coexpression,771	
gene_set_query	1007	ZNF585B	807.0	ARCHS4 Coexpression,767;Enrichr Queries,626;GTEx Coexpression,1028	
gene_set_query	1008	ZKSCAN8	807.0	ARCHS4 Coexpression,860;GTEx Coexpression,754	
gene_set_query	1009	PRMT3	808.3	ARCHS4 Coexpression,1021;Enrichr Queries,387;GTEx Coexpression,1017	
gene_set_query	1010	L3MBTL1	809.0	ARCHS4 Coexpression,1178;GTEx Coexpression,440	
gene_set_query	1011	SP6	809.0	ARCHS4 Coexpression,1240;Enrichr Queries,560;GTEx Coexpression,627	
gene_set_query	1012	RORA	810.3	ARCHS4 Coexpression,933;Enrichr Queries,1077;GTEx Coexpression,421	
gene_set_query	1013	FOXG1	810.3	ARCHS4 Coexpression,938;Enrichr Queries,832;GTEx Coexpression,661	
gene_set_query	1014	RORC	810.7	ARCHS4 Coexpression,902;Enrichr Queries,755;GTEx Coexpression,775	
gene_set_query	1015	TPRX1	812.3	ARCHS4 Coexpression,1144;Enrichr Queries,429;GTEx Coexpression,864	
gene_set_query	1016	ZNF608	812.7	ARCHS4 Coexpression,479;Enrichr Queries,1195;GTEx Coexpression,764	
gene_set_query	1017	PLAGL1	814.0	ARCHS4 Coexpression,526;Enrichr Queries,976;GTEx Coexpression,940	
gene_set_query	1018	TBX15	814.7	ARCHS4 Coexpression,430;Enrichr Queries,894;GTEx Coexpression,1120	
gene_set_query	1019	ZNF93	815.0	ARCHS4 Coexpression,1576;Enrichr Queries,243;GTEx Coexpression,626	
gene_set_query	1020	ZFP1	816.0	ARCHS4 Coexpression,946;Enrichr Queries,573;GTEx Coexpression,929	
gene_set_query	1021	TBX3	817.8	Literature ChIP-seq,122;ARCHS4 Coexpression,1046;Enrichr Queries,572;GTEx Coexpression,1531	
gene_set_query	1022	ZNF623	818.0	ARCHS4 Coexpression,628;Enrichr Queries,423;GTEx Coexpression,1403	
gene_set_query	1023	FAM200B	821.0	ARCHS4 Coexpression,460;GTEx Coexpression,1182	
gene_set_query	1024	HEY2	821.3	ARCHS4 Coexpression,473;Enrichr Queries,501;GTEx Coexpression,1490	
gene_set_query	1025	GCM2	821.7	ARCHS4 Coexpression,285;Enrichr Queries,1300;GTEx Coexpression,880	
gene_set_query	1026	HOMEZ	822.0	ARCHS4 Coexpression,805;Enrichr Queries,308;GTEx Coexpression,1353	
gene_set_query	1027	ZNF606	822.3	ARCHS4 Coexpression,1003;Enrichr Queries,318;GTEx Coexpression,1146	
gene_set_query	1028	KLF10	825.7	ARCHS4 Coexpression,920;Enrichr Queries,796;GTEx Coexpression,761	
gene_set_query	1029	DMRTA2	828.3	ARCHS4 Coexpression,515;Enrichr Queries,1130;GTEx Coexpression,840	
gene_set_query	1030	MLXIPL	828.3	ARCHS4 Coexpression,888;Enrichr Queries,1018;GTEx Coexpression,579	
gene_set_query	1031	ERG	828.6	Literature ChIP-seq,68;ARCHS4 Coexpression,1462;Enrichr Queries,1236;ReMap ChIP-seq,77;GTEx Coexpression,1300	ACY3,PLD4
gene_set_query	1032	ZBTB41	829.0	ARCHS4 Coexpression,1514;Enrichr Queries,365;GTEx Coexpression,608	
gene_set_query	1033	MECP2	830.0	ARCHS4 Coexpression,1499;Enrichr Queries,315;GTEx Coexpression,676	
gene_set_query	1034	ZNF823	830.3	ARCHS4 Coexpression,1418;Enrichr Queries,414;GTEx Coexpression,659	
gene_set_query	1035	TCF23	832.0	ARCHS4 Coexpression,47;Enrichr Queries,853;GTEx Coexpression,1596	PTGES3L
gene_set_query	1036	FOXI3	832.0	ARCHS4 Coexpression,1329;GTEx Coexpression,335	
gene_set_query	1037	KIN	832.0	ARCHS4 Coexpression,1567;Enrichr Queries,98;GTEx Coexpression,831	
gene_set_query	1038	GATA4	832.0	Literature ChIP-seq,94;ARCHS4 Coexpression,1605;Enrichr Queries,1222;ReMap ChIP-seq,187;GTEx Coexpression,1052	
gene_set_query	1039	ZFP42	832.5	Literature ChIP-seq,55;ARCHS4 Coexpression,1274;Enrichr Queries,723;GTEx Coexpression,1278	CCDC124
gene_set_query	1040	ZNF416	833.7	ARCHS4 Coexpression,1151;Enrichr Queries,436;GTEx Coexpression,914	
gene_set_query	1041	ZNF358	836.0	ARCHS4 Coexpression,1482;Enrichr Queries,1025;GTEx Coexpression,1	CCDC124,CMTM6
gene_set_query	1042	ZNF226	836.3	ARCHS4 Coexpression,1425;Enrichr Queries,77;GTEx Coexpression,1007	
gene_set_query	1043	NR1D2	836.3	ARCHS4 Coexpression,865;Enrichr Queries,881;GTEx Coexpression,763	
gene_set_query	1044	AHCTF1	836.3	ARCHS4 Coexpression,1283;Enrichr Queries,357;GTEx Coexpression,869	
gene_set_query	1045	TET1	837.0	Literature ChIP-seq,19;ARCHS4 Coexpression,1229;GTEx Coexpression,1263	RPS26,IGSF6
gene_set_query	1046	DR1	837.3	ARCHS4 Coexpression,1586;Enrichr Queries,407;GTEx Coexpression,519	
gene_set_query	1047	HOXA4	837.7	ARCHS4 Coexpression,561;Enrichr Queries,1084;GTEx Coexpression,868	
gene_set_query	1048	ZBTB37	839.0	ARCHS4 Coexpression,1051;Enrichr Queries,261;GTEx Coexpression,1205	
gene_set_query	1049	POU4F1	839.3	ARCHS4 Coexpression,317;Enrichr Queries,1141;GTEx Coexpression,1060	
gene_set_query	1050	HOXA9	840.8	ARCHS4 Coexpression,1478;Enrichr Queries,1117;ReMap ChIP-seq,19;GTEx Coexpression,749	ACY3,IGSF6
gene_set_query	1051	RFX6	841.0	ARCHS4 Coexpression,555;Enrichr Queries,555;GTEx Coexpression,1413	
gene_set_query	1052	ZNF253	843.7	ARCHS4 Coexpression,1470;Enrichr Queries,203;GTEx Coexpression,858	
gene_set_query	1053	NFIB	843.8	Literature ChIP-seq,138;ARCHS4 Coexpression,1207;Enrichr Queries,935;GTEx Coexpression,1095	
gene_set_query	1054	ZNF202	844.0	ARCHS4 Coexpression,338;Enrichr Queries,1218;GTEx Coexpression,976	
gene_set_query	1055	SPDEF	844.7	ARCHS4 Coexpression,423;Enrichr Queries,613;GTEx Coexpression,1498	
gene_set_query	1056	ZNF786	844.7	ARCHS4 Coexpression,801;Enrichr Queries,1341;GTEx Coexpression,392	
gene_set_query	1057	ISL2	845.0	ARCHS4 Coexpression,1042;Enrichr Queries,1324;GTEx Coexpression,169	IGSF6
gene_set_query	1058	MIXL1	845.0	ARCHS4 Coexpression,840;Enrichr Queries,1131;GTEx Coexpression,564	
gene_set_query	1059	ZNF580	845.0	ARCHS4 Coexpression,80;Enrichr Queries,1047;GTEx Coexpression,1408	CCDC124
gene_set_query	1060	FOXO6	847.0	ARCHS4 Coexpression,821;Enrichr Queries,745;GTEx Coexpression,975	
gene_set_query	1061	DPRX	847.3	ARCHS4 Coexpression,1395;Enrichr Queries,1134;GTEx Coexpression,13	PTGES3L
gene_set_query	1062	PATZ1	847.3	ARCHS4 Coexpression,554;Enrichr Queries,439;GTEx Coexpression,1549	
gene_set_query	1063	ZNF679	848.3	ARCHS4 Coexpression,1091;Enrichr Queries,16;GTEx Coexpression,1438	CSF1R
gene_set_query	1064	HOXB5	848.3	ARCHS4 Coexpression,1124;Enrichr Queries,919;GTEx Coexpression,502	
gene_set_query	1065	ZNF749	851.0	ARCHS4 Coexpression,927;Enrichr Queries,710;GTEx Coexpression,916	
gene_set_query	1066	SPZ1	851.5	ARCHS4 Coexpression,391;GTEx Coexpression,1312	
gene_set_query	1067	ZNF284	854.3	ARCHS4 Coexpression,1411;Enrichr Queries,558;GTEx Coexpression,594	
gene_set_query	1068	FOXD4L3	854.7	ARCHS4 Coexpression,399;Enrichr Queries,1353;GTEx Coexpression,812	
gene_set_query	1069	ZNF229	855.0	ARCHS4 Coexpression,1371;Enrichr Queries,339	
gene_set_query	1070	RHOXF2	855.0	ARCHS4 Coexpression,850;Enrichr Queries,448;GTEx Coexpression,1267	
gene_set_query	1071	ZNF503	855.0	ARCHS4 Coexpression,565;Enrichr Queries,931;GTEx Coexpression,1069	
gene_set_query	1072	ZNF518A	855.7	ARCHS4 Coexpression,1568;Enrichr Queries,985;GTEx Coexpression,14	CCDC124
gene_set_query	1073	ZNF423	856.3	ARCHS4 Coexpression,1288;Enrichr Queries,1273;GTEx Coexpression,8	CMTM6,PTGES3L
gene_set_query	1074	CDC5L	858.0	ARCHS4 Coexpression,1557;Enrichr Queries,514;GTEx Coexpression,503	
gene_set_query	1075	ZNF280B	858.5	ARCHS4 Coexpression,1354;Enrichr Queries,363	
gene_set_query	1076	ZNF570	858.7	ARCHS4 Coexpression,1454;Enrichr Queries,475;GTEx Coexpression,647	
gene_set_query	1077	ZNF197	858.8	ARCHS4 Coexpression,1464;Enrichr Queries,1228;ReMap ChIP-seq,7;GTEx Coexpression,736	RPS26,CCDC124
gene_set_query	1078	THAP5	859.0	ARCHS4 Coexpression,1126;Enrichr Queries,1234;GTEx Coexpression,217	
gene_set_query	1079	INSM1	859.7	ARCHS4 Coexpression,851;Enrichr Queries,547;GTEx Coexpression,1181	
gene_set_query	1080	ZNF346	859.7	ARCHS4 Coexpression,1180;Enrichr Queries,288;GTEx Coexpression,1111	
gene_set_query	1081	ZNF621	861.3	ARCHS4 Coexpression,1310;Enrichr Queries,96;GTEx Coexpression,1178	
gene_set_query	1082	MTF2	861.3	Literature ChIP-seq,88;ARCHS4 Coexpression,1437;GTEx Coexpression,1059	
gene_set_query	1083	ZNF512B	862.7	ARCHS4 Coexpression,1022;Enrichr Queries,97;GTEx Coexpression,1469	
gene_set_query	1084	ZNF699	863.0	ARCHS4 Coexpression,190;Enrichr Queries,926;GTEx Coexpression,1473	PTGES3L
gene_set_query	1085	ZBTB10	863.0	ARCHS4 Coexpression,1068;Enrichr Queries,528;GTEx Coexpression,993	
gene_set_query	1086	UNCX	864.3	ARCHS4 Coexpression,1019;Enrichr Queries,1317;GTEx Coexpression,257	
gene_set_query	1087	CREB3L4	864.7	ARCHS4 Coexpression,491;Enrichr Queries,592;GTEx Coexpression,1511	
gene_set_query	1088	ZNF501	864.7	ARCHS4 Coexpression,1453;Enrichr Queries,198;GTEx Coexpression,943	
gene_set_query	1089	ZBTB38	866.0	ARCHS4 Coexpression,244;Enrichr Queries,1074;GTEx Coexpression,1280	
gene_set_query	1090	ZSCAN4	866.0	ARCHS4 Coexpression,1195;Enrichr Queries,1107;GTEx Coexpression,296	
gene_set_query	1091	ZNF841	866.0	ARCHS4 Coexpression,980;Enrichr Queries,430;GTEx Coexpression,1188	
gene_set_query	1092	NKX22	868.0	ARCHS4 Coexpression,775;GTEx Coexpression,961	
gene_set_query	1093	ZNF200	868.0	ARCHS4 Coexpression,1150;Enrichr Queries,406;GTEx Coexpression,1048	
gene_set_query	1094	RORB	868.7	ARCHS4 Coexpression,693;Enrichr Queries,625;GTEx Coexpression,1288	
gene_set_query	1095	ZNF189	868.7	ARCHS4 Coexpression,649;Enrichr Queries,1121;GTEx Coexpression,836	
gene_set_query	1096	PROX2	869.0	ARCHS4 Coexpression,1289;Enrichr Queries,52;GTEx Coexpression,1266	IGSF6
gene_set_query	1097	ZSCAN18	870.0	ARCHS4 Coexpression,1517;Enrichr Queries,422;GTEx Coexpression,671	
gene_set_query	1098	CCDC169SOHLH2	870.0	ARCHS4 Coexpression,870	
gene_set_query	1099	BARHL2	870.3	ARCHS4 Coexpression,998;Enrichr Queries,1373;GTEx Coexpression,240	
gene_set_query	1100	ZFP62	870.3	ARCHS4 Coexpression,1490;Enrichr Queries,712;GTEx Coexpression,409	
gene_set_query	1101	HES5	872.0	ARCHS4 Coexpression,520;Enrichr Queries,596;GTEx Coexpression,1500	
gene_set_query	1102	ZNF697	872.0	ARCHS4 Coexpression,578;Enrichr Queries,532;GTEx Coexpression,1506	
gene_set_query	1103	KLF8	872.3	ARCHS4 Coexpression,1103;Enrichr Queries,990;GTEx Coexpression,524	
gene_set_query	1104	ZBTB1	873.0	ARCHS4 Coexpression,1169;Enrichr Queries,300;GTEx Coexpression,1150	
gene_set_query	1105	PRDM9	873.3	ARCHS4 Coexpression,1189;Enrichr Queries,341;GTEx Coexpression,1090	
gene_set_query	1106	ZFP69	873.5	ARCHS4 Coexpression,431;GTEx Coexpression,1316	
gene_set_query	1107	EBF3	874.3	ARCHS4 Coexpression,474;Enrichr Queries,1023;GTEx Coexpression,1126	
gene_set_query	1108	ZNF354A	875.0	ARCHS4 Coexpression,1389;Enrichr Queries,1103;GTEx Coexpression,133	IGSF6
gene_set_query	1109	ZNF232	878.0	ARCHS4 Coexpression,691;Enrichr Queries,1093;GTEx Coexpression,850	
gene_set_query	1110	POU6F1	878.0	ARCHS4 Coexpression,1554;Enrichr Queries,737;GTEx Coexpression,343	
gene_set_query	1111	PGR	878.3	ARCHS4 Coexpression,996;Enrichr Queries,860;ReMap ChIP-seq,166;GTEx Coexpression,1491	
gene_set_query	1112	ZNF784	879.7	ARCHS4 Coexpression,1184;Enrichr Queries,1346;GTEx Coexpression,109	PTGES3L
gene_set_query	1113	HOXC6	882.3	ARCHS4 Coexpression,464;Enrichr Queries,711;GTEx Coexpression,1472	
gene_set_query	1114	ZNF181	882.3	ARCHS4 Coexpression,1376;Enrichr Queries,1123;GTEx Coexpression,148	PTGES3L
gene_set_query	1115	EN1	883.0	ARCHS4 Coexpression,738;Enrichr Queries,1299;GTEx Coexpression,612	
gene_set_query	1116	LHX6	884.3	ARCHS4 Coexpression,533;Enrichr Queries,822;GTEx Coexpression,1298	
gene_set_query	1117	HOXA6	884.7	ARCHS4 Coexpression,1034;Enrichr Queries,1105;GTEx Coexpression,515	
gene_set_query	1118	TLX3	885.7	ARCHS4 Coexpression,440;Enrichr Queries,1361;GTEx Coexpression,856	
gene_set_query	1119	PRDM16	886.8	Literature ChIP-seq,154;ARCHS4 Coexpression,815;Enrichr Queries,1190;GTEx Coexpression,1388	
gene_set_query	1120	WT1	887.3	Literature ChIP-seq,56;ARCHS4 Coexpression,1226;Enrichr Queries,1069;GTEx Coexpression,1198	RPS26,CCDC124
gene_set_query	1121	AHDC1	887.7	ARCHS4 Coexpression,1509;Enrichr Queries,619;GTEx Coexpression,535	
gene_set_query	1122	LMX1A	888.3	ARCHS4 Coexpression,724;Enrichr Queries,898;GTEx Coexpression,1043	
gene_set_query	1123	HIF3A	888.7	ARCHS4 Coexpression,745;Enrichr Queries,932;GTEx Coexpression,989	
gene_set_query	1124	KLF16	889.3	ARCHS4 Coexpression,1219;Enrichr Queries,340;GTEx Coexpression,1109	
gene_set_query	1125	ZNF597	890.3	ARCHS4 Coexpression,1222;Enrichr Queries,1230;GTEx Coexpression,219	
gene_set_query	1126	ZNF514	891.3	ARCHS4 Coexpression,572;Enrichr Queries,1129;GTEx Coexpression,973	
gene_set_query	1127	ZNF737	891.5	ARCHS4 Coexpression,913;GTEx Coexpression,870	
gene_set_query	1128	ZNF90	892.0	ARCHS4 Coexpression,251;Enrichr Queries,1215;GTEx Coexpression,1210	
gene_set_query	1129	GSC	892.0	ARCHS4 Coexpression,255;Enrichr Queries,1360;GTEx Coexpression,1061	
gene_set_query	1130	HOXA7	892.0	ARCHS4 Coexpression,1010;Enrichr Queries,904;GTEx Coexpression,762	
gene_set_query	1131	ZNF772	892.3	ARCHS4 Coexpression,1538;Enrichr Queries,397;GTEx Coexpression,742	
gene_set_query	1132	ZNF48	892.3	ARCHS4 Coexpression,632;Enrichr Queries,623;GTEx Coexpression,1422	
gene_set_query	1133	ZNF439	893.7	ARCHS4 Coexpression,101;Enrichr Queries,1102;GTEx Coexpression,1478	PTGES3L
gene_set_query	1134	ZNF771	893.7	ARCHS4 Coexpression,393;Enrichr Queries,1237;GTEx Coexpression,1051	
gene_set_query	1135	ZNF791	896.3	ARCHS4 Coexpression,1083;Enrichr Queries,892;GTEx Coexpression,714	
gene_set_query	1136	ZNF517	897.0	ARCHS4 Coexpression,921;Enrichr Queries,653;GTEx Coexpression,1117	
gene_set_query	1137	FEZF1	897.3	ARCHS4 Coexpression,508;Enrichr Queries,1160;GTEx Coexpression,1024	
gene_set_query	1138	ZNF502	898.0	ARCHS4 Coexpression,715;Enrichr Queries,916;GTEx Coexpression,1063	
gene_set_query	1139	HOXC4	898.0	ARCHS4 Coexpression,390;Enrichr Queries,774;GTEx Coexpression,1530	
gene_set_query	1140	MSC	898.3	ARCHS4 Coexpression,665;Enrichr Queries,600;GTEx Coexpression,1430	
gene_set_query	1141	ZNF528	899.0	ARCHS4 Coexpression,864;Enrichr Queries,606;GTEx Coexpression,1227	
gene_set_query	1142	LEF1	900.0	ARCHS4 Coexpression,1242;Enrichr Queries,1089;ReMap ChIP-seq,286;GTEx Coexpression,983	
gene_set_query	1143	ZNF134	900.3	ARCHS4 Coexpression,1526;Enrichr Queries,862;GTEx Coexpression,313	
gene_set_query	1144	NR6A1	901.0	ARCHS4 Coexpression,893;Enrichr Queries,875;GTEx Coexpression,935	
gene_set_query	1145	HELT	901.3	ARCHS4 Coexpression,557;Enrichr Queries,1379;GTEx Coexpression,768	
gene_set_query	1146	ZNF320	901.7	ARCHS4 Coexpression,975;Enrichr Queries,734;GTEx Coexpression,996	
gene_set_query	1147	ZNF837	903.7	ARCHS4 Coexpression,201;Enrichr Queries,1388;GTEx Coexpression,1122	CCDC124
gene_set_query	1148	ZNF714	904.0	ARCHS4 Coexpression,1592;Enrichr Queries,889;GTEx Coexpression,231	
gene_set_query	1149	REXO4	904.5	ARCHS4 Coexpression,412;GTEx Coexpression,1397	
gene_set_query	1150	ARID3B	905.0	ARCHS4 Coexpression,592;GTEx Coexpression,1218	
gene_set_query	1151	ZFP57	905.0	ARCHS4 Coexpression,818;Enrichr Queries,819;GTEx Coexpression,1078	
gene_set_query	1152	ZNF780B	905.0	ARCHS4 Coexpression,956;Enrichr Queries,396;GTEx Coexpression,1363	
gene_set_query	1153	NPAS2	906.0	ARCHS4 Coexpression,867;Enrichr Queries,1108;GTEx Coexpression,743	
gene_set_query	1154	ZNF705B	906.0	ARCHS4 Coexpression,349;GTEx Coexpression,1463	
gene_set_query	1155	NEUROG3	906.7	ARCHS4 Coexpression,235;Enrichr Queries,1166;GTEx Coexpression,1319	
gene_set_query	1156	FOXC1	908.0	ARCHS4 Coexpression,568;Enrichr Queries,587;GTEx Coexpression,1569	
gene_set_query	1157	ZNF830	908.0	ARCHS4 Coexpression,1145;Enrichr Queries,221;GTEx Coexpression,1358	
gene_set_query	1158	NFXL1	909.0	ARCHS4 Coexpression,1164;Enrichr Queries,374;GTEx Coexpression,1189	
gene_set_query	1159	POU3F2	910.0	Literature ChIP-seq,107;ARCHS4 Coexpression,853;Enrichr Queries,1167;GTEx Coexpression,1513	
gene_set_query	1160	YBX2	910.3	ARCHS4 Coexpression,1049;Enrichr Queries,720;GTEx Coexpression,962	
gene_set_query	1161	ZNF43	910.3	ARCHS4 Coexpression,1396;Enrichr Queries,1275;GTEx Coexpression,60	CCDC124
gene_set_query	1162	FOXB1	910.3	ARCHS4 Coexpression,208;Enrichr Queries,1380;GTEx Coexpression,1143	RPS26
gene_set_query	1163	ZNF83	910.8	ARCHS4 Coexpression,1342;Enrichr Queries,1091;ReMap ChIP-seq,27;GTEx Coexpression,1183	CCDC124
gene_set_query	1164	OLIG3	911.0	ARCHS4 Coexpression,612;Enrichr Queries,1328;GTEx Coexpression,793	
gene_set_query	1165	ZNF891	912.0	ARCHS4 Coexpression,1117;GTEx Coexpression,707	
gene_set_query	1166	OTX2	912.0	ARCHS4 Coexpression,1271;Enrichr Queries,1301;ReMap ChIP-seq,254;GTEx Coexpression,822	
gene_set_query	1167	ZNF287	916.0	ARCHS4 Coexpression,1120;Enrichr Queries,490;GTEx Coexpression,1138	
gene_set_query	1168	KLF7	916.0	ARCHS4 Coexpression,599;Enrichr Queries,701;GTEx Coexpression,1448	
gene_set_query	1169	PAX1	916.3	ARCHS4 Coexpression,1106;Enrichr Queries,1371;GTEx Coexpression,272	
gene_set_query	1170	FOXD4L1	916.3	ARCHS4 Coexpression,999;Enrichr Queries,1217;GTEx Coexpression,533	
gene_set_query	1171	ZNF512	918.0	ARCHS4 Coexpression,971;Enrichr Queries,576;GTEx Coexpression,1207	
gene_set_query	1172	DMRTA1	918.0	ARCHS4 Coexpression,1084;Enrichr Queries,588;GTEx Coexpression,1082	
gene_set_query	1173	OVOL3	918.0	ARCHS4 Coexpression,1039;GTEx Coexpression,797	
gene_set_query	1174	RFX8	920.0	ARCHS4 Coexpression,374;GTEx Coexpression,1466	
gene_set_query	1175	DMBX1	920.3	ARCHS4 Coexpression,121;Enrichr Queries,1332;GTEx Coexpression,1308	PTGES3L
gene_set_query	1176	SMAD9	921.3	ARCHS4 Coexpression,1105;Enrichr Queries,1088;GTEx Coexpression,571	
gene_set_query	1177	ZNF184	921.3	ARCHS4 Coexpression,1182;Enrichr Queries,267;GTEx Coexpression,1315	
gene_set_query	1178	HAND2	922.0	ARCHS4 Coexpression,401;Enrichr Queries,1191;GTEx Coexpression,1174	
gene_set_query	1179	ZNF626	924.0	ARCHS4 Coexpression,150;Enrichr Queries,1133;GTEx Coexpression,1489	PTGES3L
gene_set_query	1180	CREB3L1	924.3	ARCHS4 Coexpression,1596;Enrichr Queries,1173;ReMap ChIP-seq,39;GTEx Coexpression,889	PTGES3L
gene_set_query	1181	ZNF563	925.0	ARCHS4 Coexpression,714;Enrichr Queries,467;GTEx Coexpression,1594	
gene_set_query	1182	PHF20	925.7	ARCHS4 Coexpression,1410;Enrichr Queries,152;GTEx Coexpression,1215	
gene_set_query	1183	NFIX	926.0	ARCHS4 Coexpression,1346;Enrichr Queries,834;GTEx Coexpression,598	
gene_set_query	1184	GSC2	926.0	ARCHS4 Coexpression,471;Enrichr Queries,1397;GTEx Coexpression,910	
gene_set_query	1185	NPAS3	926.7	ARCHS4 Coexpression,789;Enrichr Queries,554;GTEx Coexpression,1437	
gene_set_query	1186	ZIK1	928.3	ARCHS4 Coexpression,1442;Enrichr Queries,972;GTEx Coexpression,371	
gene_set_query	1187	LHX3	928.7	ARCHS4 Coexpression,543;Enrichr Queries,1325;GTEx Coexpression,918	
gene_set_query	1188	POU2AF1	932.0	ARCHS4 Coexpression,1247;GTEx Coexpression,617	
gene_set_query	1189	HEYL	932.0	ARCHS4 Coexpression,546;Enrichr Queries,790;GTEx Coexpression,1460	
gene_set_query	1190	SCMH1	933.0	ARCHS4 Coexpression,506;GTEx Coexpression,1360	
gene_set_query	1191	ZSCAN22	934.0	ARCHS4 Coexpression,1127;Enrichr Queries,431;GTEx Coexpression,1244	
gene_set_query	1192	ZNF473	934.3	ARCHS4 Coexpression,739;Enrichr Queries,1085;GTEx Coexpression,979	
gene_set_query	1193	SMAD5	936.8	ARCHS4 Coexpression,1487;Enrichr Queries,970;ReMap ChIP-seq,249;GTEx Coexpression,1041	
gene_set_query	1194	ZBTB14	937.5	ARCHS4 Coexpression,1590;GTEx Coexpression,285	
gene_set_query	1195	ZNF506	938.3	ARCHS4 Coexpression,1266;Enrichr Queries,610;GTEx Coexpression,939	
gene_set_query	1196	GLI3	939.0	ARCHS4 Coexpression,589;Enrichr Queries,1244;GTEx Coexpression,984	
gene_set_query	1197	ISL1	939.7	ARCHS4 Coexpression,534;Enrichr Queries,804;GTEx Coexpression,1481	
gene_set_query	1198	RARB	940.5	Literature ChIP-seq,21;ARCHS4 Coexpression,1041;Enrichr Queries,1269;GTEx Coexpression,1431	RPS26,ACY3
gene_set_query	1199	DMRTB1	940.7	ARCHS4 Coexpression,871;Enrichr Queries,1116;GTEx Coexpression,835	
gene_set_query	1200	ZNF239	941.7	ARCHS4 Coexpression,621;Enrichr Queries,754;GTEx Coexpression,1450	
gene_set_query	1201	TSHZ1	942.3	ARCHS4 Coexpression,1561;Enrichr Queries,1073;GTEx Coexpression,193	
gene_set_query	1202	ZNF770	943.0	ARCHS4 Coexpression,1006;Enrichr Queries,1153;GTEx Coexpression,670	
gene_set_query	1203	ZNF34	944.0	ARCHS4 Coexpression,547;Enrichr Queries,1057;GTEx Coexpression,1228	
gene_set_query	1204	HOXA3	944.3	ARCHS4 Coexpression,593;Enrichr Queries,1170;GTEx Coexpression,1070	
gene_set_query	1205	HLF	944.3	ARCHS4 Coexpression,1102;Enrichr Queries,836;GTEx Coexpression,895	
gene_set_query	1206	ZNF836	945.7	ARCHS4 Coexpression,885;Enrichr Queries,538;GTEx Coexpression,1414	
gene_set_query	1207	ZBTB26	945.7	ARCHS4 Coexpression,1174;Enrichr Queries,307;GTEx Coexpression,1356	
gene_set_query	1208	RBSN	946.0	ARCHS4 Coexpression,597;GTEx Coexpression,1295	
gene_set_query	1209	OTP	947.0	ARCHS4 Coexpression,413;Enrichr Queries,1303;GTEx Coexpression,1125	
gene_set_query	1210	WIZ	947.3	ARCHS4 Coexpression,1107;Enrichr Queries,789;GTEx Coexpression,946	
gene_set_query	1211	AKAP8L	948.3	ARCHS4 Coexpression,1177;Enrichr Queries,351;GTEx Coexpression,1317	
gene_set_query	1212	SON	948.5	ARCHS4 Coexpression,551;GTEx Coexpression,1346	
gene_set_query	1213	ZNF629	949.3	ARCHS4 Coexpression,610;Enrichr Queries,1016;GTEx Coexpression,1222	
gene_set_query	1214	HOXA13	950.3	ARCHS4 Coexpression,510;Enrichr Queries,1294;GTEx Coexpression,1047	
gene_set_query	1215	ZFP64	950.7	ARCHS4 Coexpression,1471;Enrichr Queries,360;GTEx Coexpression,1021	
gene_set_query	1216	SATB2	952.0	ARCHS4 Coexpression,1089;Enrichr Queries,1128;GTEx Coexpression,639	
gene_set_query	1217	ZNF354C	952.3	ARCHS4 Coexpression,1005;Enrichr Queries,661;GTEx Coexpression,1191	
gene_set_query	1218	FOXF1	953.3	ARCHS4 Coexpression,1360;Enrichr Queries,1028;GTEx Coexpression,472	
gene_set_query	1219	AIRE	953.3	ARCHS4 Coexpression,294;Enrichr Queries,1181;GTEx Coexpression,1385	
gene_set_query	1220	ZBTB5	953.7	ARCHS4 Coexpression,1375;Enrichr Queries,873;GTEx Coexpression,613	
gene_set_query	1221	ZNF195	954.0	ARCHS4 Coexpression,1401;Enrichr Queries,829;GTEx Coexpression,632	
gene_set_query	1222	SKOR2	954.5	ARCHS4 Coexpression,1335;GTEx Coexpression,574	
gene_set_query	1223	GLIS2	954.7	ARCHS4 Coexpression,1527;Enrichr Queries,443;GTEx Coexpression,894	
gene_set_query	1224	NKX31	955.0	ARCHS4 Coexpression,452;GTEx Coexpression,1458	
gene_set_query	1225	LCOR	956.0	ARCHS4 Coexpression,1565;Enrichr Queries,277;GTEx Coexpression,1026	
gene_set_query	1226	ZNF223	957.0	ARCHS4 Coexpression,1459;Enrichr Queries,1063;GTEx Coexpression,349	
gene_set_query	1227	LEUTX	957.3	ARCHS4 Coexpression,1287;Enrichr Queries,444;GTEx Coexpression,1141	
gene_set_query	1228	LHX9	957.7	ARCHS4 Coexpression,323;Enrichr Queries,1054;GTEx Coexpression,1496	
gene_set_query	1229	EBF2	958.0	ARCHS4 Coexpression,777;GTEx Coexpression,1139	
gene_set_query	1230	ZNF572	958.7	ARCHS4 Coexpression,903;Enrichr Queries,401;GTEx Coexpression,1572	
gene_set_query	1231	HIVEP2	959.3	ARCHS4 Coexpression,1061;Enrichr Queries,1026;GTEx Coexpression,791	
gene_set_query	1232	ZNF468	960.3	ARCHS4 Coexpression,1400;Enrichr Queries,1180;GTEx Coexpression,301	
gene_set_query	1233	MBNL2	960.3	ARCHS4 Coexpression,567;Enrichr Queries,949;GTEx Coexpression,1365	
gene_set_query	1234	PRDM5	961.3	Literature ChIP-seq,116;ARCHS4 Coexpression,1522;Enrichr Queries,1285;GTEx Coexpression,922	
gene_set_query	1235	ZNF470	961.7	ARCHS4 Coexpression,985;Enrichr Queries,604;GTEx Coexpression,1296	
gene_set_query	1236	TEF	962.0	ARCHS4 Coexpression,1405;Enrichr Queries,995;GTEx Coexpression,486	
gene_set_query	1237	ZNF519	962.0	ARCHS4 Coexpression,947;Enrichr Queries,1139;GTEx Coexpression,800	
gene_set_query	1238	DPF1	962.3	ARCHS4 Coexpression,1302;Enrichr Queries,1064;GTEx Coexpression,521	
gene_set_query	1239	ZNF664	963.3	ARCHS4 Coexpression,1256;Enrichr Queries,154;GTEx Coexpression,1480	
gene_set_query	1240	ATOH1	964.0	ARCHS4 Coexpression,447;Enrichr Queries,1258;GTEx Coexpression,1187	
gene_set_query	1241	ZNF513	964.0	ARCHS4 Coexpression,455;Enrichr Queries,997;GTEx Coexpression,1440	
gene_set_query	1242	ZNF708	965.0	ARCHS4 Coexpression,1501;Enrichr Queries,866;GTEx Coexpression,528	
gene_set_query	1243	ZNF484	965.0	ARCHS4 Coexpression,1607;Enrichr Queries,679;GTEx Coexpression,609	
gene_set_query	1244	ZFHX4	965.3	ARCHS4 Coexpression,445;Enrichr Queries,884;GTEx Coexpression,1567	
gene_set_query	1245	TRPS1	966.3	ARCHS4 Coexpression,1502;Enrichr Queries,518;GTEx Coexpression,879	
gene_set_query	1246	HOXA2	966.5	Literature ChIP-seq,162;ARCHS4 Coexpression,1194;Enrichr Queries,1208;GTEx Coexpression,1302	
gene_set_query	1247	ZNF221	966.7	ARCHS4 Coexpression,1539;Enrichr Queries,487;GTEx Coexpression,874	
gene_set_query	1248	MSX1	967.0	ARCHS4 Coexpression,855;Enrichr Queries,469;GTEx Coexpression,1577	
gene_set_query	1249	RAX2	967.0	ARCHS4 Coexpression,872;Enrichr Queries,1156;GTEx Coexpression,873	
gene_set_query	1250	THAP2	968.7	ARCHS4 Coexpression,1473;Enrichr Queries,556;GTEx Coexpression,877	
gene_set_query	1251	ZNF831	970.3	ARCHS4 Coexpression,1232;Enrichr Queries,1358;GTEx Coexpression,321	
gene_set_query	1252	LHX2	970.8	ARCHS4 Coexpression,1176;Enrichr Queries,1158;ReMap ChIP-seq,257;GTEx Coexpression,1292	
gene_set_query	1253	ZNF85	971.0	ARCHS4 Coexpression,1547;Enrichr Queries,158;GTEx Coexpression,1208	
gene_set_query	1254	ZNF285	971.5	ARCHS4 Coexpression,1550;GTEx Coexpression,393	
gene_set_query	1255	TWIST1	971.5	ARCHS4 Coexpression,1548;Enrichr Queries,503;ReMap ChIP-seq,271;GTEx Coexpression,1564	
gene_set_query	1256	ZNF480	972.0	ARCHS4 Coexpression,1420;Enrichr Queries,717;GTEx Coexpression,779	
gene_set_query	1257	NEUROG2	974.0	ARCHS4 Coexpression,1059;Enrichr Queries,1311;GTEx Coexpression,552	
gene_set_query	1258	SHOX2	974.0	ARCHS4 Coexpression,239;Enrichr Queries,1257;GTEx Coexpression,1426	
gene_set_query	1259	ZNF618	974.0	ARCHS4 Coexpression,339;Enrichr Queries,1224;GTEx Coexpression,1359	
gene_set_query	1260	HOXA11	975.0	ARCHS4 Coexpression,734;Enrichr Queries,656;GTEx Coexpression,1535	
gene_set_query	1261	FIZ1	977.0	ARCHS4 Coexpression,1255;Enrichr Queries,124;GTEx Coexpression,1552	
gene_set_query	1262	RBPJL	977.7	ARCHS4 Coexpression,1297;Enrichr Queries,1283;GTEx Coexpression,353	
gene_set_query	1263	GBX2	977.8	Literature ChIP-seq,147;ARCHS4 Coexpression,887;Enrichr Queries,1296;GTEx Coexpression,1581	
gene_set_query	1264	SOX10	978.0	ARCHS4 Coexpression,1537;Enrichr Queries,814;ReMap ChIP-seq,222;GTEx Coexpression,1339	
gene_set_query	1265	PHOX2B	979.0	ARCHS4 Coexpression,535;Enrichr Queries,1138;GTEx Coexpression,1264	
gene_set_query	1266	ZNF138	979.0	ARCHS4 Coexpression,1508;Enrichr Queries,917;GTEx Coexpression,512	
gene_set_query	1267	SOHLH2	980.7	ARCHS4 Coexpression,914;Enrichr Queries,638;GTEx Coexpression,1390	
gene_set_query	1268	ZNF571	981.3	ARCHS4 Coexpression,988;Enrichr Queries,787;GTEx Coexpression,1169	
gene_set_query	1269	ZNF688	981.3	ARCHS4 Coexpression,873;Enrichr Queries,1350;GTEx Coexpression,721	
gene_set_query	1270	KLF15	981.7	ARCHS4 Coexpression,306;Enrichr Queries,1035;GTEx Coexpression,1604	
gene_set_query	1271	ZNF788P	982.3	ARCHS4 Coexpression,1172;Enrichr Queries,1094;GTEx Coexpression,681	
gene_set_query	1272	ZNF436	982.3	ARCHS4 Coexpression,856;Enrichr Queries,843;GTEx Coexpression,1248	
gene_set_query	1273	NOTO	983.0	ARCHS4 Coexpression,214;Enrichr Queries,1395;GTEx Coexpression,1340	PTGES3L
gene_set_query	1274	OTX1	983.7	ARCHS4 Coexpression,799;Enrichr Queries,1310;GTEx Coexpression,842	
gene_set_query	1275	ZNF700	983.7	ARCHS4 Coexpression,1461;Enrichr Queries,291;GTEx Coexpression,1199	
gene_set_query	1276	ZNF225	986.0	ARCHS4 Coexpression,702;GTEx Coexpression,1270	
gene_set_query	1277	SOX4	987.7	ARCHS4 Coexpression,987;Enrichr Queries,533;GTEx Coexpression,1443	
gene_set_query	1278	FOXD3	988.7	ARCHS4 Coexpression,446;Enrichr Queries,1319;GTEx Coexpression,1201	
gene_set_query	1279	HMX2	990.7	ARCHS4 Coexpression,847;Enrichr Queries,1343;GTEx Coexpression,782	
gene_set_query	1280	ZNF662	991.7	ARCHS4 Coexpression,1433;Enrichr Queries,1334;GTEx Coexpression,208	
gene_set_query	1281	TEAD1	992.3	ARCHS4 Coexpression,1553;Enrichr Queries,979;ReMap ChIP-seq,220;GTEx Coexpression,1217	
gene_set_query	1282	PHOX2A	992.3	ARCHS4 Coexpression,308;Enrichr Queries,1315;GTEx Coexpression,1354	
gene_set_query	1283	ZNF730	992.5	ARCHS4 Coexpression,1555;GTEx Coexpression,430	
gene_set_query	1284	ZNF12	993.0	ARCHS4 Coexpression,1142;Enrichr Queries,800;GTEx Coexpression,1037	
gene_set_query	1285	THRA	993.3	Literature ChIP-seq,150;ARCHS4 Coexpression,1579;Enrichr Queries,922;GTEx Coexpression,1322	
gene_set_query	1286	CHAMP1	994.0	ARCHS4 Coexpression,816;GTEx Coexpression,1172	
gene_set_query	1287	HDX	994.0	ARCHS4 Coexpression,1373;Enrichr Queries,205;GTEx Coexpression,1404	
gene_set_query	1288	ZNF136	994.7	ARCHS4 Coexpression,482;Enrichr Queries,1179;GTEx Coexpression,1323	
gene_set_query	1289	ZSCAN16	996.3	ARCHS4 Coexpression,1529;Enrichr Queries,1280;GTEx Coexpression,180	IGSF6
gene_set_query	1290	ASCL4	996.7	ARCHS4 Coexpression,1038;Enrichr Queries,1249;GTEx Coexpression,703	
gene_set_query	1291	HOXD9	997.0	ARCHS4 Coexpression,231;Enrichr Queries,1268;GTEx Coexpression,1492	
gene_set_query	1292	NR1D1	997.3	ARCHS4 Coexpression,1466;Enrichr Queries,895;GTEx Coexpression,631	
gene_set_query	1293	ZNF404	999.7	ARCHS4 Coexpression,1075;Enrichr Queries,1119;GTEx Coexpression,805	
gene_set_query	1294	DBX1	1000.0	ARCHS4 Coexpression,836;Enrichr Queries,1241;GTEx Coexpression,923	
gene_set_query	1295	ZNF331	1000.0	ARCHS4 Coexpression,160;Enrichr Queries,1345;GTEx Coexpression,1495	TREM2
gene_set_query	1296	ZNF430	1001.0	ARCHS4 Coexpression,1122;Enrichr Queries,1264;GTEx Coexpression,616	
gene_set_query	1297	SOX14	1001.0	ARCHS4 Coexpression,396;Enrichr Queries,1386;GTEx Coexpression,1221	
gene_set_query	1298	RXRB	1001.0	ARCHS4 Coexpression,1225;Enrichr Queries,201;GTEx Coexpression,1578	
gene_set_query	1299	POGK	1001.0	ARCHS4 Coexpression,1139;Enrichr Queries,449;GTEx Coexpression,1416	
gene_set_query	1300	ZNF625	1002.0	ARCHS4 Coexpression,994;Enrichr Queries,1080;GTEx Coexpression,931	
gene_set_query	1301	MSGN1	1003.0	ARCHS4 Coexpression,1523;Enrichr Queries,750;GTEx Coexpression,737	
gene_set_query	1302	NFATC4	1005.0	ARCHS4 Coexpression,1078;Enrichr Queries,690;GTEx Coexpression,1247	
gene_set_query	1303	ZNF81	1005.0	ARCHS4 Coexpression,1545;Enrichr Queries,760;GTEx Coexpression,711	
gene_set_query	1304	OLIG1	1006.0	ARCHS4 Coexpression,1625;Enrichr Queries,19;GTEx Coexpression,1375	CSF1R
gene_set_query	1305	ARX	1008.0	ARCHS4 Coexpression,668;Enrichr Queries,934;GTEx Coexpression,1421	
gene_set_query	1306	CXXC5	1008.0	ARCHS4 Coexpression,1365;GTEx Coexpression,651	
gene_set_query	1307	SCX	1009.0	ARCHS4 Coexpression,1009	
gene_set_query	1308	ATMIN	1011.0	ARCHS4 Coexpression,1202;Enrichr Queries,598;GTEx Coexpression,1233	
gene_set_query	1309	TGIF2LX	1012.0	ARCHS4 Coexpression,701;Enrichr Queries,751;GTEx Coexpression,1583	
gene_set_query	1310	IKZF3	1012.0	ARCHS4 Coexpression,953;Enrichr Queries,809;GTEx Coexpression,1275	
gene_set_query	1311	TEAD3	1014.0	ARCHS4 Coexpression,935;Enrichr Queries,912;GTEx Coexpression,1195	
gene_set_query	1312	ZNF440	1014.0	ARCHS4 Coexpression,1154;Enrichr Queries,1078;GTEx Coexpression,810	
gene_set_query	1313	ZNF76	1015.0	ARCHS4 Coexpression,1309;Enrichr Queries,218;GTEx Coexpression,1517	
gene_set_query	1314	ARNT2	1016.0	ARCHS4 Coexpression,1421;Enrichr Queries,802;GTEx Coexpression,824	
gene_set_query	1315	ZXDB	1017.0	ARCHS4 Coexpression,1409;Enrichr Queries,753;GTEx Coexpression,888	
gene_set_query	1316	REPIN1	1018.0	ARCHS4 Coexpression,1082;Enrichr Queries,1067;GTEx Coexpression,905	
gene_set_query	1317	SOHLH1	1019.0	ARCHS4 Coexpression,1307;Enrichr Queries,275;GTEx Coexpression,1476	
gene_set_query	1318	SOX3	1020.0	ARCHS4 Coexpression,736;Enrichr Queries,1014;GTEx Coexpression,1309	
gene_set_query	1319	FOXR1	1020.0	ARCHS4 Coexpression,1196;Enrichr Queries,1320;GTEx Coexpression,544	
gene_set_query	1320	AEBP2	1020.0	ARCHS4 Coexpression,1352;Enrichr Queries,810;GTEx Coexpression,898	
gene_set_query	1321	ZNF600	1020.0	ARCHS4 Coexpression,669;Enrichr Queries,1352;GTEx Coexpression,1040	
gene_set_query	1322	GLI2	1022.0	ARCHS4 Coexpression,407;Enrichr Queries,1292;GTEx Coexpression,1366	
gene_set_query	1323	OSR2	1022.0	ARCHS4 Coexpression,242;Enrichr Queries,1262;GTEx Coexpression,1563	
gene_set_query	1324	ZNF449	1023.0	ARCHS4 Coexpression,1587;Enrichr Queries,207;GTEx Coexpression,1274	
gene_set_query	1325	ZNF775	1025.0	ARCHS4 Coexpression,960;Enrichr Queries,968;GTEx Coexpression,1148	
gene_set_query	1326	ZNF281	1026.0	ARCHS4 Coexpression,1338;Enrichr Queries,1052;GTEx Coexpression,689	
gene_set_query	1327	ZNF420	1029.0	ARCHS4 Coexpression,1358;Enrichr Queries,1288;GTEx Coexpression,442	
gene_set_query	1328	ZNF444	1030.0	ARCHS4 Coexpression,1417;Enrichr Queries,930;GTEx Coexpression,744	
gene_set_query	1329	ZFP37	1034.0	ARCHS4 Coexpression,1589;Enrichr Queries,1203;GTEx Coexpression,310	
gene_set_query	1330	ZNF721	1034.0	ARCHS4 Coexpression,1477;Enrichr Queries,928;GTEx Coexpression,698	
gene_set_query	1331	FOXL2	1035.0	ARCHS4 Coexpression,324;Enrichr Queries,1340;GTEx Coexpression,1441	
gene_set_query	1332	ZNF644	1036.0	ARCHS4 Coexpression,1536;Enrichr Queries,1092;ReMap ChIP-seq,204;GTEx Coexpression,1310	
gene_set_query	1333	HSF5	1036.0	ARCHS4 Coexpression,583;Enrichr Queries,1017;GTEx Coexpression,1507	
gene_set_query	1334	ZNF782	1036.0	ARCHS4 Coexpression,992;Enrichr Queries,941;GTEx Coexpression,1176	
gene_set_query	1335	PKNOX2	1037.0	ARCHS4 Coexpression,711;Enrichr Queries,1114;GTEx Coexpression,1285	
gene_set_query	1336	NKX21	1038.0	ARCHS4 Coexpression,1295;GTEx Coexpression,780	
gene_set_query	1337	ZNF117	1038.0	ARCHS4 Coexpression,454;Enrichr Queries,1309;GTEx Coexpression,1352	
gene_set_query	1338	TIGD1	1039.0	ARCHS4 Coexpression,967;GTEx Coexpression,1110	
gene_set_query	1339	ZBTB21	1039.0	ARCHS4 Coexpression,1080;GTEx Coexpression,998	
gene_set_query	1340	ZNF705D	1039.0	ARCHS4 Coexpression,1159;Enrichr Queries,681;GTEx Coexpression,1277	
gene_set_query	1341	OLIG2	1039.0	Literature ChIP-seq,30;ARCHS4 Coexpression,1414;Enrichr Queries,1284;GTEx Coexpression,1429	RPS26,CCDC124
gene_set_query	1342	FOSB	1040.0	ARCHS4 Coexpression,1238;Enrichr Queries,688;GTEx Coexpression,1194	
gene_set_query	1343	FOXB2	1040.0	ARCHS4 Coexpression,288;Enrichr Queries,1398;GTEx Coexpression,1435	
gene_set_query	1344	NEUROD6	1041.0	ARCHS4 Coexpression,1279;Enrichr Queries,454;GTEx Coexpression,1389	
gene_set_query	1345	TSC22D1	1042.0	ARCHS4 Coexpression,1163;Enrichr Queries,1008;GTEx Coexpression,954	
gene_set_query	1346	POU5F2	1043.0	ARCHS4 Coexpression,1069;GTEx Coexpression,1016	
gene_set_query	1347	ZNF728	1043.0	ARCHS4 Coexpression,1113;GTEx Coexpression,972	
gene_set_query	1348	TBPL1	1043.0	ARCHS4 Coexpression,713;GTEx Coexpression,1373	
gene_set_query	1349	HOXC8	1046.0	ARCHS4 Coexpression,712;Enrichr Queries,844;GTEx Coexpression,1582	
gene_set_query	1350	ZNF280A	1047.0	ARCHS4 Coexpression,922;Enrichr Queries,837;GTEx Coexpression,1381	
gene_set_query	1351	ZNF474	1047.0	ARCHS4 Coexpression,363;Enrichr Queries,1245;GTEx Coexpression,1532	
gene_set_query	1352	RAX	1047.0	ARCHS4 Coexpression,1556;Enrichr Queries,1372;GTEx Coexpression,214	
gene_set_query	1353	THAP12	1048.0	ARCHS4 Coexpression,1246;GTEx Coexpression,849	
gene_set_query	1354	FERD3L	1049.0	ARCHS4 Coexpression,426;Enrichr Queries,1342;GTEx Coexpression,1378	
gene_set_query	1355	ZNF250	1049.0	ARCHS4 Coexpression,1291;Enrichr Queries,530;GTEx Coexpression,1325	
gene_set_query	1356	ZNF107	1049.0	ARCHS4 Coexpression,1512;Enrichr Queries,478;GTEx Coexpression,1156	
gene_set_query	1357	ZNF91	1050.0	ARCHS4 Coexpression,1140;Enrichr Queries,1225;GTEx Coexpression,786	
gene_set_query	1358	DLX5	1051.0	ARCHS4 Coexpression,1290;Enrichr Queries,1220;GTEx Coexpression,644	
gene_set_query	1359	ZNF17	1052.0	ARCHS4 Coexpression,1530;Enrichr Queries,507;GTEx Coexpression,1118	
gene_set_query	1360	ANKZF1	1052.0	ARCHS4 Coexpression,1424;Enrichr Queries,164;GTEx Coexpression,1568	
gene_set_query	1361	TFDP2	1053.0	ARCHS4 Coexpression,1143;Enrichr Queries,488;GTEx Coexpression,1528	
gene_set_query	1362	ZNF567	1053.0	ARCHS4 Coexpression,550;Enrichr Queries,1198;GTEx Coexpression,1412	
gene_set_query	1363	ZIC1	1054.0	ARCHS4 Coexpression,1407;Enrichr Queries,1144;GTEx Coexpression,611	
gene_set_query	1364	ZNF879	1055.0	ARCHS4 Coexpression,1394;GTEx Coexpression,715	
gene_set_query	1365	HMGA2	1055.0	ARCHS4 Coexpression,1188;Enrichr Queries,549;GTEx Coexpression,1427	
gene_set_query	1366	SP140L	1055.0	ARCHS4 Coexpression,868;GTEx Coexpression,1242	
gene_set_query	1367	ZNF711	1056.0	ARCHS4 Coexpression,1397;Enrichr Queries,835;GTEx Coexpression,937	
gene_set_query	1368	ZNF680	1059.0	ARCHS4 Coexpression,1440;Enrichr Queries,772;GTEx Coexpression,966	
gene_set_query	1369	ZBTB9	1060.0	ARCHS4 Coexpression,1269;Enrichr Queries,464;GTEx Coexpression,1446	
gene_set_query	1370	ZNF57	1061.0	ARCHS4 Coexpression,1339;Enrichr Queries,1335;GTEx Coexpression,508	
gene_set_query	1371	TLX2	1062.0	ARCHS4 Coexpression,800;Enrichr Queries,1385;GTEx Coexpression,1002	
gene_set_query	1372	ZSCAN26	1063.0	ARCHS4 Coexpression,1321;GTEx Coexpression,804	
gene_set_query	1373	TBR1	1064.0	ARCHS4 Coexpression,1155;Enrichr Queries,630;GTEx Coexpression,1406	
gene_set_query	1374	ZNF705G	1064.0	ARCHS4 Coexpression,646;GTEx Coexpression,1482	
gene_set_query	1375	ZNF362	1065.0	ARCHS4 Coexpression,1422;Enrichr Queries,888;GTEx Coexpression,885	
gene_set_query	1376	HOXD10	1068.0	ARCHS4 Coexpression,1390;Enrichr Queries,868;GTEx Coexpression,945	
gene_set_query	1377	PROP1	1068.0	ARCHS4 Coexpression,909;Enrichr Queries,1348;GTEx Coexpression,947	
gene_set_query	1378	VSX2	1068.0	ARCHS4 Coexpression,425;Enrichr Queries,1382;GTEx Coexpression,1398	
gene_set_query	1379	SHOX	1069.0	ARCHS4 Coexpression,1165;Enrichr Queries,901;GTEx Coexpression,1140	
gene_set_query	1380	ZNF486	1069.0	ARCHS4 Coexpression,1345;Enrichr Queries,1357;GTEx Coexpression,505	
gene_set_query	1381	SGSM2	1070.0	ARCHS4 Coexpression,1428;GTEx Coexpression,712	
gene_set_query	1382	CXXC1	1072.0	ARCHS4 Coexpression,1305;Enrichr Queries,389;GTEx Coexpression,1521	
gene_set_query	1383	EVX1	1072.0	ARCHS4 Coexpression,286;Enrichr Queries,1402;GTEx Coexpression,1529	
gene_set_query	1384	ZNF266	1072.0	ARCHS4 Coexpression,1441;Enrichr Queries,1321;GTEx Coexpression,455	
gene_set_query	1385	PTF1A	1073.0	ARCHS4 Coexpression,1300;Enrichr Queries,1312;GTEx Coexpression,606	
gene_set_query	1386	FOXD4L5	1074.0	ARCHS4 Coexpression,315;Enrichr Queries,1362;GTEx Coexpression,1544	
gene_set_query	1387	ZNF551	1074.0	ARCHS4 Coexpression,1204;Enrichr Queries,896;GTEx Coexpression,1121	
gene_set_query	1388	ZFY	1074.0	ARCHS4 Coexpression,675;Enrichr Queries,1355;GTEx Coexpression,1193	
gene_set_query	1389	HOXA5	1075.0	ARCHS4 Coexpression,991;Enrichr Queries,697;GTEx Coexpression,1538	
gene_set_query	1390	ZFP82	1076.0	ARCHS4 Coexpression,1558;Enrichr Queries,841;GTEx Coexpression,828	
gene_set_query	1391	ZNF211	1077.0	ARCHS4 Coexpression,1379;Enrichr Queries,392;GTEx Coexpression,1459	
gene_set_query	1392	PLAG1	1078.0	ARCHS4 Coexpression,1286;Enrichr Queries,1169;GTEx Coexpression,778	
gene_set_query	1393	ZNF395	1078.0	ARCHS4 Coexpression,1090;Enrichr Queries,726;GTEx Coexpression,1418	
gene_set_query	1394	ZNF507	1078.0	ARCHS4 Coexpression,1191;Enrichr Queries,1106;GTEx Coexpression,938	
gene_set_query	1395	ATOH8	1079.0	ARCHS4 Coexpression,1505;Enrichr Queries,957;GTEx Coexpression,776	
gene_set_query	1396	KLF17	1080.0	ARCHS4 Coexpression,948;Enrichr Queries,859;GTEx Coexpression,1433	
gene_set_query	1397	ZNF718	1080.0	ARCHS4 Coexpression,1621;Enrichr Queries,155;GTEx Coexpression,1464	
gene_set_query	1398	CARF	1081.0	ARCHS4 Coexpression,1067;GTEx Coexpression,1094	
gene_set_query	1399	VAX1	1081.0	ARCHS4 Coexpression,591;Enrichr Queries,1364;GTEx Coexpression,1287	
gene_set_query	1400	ZNF729	1081.0	ARCHS4 Coexpression,1197;GTEx Coexpression,965	
gene_set_query	1401	USF3	1082.0	ARCHS4 Coexpression,1206;GTEx Coexpression,957	
gene_set_query	1402	PHF1	1083.0	ARCHS4 Coexpression,1011;GTEx Coexpression,1154	
gene_set_query	1403	ZNF605	1084.0	ARCHS4 Coexpression,1251;Enrichr Queries,632;GTEx Coexpression,1368	
gene_set_query	1404	ZNF23	1084.0	ARCHS4 Coexpression,1316;Enrichr Queries,1079;GTEx Coexpression,857	
gene_set_query	1405	ZSCAN23	1084.0	ARCHS4 Coexpression,1519;Enrichr Queries,793;GTEx Coexpression,941	
gene_set_query	1406	ZBTB18	1085.0	ARCHS4 Coexpression,1528;GTEx Coexpression,641	
gene_set_query	1407	SIX6	1085.0	ARCHS4 Coexpression,729;Enrichr Queries,1366;GTEx Coexpression,1159	
gene_set_query	1408	SOX1	1085.0	ARCHS4 Coexpression,650;Enrichr Queries,1377;GTEx Coexpression,1229	
gene_set_query	1409	ZNF658	1089.0	ARCHS4 Coexpression,1588;Enrichr Queries,589	
gene_set_query	1410	DRGX	1089.0	ARCHS4 Coexpression,751;Enrichr Queries,929;GTEx Coexpression,1586	
gene_set_query	1411	HSF4	1091.0	ARCHS4 Coexpression,1518;Enrichr Queries,199;GTEx Coexpression,1556	
gene_set_query	1412	ALX4	1091.0	ARCHS4 Coexpression,977;Enrichr Queries,1265;GTEx Coexpression,1032	
gene_set_query	1413	ZNF286A	1092.0	ARCHS4 Coexpression,1367;Enrichr Queries,808;GTEx Coexpression,1100	
gene_set_query	1414	SNAI2	1092.0	ARCHS4 Coexpression,1610;Enrichr Queries,1159;ReMap ChIP-seq,207;GTEx Coexpression,1391	
gene_set_query	1415	ZNF214	1094.0	ARCHS4 Coexpression,1391;Enrichr Queries,824;GTEx Coexpression,1068	
gene_set_query	1416	PPARA	1097.0	ARCHS4 Coexpression,1148;Enrichr Queries,1051;GTEx Coexpression,1093	
gene_set_query	1417	GLIS3	1100.0	ARCHS4 Coexpression,1028;Enrichr Queries,1000;GTEx Coexpression,1273	
gene_set_query	1418	FOXP4	1100.0	ARCHS4 Coexpression,1278;Enrichr Queries,659;GTEx Coexpression,1364	
gene_set_query	1419	SOX30	1101.0	ARCHS4 Coexpression,698;Enrichr Queries,1318;GTEx Coexpression,1286	
gene_set_query	1420	NEUROD4	1101.0	ARCHS4 Coexpression,1569;Enrichr Queries,621;GTEx Coexpression,1113	
gene_set_query	1421	FOXE3	1101.0	ARCHS4 Coexpression,673;Enrichr Queries,1399;GTEx Coexpression,1231	
gene_set_query	1422	VAX2	1101.0	ARCHS4 Coexpression,1234;Enrichr Queries,1304;GTEx Coexpression,766	
gene_set_query	1423	ZNF561	1102.0	ARCHS4 Coexpression,1157;Enrichr Queries,1212;GTEx Coexpression,936	
gene_set_query	1424	HOXD1	1102.0	ARCHS4 Coexpression,787;Enrichr Queries,1270;GTEx Coexpression,1249	
gene_set_query	1425	FOXI2	1104.0	ARCHS4 Coexpression,1261;Enrichr Queries,1281;GTEx Coexpression,769	
gene_set_query	1426	MTERF4	1105.0	ARCHS4 Coexpression,741;GTEx Coexpression,1468	
gene_set_query	1427	ZSCAN12	1105.0	ARCHS4 Coexpression,1552;Enrichr Queries,346;GTEx Coexpression,1417	
gene_set_query	1428	SPEN	1107.0	ARCHS4 Coexpression,989;GTEx Coexpression,1225	
gene_set_query	1429	TIGD7	1107.0	ARCHS4 Coexpression,1403;Enrichr Queries,1337;GTEx Coexpression,581	
gene_set_query	1430	ZNF578	1108.0	ARCHS4 Coexpression,1535;Enrichr Queries,379;GTEx Coexpression,1409	
gene_set_query	1431	ZNF692	1109.0	ARCHS4 Coexpression,1313;Enrichr Queries,692;GTEx Coexpression,1321	
gene_set_query	1432	ZNF275	1109.0	ARCHS4 Coexpression,1065;Enrichr Queries,806;GTEx Coexpression,1455	
gene_set_query	1433	ZNF695	1109.0	ARCHS4 Coexpression,1408;Enrichr Queries,1136;GTEx Coexpression,783	
gene_set_query	1434	ZKSCAN5	1110.0	ARCHS4 Coexpression,1532;Enrichr Queries,818;GTEx Coexpression,981	
gene_set_query	1435	DLX1	1111.0	ARCHS4 Coexpression,1026;Enrichr Queries,969;GTEx Coexpression,1337	
gene_set_query	1436	TIGD6	1112.0	ARCHS4 Coexpression,1628;Enrichr Queries,333;GTEx Coexpression,1376	
gene_set_query	1437	TCF7L1	1113.0	ARCHS4 Coexpression,723;Enrichr Queries,1076;GTEx Coexpression,1541	
gene_set_query	1438	SOX18	1113.0	ARCHS4 Coexpression,1613;Enrichr Queries,757;GTEx Coexpression,970	
gene_set_query	1439	ZNF655	1115.0	ARCHS4 Coexpression,1253;Enrichr Queries,987;GTEx Coexpression,1104	
gene_set_query	1440	ZNF334	1115.0	ARCHS4 Coexpression,1504;Enrichr Queries,673;GTEx Coexpression,1168	
gene_set_query	1441	TFAP2D	1115.0	ARCHS4 Coexpression,783;Enrichr Queries,1110;GTEx Coexpression,1453	
gene_set_query	1442	FAM170A	1116.0	ARCHS4 Coexpression,1341;Enrichr Queries,646;GTEx Coexpression,1361	
gene_set_query	1443	NRL	1116.0	ARCHS4 Coexpression,950;Enrichr Queries,1333;GTEx Coexpression,1065	
gene_set_query	1444	YY2	1117.0	ARCHS4 Coexpression,1612;Enrichr Queries,479;GTEx Coexpression,1260	
gene_set_query	1445	SIM1	1118.0	ARCHS4 Coexpression,643;Enrichr Queries,1151;GTEx Coexpression,1561	
gene_set_query	1446	ZNF260	1119.0	ARCHS4 Coexpression,1381;Enrichr Queries,639;GTEx Coexpression,1336	
gene_set_query	1447	ZNF460	1120.0	ARCHS4 Coexpression,1570;Enrichr Queries,693;GTEx Coexpression,1096	
gene_set_query	1448	ZNF233	1120.0	ARCHS4 Coexpression,1263;Enrichr Queries,725;GTEx Coexpression,1372	
gene_set_query	1449	ZNF487	1121.0	ARCHS4 Coexpression,1304;Enrichr Queries,512;GTEx Coexpression,1547	
gene_set_query	1450	MSANTD4	1123.0	ARCHS4 Coexpression,688;GTEx Coexpression,1557	
gene_set_query	1451	ZNF28	1123.0	ARCHS4 Coexpression,1447;Enrichr Queries,367;GTEx Coexpression,1554	
gene_set_query	1452	ZNF155	1127.0	ARCHS4 Coexpression,1457;Enrichr Queries,1286;GTEx Coexpression,638	
gene_set_query	1453	DLX6	1127.0	ARCHS4 Coexpression,1033;Enrichr Queries,1259;GTEx Coexpression,1089	
gene_set_query	1454	GTF2IRD2B	1128.0	ARCHS4 Coexpression,1270;Enrichr Queries,1015;GTEx Coexpression,1098	
gene_set_query	1455	ZNF121	1129.0	ARCHS4 Coexpression,1623;Enrichr Queries,1197;GTEx Coexpression,566	
gene_set_query	1456	ZNF180	1130.0	ARCHS4 Coexpression,1599;Enrichr Queries,1034;GTEx Coexpression,758	
gene_set_query	1457	TMF1	1131.0	ARCHS4 Coexpression,661;GTEx Coexpression,1601	
gene_set_query	1458	ZNF10	1133.0	ARCHS4 Coexpression,959;Enrichr Queries,974;GTEx Coexpression,1465	
gene_set_query	1459	SLC2A4RG	1134.0	ARCHS4 Coexpression,1016;Enrichr Queries,1327;GTEx Coexpression,1058	
gene_set_query	1460	FOXD4L6	1136.0	ARCHS4 Coexpression,945;Enrichr Queries,1326	
gene_set_query	1461	ZNF524	1137.0	ARCHS4 Coexpression,978;Enrichr Queries,1349;GTEx Coexpression,1084	
gene_set_query	1462	NFIA	1138.0	ARCHS4 Coexpression,1252;Enrichr Queries,983;GTEx Coexpression,1179	
gene_set_query	1463	ZNF367	1140.0	ARCHS4 Coexpression,1573;Enrichr Queries,1155;GTEx Coexpression,693	
gene_set_query	1464	SP7	1141.0	ARCHS4 Coexpression,1507;Enrichr Queries,939;GTEx Coexpression,978	
gene_set_query	1465	EBF4	1143.0	ARCHS4 Coexpression,1423;Enrichr Queries,963;GTEx Coexpression,1044	
gene_set_query	1466	DUXA	1144.0	ARCHS4 Coexpression,1248;Enrichr Queries,581;GTEx Coexpression,1602	
gene_set_query	1467	ZNF852	1145.0	ARCHS4 Coexpression,1601;GTEx Coexpression,688	
gene_set_query	1468	ZNF22	1146.0	ARCHS4 Coexpression,1285;Enrichr Queries,1189;GTEx Coexpression,964	
gene_set_query	1469	ZNF280D	1146.0	ARCHS4 Coexpression,929;Enrichr Queries,1082;GTEx Coexpression,1428	
gene_set_query	1470	KLF12	1147.0	ARCHS4 Coexpression,1257;Enrichr Queries,700;GTEx Coexpression,1483	
gene_set_query	1471	BSX	1147.0	ARCHS4 Coexpression,904;Enrichr Queries,1383;GTEx Coexpression,1153	
gene_set_query	1472	ZNF84	1147.0	ARCHS4 Coexpression,1152;Enrichr Queries,1145;GTEx Coexpression,1144	
gene_set_query	1473	NR2E3	1148.0	ARCHS4 Coexpression,1399;Enrichr Queries,897	
gene_set_query	1474	GSX1	1150.0	ARCHS4 Coexpression,1064;Enrichr Queries,1375;GTEx Coexpression,1010	
gene_set_query	1475	SOX5	1151.0	ARCHS4 Coexpression,1312;Enrichr Queries,537;GTEx Coexpression,1603	
gene_set_query	1476	ZNF845	1152.0	ARCHS4 Coexpression,1580;Enrichr Queries,1162;GTEx Coexpression,713	
gene_set_query	1477	ZBTB24	1153.0	ARCHS4 Coexpression,1355;Enrichr Queries,1038;GTEx Coexpression,1066	
gene_set_query	1478	HES6	1155.0	ARCHS4 Coexpression,1097;Enrichr Queries,1177;GTEx Coexpression,1192	
gene_set_query	1479	BARHL1	1156.0	ARCHS4 Coexpression,1533;Enrichr Queries,1247;GTEx Coexpression,687	
gene_set_query	1480	POU1F1	1156.0	ARCHS4 Coexpression,1435;Enrichr Queries,945;GTEx Coexpression,1087	
gene_set_query	1481	PEG3	1157.0	ARCHS4 Coexpression,1073;GTEx Coexpression,1240	
gene_set_query	1482	HOXC5	1157.0	ARCHS4 Coexpression,717;Enrichr Queries,1188;GTEx Coexpression,1566	
gene_set_query	1483	ZNF177	1158.0	ARCHS4 Coexpression,1331;Enrichr Queries,1185;GTEx Coexpression,959	
gene_set_query	1484	ZGLP1	1159.0	ARCHS4 Coexpression,1521;GTEx Coexpression,796	
gene_set_query	1485	ZNF277	1159.0	ARCHS4 Coexpression,1452;Enrichr Queries,749;GTEx Coexpression,1276	
gene_set_query	1486	PRDM8	1161.0	ARCHS4 Coexpression,952;Enrichr Queries,936;GTEx Coexpression,1595	
gene_set_query	1487	ZNF569	1162.0	ARCHS4 Coexpression,1404;Enrichr Queries,840;GTEx Coexpression,1243	
gene_set_query	1488	ZNF654	1162.0	ARCHS4 Coexpression,1581;Enrichr Queries,1013;GTEx Coexpression,893	
gene_set_query	1489	MGA	1163.0	ARCHS4 Coexpression,1498;Enrichr Queries,566;GTEx Coexpression,1424	
gene_set_query	1490	TCFL5	1163.0	ARCHS4 Coexpression,1617;Enrichr Queries,1053;GTEx Coexpression,819	
gene_set_query	1491	ZBTB43	1163.0	ARCHS4 Coexpression,1387;Enrichr Queries,579;GTEx Coexpression,1524	
gene_set_query	1492	CREB3L2	1165.0	ARCHS4 Coexpression,906;Enrichr Queries,1039;GTEx Coexpression,1550	
gene_set_query	1493	MTERF2	1166.0	ARCHS4 Coexpression,917;GTEx Coexpression,1415	
gene_set_query	1494	ALX3	1167.0	ARCHS4 Coexpression,878;Enrichr Queries,1351;GTEx Coexpression,1272	
gene_set_query	1495	HOXD12	1167.0	ARCHS4 Coexpression,1380;Enrichr Queries,1376;GTEx Coexpression,746	
gene_set_query	1496	ZNF808	1171.0	ARCHS4 Coexpression,1326;Enrichr Queries,980;GTEx Coexpression,1206	
gene_set_query	1497	NKX63	1173.0	ARCHS4 Coexpression,1615;GTEx Coexpression,731	
gene_set_query	1498	ZNF140	1175.0	ARCHS4 Coexpression,1432;Enrichr Queries,552;GTEx Coexpression,1540	
gene_set_query	1499	C11ORF95	1175.0	GTEx Coexpression,1175	
gene_set_query	1500	HOXC12	1176.0	ARCHS4 Coexpression,1311;Enrichr Queries,1396;GTEx Coexpression,821	
gene_set_query	1501	HIC1	1177.0	ARCHS4 Coexpression,1136;Enrichr Queries,962;GTEx Coexpression,1432	
gene_set_query	1502	ZNF485	1178.0	ARCHS4 Coexpression,1323;Enrichr Queries,1193;GTEx Coexpression,1019	
gene_set_query	1503	ZNF428	1178.0	ARCHS4 Coexpression,1382;Enrichr Queries,815;GTEx Coexpression,1338	
gene_set_query	1504	ATF6B	1179.0	ARCHS4 Coexpression,1322;GTEx Coexpression,1036	
gene_set_query	1505	KAT7	1180.0	ARCHS4 Coexpression,1137;GTEx Coexpression,1223	
gene_set_query	1506	ZNF614	1182.0	ARCHS4 Coexpression,1351;GTEx Coexpression,1012	
gene_set_query	1507	ZNF667	1182.0	ARCHS4 Coexpression,1053;Enrichr Queries,1330;GTEx Coexpression,1162	
gene_set_query	1508	ZNF676	1185.0	ARCHS4 Coexpression,1510;Enrichr Queries,694;GTEx Coexpression,1351	
gene_set_query	1509	NKX11	1185.0	ARCHS4 Coexpression,1228;GTEx Coexpression,1142	
gene_set_query	1510	ZNF280C	1186.0	ARCHS4 Coexpression,1436;Enrichr Queries,788;GTEx Coexpression,1333	
gene_set_query	1511	DBX2	1186.0	ARCHS4 Coexpression,1595;Enrichr Queries,542;GTEx Coexpression,1420	
gene_set_query	1512	ZNF112	1187.0	ARCHS4 Coexpression,1544;GTEx Coexpression,830	
gene_set_query	1513	SKIL	1187.0	ARCHS4 Coexpression,1444;Enrichr Queries,741;GTEx Coexpression,1377	
gene_set_query	1514	ZNF300	1188.0	ARCHS4 Coexpression,1128;Enrichr Queries,996;GTEx Coexpression,1439	
gene_set_query	1515	JAZF1	1189.0	ARCHS4 Coexpression,1047;Enrichr Queries,950;GTEx Coexpression,1570	
gene_set_query	1516	EMX1	1190.0	ARCHS4 Coexpression,1123;Enrichr Queries,1100;GTEx Coexpression,1348	
gene_set_query	1517	ZNF575	1192.0	ARCHS4 Coexpression,1451;Enrichr Queries,801;GTEx Coexpression,1324	
gene_set_query	1518	ZNF433	1194.0	ARCHS4 Coexpression,1356;Enrichr Queries,833;GTEx Coexpression,1392	
gene_set_query	1519	ZNF397	1194.0	ARCHS4 Coexpression,1175;GTEx Coexpression,1213	
gene_set_query	1520	FOXO4	1195.0	ARCHS4 Coexpression,1220;Enrichr Queries,1032;GTEx Coexpression,1334	
gene_set_query	1521	POU4F3	1198.0	ARCHS4 Coexpression,737;Enrichr Queries,1369;GTEx Coexpression,1487	
gene_set_query	1522	ZNF649	1198.0	ARCHS4 Coexpression,1412;Enrichr Queries,927;GTEx Coexpression,1254	
gene_set_query	1523	ZNF573	1200.0	ARCHS4 Coexpression,1562;Enrichr Queries,1090;GTEx Coexpression,949	
gene_set_query	1524	L3MBTL4	1201.0	ARCHS4 Coexpression,1546;GTEx Coexpression,855	
gene_set_query	1525	MEIS3	1201.0	ARCHS4 Coexpression,1577;Enrichr Queries,731;GTEx Coexpression,1294	
gene_set_query	1526	TBX20	1201.0	ARCHS4 Coexpression,1611;Enrichr Queries,1306;GTEx Coexpression,686	
gene_set_query	1527	ARHGAP35	1202.0	ARCHS4 Coexpression,934;GTEx Coexpression,1470	
gene_set_query	1528	BNC2	1204.0	ARCHS4 Coexpression,1015;Enrichr Queries,1339;GTEx Coexpression,1258	
gene_set_query	1529	LHX8	1205.0	ARCHS4 Coexpression,961;Enrichr Queries,1210;GTEx Coexpression,1445	
gene_set_query	1530	ZNF14	1206.0	ARCHS4 Coexpression,982;Enrichr Queries,1323;GTEx Coexpression,1313	
gene_set_query	1531	SALL3	1206.0	ARCHS4 Coexpression,943;Enrichr Queries,1214;GTEx Coexpression,1462	
gene_set_query	1532	CGGBP1	1207.0	ARCHS4 Coexpression,894;GTEx Coexpression,1519	
gene_set_query	1533	ZNF595	1207.0	ARCHS4 Coexpression,1153;Enrichr Queries,1261	
gene_set_query	1534	MBD6	1208.0	ARCHS4 Coexpression,1110;GTEx Coexpression,1306	
gene_set_query	1535	FIGLA	1209.0	ARCHS4 Coexpression,1116;Enrichr Queries,1347;GTEx Coexpression,1163	
gene_set_query	1536	FEV	1209.0	ARCHS4 Coexpression,890;Enrichr Queries,1250;GTEx Coexpression,1486	
gene_set_query	1537	FOXL1	1214.0	ARCHS4 Coexpression,1486;Enrichr Queries,762;GTEx Coexpression,1395	
gene_set_query	1538	ZBTB20	1218.0	ARCHS4 Coexpression,1210;Enrichr Queries,908;GTEx Coexpression,1537	
gene_set_query	1539	BARX1	1219.0	ARCHS4 Coexpression,937;Enrichr Queries,1392;GTEx Coexpression,1328	
gene_set_query	1540	SAFB2	1219.0	ARCHS4 Coexpression,1109;GTEx Coexpression,1329	
gene_set_query	1541	THRB	1221.0	ARCHS4 Coexpression,1296;Enrichr Queries,1132;GTEx Coexpression,1234	
gene_set_query	1542	ZNF75D	1222.0	ARCHS4 Coexpression,1187;Enrichr Queries,1277;GTEx Coexpression,1202	
gene_set_query	1543	ZNF717	1224.0	ARCHS4 Coexpression,1489;Enrichr Queries,1354;GTEx Coexpression,829	
gene_set_query	1544	FOXD1	1228.0	ARCHS4 Coexpression,1001;GTEx Coexpression,1454	
gene_set_query	1545	BCL6B	1230.0	ARCHS4 Coexpression,1609;Enrichr Queries,867;GTEx Coexpression,1214	
gene_set_query	1546	HOXD4	1237.0	ARCHS4 Coexpression,1138;Enrichr Queries,1098;GTEx Coexpression,1475	
gene_set_query	1547	MEOX2	1238.0	ARCHS4 Coexpression,1582;Enrichr Queries,1097;GTEx Coexpression,1035	
gene_set_query	1548	ZNF518B	1239.0	ARCHS4 Coexpression,1516;Enrichr Queries,777;GTEx Coexpression,1425	
gene_set_query	1549	ZNF627	1240.0	ARCHS4 Coexpression,1572;Enrichr Queries,1021;GTEx Coexpression,1128	
gene_set_query	1550	BBX	1242.0	ARCHS4 Coexpression,1583;Enrichr Queries,851;GTEx Coexpression,1291	
gene_set_query	1551	ZNF479	1243.0	ARCHS4 Coexpression,1393;Enrichr Queries,823;GTEx Coexpression,1512	
gene_set_query	1552	CENPT	1243.0	ARCHS4 Coexpression,1214;Enrichr Queries,1165;GTEx Coexpression,1350	
gene_set_query	1553	THAP9	1244.0	ARCHS4 Coexpression,1475;Enrichr Queries,886;GTEx Coexpression,1371	
gene_set_query	1554	ZNF418	1247.0	ARCHS4 Coexpression,1357;Enrichr Queries,1148;GTEx Coexpression,1236	
gene_set_query	1555	RBCK1	1250.0	ARCHS4 Coexpression,919;GTEx Coexpression,1580	
gene_set_query	1556	DMRT3	1250.0	ARCHS4 Coexpression,1260;Enrichr Queries,1374;GTEx Coexpression,1115	
gene_set_query	1557	ZNF100	1250.0	ARCHS4 Coexpression,1484;Enrichr Queries,1154;GTEx Coexpression,1112	
gene_set_query	1558	ZNF670	1254.0	ARCHS4 Coexpression,1320;Enrichr Queries,1187	
gene_set_query	1559	PRDM6	1256.0	ARCHS4 Coexpression,1385;Enrichr Queries,1192;GTEx Coexpression,1190	
gene_set_query	1560	HOXD3	1257.0	ARCHS4 Coexpression,1087;Enrichr Queries,1199;GTEx Coexpression,1484	
gene_set_query	1561	ZNF227	1257.0	ARCHS4 Coexpression,1386;Enrichr Queries,1238;GTEx Coexpression,1147	
gene_set_query	1562	NEUROG1	1257.0	ARCHS4 Coexpression,1324;Enrichr Queries,1368;GTEx Coexpression,1079	
gene_set_query	1563	ZNF442	1257.0	ARCHS4 Coexpression,1439;Enrichr Queries,947;GTEx Coexpression,1386	
gene_set_query	1564	FOXR2	1258.0	ARCHS4 Coexpression,1258;Enrichr Queries,1313;GTEx Coexpression,1204	
gene_set_query	1565	MYRF	1263.0	ARCHS4 Coexpression,1208;GTEx Coexpression,1318	
gene_set_query	1566	ZNF682	1265.0	ARCHS4 Coexpression,1383;Enrichr Queries,1338;GTEx Coexpression,1075	
gene_set_query	1567	ZBED3	1265.0	ARCHS4 Coexpression,1369;Enrichr Queries,1070;GTEx Coexpression,1357	
gene_set_query	1568	ZNF727	1266.0	ARCHS4 Coexpression,1398;GTEx Coexpression,1134	
gene_set_query	1569	MZF1	1274.0	ARCHS4 Coexpression,1166;Enrichr Queries,1066;GTEx Coexpression,1590	
gene_set_query	1570	TSHZ2	1278.0	ARCHS4 Coexpression,1280;Enrichr Queries,1044;GTEx Coexpression,1509	
gene_set_query	1571	GATA5	1285.0	ARCHS4 Coexpression,1056;Enrichr Queries,1243;GTEx Coexpression,1555	
gene_set_query	1572	HEY1	1285.0	ARCHS4 Coexpression,1429;Enrichr Queries,877;GTEx Coexpression,1548	
gene_set_query	1573	IRX6	1288.0	ARCHS4 Coexpression,1368;Enrichr Queries,1251;GTEx Coexpression,1245	
gene_set_query	1574	ZNF33A	1295.0	ARCHS4 Coexpression,1492;Enrichr Queries,817;GTEx Coexpression,1575	
gene_set_query	1575	BHLHA9	1295.0	ARCHS4 Coexpression,1241;GTEx Coexpression,1349	
gene_set_query	1576	MTERF1	1298.0	ARCHS4 Coexpression,1608;GTEx Coexpression,988	
gene_set_query	1577	POU3F3	1300.0	ARCHS4 Coexpression,1211;Enrichr Queries,1305;GTEx Coexpression,1384	
gene_set_query	1578	ZNF761	1300.0	ARCHS4 Coexpression,1292;Enrichr Queries,1087;GTEx Coexpression,1522	
gene_set_query	1579	EVX2	1303.0	ARCHS4 Coexpression,981;Enrichr Queries,1393;GTEx Coexpression,1536	
gene_set_query	1580	ESX1	1305.0	ARCHS4 Coexpression,1627;Enrichr Queries,1233;GTEx Coexpression,1054	
gene_set_query	1581	FEZF2	1307.0	ARCHS4 Coexpression,1344;Enrichr Queries,1295;GTEx Coexpression,1283	
gene_set_query	1582	TSHZ3	1310.0	ARCHS4 Coexpression,1213;Enrichr Queries,1276;GTEx Coexpression,1442	
gene_set_query	1583	ZNF69	1310.0	ARCHS4 Coexpression,1497;Enrichr Queries,1381;GTEx Coexpression,1053	
gene_set_query	1584	KCNIP3	1315.0	ARCHS4 Coexpression,1348;GTEx Coexpression,1282	
gene_set_query	1585	SOX8	1316.0	ARCHS4 Coexpression,1594;Enrichr Queries,770;GTEx Coexpression,1585	
gene_set_query	1586	ZNF624	1317.0	ARCHS4 Coexpression,1503;Enrichr Queries,1142;GTEx Coexpression,1307	
gene_set_query	1587	ZNF268	1319.0	ARCHS4 Coexpression,1185;Enrichr Queries,1209;GTEx Coexpression,1562	
gene_set_query	1588	FOXC2	1320.0	ARCHS4 Coexpression,1402;Enrichr Queries,993;GTEx Coexpression,1565	
gene_set_query	1589	TBX18	1323.0	ARCHS4 Coexpression,1456;Enrichr Queries,1168;GTEx Coexpression,1345	
gene_set_query	1590	HOXD8	1324.0	ARCHS4 Coexpression,1438;Enrichr Queries,1112;GTEx Coexpression,1423	
gene_set_query	1591	NR2E1	1325.0	ARCHS4 Coexpression,1349;Enrichr Queries,1271;GTEx Coexpression,1355	
gene_set_query	1592	ZNF880	1329.0	ARCHS4 Coexpression,1070;GTEx Coexpression,1587	
gene_set_query	1593	MKX	1331.0	ARCHS4 Coexpression,1525;Enrichr Queries,871;GTEx Coexpression,1597	
gene_set_query	1594	NKX26	1334.0	ARCHS4 Coexpression,1500;GTEx Coexpression,1167	
gene_set_query	1595	GSX2	1336.0	ARCHS4 Coexpression,1158;Enrichr Queries,1370;GTEx Coexpression,1479	
gene_set_query	1596	LIN54	1337.0	ARCHS4 Coexpression,1458;GTEx Coexpression,1216	
gene_set_query	1597	ZNF816	1338.0	ARCHS4 Coexpression,1602;GTEx Coexpression,1074	
gene_set_query	1598	OSR1	1341.0	ARCHS4 Coexpression,1578;GTEx Coexpression,1103	
gene_set_query	1599	MEOX1	1344.0	ARCHS4 Coexpression,1626;Enrichr Queries,1282;GTEx Coexpression,1123	
gene_set_query	1600	SKI	1362.0	ARCHS4 Coexpression,1467;GTEx Coexpression,1257	
gene_set_query	1601	FLYWCH1	1365.0	ARCHS4 Coexpression,1574;GTEx Coexpression,1155	
gene_set_query	1602	TGIF2LY	1366.0	ARCHS4 Coexpression,1301;Enrichr Queries,1403;GTEx Coexpression,1393	
gene_set_query	1603	TOPORS	1368.0	ARCHS4 Coexpression,1415;GTEx Coexpression,1320	
gene_set_query	1604	CENPB	1371.0	ARCHS4 Coexpression,1472;Enrichr Queries,1126;GTEx Coexpression,1514	
gene_set_query	1605	ZSCAN9	1373.0	ARCHS4 Coexpression,1480;GTEx Coexpression,1265	
gene_set_query	1606	ZNF616	1375.0	ARCHS4 Coexpression,1564;Enrichr Queries,1150;GTEx Coexpression,1411	
gene_set_query	1607	ZNF322	1381.0	ARCHS4 Coexpression,1465;GTEx Coexpression,1297	
gene_set_query	1608	MSANTD1	1382.0	ARCHS4 Coexpression,1619;GTEx Coexpression,1145	
gene_set_query	1609	PRRX2	1386.0	ARCHS4 Coexpression,1563;Enrichr Queries,1007;GTEx Coexpression,1589	
gene_set_query	1610	PRRX1	1387.0	ARCHS4 Coexpression,1392;Enrichr Queries,1175;GTEx Coexpression,1593	
gene_set_query	1611	AEBP1	1393.0	ARCHS4 Coexpression,1319;GTEx Coexpression,1467	
gene_set_query	1612	TIGD4	1393.0	ARCHS4 Coexpression,1378;Enrichr Queries,1204;GTEx Coexpression,1598	
gene_set_query	1613	GLIS1	1397.0	ARCHS4 Coexpression,1566;Enrichr Queries,1242;GTEx Coexpression,1383	
gene_set_query	1614	HMX1	1403.0	ARCHS4 Coexpression,1264;Enrichr Queries,1394;GTEx Coexpression,1551	
gene_set_query	1615	HES4	1414.0	ARCHS4 Coexpression,1299;Enrichr Queries,1384;GTEx Coexpression,1559	
gene_set_query	1616	GLI4	1426.0	ARCHS4 Coexpression,1277;GTEx Coexpression,1574	
gene_set_query	1617	ZNF488	1436.0	ARCHS4 Coexpression,1549;Enrichr Queries,1322	
gene_set_query	1618	ZNF853	1440.0	ARCHS4 Coexpression,1377;GTEx Coexpression,1503	
gene_set_query	1619	FOXS1	1447.0	ARCHS4 Coexpression,1542;Enrichr Queries,1290;GTEx Coexpression,1510	
gene_set_query	1620	NKX25	1460.0	ARCHS4 Coexpression,1575;GTEx Coexpression,1344	
gene_set_query	1621	NKX62	1467.0	ARCHS4 Coexpression,1560;GTEx Coexpression,1374	
gene_set_query	1622	ZNF814	1490.0	ARCHS4 Coexpression,1598;GTEx Coexpression,1382	
gene_set_query	1623	ZBED6	1496.0	ARCHS4 Coexpression,1496	
gene_set_query	1624	TWIST2	1499.0	ARCHS4 Coexpression,1413;GTEx Coexpression,1584	
gene_set_query	1625	MSANTD3	1501.0	ARCHS4 Coexpression,1551;GTEx Coexpression,1451	
gene_set_query	1626	MYPOP	1515.0	ARCHS4 Coexpression,1531;GTEx Coexpression,1499	
gene_set_query	1627	NACC2	1516.0	ARCHS4 Coexpression,1513;GTEx Coexpression,1518	
gene_set_query	1628	ZNF311	1517.0	ARCHS4 Coexpression,1603;Enrichr Queries,1404;GTEx Coexpression,1543	
gene_set_query	1629	ZNF469	1524.0	ARCHS4 Coexpression,1524;GTEx Coexpression,1523	
gene_set_query	1630	CC2D1A	1525.0	ARCHS4 Coexpression,1491;GTEx Coexpression,1558	
gene_set_query	1631	L3MBTL3	1529.0	ARCHS4 Coexpression,1600;GTEx Coexpression,1457	
gene_set_query	1632	ZNF883	1548.0	ARCHS4 Coexpression,1520;GTEx Coexpression,1576	
