Query Name	Rank	TF	Score	Library	Overlapping_Genes
gene_set_query	1	ATF3	41.67	Literature ChIP-seq,29;ARCHS4 Coexpression,20;ENCODE ChIP-seq,32;Enrichr Queries,8;ReMap ChIP-seq,58;GTEx Coexpression,103	TSPAN14,EEF2K,FSD1L,ARRDC3,S100A6,OGA,SOD2,JMJD6,GADD45G
gene_set_query	2	ZNF160	42.0	ARCHS4 Coexpression,8;Enrichr Queries,106;GTEx Coexpression,12	C2CD2,PES1,ARRDC3,OGA,ATP9B
gene_set_query	3	KMT2A	67.67	ARCHS4 Coexpression,64;ReMap ChIP-seq,30;GTEx Coexpression,109	NCOA2,OGA,SOD2,ATP9B,JMJD6
gene_set_query	4	BPTF	72.5	ARCHS4 Coexpression,61;GTEx Coexpression,84	OGA,ATP9B
gene_set_query	5	CARF	80.5	ARCHS4 Coexpression,32;GTEx Coexpression,129	PES1,OGA,ATP9B
gene_set_query	6	SOX4	88.67	ARCHS4 Coexpression,169;Enrichr Queries,32;GTEx Coexpression,65	ARRDC3,S100A6,GADD45G
gene_set_query	7	ZNF614	94.0	ARCHS4 Coexpression,78;GTEx Coexpression,110	TSPAN14,ARRDC3
gene_set_query	8	DMTF1	94.33	ARCHS4 Coexpression,53;Enrichr Queries,152;GTEx Coexpression,78	ARRDC3,OGA,ATP9B
gene_set_query	9	ZNF117	94.33	ARCHS4 Coexpression,1;Enrichr Queries,281;GTEx Coexpression,1	TSPAN14,FSD1L,C2CD2,PES1,ARRDC3,OGA,ZSWIM9,ATP9B
gene_set_query	10	THAP2	97.33	ARCHS4 Coexpression,112;Enrichr Queries,170;GTEx Coexpression,10	TSPAN14,FSD1L,ARRDC3
gene_set_query	11	NR4A1	100.5	ARCHS4 Coexpression,205;Enrichr Queries,34;ReMap ChIP-seq,125;GTEx Coexpression,38	ARRDC3,S100A6,JMJD6,GADD45G
gene_set_query	12	HIF1A	110.4	Literature ChIP-seq,4;ARCHS4 Coexpression,193;Enrichr Queries,182;ReMap ChIP-seq,106;GTEx Coexpression,67	MBTPS1,MYO1B,ARRDC3,S100A6,P3H4,SOD2,JMJD6
gene_set_query	13	ZNF10	121.0	ARCHS4 Coexpression,160;Enrichr Queries,131;GTEx Coexpression,72	MBTPS1,PES1,ARRDC3,OGA
gene_set_query	14	ZBED6	121.0	ARCHS4 Coexpression,121	ATP9B
gene_set_query	15	FOXD1	121.5	ARCHS4 Coexpression,174;GTEx Coexpression,69	PES1,P3H4
gene_set_query	16	SNAI2	125.8	ARCHS4 Coexpression,75;Enrichr Queries,339;ReMap ChIP-seq,35;GTEx Coexpression,54	TSPAN14,MYO1B,S100A6,P3H4
gene_set_query	17	ZNF83	131.0	ARCHS4 Coexpression,49;Enrichr Queries,314;ReMap ChIP-seq,20;GTEx Coexpression,141	MBTPS1,PES1,ARRDC3,OGA,ZSWIM9,ATP9B
gene_set_query	18	ZNF652	137.5	Literature ChIP-seq,155;ARCHS4 Coexpression,10;Enrichr Queries,180;GTEx Coexpression,205	NCOA2,EEF2K,PES1,OGA,ATP9B
gene_set_query	19	SOX11	140.2	Literature ChIP-seq,115;ARCHS4 Coexpression,21;Enrichr Queries,434;ReMap ChIP-seq,96;GTEx Coexpression,35	TSPAN14,FSD1L,PES1,ARRDC3,S100A6,ZSWIM9,GADD45G
gene_set_query	20	TIGD1	147.0	ARCHS4 Coexpression,161;GTEx Coexpression,133	FSD1L,ATP9B
gene_set_query	21	HES6	147.0	ARCHS4 Coexpression,202;Enrichr Queries,97;GTEx Coexpression,142	FSD1L,S100A6,GADD45G
gene_set_query	22	HIVEP1	149.7	ARCHS4 Coexpression,5;Enrichr Queries,167;GTEx Coexpression,277	NCOA2,ARRDC3,SOD2,ATP9B
gene_set_query	23	CENPB	153.0	ARCHS4 Coexpression,111;Enrichr Queries,326;GTEx Coexpression,22	PES1,S100A6,ZSWIM9
gene_set_query	24	NR1H3	158.4	Literature ChIP-seq,94;ARCHS4 Coexpression,352;Enrichr Queries,62;ReMap ChIP-seq,199;GTEx Coexpression,85	TSPAN14,MYO1B,EEF2K,S100A6,SOD2,GADD45G
gene_set_query	25	AHR	163.4	Literature ChIP-seq,49;ARCHS4 Coexpression,382;Enrichr Queries,33;ReMap ChIP-seq,111;GTEx Coexpression,242	MBTPS1,NCOA2,TSPAN14,MYO1B,ARRDC3,S100A6,P3H4,SOD2
gene_set_query	26	FOSL1	163.6	ARCHS4 Coexpression,34;ENCODE ChIP-seq,40;Enrichr Queries,563;ReMap ChIP-seq,55;GTEx Coexpression,126	PES1,S100A6,P3H4,JMJD6
gene_set_query	27	KLF4	169.2	Literature ChIP-seq,30;ARCHS4 Coexpression,598;Enrichr Queries,38;ReMap ChIP-seq,13;GTEx Coexpression,167	TSPAN14,MYO1B,EEF2K,ARRDC3,OGA,S100A6,P3H4,SOD2,GADD45G
gene_set_query	28	MYC	173.3	Literature ChIP-seq,27;ARCHS4 Coexpression,454;ENCODE ChIP-seq,31;Enrichr Queries,115;ReMap ChIP-seq,231;GTEx Coexpression,182	MBTPS1,NCOA2,SLC25A15,FSD1L,PES1,ARRDC3,S100A6,OGA,ATP9B,JMJD6,GADD45G
gene_set_query	29	TP53	178.8	Literature ChIP-seq,26;ARCHS4 Coexpression,376;Enrichr Queries,344;ReMap ChIP-seq,28;GTEx Coexpression,120	MBTPS1,TSPAN14,PES1,ARRDC3,S100A6,SOD2,JMJD6
gene_set_query	30	ZBTB37	185.0	ARCHS4 Coexpression,187;Enrichr Queries,221;GTEx Coexpression,147	NCOA2,ARRDC3,OGA,ATP9B
gene_set_query	31	EPAS1	186.5	ARCHS4 Coexpression,235;Enrichr Queries,125;ReMap ChIP-seq,188;GTEx Coexpression,198	MYO1B,EEF2K,S100A6
gene_set_query	32	FOSL2	186.6	ARCHS4 Coexpression,605;ENCODE ChIP-seq,71;Enrichr Queries,44;ReMap ChIP-seq,48;GTEx Coexpression,165	FSD1L,EEF2K,ARRDC3,S100A6,P3H4,JMJD6,GADD45G
gene_set_query	33	CREB3	189.5	ARCHS4 Coexpression,345;Enrichr Queries,103;ReMap ChIP-seq,74;GTEx Coexpression,236	TSPAN14,EEF2K,OGA,S100A6,GADD45G
gene_set_query	34	REXO4	191.0	ARCHS4 Coexpression,326;GTEx Coexpression,56	PES1
gene_set_query	35	NR5A1	192.0	ARCHS4 Coexpression,171;Enrichr Queries,358;GTEx Coexpression,47	C2CD2,GADD45G
gene_set_query	36	ST18	192.3	ARCHS4 Coexpression,62;Enrichr Queries,199;GTEx Coexpression,316	MYO1B,FSD1L,PES1,GADD45G
gene_set_query	37	PPARG	192.4	Literature ChIP-seq,18;ARCHS4 Coexpression,120;Enrichr Queries,605;ReMap ChIP-seq,183;GTEx Coexpression,36	MBTPS1,TSPAN14,FSD1L,C2CD2,S100A6,SOD2
gene_set_query	38	HSF1	196.6	Literature ChIP-seq,8;ARCHS4 Coexpression,273;ENCODE ChIP-seq,46;ReMap ChIP-seq,192;GTEx Coexpression,464	SLC25A15,EEF2K,PES1,JMJD6,GADD45G
gene_set_query	39	ZNF439	201.0	ARCHS4 Coexpression,215;Enrichr Queries,315;GTEx Coexpression,73	PES1,ARRDC3,OGA
gene_set_query	40	ELK1	201.2	Literature ChIP-seq,61;ARCHS4 Coexpression,276;ENCODE ChIP-seq,89;ReMap ChIP-seq,144;GTEx Coexpression,436	SLC25A15,EEF2K,PES1,ZSWIM9,JMJD6,GADD45G
gene_set_query	41	NFX1	202.7	ARCHS4 Coexpression,167;Enrichr Queries,260;GTEx Coexpression,181	NCOA2,EEF2K,OGA,ATP9B
gene_set_query	42	ELF2	204.7	ARCHS4 Coexpression,47;Enrichr Queries,226;GTEx Coexpression,341	NCOA2,PES1,ARRDC3,ATP9B
gene_set_query	43	TEAD4	205.5	Literature ChIP-seq,108;ARCHS4 Coexpression,342;ENCODE ChIP-seq,65;Enrichr Queries,135;ReMap ChIP-seq,194;GTEx Coexpression,389	SLC25A15,EEF2K,PES1,ARRDC3,S100A6,JMJD6,GADD45G
gene_set_query	44	REL	207.7	ARCHS4 Coexpression,44;Enrichr Queries,250;GTEx Coexpression,329	ARRDC3,SOD2,ATP9B
gene_set_query	45	ZNF267	219.7	ARCHS4 Coexpression,241;Enrichr Queries,130;GTEx Coexpression,288	ARRDC3,SOD2
gene_set_query	46	MYSM1	220.7	ARCHS4 Coexpression,42;Enrichr Queries,40;GTEx Coexpression,580	NCOA2,ARRDC3,OGA,ATP9B
gene_set_query	47	HMBOX1	223.3	ARCHS4 Coexpression,41;Enrichr Queries,559;ReMap ChIP-seq,166;GTEx Coexpression,127	NCOA2,TSPAN14,C2CD2,PES1,ATP9B
gene_set_query	48	ZNF662	226.0	ARCHS4 Coexpression,99;Enrichr Queries,289;GTEx Coexpression,290	PES1,ARRDC3
gene_set_query	49	ZNF75D	226.3	ARCHS4 Coexpression,231;Enrichr Queries,303;GTEx Coexpression,145	NCOA2,C2CD2,ARRDC3
gene_set_query	50	NFE2L2	226.4	Literature ChIP-seq,113;ARCHS4 Coexpression,330;Enrichr Queries,126;ReMap ChIP-seq,237;GTEx Coexpression,326	S100A6,SOD2,JMJD6,GADD45G
gene_set_query	51	ZNF286B	227.0	ARCHS4 Coexpression,156;GTEx Coexpression,298	ARRDC3
gene_set_query	52	ETV3	228.3	ARCHS4 Coexpression,380;Enrichr Queries,67;GTEx Coexpression,238	EEF2K,ARRDC3,SOD2,GADD45G
gene_set_query	53	GATA6	229.0	Literature ChIP-seq,46;ARCHS4 Coexpression,396;Enrichr Queries,498;ReMap ChIP-seq,184;GTEx Coexpression,21	MBTPS1,MYO1B,TSPAN14,FSD1L,C2CD2,ARRDC3,S100A6,GADD45G
gene_set_query	54	KLF8	229.7	ARCHS4 Coexpression,35;Enrichr Queries,448;GTEx Coexpression,206	EEF2K,PES1,ARRDC3,ATP9B
gene_set_query	55	ELF1	232.4	Literature ChIP-seq,41;ARCHS4 Coexpression,645;ENCODE ChIP-seq,27;ReMap ChIP-seq,248;GTEx Coexpression,201	SLC25A15,TSPAN14,EEF2K,PES1,OGA,JMJD6
gene_set_query	56	BHLHE22	237.7	ARCHS4 Coexpression,260;ReMap ChIP-seq,18;GTEx Coexpression,435	MBTPS1,EEF2K,S100A6,GADD45G
gene_set_query	57	FOXA2	240.3	Literature ChIP-seq,34;ARCHS4 Coexpression,707;ENCODE ChIP-seq,8;Enrichr Queries,295;ReMap ChIP-seq,250;GTEx Coexpression,148	SLC25A15,MBTPS1,NCOA2,MYO1B,EEF2K,OGA,S100A6,P3H4,FAM149A,GADD45G
gene_set_query	58	ZNF708	240.7	ARCHS4 Coexpression,125;Enrichr Queries,390;GTEx Coexpression,207	FSD1L,PES1,ARRDC3
gene_set_query	59	ZNF33B	240.7	ARCHS4 Coexpression,148;Enrichr Queries,129;GTEx Coexpression,445	PES1,ARRDC3,OGA
gene_set_query	60	MAFB	242.3	ARCHS4 Coexpression,913;Enrichr Queries,37;ReMap ChIP-seq,3;GTEx Coexpression,16	MBTPS1,TSPAN14,MYO1B,EEF2K,ARRDC3,S100A6,JMJD6,GADD45G
gene_set_query	61	ZNF613	243.7	ARCHS4 Coexpression,103;Enrichr Queries,242;GTEx Coexpression,386	PES1,ARRDC3,GADD45G
gene_set_query	62	TFAP2C	244.2	Literature ChIP-seq,42;ARCHS4 Coexpression,521;ENCODE ChIP-seq,61;Enrichr Queries,424;ReMap ChIP-seq,2;GTEx Coexpression,415	MBTPS1,TSPAN14,EEF2K,C2CD2,S100A6,P3H4,ATP9B,GADD45G
gene_set_query	63	ZNF583	245.0	ARCHS4 Coexpression,338;Enrichr Queries,379;GTEx Coexpression,18	TSPAN14,FSD1L,ARRDC3,P3H4
gene_set_query	64	ARNT	245.6	Literature ChIP-seq,33;ARCHS4 Coexpression,51;Enrichr Queries,473;ReMap ChIP-seq,108;GTEx Coexpression,563	MBTPS1,NCOA2,TSPAN14,MYO1B,EEF2K,P3H4
gene_set_query	65	ZNF324B	246.0	ARCHS4 Coexpression,306;GTEx Coexpression,186	PES1
gene_set_query	66	NME2	247.7	ARCHS4 Coexpression,434;ReMap ChIP-seq,259;GTEx Coexpression,50	PES1
gene_set_query	67	ZNF254	248.3	ARCHS4 Coexpression,95;Enrichr Queries,506;GTEx Coexpression,144	ARRDC3
gene_set_query	68	ZNF354A	249.3	ARCHS4 Coexpression,90;Enrichr Queries,88;GTEx Coexpression,570	ARRDC3,GADD45G
gene_set_query	69	GATA3	250.3	Literature ChIP-seq,106;ARCHS4 Coexpression,728;ENCODE ChIP-seq,53;Enrichr Queries,398;ReMap ChIP-seq,1;GTEx Coexpression,216	MBTPS1,MYO1B,TSPAN14,EEF2K,C2CD2,ARRDC3,S100A6,OGA,P3H4,JMJD6
gene_set_query	70	ZNF235	250.3	ARCHS4 Coexpression,73;Enrichr Queries,220;GTEx Coexpression,458	PES1,ARRDC3,GADD45G
gene_set_query	71	BHLHE41	253.0	ARCHS4 Coexpression,413;GTEx Coexpression,93	FSD1L,FAM149A
gene_set_query	72	KLF6	253.5	ARCHS4 Coexpression,892;Enrichr Queries,2;ReMap ChIP-seq,101;GTEx Coexpression,19	TSPAN14,EEF2K,ARRDC3,S100A6,P3H4,SOD2,GADD45G
gene_set_query	73	EGR1	253.7	Literature ChIP-seq,47;ARCHS4 Coexpression,1297;ENCODE ChIP-seq,43;Enrichr Queries,28;ReMap ChIP-seq,82;GTEx Coexpression,25	MBTPS1,SLC25A15,ARRDC3,OGA,S100A6,ATP9B,JMJD6,GADD45G
gene_set_query	74	KLF11	254.0	ARCHS4 Coexpression,634;Enrichr Queries,111;GTEx Coexpression,17	EEF2K,FSD1L,ARRDC3,GADD45G
gene_set_query	75	ELK4	255.0	ARCHS4 Coexpression,204;ENCODE ChIP-seq,86;Enrichr Queries,654;ReMap ChIP-seq,84;GTEx Coexpression,247	NCOA2,SLC25A15,EEF2K,S100A6,JMJD6
gene_set_query	76	ZNF404	256.3	ARCHS4 Coexpression,196;Enrichr Queries,323;GTEx Coexpression,250	FSD1L,ARRDC3
gene_set_query	77	RFX3	258.7	ARCHS4 Coexpression,387;Enrichr Queries,230;GTEx Coexpression,159	NCOA2,FSD1L,ARRDC3
gene_set_query	78	ZNF736	259.5	ARCHS4 Coexpression,458;GTEx Coexpression,61	OGA,ATP9B
gene_set_query	79	ZFP62	262.7	ARCHS4 Coexpression,118;Enrichr Queries,192;GTEx Coexpression,478	ARRDC3,OGA
gene_set_query	80	ZNF331	262.7	ARCHS4 Coexpression,639;Enrichr Queries,72;GTEx Coexpression,77	MBTPS1,ARRDC3,SOD2
gene_set_query	81	ZNF274	264.5	Literature ChIP-seq,147;ARCHS4 Coexpression,802;ENCODE ChIP-seq,51;Enrichr Queries,223;ReMap ChIP-seq,275;GTEx Coexpression,89	MBTPS1,EEF2K,ARRDC3,FAM149A,JMJD6
gene_set_query	82	ZNF493	266.3	ARCHS4 Coexpression,212;Enrichr Queries,104;GTEx Coexpression,483	ARRDC3,OGA,ATP9B
gene_set_query	83	ZNF217	267.5	Literature ChIP-seq,56;ARCHS4 Coexpression,806;ENCODE ChIP-seq,41;Enrichr Queries,91;ReMap ChIP-seq,70;GTEx Coexpression,541	MBTPS1,MYO1B,EEF2K,FSD1L,ARRDC3,S100A6,GADD45G
gene_set_query	84	NR3C1	267.7	Literature ChIP-seq,57;ARCHS4 Coexpression,317;ENCODE ChIP-seq,55;Enrichr Queries,114;ReMap ChIP-seq,54;GTEx Coexpression,1009	EEF2K,ARRDC3,S100A6,P3H4,SOD2
gene_set_query	85	ZNF416	267.7	ARCHS4 Coexpression,223;Enrichr Queries,490;GTEx Coexpression,90	EEF2K,GADD45G
gene_set_query	86	NR0B1	267.8	Literature ChIP-seq,121;ARCHS4 Coexpression,620;Enrichr Queries,304;GTEx Coexpression,26	C2CD2,GADD45G
gene_set_query	87	RUNX1	268.4	Literature ChIP-seq,7;ARCHS4 Coexpression,654;Enrichr Queries,402;ReMap ChIP-seq,60;GTEx Coexpression,219	NCOA2,C2CD2,ARRDC3,OGA,SOD2,FAM149A,JMJD6,GADD45G,SLC25A15,TSPAN14,EEF2K,FSD1L,PES1,S100A6,ATP9B
gene_set_query	88	ZBTB12	269.0	ARCHS4 Coexpression,295;Enrichr Queries,508;GTEx Coexpression,4	PES1,ARRDC3,ZSWIM9,P3H4
gene_set_query	89	SREBF1	269.3	Literature ChIP-seq,98;ARCHS4 Coexpression,983;ENCODE ChIP-seq,67;Enrichr Queries,207;ReMap ChIP-seq,206;GTEx Coexpression,55	C2CD2,PES1,S100A6,OGA,SOD2,JMJD6,GADD45G
gene_set_query	90	ZFP37	270.7	ARCHS4 Coexpression,71;Enrichr Queries,359;GTEx Coexpression,382	ARRDC3
gene_set_query	91	TET2	271.5	ARCHS4 Coexpression,36;GTEx Coexpression,507	NCOA2,ATP9B
gene_set_query	92	HES1	275.3	ARCHS4 Coexpression,477;Enrichr Queries,16;ReMap ChIP-seq,289;GTEx Coexpression,319	ARRDC3,S100A6,GADD45G
gene_set_query	93	L3MBTL1	275.5	ARCHS4 Coexpression,38;GTEx Coexpression,513	PES1,ATP9B
gene_set_query	94	RORA	276.7	ARCHS4 Coexpression,152;Enrichr Queries,484;GTEx Coexpression,194	EEF2K,ARRDC3,ATP9B
gene_set_query	95	ZNF2	278.5	ARCHS4 Coexpression,499;Enrichr Queries,58	EEF2K,ARRDC3,GADD45G
gene_set_query	96	ZSCAN30	279.5	ARCHS4 Coexpression,244;GTEx Coexpression,315	ATP9B
gene_set_query	97	FOS	279.6	ARCHS4 Coexpression,1042;ENCODE ChIP-seq,68;Enrichr Queries,43;ReMap ChIP-seq,114;GTEx Coexpression,131	MBTPS1,EEF2K,FSD1L,PES1,ARRDC3,S100A6,GADD45G
gene_set_query	98	ZNF510	280.0	ARCHS4 Coexpression,385;Enrichr Queries,80;GTEx Coexpression,375	NCOA2,ARRDC3
gene_set_query	99	HMX3	283.7	ARCHS4 Coexpression,320;Enrichr Queries,270;GTEx Coexpression,261	PES1,GADD45G
gene_set_query	100	EGR2	284.0	ARCHS4 Coexpression,395;Enrichr Queries,188;GTEx Coexpression,269	S100A6,GADD45G
gene_set_query	101	ZKSCAN1	286.2	ARCHS4 Coexpression,350;ENCODE ChIP-seq,96;Enrichr Queries,57;ReMap ChIP-seq,213;GTEx Coexpression,715	NCOA2,EEF2K,ARRDC3,OGA,ATP9B
gene_set_query	102	IRF1	288.7	Literature ChIP-seq,72;ARCHS4 Coexpression,745;ENCODE ChIP-seq,58;Enrichr Queries,82;ReMap ChIP-seq,105;GTEx Coexpression,670	MBTPS1,SLC25A15,FSD1L,C2CD2,PES1,ARRDC3,S100A6,SOD2,ATP9B,JMJD6
gene_set_query	103	PHOX2A	291.3	ARCHS4 Coexpression,545;Enrichr Queries,283;GTEx Coexpression,46	C2CD2,GADD45G
gene_set_query	104	ASH1L	292.3	ARCHS4 Coexpression,292;Enrichr Queries,245;GTEx Coexpression,340	NCOA2,OGA,ATP9B
gene_set_query	105	NFIL3	292.7	ARCHS4 Coexpression,694;Enrichr Queries,6;GTEx Coexpression,178	ARRDC3,S100A6,SOD2,JMJD6,GADD45G
gene_set_query	106	PRDM2	292.7	ARCHS4 Coexpression,9;Enrichr Queries,707;GTEx Coexpression,162	NCOA2,OGA,ATP9B
gene_set_query	107	ZNF562	294.7	ARCHS4 Coexpression,188;Enrichr Queries,239;GTEx Coexpression,457	OGA,SOD2,ATP9B
gene_set_query	108	ZBTB11	294.8	ARCHS4 Coexpression,239;Enrichr Queries,244;ReMap ChIP-seq,168;GTEx Coexpression,528	NCOA2,ARRDC3,OGA,JMJD6
gene_set_query	109	PLAGL1	297.3	ARCHS4 Coexpression,356;Enrichr Queries,439;GTEx Coexpression,97	MBTPS1,ARRDC3,GADD45G
gene_set_query	110	ZNF529	298.7	ARCHS4 Coexpression,28;Enrichr Queries,751;GTEx Coexpression,117	PES1,OGA,ATP9B
gene_set_query	111	ETV4	299.0	ARCHS4 Coexpression,287;Enrichr Queries,547;ReMap ChIP-seq,210;GTEx Coexpression,152	PES1,S100A6,JMJD6
gene_set_query	112	ZNF441	300.3	ARCHS4 Coexpression,2;Enrichr Queries,658;GTEx Coexpression,241	FSD1L,PES1,ARRDC3,OGA,ATP9B
gene_set_query	113	BHLHE40	300.5	ARCHS4 Coexpression,801;ENCODE ChIP-seq,1;ReMap ChIP-seq,142;GTEx Coexpression,258	SLC25A15,EEF2K,PES1,ARRDC3,OGA,S100A6,SOD2,JMJD6,GADD45G
gene_set_query	114	ZNF420	300.7	ARCHS4 Coexpression,80;Enrichr Queries,308;GTEx Coexpression,514	ARRDC3
gene_set_query	115	GLYR1	301.7	ARCHS4 Coexpression,155;ReMap ChIP-seq,78;GTEx Coexpression,672	PES1,OGA,SOD2
gene_set_query	116	KDM5B	305.8	Literature ChIP-seq,32;ARCHS4 Coexpression,953;ENCODE ChIP-seq,35;ReMap ChIP-seq,247;GTEx Coexpression,262	MBTPS1,NCOA2,EEF2K,C2CD2,PES1,ARRDC3,OGA,SOD2,JMJD6
gene_set_query	117	NR4A3	306.3	ARCHS4 Coexpression,652;Enrichr Queries,30;GTEx Coexpression,237	ARRDC3,SOD2,GADD45G
gene_set_query	118	ZNF506	307.3	ARCHS4 Coexpression,254;Enrichr Queries,572;GTEx Coexpression,96	ARRDC3,OGA,ATP9B
gene_set_query	119	GZF1	307.7	ARCHS4 Coexpression,746;Enrichr Queries,64;GTEx Coexpression,113	ARRDC3,JMJD6,GADD45G
gene_set_query	120	RFX7	310.0	ARCHS4 Coexpression,461;Enrichr Queries,215;GTEx Coexpression,254	NCOA2,EEF2K,ARRDC3
gene_set_query	121	BCL6	311.8	Literature ChIP-seq,45;ARCHS4 Coexpression,882;Enrichr Queries,3;ReMap ChIP-seq,127;GTEx Coexpression,502	MBTPS1,TSPAN14,ARRDC3,OGA,S100A6,P3H4,SOD2,GADD45G
gene_set_query	122	KLF1	313.0	Literature ChIP-seq,66;ARCHS4 Coexpression,377;Enrichr Queries,251;ReMap ChIP-seq,119;GTEx Coexpression,752	SLC25A15,TSPAN14,EEF2K,S100A6,JMJD6,GADD45G
gene_set_query	123	ZNF585A	313.3	ARCHS4 Coexpression,27;Enrichr Queries,377;GTEx Coexpression,536	PES1,ARRDC3,ATP9B
gene_set_query	124	MYBL2	313.8	Literature ChIP-seq,65;ARCHS4 Coexpression,446;ENCODE ChIP-seq,108;Enrichr Queries,695;ReMap ChIP-seq,126;GTEx Coexpression,443	SLC25A15,EEF2K,PES1,ARRDC3,JMJD6
gene_set_query	125	HOXB7	317.4	Literature ChIP-seq,102;ARCHS4 Coexpression,146;Enrichr Queries,550;ReMap ChIP-seq,65;GTEx Coexpression,724	MBTPS1,EEF2K,S100A6,P3H4
gene_set_query	126	STAT1	317.5	Literature ChIP-seq,97;ARCHS4 Coexpression,961;ENCODE ChIP-seq,49;Enrichr Queries,117;ReMap ChIP-seq,56;GTEx Coexpression,625	TSPAN14,EEF2K,S100A6,SOD2
gene_set_query	127	HOXB8	318.0	ARCHS4 Coexpression,410;Enrichr Queries,496;GTEx Coexpression,48	FSD1L,PES1,S100A6
gene_set_query	128	ZNF224	321.7	ARCHS4 Coexpression,221;Enrichr Queries,161;GTEx Coexpression,583	ARRDC3,OGA,ATP9B
gene_set_query	129	JUN	321.7	Literature ChIP-seq,12;ARCHS4 Coexpression,1570;ENCODE ChIP-seq,73;Enrichr Queries,1;ReMap ChIP-seq,225;GTEx Coexpression,49	MYO1B,TSPAN14,ARRDC3,S100A6,SOD2,ATP9B,GADD45G
gene_set_query	130	DUX4	325.0	ARCHS4 Coexpression,577;ReMap ChIP-seq,73	C2CD2,JMJD6
gene_set_query	131	ETV3L	326.7	ARCHS4 Coexpression,56;Enrichr Queries,525;GTEx Coexpression,399	FSD1L,SOD2
gene_set_query	132	PROX1	326.8	ARCHS4 Coexpression,294;Enrichr Queries,413;ReMap ChIP-seq,25;GTEx Coexpression,575	TSPAN14,S100A6,OGA,P3H4,GADD45G
gene_set_query	133	SMAD1	329.6	Literature ChIP-seq,39;ARCHS4 Coexpression,1111;Enrichr Queries,136;ReMap ChIP-seq,122;GTEx Coexpression,240	TSPAN14,EEF2K,ARRDC3,JMJD6,GADD45G
gene_set_query	134	ZNF697	330.0	ARCHS4 Coexpression,374;Enrichr Queries,536;GTEx Coexpression,80	MYO1B,PES1,ARRDC3
gene_set_query	135	STAT3	330.7	Literature ChIP-seq,17;ARCHS4 Coexpression,923;ENCODE ChIP-seq,59;Enrichr Queries,110;ReMap ChIP-seq,145;GTEx Coexpression,730	EEF2K,PES1,ARRDC3,S100A6,OGA,P3H4,SOD2,GADD45G
gene_set_query	136	ZNF703	330.7	ARCHS4 Coexpression,289;Enrichr Queries,479;GTEx Coexpression,224	EEF2K,PES1,GADD45G
gene_set_query	137	ZNF407	331.7	ARCHS4 Coexpression,11;Enrichr Queries,706;GTEx Coexpression,278	NCOA2,ATP9B
gene_set_query	138	PA2G4	332.0	ARCHS4 Coexpression,467;GTEx Coexpression,197	PES1
gene_set_query	139	NFKB2	333.0	ARCHS4 Coexpression,426;Enrichr Queries,166;ReMap ChIP-seq,198;GTEx Coexpression,542	EEF2K,S100A6,SOD2
gene_set_query	140	ATF2	334.2	ARCHS4 Coexpression,200;ENCODE ChIP-seq,30;Enrichr Queries,752;ReMap ChIP-seq,215;GTEx Coexpression,474	NCOA2,MBTPS1,EEF2K,FSD1L,ARRDC3,OGA
gene_set_query	141	TFCP2L1	334.7	ARCHS4 Coexpression,378;Enrichr Queries,458;GTEx Coexpression,168	MYO1B,ARRDC3,GADD45G
gene_set_query	142	BACH1	334.8	Literature ChIP-seq,51;ARCHS4 Coexpression,240;ENCODE ChIP-seq,33;Enrichr Queries,24;ReMap ChIP-seq,220;GTEx Coexpression,1441	NCOA2,EEF2K,FSD1L,ARRDC3,OGA,SOD2,ATP9B,GADD45G
gene_set_query	143	NR2C1	335.7	ARCHS4 Coexpression,134;Enrichr Queries,212;GTEx Coexpression,661	NCOA2,MYO1B,PES1
gene_set_query	144	ZNF615	336.3	ARCHS4 Coexpression,29;Enrichr Queries,174;GTEx Coexpression,806	PES1,ARRDC3,OGA
gene_set_query	145	MTF1	337.0	ARCHS4 Coexpression,360;GTEx Coexpression,314	SOD2
gene_set_query	146	GATA2	337.2	Literature ChIP-seq,38;ARCHS4 Coexpression,263;ENCODE ChIP-seq,34;Enrichr Queries,177;ReMap ChIP-seq,95;GTEx Coexpression,1416	TSPAN14,EEF2K,FSD1L,C2CD2,PES1,ARRDC3,S100A6,FAM149A,GADD45G,JMJD6
gene_set_query	147	MAFK	340.6	ARCHS4 Coexpression,227;ENCODE ChIP-seq,11;Enrichr Queries,49;ReMap ChIP-seq,115;GTEx Coexpression,1301	EEF2K,PES1,ARRDC3,S100A6,SOD2,GADD45G
gene_set_query	148	ZNF26	342.7	ARCHS4 Coexpression,173;Enrichr Queries,405;GTEx Coexpression,450	OGA,ATP9B
gene_set_query	149	MAFG	344.0	ARCHS4 Coexpression,462;Enrichr Queries,492;ReMap ChIP-seq,271;GTEx Coexpression,151	PES1,JMJD6,GADD45G
gene_set_query	150	HLX	344.3	ARCHS4 Coexpression,429;Enrichr Queries,160;GTEx Coexpression,444	S100A6,SOD2,GADD45G
gene_set_query	151	ZNF771	345.0	ARCHS4 Coexpression,619;Enrichr Queries,294;GTEx Coexpression,122	TSPAN14,ZSWIM9
gene_set_query	152	ELK3	346.0	Literature ChIP-seq,107;ARCHS4 Coexpression,754;Enrichr Queries,520;GTEx Coexpression,3	MYO1B,C2CD2,S100A6
gene_set_query	153	MYB	347.2	Literature ChIP-seq,109;ARCHS4 Coexpression,535;ENCODE ChIP-seq,114;Enrichr Queries,532;ReMap ChIP-seq,139;GTEx Coexpression,654	SLC25A15,TSPAN14,EEF2K,JMJD6
gene_set_query	154	FOXD4	347.7	ARCHS4 Coexpression,414;Enrichr Queries,284;GTEx Coexpression,345	EEF2K,GADD45G
gene_set_query	155	STAT5A	348.0	Literature ChIP-seq,137;ARCHS4 Coexpression,837;ENCODE ChIP-seq,44;Enrichr Queries,614;ReMap ChIP-seq,222;GTEx Coexpression,234	MBTPS1,TSPAN14,SOD2,JMJD6
gene_set_query	156	CEBPG	348.3	ARCHS4 Coexpression,465;Enrichr Queries,11;ReMap ChIP-seq,287;GTEx Coexpression,630	PES1,ARRDC3,SOD2,GADD45G
gene_set_query	157	XBP1	348.5	ARCHS4 Coexpression,713;Enrichr Queries,206;ReMap ChIP-seq,91;GTEx Coexpression,384	S100A6,P3H4,SOD2,JMJD6
gene_set_query	158	POU5F1B	348.5	ARCHS4 Coexpression,603;GTEx Coexpression,94	TSPAN14
gene_set_query	159	CEBPB	349.7	Literature ChIP-seq,21;ARCHS4 Coexpression,978;ENCODE ChIP-seq,15;Enrichr Queries,13;ReMap ChIP-seq,256;GTEx Coexpression,815	MBTPS1,EEF2K,FSD1L,S100A6,OGA,SOD2,ATP9B,GADD45G,JMJD6
gene_set_query	160	SMAD3	350.4	Literature ChIP-seq,117;ARCHS4 Coexpression,150;Enrichr Queries,1189;ReMap ChIP-seq,12;GTEx Coexpression,284	MYO1B,S100A6,P3H4,GADD45G,JMJD6
gene_set_query	161	ZBTB41	350.7	ARCHS4 Coexpression,129;Enrichr Queries,240;GTEx Coexpression,683	NCOA2,FSD1L,ARRDC3
gene_set_query	162	ARID5B	353.0	ARCHS4 Coexpression,178;Enrichr Queries,433;GTEx Coexpression,448	PES1,ARRDC3
gene_set_query	163	SPI1	354.3	Literature ChIP-seq,48;ARCHS4 Coexpression,788;ENCODE ChIP-seq,93;Enrichr Queries,787;ReMap ChIP-seq,47;GTEx Coexpression,363	SLC25A15,TSPAN14,EEF2K,PES1,S100A6
gene_set_query	164	ZFP14	354.7	ARCHS4 Coexpression,243;Enrichr Queries,589;GTEx Coexpression,232	PES1,ARRDC3,OGA
gene_set_query	165	ZNF836	356.0	ARCHS4 Coexpression,468;Enrichr Queries,538;GTEx Coexpression,62	C2CD2,PES1,ARRDC3
gene_set_query	166	KLF5	356.8	Literature ChIP-seq,73;ARCHS4 Coexpression,505;Enrichr Queries,549;ReMap ChIP-seq,50;GTEx Coexpression,607	EEF2K,S100A6,P3H4
gene_set_query	167	BAZ2B	359.0	ARCHS4 Coexpression,67;Enrichr Queries,54;GTEx Coexpression,956	NCOA2,PES1,ARRDC3,OGA,ATP9B
gene_set_query	168	ZNF581	359.3	ARCHS4 Coexpression,515;Enrichr Queries,269;GTEx Coexpression,294	S100A6
gene_set_query	169	TFAP2A	361.2	Literature ChIP-seq,74;ARCHS4 Coexpression,618;ENCODE ChIP-seq,103;Enrichr Queries,1202;ReMap ChIP-seq,7;GTEx Coexpression,163	MBTPS1,TSPAN14,EEF2K,S100A6,P3H4,ATP9B,GADD45G
gene_set_query	170	E2F1	362.0	Literature ChIP-seq,22;ARCHS4 Coexpression,392;ENCODE ChIP-seq,105;Enrichr Queries,767;ReMap ChIP-seq,229;GTEx Coexpression,657	SLC25A15,NCOA2,MYO1B,FSD1L,PES1,ARRDC3,S100A6,SOD2,ATP9B,JMJD6
gene_set_query	171	FOXM1	362.8	Literature ChIP-seq,44;ARCHS4 Coexpression,308;ENCODE ChIP-seq,79;Enrichr Queries,766;ReMap ChIP-seq,130;GTEx Coexpression,850	SLC25A15,MBTPS1,NCOA2,EEF2K,C2CD2,PES1,OGA,P3H4,JMJD6
gene_set_query	172	SP1	364.6	ARCHS4 Coexpression,758;ENCODE ChIP-seq,69;Enrichr Queries,653;ReMap ChIP-seq,143;GTEx Coexpression,200	NCOA2,TSPAN14,ARRDC3,S100A6,OGA,P3H4
gene_set_query	173	CBX2	365.0	ARCHS4 Coexpression,471;ENCODE ChIP-seq,102;Enrichr Queries,748;ReMap ChIP-seq,153;GTEx Coexpression,351	NCOA2,SLC25A15,PES1,ATP9B
gene_set_query	174	ZNF429	365.7	ARCHS4 Coexpression,46;Enrichr Queries,728;GTEx Coexpression,323	PES1,ARRDC3,ATP9B
gene_set_query	175	NEUROG2	365.7	ARCHS4 Coexpression,189;Enrichr Queries,282;GTEx Coexpression,626	MYO1B,GADD45G
gene_set_query	176	CEBPD	367.8	Literature ChIP-seq,143;ARCHS4 Coexpression,905;ENCODE ChIP-seq,81;ReMap ChIP-seq,146;GTEx Coexpression,564	ARRDC3,P3H4,JMJD6
gene_set_query	177	CREB1	368.0	Literature ChIP-seq,75;ARCHS4 Coexpression,3;ENCODE ChIP-seq,99;Enrichr Queries,584;ReMap ChIP-seq,63;GTEx Coexpression,1384	NCOA2,MYO1B,EEF2K,PES1,OGA,P3H4,SOD2,ATP9B,JMJD6
gene_set_query	178	ZNF317	369.0	ARCHS4 Coexpression,332;Enrichr Queries,595;GTEx Coexpression,180	EEF2K,ARRDC3,OGA
gene_set_query	179	NR5A2	369.3	ARCHS4 Coexpression,479;Enrichr Queries,380;ReMap ChIP-seq,75;GTEx Coexpression,543	MYO1B,C2CD2,P3H4
gene_set_query	180	SNAI3	372.3	ARCHS4 Coexpression,495;Enrichr Queries,184;GTEx Coexpression,438	S100A6,GADD45G
gene_set_query	181	NR2F6	372.8	ARCHS4 Coexpression,393;Enrichr Queries,150;ReMap ChIP-seq,260;GTEx Coexpression,688	PES1,S100A6,GADD45G
gene_set_query	182	ZBTB10	374.0	ARCHS4 Coexpression,33;Enrichr Queries,31;GTEx Coexpression,1058	NCOA2,MYO1B,ARRDC3,GADD45G
gene_set_query	183	STAT6	375.3	Literature ChIP-seq,144;ARCHS4 Coexpression,542;Enrichr Queries,630;GTEx Coexpression,185	FSD1L,S100A6
gene_set_query	184	GATA1	375.5	Literature ChIP-seq,24;ARCHS4 Coexpression,674;ENCODE ChIP-seq,22;Enrichr Queries,811;ReMap ChIP-seq,121;GTEx Coexpression,601	MBTPS1,TSPAN14,EEF2K,C2CD2,PES1,S100A6,OGA,ATP9B,FAM149A,JMJD6,GADD45G
gene_set_query	185	ZNF585B	376.0	ARCHS4 Coexpression,436;Enrichr Queries,577;GTEx Coexpression,115	MBTPS1,ARRDC3,ATP9B
gene_set_query	186	FIZ1	376.7	ARCHS4 Coexpression,249;Enrichr Queries,848;GTEx Coexpression,33	PES1,ZSWIM9
gene_set_query	187	ZBTB16	377.3	ARCHS4 Coexpression,331;Enrichr Queries,93;ReMap ChIP-seq,69;GTEx Coexpression,1016	MBTPS1,ARRDC3,ATP9B,JMJD6,GADD45G
gene_set_query	188	USF1	377.4	ARCHS4 Coexpression,572;ENCODE ChIP-seq,5;Enrichr Queries,700;ReMap ChIP-seq,39;GTEx Coexpression,571	TSPAN14,EEF2K,PES1,ARRDC3,S100A6,ATP9B,JMJD6,GADD45G
gene_set_query	189	ARID2	377.5	ARCHS4 Coexpression,81;Enrichr Queries,60;ReMap ChIP-seq,44;GTEx Coexpression,1325	NCOA2,TSPAN14,EEF2K,ARRDC3,OGA,JMJD6
gene_set_query	190	ZNF486	379.3	ARCHS4 Coexpression,281;Enrichr Queries,276;GTEx Coexpression,581	PES1,S100A6
gene_set_query	191	CSRNP1	380.5	ARCHS4 Coexpression,501;GTEx Coexpression,260	JMJD6
gene_set_query	192	BCL11A	380.8	ARCHS4 Coexpression,40;ENCODE ChIP-seq,110;Enrichr Queries,990;ReMap ChIP-seq,208;GTEx Coexpression,556	ARRDC3,OGA,JMJD6
gene_set_query	193	TCF4	382.2	Literature ChIP-seq,76;ARCHS4 Coexpression,30;Enrichr Queries,509;ReMap ChIP-seq,68;GTEx Coexpression,1228	NCOA2,TSPAN14,MYO1B,FSD1L,ARRDC3,S100A6,ATP9B,FAM149A
gene_set_query	194	FOXO1	382.4	Literature ChIP-seq,10;ARCHS4 Coexpression,1187;Enrichr Queries,141;ReMap ChIP-seq,93;GTEx Coexpression,481	NCOA2,TSPAN14,MYO1B,ARRDC3,OGA,S100A6,GADD45G
gene_set_query	195	CTCF	382.7	Literature ChIP-seq,86;ARCHS4 Coexpression,876;ENCODE ChIP-seq,9;Enrichr Queries,1023;ReMap ChIP-seq,59;GTEx Coexpression,243	MBTPS1,SLC25A15,MYO1B,EEF2K,FSD1L,PES1,S100A6,ATP9B,GADD45G
gene_set_query	196	POU3F1	385.3	Literature ChIP-seq,130;ARCHS4 Coexpression,895;Enrichr Queries,291;GTEx Coexpression,225	EEF2K,ARRDC3,GADD45G
gene_set_query	197	SP2	387.6	ARCHS4 Coexpression,780;ENCODE ChIP-seq,74;Enrichr Queries,531;ReMap ChIP-seq,249;GTEx Coexpression,304	NCOA2,JMJD6
gene_set_query	198	ZNF436	389.7	ARCHS4 Coexpression,1005;Enrichr Queries,14;GTEx Coexpression,150	ARRDC3,S100A6,GADD45G
gene_set_query	199	ONECUT1	393.0	ARCHS4 Coexpression,797;Enrichr Queries,330;ReMap ChIP-seq,223;GTEx Coexpression,222	SLC25A15,ARRDC3,GADD45G
gene_set_query	200	PRDM1	393.2	ARCHS4 Coexpression,1024;ENCODE ChIP-seq,78;Enrichr Queries,120;ReMap ChIP-seq,167;GTEx Coexpression,577	ARRDC3,S100A6,P3H4
gene_set_query	201	BHLHA15	394.0	ARCHS4 Coexpression,296;GTEx Coexpression,492	PES1
gene_set_query	202	ZNF589	394.0	ARCHS4 Coexpression,595;Enrichr Queries,132;ReMap ChIP-seq,150;GTEx Coexpression,699	MBTPS1,MYO1B,TSPAN14
gene_set_query	203	ZNF792	394.7	ARCHS4 Coexpression,487;Enrichr Queries,558;GTEx Coexpression,139	TSPAN14,ARRDC3
gene_set_query	204	ZFP1	395.7	ARCHS4 Coexpression,19;Enrichr Queries,172;GTEx Coexpression,996	FSD1L,ARRDC3,GADD45G
gene_set_query	205	ZNF432	397.0	ARCHS4 Coexpression,278;Enrichr Queries,515;GTEx Coexpression,398	PES1,ARRDC3
gene_set_query	206	LCORL	397.7	ARCHS4 Coexpression,14;Enrichr Queries,792;GTEx Coexpression,387	FSD1L,ARRDC3
gene_set_query	207	ZNF37A	399.3	ARCHS4 Coexpression,245;Enrichr Queries,743;GTEx Coexpression,210	MBTPS1,OGA,ATP9B
gene_set_query	208	POU2F2	400.2	ARCHS4 Coexpression,730;ENCODE ChIP-seq,48;Enrichr Queries,832;ReMap ChIP-seq,110;GTEx Coexpression,281	EEF2K,OGA,JMJD6,GADD45G
gene_set_query	209	ZNF550	400.3	ARCHS4 Coexpression,191;Enrichr Queries,542;GTEx Coexpression,468	ARRDC3
gene_set_query	210	TAL1	401.8	Literature ChIP-seq,64;ARCHS4 Coexpression,1389;ENCODE ChIP-seq,62;Enrichr Queries,625;ReMap ChIP-seq,14;GTEx Coexpression,257	MBTPS1,TSPAN14,C2CD2,ARRDC3,S100A6,SOD2,ATP9B,JMJD6,GADD45G
gene_set_query	211	CEBPA	402.2	Literature ChIP-seq,105;ARCHS4 Coexpression,1244;Enrichr Queries,193;ReMap ChIP-seq,252;GTEx Coexpression,217	SLC25A15,TSPAN14,FSD1L,S100A6,GADD45G
gene_set_query	212	ZBED4	403.0	ARCHS4 Coexpression,472;Enrichr Queries,252;GTEx Coexpression,485	NCOA2,PES1,ARRDC3
gene_set_query	213	NFAT5	404.7	ARCHS4 Coexpression,50;Enrichr Queries,171;GTEx Coexpression,993	NCOA2,ARRDC3,ATP9B
gene_set_query	214	ARID5A	405.5	ARCHS4 Coexpression,632;GTEx Coexpression,179	JMJD6
gene_set_query	215	TCF3	406.3	Literature ChIP-seq,19;ARCHS4 Coexpression,386;ENCODE ChIP-seq,37;Enrichr Queries,979;ReMap ChIP-seq,281;GTEx Coexpression,736	MBTPS1,EEF2K,FSD1L,PES1,ARRDC3,OGA,SOD2,GADD45G
gene_set_query	216	ZNF846	406.3	ARCHS4 Coexpression,285;Enrichr Queries,553;GTEx Coexpression,381	PES1,ARRDC3
gene_set_query	217	ZNF552	409.0	ARCHS4 Coexpression,74;Enrichr Queries,235;GTEx Coexpression,918	NCOA2,EEF2K,ATP9B
gene_set_query	218	IRX3	409.0	ARCHS4 Coexpression,795;Enrichr Queries,203;GTEx Coexpression,229	EEF2K,S100A6,GADD45G
gene_set_query	219	BRF2	409.7	ARCHS4 Coexpression,900;ReMap ChIP-seq,21;GTEx Coexpression,308	EEF2K,C2CD2,JMJD6
gene_set_query	220	TEAD2	410.0	ARCHS4 Coexpression,717;Enrichr Queries,143;ReMap ChIP-seq,165;GTEx Coexpression,615	MYO1B,C2CD2,S100A6
gene_set_query	221	FBXL19	411.5	ARCHS4 Coexpression,145;GTEx Coexpression,678	PES1
gene_set_query	222	CPEB1	411.5	ARCHS4 Coexpression,653;GTEx Coexpression,170	FSD1L
gene_set_query	223	SATB2	411.7	ARCHS4 Coexpression,199;Enrichr Queries,327;GTEx Coexpression,709	MYO1B,ATP9B
gene_set_query	224	FOXA1	412.2	Literature ChIP-seq,103;ARCHS4 Coexpression,861;ENCODE ChIP-seq,12;Enrichr Queries,119;ReMap ChIP-seq,94;GTEx Coexpression,1284	MBTPS1,NCOA2,EEF2K,ARRDC3,S100A6,OGA,SOD2,ATP9B,FAM149A,GADD45G
gene_set_query	225	NRF1	414.0	ARCHS4 Coexpression,1181;ENCODE ChIP-seq,16;Enrichr Queries,391;ReMap ChIP-seq,227;GTEx Coexpression,255	NCOA2,MYO1B,TSPAN14,FSD1L,OGA,ATP9B,JMJD6
gene_set_query	226	HMG20B	414.3	ARCHS4 Coexpression,353;Enrichr Queries,703;GTEx Coexpression,187	FSD1L,PES1,S100A6
gene_set_query	227	HNF4A	414.5	Literature ChIP-seq,28;ARCHS4 Coexpression,804;ENCODE ChIP-seq,29;Enrichr Queries,966;ReMap ChIP-seq,135;GTEx Coexpression,525	SLC25A15,MBTPS1,NCOA2,MYO1B,TSPAN14,EEF2K,C2CD2,PES1,OGA,P3H4,SOD2,ATP9B
gene_set_query	228	GCM1	415.3	ARCHS4 Coexpression,569;Enrichr Queries,300;GTEx Coexpression,377	GADD45G
gene_set_query	229	ANHX	416.0	ARCHS4 Coexpression,536;GTEx Coexpression,296	
gene_set_query	230	RBSN	416.0	ARCHS4 Coexpression,792;GTEx Coexpression,40	ZSWIM9
gene_set_query	231	ZFP30	416.3	ARCHS4 Coexpression,500;Enrichr Queries,181;GTEx Coexpression,568	MYO1B,ARRDC3
gene_set_query	232	JDP2	417.7	ARCHS4 Coexpression,907;Enrichr Queries,157;GTEx Coexpression,189	S100A6,GADD45G
gene_set_query	233	BATF	418.0	ARCHS4 Coexpression,355;ENCODE ChIP-seq,112;Enrichr Queries,776;ReMap ChIP-seq,178;GTEx Coexpression,669	S100A6,SOD2,JMJD6
gene_set_query	234	ZNF709	418.3	ARCHS4 Coexpression,26;Enrichr Queries,259;GTEx Coexpression,970	FSD1L,ARRDC3,OGA
gene_set_query	235	ZNF205	419.0	ARCHS4 Coexpression,362;Enrichr Queries,512;GTEx Coexpression,383	PES1,GADD45G
gene_set_query	236	ESR2	419.0	Literature ChIP-seq,81;ARCHS4 Coexpression,1402;Enrichr Queries,507;ReMap ChIP-seq,66;GTEx Coexpression,39	SLC25A15,C2CD2,P3H4,GADD45G
gene_set_query	237	NHLH1	419.0	ARCHS4 Coexpression,558;Enrichr Queries,392;GTEx Coexpression,307	GADD45G
gene_set_query	238	DLX3	419.7	ARCHS4 Coexpression,503;Enrichr Queries,599;GTEx Coexpression,157	EEF2K,GADD45G
gene_set_query	239	HOXB4	421.5	Literature ChIP-seq,122;ARCHS4 Coexpression,311;Enrichr Queries,609;GTEx Coexpression,644	PES1,ARRDC3,S100A6
gene_set_query	240	HMGA1	422.0	ARCHS4 Coexpression,451;Enrichr Queries,564;GTEx Coexpression,251	PES1,S100A6
gene_set_query	241	LYL1	424.8	Literature ChIP-seq,141;ARCHS4 Coexpression,506;Enrichr Queries,772;ReMap ChIP-seq,193;GTEx Coexpression,512	C2CD2,S100A6
gene_set_query	242	ZNF292	426.0	ARCHS4 Coexpression,60;Enrichr Queries,53;GTEx Coexpression,1165	NCOA2,PES1,ARRDC3,OGA,ATP9B
gene_set_query	243	FOXP2	426.3	Literature ChIP-seq,9;ARCHS4 Coexpression,673;ENCODE ChIP-seq,36;Enrichr Queries,1192;ReMap ChIP-seq,214;GTEx Coexpression,434	MYO1B,EEF2K,ARRDC3,OGA,JMJD6
gene_set_query	244	ZNF263	427.2	Literature ChIP-seq,158;ARCHS4 Coexpression,291;ENCODE ChIP-seq,94;Enrichr Queries,732;ReMap ChIP-seq,205;GTEx Coexpression,1083	NCOA2,PES1,S100A6,P3H4
gene_set_query	245	IRF4	428.6	ARCHS4 Coexpression,875;ENCODE ChIP-seq,101;Enrichr Queries,831;ReMap ChIP-seq,57;GTEx Coexpression,279	EEF2K,FSD1L,ARRDC3,JMJD6
gene_set_query	246	THAP3	428.7	ARCHS4 Coexpression,689;Enrichr Queries,521;GTEx Coexpression,76	S100A6,JMJD6
gene_set_query	247	ZNF780A	428.7	ARCHS4 Coexpression,186;Enrichr Queries,94;GTEx Coexpression,1006	NCOA2,ARRDC3,ATP9B
gene_set_query	248	NFATC1	429.6	ARCHS4 Coexpression,1001;ENCODE ChIP-seq,75;Enrichr Queries,464;ReMap ChIP-seq,246;GTEx Coexpression,362	ARRDC3,OGA,GADD45G
gene_set_query	249	ZNF417	429.7	ARCHS4 Coexpression,314;Enrichr Queries,632;GTEx Coexpression,343	ARRDC3,ATP9B
gene_set_query	250	ZNF717	429.7	ARCHS4 Coexpression,117;Enrichr Queries,274;GTEx Coexpression,898	ARRDC3,ATP9B
gene_set_query	251	SMAD4	431.2	Literature ChIP-seq,116;ARCHS4 Coexpression,293;Enrichr Queries,940;ReMap ChIP-seq,4;GTEx Coexpression,803	NCOA2,SLC25A15,MYO1B,FAM149A,GADD45G
gene_set_query	252	PRDM15	431.7	ARCHS4 Coexpression,210;Enrichr Queries,784;GTEx Coexpression,301	C2CD2,ATP9B
gene_set_query	253	CUX1	432.5	Literature ChIP-seq,80;ARCHS4 Coexpression,706;ENCODE ChIP-seq,64;Enrichr Queries,882;ReMap ChIP-seq,100;GTEx Coexpression,763	MBTPS1,EEF2K,PES1,ARRDC3,OGA,S100A6,P3H4,ATP9B,GADD45G
gene_set_query	254	PLSCR1	433.0	ARCHS4 Coexpression,412;GTEx Coexpression,454	SOD2
gene_set_query	255	SMAD5	433.0	ARCHS4 Coexpression,116;Enrichr Queries,436;ReMap ChIP-seq,81;GTEx Coexpression,1099	MYO1B,ARRDC3,JMJD6
gene_set_query	256	GTF2B	433.5	ARCHS4 Coexpression,1213;ENCODE ChIP-seq,91;ReMap ChIP-seq,120;GTEx Coexpression,310	MBTPS1,EEF2K,ARRDC3,JMJD6
gene_set_query	257	NR4A2	433.5	Literature ChIP-seq,151;ARCHS4 Coexpression,358;Enrichr Queries,46;GTEx Coexpression,1179	ARRDC3,SOD2,GADD45G,JMJD6
gene_set_query	258	E2F7	433.8	Literature ChIP-seq,160;ARCHS4 Coexpression,1183;Enrichr Queries,489;ReMap ChIP-seq,6;GTEx Coexpression,331	SLC25A15,ARRDC3,OGA,S100A6,P3H4
gene_set_query	259	IRX2	434.3	ARCHS4 Coexpression,810;Enrichr Queries,324;GTEx Coexpression,169	EEF2K,GADD45G
gene_set_query	260	PBX3	434.8	ARCHS4 Coexpression,628;ENCODE ChIP-seq,95;Enrichr Queries,1125;ReMap ChIP-seq,196;GTEx Coexpression,130	C2CD2,OGA,JMJD6
gene_set_query	261	CLOCK	434.8	Literature ChIP-seq,83;ARCHS4 Coexpression,158;Enrichr Queries,262;ReMap ChIP-seq,197;GTEx Coexpression,1474	NCOA2,MYO1B,ARRDC3,S100A6,OGA
gene_set_query	262	SRF	434.8	Literature ChIP-seq,118;ARCHS4 Coexpression,399;ENCODE ChIP-seq,20;Enrichr Queries,570;ReMap ChIP-seq,41;GTEx Coexpression,1461	EEF2K,PES1,ATP9B,GADD45G,JMJD6
gene_set_query	263	HBP1	435.3	ARCHS4 Coexpression,341;Enrichr Queries,476;ReMap ChIP-seq,49;GTEx Coexpression,875	EEF2K,ARRDC3,P3H4,SOD2,JMJD6
gene_set_query	264	IRF8	435.3	Literature ChIP-seq,40;ARCHS4 Coexpression,821;Enrichr Queries,322;GTEx Coexpression,558	TSPAN14,S100A6,GADD45G
gene_set_query	265	RARA	437.4	Literature ChIP-seq,125;ARCHS4 Coexpression,727;Enrichr Queries,495;ReMap ChIP-seq,251;GTEx Coexpression,589	PES1,GADD45G
gene_set_query	266	MSANTD4	437.5	ARCHS4 Coexpression,870;GTEx Coexpression,5	TSPAN14,FSD1L
gene_set_query	267	NR2C2	438.6	ARCHS4 Coexpression,643;ENCODE ChIP-seq,76;Enrichr Queries,676;ReMap ChIP-seq,216;GTEx Coexpression,582	NCOA2,C2CD2,JMJD6
gene_set_query	268	FOXO3	438.8	Literature ChIP-seq,50;ARCHS4 Coexpression,372;Enrichr Queries,602;GTEx Coexpression,731	NCOA2,MBTPS1,ARRDC3,OGA
gene_set_query	269	ZNF471	439.0	ARCHS4 Coexpression,180;Enrichr Queries,500;GTEx Coexpression,637	ARRDC3,ATP9B
gene_set_query	270	TSHZ2	439.0	ARCHS4 Coexpression,45;Enrichr Queries,1191;GTEx Coexpression,81	PES1,ARRDC3,ATP9B
gene_set_query	271	NFE2	439.2	ARCHS4 Coexpression,678;ENCODE ChIP-seq,19;Enrichr Queries,782;ReMap ChIP-seq,15;GTEx Coexpression,702	EEF2K,PES1,S100A6,OGA,GADD45G,JMJD6
gene_set_query	272	RFX5	439.6	ARCHS4 Coexpression,411;ENCODE ChIP-seq,23;Enrichr Queries,828;ReMap ChIP-seq,141;GTEx Coexpression,795	EEF2K,PES1,ARRDC3,GADD45G
gene_set_query	273	NANOG	439.7	Literature ChIP-seq,16;ARCHS4 Coexpression,1334;ENCODE ChIP-seq,25;Enrichr Queries,1090;ReMap ChIP-seq,107;GTEx Coexpression,66	TSPAN14,EEF2K,C2CD2,ARRDC3,SOD2,JMJD6,GADD45G
gene_set_query	274	ZSCAN23	441.3	ARCHS4 Coexpression,130;Enrichr Queries,1096;GTEx Coexpression,98	FSD1L,P3H4
gene_set_query	275	ZNF214	442.0	ARCHS4 Coexpression,92;Enrichr Queries,1109;GTEx Coexpression,125	FSD1L,P3H4
gene_set_query	276	GRHL2	442.6	Literature ChIP-seq,112;ARCHS4 Coexpression,680;Enrichr Queries,1028;ReMap ChIP-seq,40;GTEx Coexpression,353	TSPAN14,FSD1L,S100A6,P3H4
gene_set_query	277	ZNF750	443.0	ARCHS4 Coexpression,753;Enrichr Queries,622;ReMap ChIP-seq,62;GTEx Coexpression,335	TSPAN14,EEF2K,S100A6,GADD45G
gene_set_query	278	ZNF16	444.0	ARCHS4 Coexpression,1011;Enrichr Queries,118;GTEx Coexpression,203	EEF2K,ARRDC3,SOD2
gene_set_query	279	ZNF776	444.0	ARCHS4 Coexpression,478;Enrichr Queries,29;GTEx Coexpression,825	NCOA2,ARRDC3,OGA
gene_set_query	280	ZNF611	446.0	ARCHS4 Coexpression,206;Enrichr Queries,224;GTEx Coexpression,908	NCOA2,ARRDC3,ATP9B
gene_set_query	281	ERF	446.0	ARCHS4 Coexpression,420;Enrichr Queries,593;GTEx Coexpression,325	PES1,GADD45G
gene_set_query	282	ZNF627	446.7	ARCHS4 Coexpression,144;Enrichr Queries,23;GTEx Coexpression,1173	ARRDC3,OGA,GADD45G
gene_set_query	283	BCL11B	448.0	Literature ChIP-seq,161;ARCHS4 Coexpression,232;Enrichr Queries,986;GTEx Coexpression,413	TSPAN14
gene_set_query	284	KLF2	448.5	Literature ChIP-seq,156;ARCHS4 Coexpression,1337;Enrichr Queries,196;GTEx Coexpression,105	TSPAN14,S100A6,GADD45G
gene_set_query	285	RELA	449.3	Literature ChIP-seq,43;ARCHS4 Coexpression,1053;ENCODE ChIP-seq,18;Enrichr Queries,682;ReMap ChIP-seq,136;GTEx Coexpression,764	TSPAN14,EEF2K,ARRDC3,OGA,S100A6,SOD2,ATP9B,JMJD6
gene_set_query	286	TP63	450.6	Literature ChIP-seq,92;ARCHS4 Coexpression,437;Enrichr Queries,1207;ReMap ChIP-seq,37;GTEx Coexpression,480	NCOA2,TSPAN14,MYO1B,C2CD2,S100A6,P3H4
gene_set_query	287	IRF6	451.0	ARCHS4 Coexpression,403;Enrichr Queries,578;GTEx Coexpression,372	MYO1B,S100A6
gene_set_query	288	BACH2	451.3	ARCHS4 Coexpression,658;Enrichr Queries,406;ReMap ChIP-seq,176;GTEx Coexpression,565	ARRDC3
gene_set_query	289	MEIS2	452.3	ARCHS4 Coexpression,483;Enrichr Queries,1197;ReMap ChIP-seq,71;GTEx Coexpression,58	TSPAN14,PES1,FAM149A
gene_set_query	290	ZNF519	453.0	ARCHS4 Coexpression,157;Enrichr Queries,331;GTEx Coexpression,871	SLC25A15,ATP9B
gene_set_query	291	MEIS1	453.4	Literature ChIP-seq,85;ARCHS4 Coexpression,237;Enrichr Queries,1220;ReMap ChIP-seq,204;GTEx Coexpression,521	PES1,ARRDC3,OGA,SOD2
gene_set_query	292	ZNF275	453.7	ARCHS4 Coexpression,192;Enrichr Queries,1099;GTEx Coexpression,70	C2CD2
gene_set_query	293	ZNF143	453.8	ARCHS4 Coexpression,1468;ENCODE ChIP-seq,63;Enrichr Queries,447;ReMap ChIP-seq,52;GTEx Coexpression,239	EEF2K,FSD1L,ARRDC3,OGA,P3H4,JMJD6
gene_set_query	294	ZC3H8	454.8	ARCHS4 Coexpression,1335;Enrichr Queries,441;ReMap ChIP-seq,23;GTEx Coexpression,20	MBTPS1,FSD1L,PES1,ARRDC3,S100A6
gene_set_query	295	FOXJ2	455.0	ARCHS4 Coexpression,1319;Enrichr Queries,247;ReMap ChIP-seq,19;GTEx Coexpression,235	MBTPS1,NCOA2,EEF2K,PES1,ARRDC3
gene_set_query	296	ZNF169	455.0	ARCHS4 Coexpression,1046;Enrichr Queries,101;GTEx Coexpression,218	ARRDC3,OGA,SOD2
gene_set_query	297	RXRA	455.2	Literature ChIP-seq,126;ARCHS4 Coexpression,574;ENCODE ChIP-seq,113;Enrichr Queries,737;ReMap ChIP-seq,202;GTEx Coexpression,979	ARRDC3,S100A6,JMJD6
gene_set_query	298	ZNF782	456.7	ARCHS4 Coexpression,24;Enrichr Queries,123;GTEx Coexpression,1223	NCOA2,ARRDC3,OGA,ATP9B
gene_set_query	299	EGR3	457.3	ARCHS4 Coexpression,575;Enrichr Queries,567;GTEx Coexpression,230	EEF2K,GADD45G
gene_set_query	300	CREB5	458.0	ARCHS4 Coexpression,608;Enrichr Queries,360;GTEx Coexpression,406	ARRDC3
gene_set_query	301	DDIT3	459.3	ARCHS4 Coexpression,1318;Enrichr Queries,45;GTEx Coexpression,15	ARRDC3,SOD2,JMJD6,GADD45G
gene_set_query	302	ZXDA	461.0	ARCHS4 Coexpression,498;Enrichr Queries,519;GTEx Coexpression,366	ARRDC3
gene_set_query	303	ZNF248	465.0	ARCHS4 Coexpression,509;Enrichr Queries,427;GTEx Coexpression,459	ARRDC3
gene_set_query	304	ARID3A	465.2	ARCHS4 Coexpression,757;ENCODE ChIP-seq,87;Enrichr Queries,620;ReMap ChIP-seq,116;GTEx Coexpression,746	SLC25A15,MYO1B,EEF2K,JMJD6,GADD45G
gene_set_query	305	ZNF347	466.0	ARCHS4 Coexpression,255;Enrichr Queries,850;GTEx Coexpression,293	ATP9B
gene_set_query	306	IRX6	466.7	ARCHS4 Coexpression,84;Enrichr Queries,1303;GTEx Coexpression,13	TSPAN14,EEF2K,C2CD2
gene_set_query	307	ZFP90	466.7	ARCHS4 Coexpression,163;Enrichr Queries,55;GTEx Coexpression,1182	MYO1B,TSPAN14,FSD1L,ARRDC3
gene_set_query	308	RELB	466.8	ARCHS4 Coexpression,714;Enrichr Queries,186;ReMap ChIP-seq,31;GTEx Coexpression,936	TSPAN14,EEF2K,S100A6,P3H4,SOD2
gene_set_query	309	CREBZF	467.7	ARCHS4 Coexpression,635;Enrichr Queries,257;GTEx Coexpression,511	ARRDC3,OGA
gene_set_query	310	SP3	468.0	ARCHS4 Coexpression,198;Enrichr Queries,175;GTEx Coexpression,1031	NCOA2,ARRDC3
gene_set_query	311	MYOD1	468.2	ARCHS4 Coexpression,564;ENCODE ChIP-seq,38;Enrichr Queries,319;ReMap ChIP-seq,182;GTEx Coexpression,1238	MBTPS1,EEF2K,P3H4,ATP9B,JMJD6,GADD45G
gene_set_query	312	SOX3	468.3	ARCHS4 Coexpression,908;Enrichr Queries,455;GTEx Coexpression,42	FSD1L,GADD45G
gene_set_query	313	PIN1	468.5	ARCHS4 Coexpression,580;GTEx Coexpression,357	
gene_set_query	314	ZNF691	470.3	ARCHS4 Coexpression,873;Enrichr Queries,59;GTEx Coexpression,479	ARRDC3,S100A6,GADD45G
gene_set_query	315	PCGF2	471.0	ARCHS4 Coexpression,687;ReMap ChIP-seq,255	
gene_set_query	316	TET3	471.0	ARCHS4 Coexpression,298;ReMap ChIP-seq,296;GTEx Coexpression,819	NCOA2
gene_set_query	317	RARG	471.5	Literature ChIP-seq,145;ARCHS4 Coexpression,862;Enrichr Queries,557;GTEx Coexpression,322	S100A6
gene_set_query	318	NFIB	472.5	Literature ChIP-seq,90;ARCHS4 Coexpression,234;Enrichr Queries,421;GTEx Coexpression,1145	MYO1B,ARRDC3
gene_set_query	319	HHEX	472.5	ARCHS4 Coexpression,1155;Enrichr Queries,185;ReMap ChIP-seq,261;GTEx Coexpression,289	S100A6,GADD45G
gene_set_query	320	ZNF781	473.0	ARCHS4 Coexpression,242;Enrichr Queries,717;GTEx Coexpression,460	ARRDC3,ATP9B
gene_set_query	321	ZSCAN25	474.0	ARCHS4 Coexpression,790;GTEx Coexpression,158	EEF2K
gene_set_query	322	ZFP82	474.0	ARCHS4 Coexpression,140;Enrichr Queries,386;GTEx Coexpression,896	PES1,ARRDC3
gene_set_query	323	ZNF514	474.3	ARCHS4 Coexpression,59;Enrichr Queries,328;GTEx Coexpression,1036	PES1,ARRDC3,ATP9B
gene_set_query	324	BATF3	475.7	ARCHS4 Coexpression,310;Enrichr Queries,612;GTEx Coexpression,505	S100A6,SOD2
gene_set_query	325	UBP1	478.0	ARCHS4 Coexpression,375;Enrichr Queries,722;GTEx Coexpression,337	PES1,ARRDC3
gene_set_query	326	ZNF443	479.0	ARCHS4 Coexpression,86;Enrichr Queries,440;GTEx Coexpression,911	ARRDC3
gene_set_query	327	RAX2	479.0	ARCHS4 Coexpression,1018;Enrichr Queries,337;GTEx Coexpression,82	MBTPS1,S100A6
gene_set_query	328	MEF2A	480.2	Literature ChIP-seq,101;ARCHS4 Coexpression,1196;ENCODE ChIP-seq,57;Enrichr Queries,1074;ReMap ChIP-seq,177;GTEx Coexpression,276	SLC25A15,EEF2K,JMJD6
gene_set_query	329	ZNF799	480.3	ARCHS4 Coexpression,82;Enrichr Queries,401;GTEx Coexpression,958	PES1,ARRDC3
gene_set_query	330	MAF	480.8	ARCHS4 Coexpression,1481;Enrichr Queries,12;ReMap ChIP-seq,240;GTEx Coexpression,190	EEF2K,ARRDC3,S100A6,GADD45G
gene_set_query	331	ELF3	481.0	ARCHS4 Coexpression,772;Enrichr Queries,594;ReMap ChIP-seq,34;GTEx Coexpression,524	TSPAN14,S100A6,P3H4
gene_set_query	332	ZNF653	481.0	ARCHS4 Coexpression,226;Enrichr Queries,604;GTEx Coexpression,613	PES1,GADD45G
gene_set_query	333	MBD2	482.3	ARCHS4 Coexpression,1287;Enrichr Queries,209;ReMap ChIP-seq,284;GTEx Coexpression,149	TSPAN14,S100A6,SOD2
gene_set_query	334	ZNF302	482.7	ARCHS4 Coexpression,853;Enrichr Queries,411;GTEx Coexpression,184	TSPAN14,ARRDC3
gene_set_query	335	THAP1	483.6	ARCHS4 Coexpression,956;ENCODE ChIP-seq,100;Enrichr Queries,465;ReMap ChIP-seq,158;GTEx Coexpression,739	MBTPS1,ARRDC3,JMJD6
gene_set_query	336	FOXJ1	483.7	ARCHS4 Coexpression,782;Enrichr Queries,146;GTEx Coexpression,523	S100A6,GADD45G
gene_set_query	337	LCOR	484.3	ARCHS4 Coexpression,141;Enrichr Queries,225;GTEx Coexpression,1087	NCOA2,ARRDC3
gene_set_query	338	CSRNP2	484.5	ARCHS4 Coexpression,492;GTEx Coexpression,477	
gene_set_query	339	DMRT1	484.5	Literature ChIP-seq,5;ARCHS4 Coexpression,700;Enrichr Queries,290;GTEx Coexpression,943	FSD1L,OGA,GADD45G
gene_set_query	340	ZNF746	484.7	ARCHS4 Coexpression,514;Enrichr Queries,20;GTEx Coexpression,920	ARRDC3,S100A6,SOD2
gene_set_query	341	E2F4	484.7	Literature ChIP-seq,78;ARCHS4 Coexpression,288;ENCODE ChIP-seq,17;Enrichr Queries,876;ReMap ChIP-seq,219;GTEx Coexpression,1430	MBTPS1,SLC25A15,MYO1B,TSPAN14,FSD1L,EEF2K,PES1,ARRDC3,OGA,P3H4
gene_set_query	342	PLAGL2	485.7	ARCHS4 Coexpression,701;Enrichr Queries,255;GTEx Coexpression,501	TSPAN14,SOD2
gene_set_query	343	ZNF577	486.3	ARCHS4 Coexpression,22;Enrichr Queries,497;GTEx Coexpression,940	PES1,ARRDC3,OGA
gene_set_query	344	RUNX2	486.6	Literature ChIP-seq,69;ARCHS4 Coexpression,1040;Enrichr Queries,1162;ReMap ChIP-seq,9;GTEx Coexpression,153	MBTPS1,MYO1B,EEF2K,C2CD2,S100A6,OGA
gene_set_query	345	IKZF5	486.7	ARCHS4 Coexpression,1051;Enrichr Queries,232;GTEx Coexpression,177	ARRDC3,OGA,GADD45G
gene_set_query	346	ZHX2	487.0	ARCHS4 Coexpression,460;Enrichr Queries,753;ReMap ChIP-seq,180;GTEx Coexpression,555	ARRDC3,SOD2,JMJD6
gene_set_query	347	CSRNP3	488.0	ARCHS4 Coexpression,438;GTEx Coexpression,538	FSD1L
gene_set_query	348	ETS2	489.0	Literature ChIP-seq,148;ARCHS4 Coexpression,1021;Enrichr Queries,27;GTEx Coexpression,760	S100A6,SOD2,GADD45G
gene_set_query	349	GFI1B	489.6	Literature ChIP-seq,62;ARCHS4 Coexpression,1463;Enrichr Queries,253;ReMap ChIP-seq,217;GTEx Coexpression,453	EEF2K,S100A6,SOD2,JMJD6,GADD45G
gene_set_query	350	KLF7	489.7	ARCHS4 Coexpression,794;Enrichr Queries,607;GTEx Coexpression,68	ARRDC3,S100A6
gene_set_query	351	RBPJ	489.8	Literature ChIP-seq,11;ARCHS4 Coexpression,108;Enrichr Queries,624;ReMap ChIP-seq,221;GTEx Coexpression,1485	MBTPS1,TSPAN14,EEF2K,C2CD2,PES1,ARRDC3,S100A6,P3H4,JMJD6
gene_set_query	352	CENPS	490.0	ARCHS4 Coexpression,550;GTEx Coexpression,430	
gene_set_query	353	VDR	490.2	Literature ChIP-seq,82;ARCHS4 Coexpression,811;Enrichr Queries,617;ReMap ChIP-seq,236;GTEx Coexpression,705	ARRDC3,S100A6
gene_set_query	354	HSFY2	492.5	ARCHS4 Coexpression,510;GTEx Coexpression,475	
gene_set_query	355	ZNF460	492.7	ARCHS4 Coexpression,143;Enrichr Queries,189;GTEx Coexpression,1146	ARRDC3,SOD2,ATP9B
gene_set_query	356	ETV7	493.0	ARCHS4 Coexpression,312;Enrichr Queries,265;GTEx Coexpression,902	SOD2
gene_set_query	357	ZNF891	493.5	ARCHS4 Coexpression,211;GTEx Coexpression,776	ATP9B
gene_set_query	358	ZBTB42	493.5	ARCHS4 Coexpression,659;GTEx Coexpression,328	
gene_set_query	359	ASCL3	493.7	ARCHS4 Coexpression,290;Enrichr Queries,1019;GTEx Coexpression,172	ARRDC3,GADD45G
gene_set_query	360	ZNF764	494.0	ARCHS4 Coexpression,593;Enrichr Queries,452;GTEx Coexpression,437	TSPAN14
gene_set_query	361	ZNF511	494.3	ARCHS4 Coexpression,974;Enrichr Queries,298;GTEx Coexpression,211	S100A6,JMJD6
gene_set_query	362	ZNF654	495.3	ARCHS4 Coexpression,70;Enrichr Queries,454;GTEx Coexpression,962	ARRDC3
gene_set_query	363	ZIC2	496.7	ARCHS4 Coexpression,562;Enrichr Queries,642;GTEx Coexpression,286	GADD45G
gene_set_query	364	GLIS1	496.7	ARCHS4 Coexpression,142;Enrichr Queries,1295;GTEx Coexpression,53	S100A6,P3H4
gene_set_query	365	SNAI1	497.3	ARCHS4 Coexpression,334;Enrichr Queries,116;GTEx Coexpression,1042	S100A6,SOD2,GADD45G
gene_set_query	366	TBP	498.0	Literature ChIP-seq,54;ARCHS4 Coexpression,1410;ENCODE ChIP-seq,2;ReMap ChIP-seq,230;GTEx Coexpression,794	MBTPS1,TSPAN14,EEF2K,C2CD2,ARRDC3,ATP9B,JMJD6
gene_set_query	367	NEUROD1	499.5	ARCHS4 Coexpression,955;Enrichr Queries,389;ReMap ChIP-seq,243;GTEx Coexpression,411	GADD45G
gene_set_query	368	PURA	499.5	ARCHS4 Coexpression,489;GTEx Coexpression,510	
gene_set_query	369	ZNF598	500.0	ARCHS4 Coexpression,397;Enrichr Queries,942;GTEx Coexpression,161	PES1
gene_set_query	370	IKZF1	500.5	Literature ChIP-seq,152;ARCHS4 Coexpression,1069;ENCODE ChIP-seq,106;Enrichr Queries,953;ReMap ChIP-seq,133;GTEx Coexpression,590	TSPAN14,S100A6
gene_set_query	371	ZNF84	501.0	ARCHS4 Coexpression,224;Enrichr Queries,90;GTEx Coexpression,1189	FSD1L,ARRDC3,OGA
gene_set_query	372	ZNF518B	501.3	ARCHS4 Coexpression,4;Enrichr Queries,48;GTEx Coexpression,1452	FSD1L,ARRDC3,S100A6,OGA,GADD45G
gene_set_query	373	FOXN3	501.3	ARCHS4 Coexpression,361;Enrichr Queries,887;GTEx Coexpression,256	NCOA2,EEF2K
gene_set_query	374	HES3	502.3	ARCHS4 Coexpression,606;Enrichr Queries,483;GTEx Coexpression,418	GADD45G
gene_set_query	375	GLIS3	502.7	ARCHS4 Coexpression,179;Enrichr Queries,1175;GTEx Coexpression,154	MYO1B,P3H4
gene_set_query	376	HIVEP2	504.7	ARCHS4 Coexpression,190;Enrichr Queries,462;GTEx Coexpression,862	ARRDC3,SOD2
gene_set_query	377	ZNF43	506.0	ARCHS4 Coexpression,93;Enrichr Queries,302;GTEx Coexpression,1123	PES1,ARRDC3
gene_set_query	378	JUND	506.0	Literature ChIP-seq,25;ARCHS4 Coexpression,1188;ENCODE ChIP-seq,10;Enrichr Queries,426;ReMap ChIP-seq,124;GTEx Coexpression,1263	MYO1B,S100A6,OGA,SOD2,ATP9B,JMJD6,GADD45G
gene_set_query	379	PHF21A	506.3	ARCHS4 Coexpression,887;Enrichr Queries,237;GTEx Coexpression,395	NCOA2,ARRDC3
gene_set_query	380	TEAD1	506.5	ARCHS4 Coexpression,139;Enrichr Queries,442;ReMap ChIP-seq,185;GTEx Coexpression,1260	MYO1B,S100A6
gene_set_query	381	ZNF559	507.3	ARCHS4 Coexpression,398;Enrichr Queries,978;GTEx Coexpression,146	MBTPS1,PES1
gene_set_query	382	ZNF75A	507.7	ARCHS4 Coexpression,303;Enrichr Queries,139;GTEx Coexpression,1081	ARRDC3,OGA,FAM149A
gene_set_query	383	ZNF584	508.3	ARCHS4 Coexpression,725;Enrichr Queries,788;ReMap ChIP-seq,160;GTEx Coexpression,360	S100A6,SOD2
gene_set_query	384	ZNF667	508.3	ARCHS4 Coexpression,31;Enrichr Queries,287;GTEx Coexpression,1207	PES1,ARRDC3,ATP9B
gene_set_query	385	AHRR	508.5	ARCHS4 Coexpression,422;GTEx Coexpression,595	PES1
gene_set_query	386	ZFX	508.8	Literature ChIP-seq,77;ARCHS4 Coexpression,1599;Enrichr Queries,65;ReMap ChIP-seq,181;GTEx Coexpression,622	NCOA2,SLC25A15,PES1,ARRDC3,OGA,SOD2,ATP9B,JMJD6
gene_set_query	387	THAP5	509.0	ARCHS4 Coexpression,1220;Enrichr Queries,293;GTEx Coexpression,14	TSPAN14,FSD1L,ARRDC3
gene_set_query	388	TFDP1	509.3	ARCHS4 Coexpression,313;Enrichr Queries,712;ReMap ChIP-seq,170;GTEx Coexpression,842	SLC25A15,PES1,JMJD6
gene_set_query	389	ZNF124	510.3	ARCHS4 Coexpression,280;Enrichr Queries,691;GTEx Coexpression,560	ARRDC3,ATP9B
gene_set_query	390	TIGD2	511.3	ARCHS4 Coexpression,1207;Enrichr Queries,153;GTEx Coexpression,174	SLC25A15,ARRDC3,S100A6
gene_set_query	391	GLMP	513.5	ARCHS4 Coexpression,672;GTEx Coexpression,355	
gene_set_query	392	IRX5	513.7	ARCHS4 Coexpression,750;Enrichr Queries,579;GTEx Coexpression,212	EEF2K,GADD45G
gene_set_query	393	TCF20	514.0	ARCHS4 Coexpression,401;Enrichr Queries,710;GTEx Coexpression,431	NCOA2,PES1
gene_set_query	394	ZNF433	514.3	ARCHS4 Coexpression,15;Enrichr Queries,102;GTEx Coexpression,1426	PES1,ARRDC3,GADD45G
gene_set_query	395	USF3	515.0	ARCHS4 Coexpression,7;GTEx Coexpression,1023	NCOA2,PES1,ATP9B
gene_set_query	396	ZNF81	515.3	ARCHS4 Coexpression,135;Enrichr Queries,631;GTEx Coexpression,780	NCOA2,ATP9B
gene_set_query	397	ZHX1	515.5	ARCHS4 Coexpression,566;Enrichr Queries,216;ReMap ChIP-seq,138;GTEx Coexpression,1142	NCOA2,ARRDC3,S100A6,P3H4
gene_set_query	398	ZNF672	515.7	ARCHS4 Coexpression,863;Enrichr Queries,639;GTEx Coexpression,45	S100A6,JMJD6
gene_set_query	399	ZBTB24	516.0	ARCHS4 Coexpression,1399;Enrichr Queries,25;GTEx Coexpression,124	PES1,ARRDC3,OGA,GADD45G
gene_set_query	400	HINFP	516.0	ARCHS4 Coexpression,266;ReMap ChIP-seq,152;GTEx Coexpression,1130	ATP9B,JMJD6
gene_set_query	401	ATF4	516.0	ARCHS4 Coexpression,301;Enrichr Queries,510;ReMap ChIP-seq,161;GTEx Coexpression,1092	FSD1L,PES1,S100A6
gene_set_query	402	ZNF827	516.3	ARCHS4 Coexpression,1036;Enrichr Queries,395;GTEx Coexpression,118	TSPAN14,ARRDC3
gene_set_query	403	NFKB1	517.0	ARCHS4 Coexpression,453;Enrichr Queries,656;ReMap ChIP-seq,226;GTEx Coexpression,733	EEF2K,SOD2
gene_set_query	404	ZFP3	517.3	ARCHS4 Coexpression,322;Enrichr Queries,179;GTEx Coexpression,1051	PES1,ARRDC3,GADD45G
gene_set_query	405	ZKSCAN5	517.3	ARCHS4 Coexpression,132;Enrichr Queries,376;GTEx Coexpression,1044	ARRDC3,ATP9B
gene_set_query	406	HES7	517.3	ARCHS4 Coexpression,565;Enrichr Queries,151;GTEx Coexpression,836	S100A6,GADD45G
gene_set_query	407	ZBTB40	517.3	ARCHS4 Coexpression,770;Enrichr Queries,162;GTEx Coexpression,620	MYO1B,TSPAN14
gene_set_query	408	MNT	518.0	ARCHS4 Coexpression,891;Enrichr Queries,723;ReMap ChIP-seq,159;GTEx Coexpression,299	MBTPS1,ARRDC3
gene_set_query	409	NKX22	518.0	ARCHS4 Coexpression,936;GTEx Coexpression,100	FSD1L
gene_set_query	410	ZBTB2	518.3	ARCHS4 Coexpression,1092;Enrichr Queries,198;GTEx Coexpression,265	ARRDC3,GADD45G
gene_set_query	411	ZNF777	520.7	ARCHS4 Coexpression,277;Enrichr Queries,829;GTEx Coexpression,456	PES1
gene_set_query	412	CDX1	521.7	ARCHS4 Coexpression,858;Enrichr Queries,159;GTEx Coexpression,548	S100A6,GADD45G
gene_set_query	413	ZNF157	522.0	ARCHS4 Coexpression,524;Enrichr Queries,694;GTEx Coexpression,348	GADD45G
gene_set_query	414	NFYA	522.2	ARCHS4 Coexpression,800;ENCODE ChIP-seq,66;Enrichr Queries,1057;ReMap ChIP-seq,173;GTEx Coexpression,515	EEF2K,ARRDC3,OGA,JMJD6
gene_set_query	415	RXRG	522.3	ARCHS4 Coexpression,884;Enrichr Queries,470;GTEx Coexpression,213	FSD1L,GADD45G
gene_set_query	416	ZNF101	522.7	ARCHS4 Coexpression,1128;Enrichr Queries,71;GTEx Coexpression,369	ARRDC3,SOD2
gene_set_query	417	ZNF141	523.0	ARCHS4 Coexpression,79;Enrichr Queries,715;GTEx Coexpression,775	SLC25A15,PES1
gene_set_query	418	NCOA3	524.0	ARCHS4 Coexpression,1286;Enrichr Queries,350;ReMap ChIP-seq,190;GTEx Coexpression,270	MBTPS1,S100A6
gene_set_query	419	ZNF384	524.0	ARCHS4 Coexpression,274;ENCODE ChIP-seq,56;Enrichr Queries,924;ReMap ChIP-seq,112;GTEx Coexpression,1254	TSPAN14,EEF2K,PES1,P3H4,JMJD6,GADD45G
gene_set_query	420	ZSCAN21	525.0	ARCHS4 Coexpression,1175;Enrichr Queries,42;GTEx Coexpression,358	ARRDC3,S100A6,GADD45G
gene_set_query	421	CDX2	526.0	Literature ChIP-seq,87;ARCHS4 Coexpression,829;Enrichr Queries,1311;ReMap ChIP-seq,53;GTEx Coexpression,350	MYO1B,EEF2K,S100A6,P3H4
gene_set_query	422	HMX2	526.3	ARCHS4 Coexpression,457;Enrichr Queries,271;GTEx Coexpression,851	PES1,GADD45G
gene_set_query	423	RUNX3	526.6	ARCHS4 Coexpression,917;ENCODE ChIP-seq,80;Enrichr Queries,800;ReMap ChIP-seq,88;GTEx Coexpression,748	SLC25A15,TSPAN14,S100A6,SOD2,JMJD6
gene_set_query	424	THAP6	527.0	ARCHS4 Coexpression,220;Enrichr Queries,571;GTEx Coexpression,790	PES1,ARRDC3
gene_set_query	425	REST	528.0	Literature ChIP-seq,88;ARCHS4 Coexpression,1620;ENCODE ChIP-seq,21;Enrichr Queries,469;ReMap ChIP-seq,245;GTEx Coexpression,725	NCOA2,MBTPS1,FSD1L,C2CD2,ARRDC3,OGA,SOD2
gene_set_query	426	GSX2	528.7	ARCHS4 Coexpression,1245;Enrichr Queries,267;GTEx Coexpression,74	FSD1L,GADD45G
gene_set_query	427	RLF	529.0	ARCHS4 Coexpression,72;Enrichr Queries,804;GTEx Coexpression,711	ARRDC3,OGA
gene_set_query	428	ZNF823	529.0	ARCHS4 Coexpression,96;Enrichr Queries,764;GTEx Coexpression,727	ARRDC3
gene_set_query	429	SETDB1	529.3	Literature ChIP-seq,129;ARCHS4 Coexpression,1028;ENCODE ChIP-seq,39;Enrichr Queries,587;ReMap ChIP-seq,264;GTEx Coexpression,1129	NCOA2,MBTPS1,C2CD2,ARRDC3,P3H4,ATP9B
gene_set_query	430	NKX28	529.5	ARCHS4 Coexpression,425;GTEx Coexpression,634	PES1
gene_set_query	431	HOXB6	529.7	ARCHS4 Coexpression,367;Enrichr Queries,384;GTEx Coexpression,838	PES1,S100A6
gene_set_query	432	SP7	529.7	ARCHS4 Coexpression,128;Enrichr Queries,422;GTEx Coexpression,1039	MYO1B,GADD45G
gene_set_query	433	IRX1	530.0	ARCHS4 Coexpression,855;Enrichr Queries,647;GTEx Coexpression,88	EEF2K,GADD45G
gene_set_query	434	CREM	530.2	Literature ChIP-seq,71;ARCHS4 Coexpression,1003;Enrichr Queries,15;ReMap ChIP-seq,189;GTEx Coexpression,1373	MBTPS1,NCOA2,EEF2K,FSD1L,ARRDC3,S100A6,OGA,SOD2,ATP9B,GADD45G
gene_set_query	435	ZNF773	530.3	ARCHS4 Coexpression,267;Enrichr Queries,944;GTEx Coexpression,380	ATP9B
gene_set_query	436	L3MBTL4	530.5	ARCHS4 Coexpression,136;GTEx Coexpression,925	ATP9B
gene_set_query	437	FLI1	530.7	Literature ChIP-seq,58;ARCHS4 Coexpression,546;ENCODE ChIP-seq,104;Enrichr Queries,1112;ReMap ChIP-seq,239;GTEx Coexpression,1125	SLC25A15,MYO1B,EEF2K,OGA,P3H4,SOD2,ATP9B,JMJD6,GADD45G
gene_set_query	438	FOXK1	530.8	ARCHS4 Coexpression,1043;Enrichr Queries,823;ReMap ChIP-seq,24;GTEx Coexpression,233	TSPAN14,EEF2K,ARRDC3,JMJD6
gene_set_query	439	ZBTB3	531.7	ARCHS4 Coexpression,784;Enrichr Queries,450;GTEx Coexpression,361	ARRDC3
gene_set_query	440	IRF9	532.8	ARCHS4 Coexpression,625;Enrichr Queries,75;ReMap ChIP-seq,283;GTEx Coexpression,1148	S100A6,SOD2
gene_set_query	441	IRF2	533.5	ARCHS4 Coexpression,959;Enrichr Queries,56;ReMap ChIP-seq,218;GTEx Coexpression,901	ARRDC3,SOD2,JMJD6,GADD45G
gene_set_query	442	ZNF14	533.7	ARCHS4 Coexpression,166;Enrichr Queries,78;GTEx Coexpression,1357	ARRDC3,S100A6
gene_set_query	443	JUNB	533.8	ARCHS4 Coexpression,1159;Enrichr Queries,4;ReMap ChIP-seq,179;GTEx Coexpression,793	ARRDC3,S100A6,SOD2,JMJD6,GADD45G
gene_set_query	444	ZNF610	534.0	ARCHS4 Coexpression,261;Enrichr Queries,808;GTEx Coexpression,533	PES1,ARRDC3
gene_set_query	445	TERF2	534.3	ARCHS4 Coexpression,1130;Enrichr Queries,537;ReMap ChIP-seq,266;GTEx Coexpression,204	NCOA2,FSD1L
gene_set_query	446	ZNF286A	534.7	ARCHS4 Coexpression,83;Enrichr Queries,371;GTEx Coexpression,1150	ARRDC3
gene_set_query	447	HEY1	535.0	ARCHS4 Coexpression,1465;Enrichr Queries,109;GTEx Coexpression,31	FSD1L,S100A6,GADD45G
gene_set_query	448	ZBTB7B	539.3	ARCHS4 Coexpression,919;Enrichr Queries,66;GTEx Coexpression,633	ARRDC3,S100A6,GADD45G
gene_set_query	449	SREBF2	539.7	Literature ChIP-seq,139;ARCHS4 Coexpression,1404;ENCODE ChIP-seq,115;Enrichr Queries,904;ReMap ChIP-seq,272;GTEx Coexpression,404	
gene_set_query	450	NKX32	540.0	ARCHS4 Coexpression,664;GTEx Coexpression,416	
gene_set_query	451	MYOG	540.0	ARCHS4 Coexpression,951;ENCODE ChIP-seq,54;Enrichr Queries,513;GTEx Coexpression,642	GADD45G
gene_set_query	452	SP4	540.0	ARCHS4 Coexpression,1379;ENCODE ChIP-seq,109;Enrichr Queries,194;ReMap ChIP-seq,244;GTEx Coexpression,774	NCOA2,ARRDC3
gene_set_query	453	ZBTB44	540.7	ARCHS4 Coexpression,265;Enrichr Queries,63;GTEx Coexpression,1294	NCOA2,ARRDC3,OGA
gene_set_query	454	DBP	542.3	ARCHS4 Coexpression,979;Enrichr Queries,19;GTEx Coexpression,629	ARRDC3,S100A6,GADD45G
gene_set_query	455	ATF5	542.7	ARCHS4 Coexpression,995;Enrichr Queries,168;GTEx Coexpression,465	S100A6,GADD45G
gene_set_query	456	ZNF737	543.0	ARCHS4 Coexpression,147;GTEx Coexpression,939	PES1
gene_set_query	457	ZBED5	544.0	ARCHS4 Coexpression,319;GTEx Coexpression,769	PES1
gene_set_query	458	POU2F1	544.3	ARCHS4 Coexpression,981;Enrichr Queries,755;ReMap ChIP-seq,253;GTEx Coexpression,188	NCOA2,OGA
gene_set_query	459	ETS1	544.3	Literature ChIP-seq,123;ARCHS4 Coexpression,1383;ENCODE ChIP-seq,52;Enrichr Queries,552;ReMap ChIP-seq,211;GTEx Coexpression,945	PES1,S100A6,SOD2,JMJD6,GADD45G
gene_set_query	460	PAX5	546.4	ARCHS4 Coexpression,827;ENCODE ChIP-seq,47;Enrichr Queries,1029;ReMap ChIP-seq,140;GTEx Coexpression,689	NCOA2,SLC25A15,TSPAN14,OGA
gene_set_query	461	MYCN	546.8	Literature ChIP-seq,13;ARCHS4 Coexpression,1020;Enrichr Queries,383;ReMap ChIP-seq,42;GTEx Coexpression,1276	MBTPS1,EEF2K,PES1,S100A6,OGA,P3H4,JMJD6,GADD45G
gene_set_query	462	RAG1	547.3	ARCHS4 Coexpression,482;Enrichr Queries,911;GTEx Coexpression,249	C2CD2
gene_set_query	463	SNAPC4	547.5	ARCHS4 Coexpression,473;Enrichr Queries,1155;ReMap ChIP-seq,90;GTEx Coexpression,472	FSD1L,PES1,S100A6
gene_set_query	464	HAND1	549.7	ARCHS4 Coexpression,55;Enrichr Queries,1323;GTEx Coexpression,271	MYO1B,GADD45G
gene_set_query	465	ATOH1	550.0	ARCHS4 Coexpression,336;Enrichr Queries,83;GTEx Coexpression,1231	MYO1B,ARRDC3,GADD45G
gene_set_query	466	ZNF24	550.3	ARCHS4 Coexpression,1307;Enrichr Queries,679;ReMap ChIP-seq,171;GTEx Coexpression,44	FSD1L,C2CD2,OGA
gene_set_query	467	TCF7	551.0	Literature ChIP-seq,91;ARCHS4 Coexpression,1161;Enrichr Queries,733;ReMap ChIP-seq,270;GTEx Coexpression,500	NCOA2,S100A6,ATP9B
gene_set_query	468	ZNF177	551.7	ARCHS4 Coexpression,279;Enrichr Queries,351;GTEx Coexpression,1025	C2CD2,ARRDC3
gene_set_query	469	FOXP1	552.0	Literature ChIP-seq,23;ARCHS4 Coexpression,1174;Enrichr Queries,1077;ReMap ChIP-seq,45;GTEx Coexpression,441	MBTPS1,SLC25A15,MYO1B,EEF2K,ARRDC3,OGA,S100A6,P3H4,JMJD6,GADD45G
gene_set_query	470	FOXQ1	553.0	ARCHS4 Coexpression,325;Enrichr Queries,208;GTEx Coexpression,1126	MYO1B,S100A6,GADD45G
gene_set_query	471	ZFAT	553.0	ARCHS4 Coexpression,351;Enrichr Queries,241;GTEx Coexpression,1067	NCOA2,ARRDC3,ATP9B
gene_set_query	472	ZGPAT	553.3	ARCHS4 Coexpression,528;Enrichr Queries,860;GTEx Coexpression,272	
gene_set_query	473	ZNF445	553.3	ARCHS4 Coexpression,181;Enrichr Queries,765;GTEx Coexpression,714	ARRDC3,ATP9B
gene_set_query	474	TFE3	554.0	ARCHS4 Coexpression,623;Enrichr Queries,254;GTEx Coexpression,785	S100A6,SOD2
gene_set_query	475	ZEB2	555.0	ARCHS4 Coexpression,57;Enrichr Queries,378;ReMap ChIP-seq,269;GTEx Coexpression,1516	S100A6,OGA,ATP9B
gene_set_query	476	EMX2	556.0	ARCHS4 Coexpression,522;Enrichr Queries,1030;GTEx Coexpression,116	ZSWIM9
gene_set_query	477	KLF13	556.5	ARCHS4 Coexpression,1094;Enrichr Queries,222;ReMap ChIP-seq,278;GTEx Coexpression,632	ARRDC3,GADD45G
gene_set_query	478	TFAP4	558.5	ARCHS4 Coexpression,1162;Enrichr Queries,746;ReMap ChIP-seq,131;GTEx Coexpression,195	SLC25A15,PES1,P3H4,JMJD6
gene_set_query	479	INSM1	559.7	ARCHS4 Coexpression,998;Enrichr Queries,541;GTEx Coexpression,140	MBTPS1,GADD45G
gene_set_query	480	ZNF148	559.7	ARCHS4 Coexpression,124;Enrichr Queries,218;GTEx Coexpression,1337	NCOA2,OGA
gene_set_query	481	HOXC11	559.8	ARCHS4 Coexpression,428;Enrichr Queries,1334;ReMap ChIP-seq,294;GTEx Coexpression,183	EEF2K,PES1
gene_set_query	482	ASCL1	560.0	ARCHS4 Coexpression,761;Enrichr Queries,292;ReMap ChIP-seq,109;GTEx Coexpression,1078	S100A6,GADD45G
gene_set_query	483	ZNF580	561.0	ARCHS4 Coexpression,1153;Enrichr Queries,471;GTEx Coexpression,59	MBTPS1,S100A6
gene_set_query	484	YY1	561.2	Literature ChIP-seq,67;ARCHS4 Coexpression,1013;ENCODE ChIP-seq,50;Enrichr Queries,821;ReMap ChIP-seq,238;GTEx Coexpression,1178	NCOA2,TSPAN14,EEF2K,ATP9B,JMJD6
gene_set_query	485	ZNF451	561.3	ARCHS4 Coexpression,77;Enrichr Queries,544;GTEx Coexpression,1063	ARRDC3,OGA
gene_set_query	486	NEUROG1	561.7	ARCHS4 Coexpression,275;Enrichr Queries,278;GTEx Coexpression,1132	GADD45G
gene_set_query	487	AR	562.4	Literature ChIP-seq,6;ARCHS4 Coexpression,102;Enrichr Queries,1229;ReMap ChIP-seq,99;GTEx Coexpression,1376	NCOA2,SLC25A15,TSPAN14,EEF2K,C2CD2,FAM149A,GADD45G
gene_set_query	488	ZNF705E	562.5	ARCHS4 Coexpression,926;GTEx Coexpression,199	EEF2K
gene_set_query	489	CREB3L3	562.7	ARCHS4 Coexpression,667;Enrichr Queries,539;GTEx Coexpression,482	GADD45G
gene_set_query	490	ZNF333	563.0	ARCHS4 Coexpression,207;Enrichr Queries,729;GTEx Coexpression,753	ARRDC3,ATP9B
gene_set_query	491	ZNF202	563.3	ARCHS4 Coexpression,305;Enrichr Queries,1281;GTEx Coexpression,104	PES1
gene_set_query	492	HMG20A	564.7	ARCHS4 Coexpression,999;Enrichr Queries,540;GTEx Coexpression,155	NCOA2,FSD1L
gene_set_query	493	ZNF431	564.7	ARCHS4 Coexpression,203;Enrichr Queries,713;GTEx Coexpression,778	ARRDC3,ATP9B
gene_set_query	494	ZNF765	564.7	ARCHS4 Coexpression,162;Enrichr Queries,745;GTEx Coexpression,787	ARRDC3,ATP9B
gene_set_query	495	ZNF821	565.7	ARCHS4 Coexpression,648;Enrichr Queries,261;GTEx Coexpression,788	ARRDC3,GADD45G
gene_set_query	496	CEBPZ	566.0	ARCHS4 Coexpression,715;ENCODE ChIP-seq,111;Enrichr Queries,912;ReMap ChIP-seq,162;GTEx Coexpression,930	SOD2
gene_set_query	497	ZNF253	566.7	ARCHS4 Coexpression,110;Enrichr Queries,662;GTEx Coexpression,928	PES1,ARRDC3
gene_set_query	498	ZNF467	567.0	ARCHS4 Coexpression,735;Enrichr Queries,112;GTEx Coexpression,854	S100A6,GADD45G
gene_set_query	499	ZFP41	567.7	ARCHS4 Coexpression,182;Enrichr Queries,815;GTEx Coexpression,706	PES1,ARRDC3
gene_set_query	500	HSFX1	568.0	ARCHS4 Coexpression,777;GTEx Coexpression,359	
gene_set_query	501	IRF7	570.7	ARCHS4 Coexpression,609;Enrichr Queries,214;GTEx Coexpression,889	S100A6,SOD2
gene_set_query	502	ZNF19	570.7	ARCHS4 Coexpression,154;Enrichr Queries,1170;GTEx Coexpression,388	ATP9B
gene_set_query	503	TBX3	571.3	Literature ChIP-seq,111;ARCHS4 Coexpression,1157;Enrichr Queries,1015;GTEx Coexpression,2	MYO1B,C2CD2,ARRDC3
gene_set_query	504	MTF2	572.3	Literature ChIP-seq,120;ARCHS4 Coexpression,1474;GTEx Coexpression,123	FSD1L,OGA,GADD45G
gene_set_query	505	ZNF175	572.8	ARCHS4 Coexpression,1267;Enrichr Queries,574;ReMap ChIP-seq,186;GTEx Coexpression,264	ARRDC3,P3H4
gene_set_query	506	EHF	573.0	ARCHS4 Coexpression,435;Enrichr Queries,641;ReMap ChIP-seq,293;GTEx Coexpression,923	MYO1B,S100A6
gene_set_query	507	CENPA	573.0	ARCHS4 Coexpression,737;GTEx Coexpression,409	
gene_set_query	508	ZNF223	574.3	ARCHS4 Coexpression,106;Enrichr Queries,1198;GTEx Coexpression,419	ARRDC3
gene_set_query	509	AKAP8	575.0	ARCHS4 Coexpression,391;Enrichr Queries,841;GTEx Coexpression,493	SLC25A15
gene_set_query	510	ESRRA	576.2	ARCHS4 Coexpression,1197;ENCODE ChIP-seq,26;Enrichr Queries,807;ReMap ChIP-seq,33;GTEx Coexpression,818	TSPAN14,C2CD2,S100A6,SOD2
gene_set_query	511	FOXK2	576.3	ARCHS4 Coexpression,444;Enrichr Queries,847;ReMap ChIP-seq,43;GTEx Coexpression,971	MBTPS1,EEF2K,PES1
gene_set_query	512	ZNF415	576.7	ARCHS4 Coexpression,450;Enrichr Queries,963;GTEx Coexpression,317	PES1
gene_set_query	513	EGR4	577.0	ARCHS4 Coexpression,791;Enrichr Queries,491;GTEx Coexpression,449	GADD45G
gene_set_query	514	ZNF701	578.3	ARCHS4 Coexpression,13;Enrichr Queries,692;GTEx Coexpression,1030	PES1,ARRDC3
gene_set_query	515	ZNF568	578.3	ARCHS4 Coexpression,570;Enrichr Queries,989;GTEx Coexpression,176	TSPAN14
gene_set_query	516	DLX4	579.3	Literature ChIP-seq,164;ARCHS4 Coexpression,309;Enrichr Queries,1305;GTEx Coexpression,539	PES1
gene_set_query	517	PPARD	579.3	Literature ChIP-seq,89;ARCHS4 Coexpression,1338;Enrichr Queries,488;GTEx Coexpression,402	TSPAN14,SOD2
gene_set_query	518	ZNF318	579.3	ARCHS4 Coexpression,494;Enrichr Queries,802;ReMap ChIP-seq,72;GTEx Coexpression,949	NCOA2,PES1,S100A6
gene_set_query	519	POU5F1	579.4	Literature ChIP-seq,37;ARCHS4 Coexpression,798;Enrichr Queries,1003;ReMap ChIP-seq,64;GTEx Coexpression,995	ARRDC3,OGA,P3H4,GADD45G
gene_set_query	520	ZNF264	579.7	ARCHS4 Coexpression,25;Enrichr Queries,697;GTEx Coexpression,1017	PES1,SOD2,ATP9B
gene_set_query	521	ZNF808	579.7	ARCHS4 Coexpression,48;Enrichr Queries,443;GTEx Coexpression,1248	PES1,ARRDC3,ATP9B
gene_set_query	522	NR1D1	580.3	ARCHS4 Coexpression,1497;Enrichr Queries,18;GTEx Coexpression,226	EEF2K,ARRDC3,S100A6,GADD45G
gene_set_query	523	MNX1	581.0	Literature ChIP-seq,128;ARCHS4 Coexpression,323;Enrichr Queries,1355;GTEx Coexpression,518	NCOA2,PES1
gene_set_query	524	FOXS1	581.3	ARCHS4 Coexpression,133;Enrichr Queries,84;GTEx Coexpression,1527	MYO1B,S100A6,GADD45G
gene_set_query	525	ZNF236	582.0	ARCHS4 Coexpression,54;Enrichr Queries,724;GTEx Coexpression,968	NCOA2,ATP9B
gene_set_query	526	NCOA1	582.5	ARCHS4 Coexpression,307;Enrichr Queries,759;ReMap ChIP-seq,174;GTEx Coexpression,1090	NCOA2,P3H4
gene_set_query	527	PRRX2	582.7	ARCHS4 Coexpression,1574;Enrichr Queries,137;GTEx Coexpression,37	S100A6,P3H4,GADD45G
gene_set_query	528	PDX1	583.4	Literature ChIP-seq,142;ARCHS4 Coexpression,585;Enrichr Queries,1385;ReMap ChIP-seq,232;GTEx Coexpression,573	FAM149A
gene_set_query	529	ZNF8	583.5	ARCHS4 Coexpression,270;Enrichr Queries,897	ATP9B
gene_set_query	530	IKZF2	584.0	ARCHS4 Coexpression,549;Enrichr Queries,778;GTEx Coexpression,425	ARRDC3
gene_set_query	531	ZNF766	584.3	ARCHS4 Coexpression,1172;Enrichr Queries,246;ReMap ChIP-seq,288;GTEx Coexpression,631	ARRDC3,OGA
gene_set_query	532	EOMES	585.0	Literature ChIP-seq,14;ARCHS4 Coexpression,927;Enrichr Queries,981;ReMap ChIP-seq,280;GTEx Coexpression,723	MBTPS1,NCOA2,MYO1B,TSPAN14,GADD45G
gene_set_query	533	CTCFL	585.8	ARCHS4 Coexpression,1099;ENCODE ChIP-seq,42;Enrichr Queries,374;ReMap ChIP-seq,254;GTEx Coexpression,1160	MBTPS1,EEF2K,ATP9B,GADD45G,JMJD6
gene_set_query	534	MAZ	586.2	ARCHS4 Coexpression,390;ENCODE ChIP-seq,6;Enrichr Queries,1159;ReMap ChIP-seq,61;GTEx Coexpression,1315	MBTPS1,FSD1L,PES1,S100A6,OGA,P3H4,SOD2,ATP9B,JMJD6
gene_set_query	535	ARNTL	586.3	ARCHS4 Coexpression,1059;Enrichr Queries,99;ReMap ChIP-seq,103;GTEx Coexpression,1084	ARRDC3,S100A6,SOD2,GADD45G
gene_set_query	536	ZNF44	586.3	ARCHS4 Coexpression,23;Enrichr Queries,681;GTEx Coexpression,1055	PES1,ARRDC3,ATP9B
gene_set_query	537	SOX2	587.0	Literature ChIP-seq,31;ARCHS4 Coexpression,972;Enrichr Queries,388;ReMap ChIP-seq,11;GTEx Coexpression,1533	MBTPS1,MYO1B,EEF2K,FSD1L,ARRDC3,OGA,SOD2,GADD45G
gene_set_query	538	NOBOX	587.0	ARCHS4 Coexpression,826;Enrichr Queries,361;GTEx Coexpression,574	GADD45G
gene_set_query	539	TRAFD1	587.3	ARCHS4 Coexpression,485;Enrichr Queries,740;GTEx Coexpression,537	SOD2
gene_set_query	540	ZNF749	589.0	ARCHS4 Coexpression,1065;Enrichr Queries,611;GTEx Coexpression,91	SLC25A15,PES1
gene_set_query	541	ZBTB32	589.3	ARCHS4 Coexpression,573;Enrichr Queries,769;GTEx Coexpression,426	GADD45G
gene_set_query	542	ZNF337	589.3	ARCHS4 Coexpression,365;Enrichr Queries,816;GTEx Coexpression,587	OGA
gene_set_query	543	MXD4	589.3	ARCHS4 Coexpression,1462;Enrichr Queries,39;GTEx Coexpression,267	ARRDC3,S100A6,GADD45G
gene_set_query	544	ZFP2	589.3	ARCHS4 Coexpression,229;Enrichr Queries,415;GTEx Coexpression,1124	ARRDC3
gene_set_query	545	FOXO4	590.0	ARCHS4 Coexpression,1298;Enrichr Queries,466;GTEx Coexpression,6	FSD1L,ZSWIM9,GADD45G
gene_set_query	546	IKZF4	590.0	ARCHS4 Coexpression,984;Enrichr Queries,183;GTEx Coexpression,603	ARRDC3,GADD45G
gene_set_query	547	ZNF213	591.0	ARCHS4 Coexpression,517;Enrichr Queries,690;GTEx Coexpression,566	GADD45G
gene_set_query	548	SIX5	591.2	ARCHS4 Coexpression,822;ENCODE ChIP-seq,97;Enrichr Queries,438;ReMap ChIP-seq,191;GTEx Coexpression,1408	OGA,JMJD6,GADD45G
gene_set_query	549	OVOL2	591.3	ARCHS4 Coexpression,318;Enrichr Queries,1106;ReMap ChIP-seq,295;GTEx Coexpression,646	NCOA2
gene_set_query	550	ZNF483	591.3	ARCHS4 Coexpression,328;Enrichr Queries,906;GTEx Coexpression,540	ATP9B
gene_set_query	551	RREB1	592.3	ARCHS4 Coexpression,346;Enrichr Queries,652;GTEx Coexpression,779	NCOA2,ATP9B
gene_set_query	552	DACH1	592.7	Literature ChIP-seq,60;ARCHS4 Coexpression,439;Enrichr Queries,1279	MBTPS1,FSD1L,ATP9B,JMJD6
gene_set_query	553	SP100	593.0	ARCHS4 Coexpression,1199;Enrichr Queries,202;GTEx Coexpression,378	S100A6,SOD2
gene_set_query	554	CXXC4	593.3	ARCHS4 Coexpression,443;ReMap ChIP-seq,175;GTEx Coexpression,1162	EEF2K,FSD1L
gene_set_query	555	ZNF92	596.0	ARCHS4 Coexpression,1170;Enrichr Queries,575;ReMap ChIP-seq,155;GTEx Coexpression,484	EEF2K,ARRDC3
gene_set_query	556	PAX6	596.0	Literature ChIP-seq,55;ARCHS4 Coexpression,611;Enrichr Queries,1255;ReMap ChIP-seq,156;GTEx Coexpression,903	NCOA2,EEF2K,ARRDC3
gene_set_query	557	BARX1	596.3	ARCHS4 Coexpression,153;Enrichr Queries,266;GTEx Coexpression,1370	PES1,GADD45G
gene_set_query	558	ZKSCAN4	596.3	ARCHS4 Coexpression,584;Enrichr Queries,158;GTEx Coexpression,1047	EEF2K,ARRDC3
gene_set_query	559	ZNF454	596.3	ARCHS4 Coexpression,952;Enrichr Queries,826;GTEx Coexpression,11	MBTPS1,P3H4
gene_set_query	560	ZNF540	596.3	ARCHS4 Coexpression,463;Enrichr Queries,933;GTEx Coexpression,393	PES1
gene_set_query	561	MAX	596.4	ARCHS4 Coexpression,1531;ENCODE ChIP-seq,13;Enrichr Queries,661;ReMap ChIP-seq,51;GTEx Coexpression,726	MBTPS1,EEF2K,PES1,S100A6,P3H4,SOD2,JMJD6,GADD45G
gene_set_query	562	PITX1	597.3	ARCHS4 Coexpression,712;Enrichr Queries,582;GTEx Coexpression,498	S100A6
gene_set_query	563	ERG	598.4	Literature ChIP-seq,36;ARCHS4 Coexpression,107;Enrichr Queries,1291;ReMap ChIP-seq,212;GTEx Coexpression,1346	NCOA2,C2CD2,FAM149A,JMJD6
gene_set_query	564	ZNF25	599.0	ARCHS4 Coexpression,803;Enrichr Queries,373;GTEx Coexpression,621	ARRDC3
gene_set_query	565	ETV2	599.8	Literature ChIP-seq,138;ARCHS4 Coexpression,912;Enrichr Queries,105;GTEx Coexpression,1244	S100A6,GADD45G
gene_set_query	566	ZBTB43	600.7	ARCHS4 Coexpression,89;Enrichr Queries,173;GTEx Coexpression,1540	PES1,ARRDC3,SOD2
gene_set_query	567	ZNF22	600.7	ARCHS4 Coexpression,1348;Enrichr Queries,353;GTEx Coexpression,101	MYO1B,S100A6
gene_set_query	568	ZNF681	601.3	ARCHS4 Coexpression,475;Enrichr Queries,890;GTEx Coexpression,439	PES1
gene_set_query	569	ZNF570	601.3	ARCHS4 Coexpression,104;Enrichr Queries,983;GTEx Coexpression,717	PES1
gene_set_query	570	TGIF1	603.0	ARCHS4 Coexpression,1095;Enrichr Queries,50;GTEx Coexpression,664	ARRDC3,S100A6,GADD45G
gene_set_query	571	ZNF624	604.0	ARCHS4 Coexpression,126;Enrichr Queries,333;GTEx Coexpression,1353	PES1,ARRDC3
gene_set_query	572	ZZZ3	604.8	ARCHS4 Coexpression,1604;ENCODE ChIP-seq,116;Enrichr Queries,61;ReMap ChIP-seq,291;GTEx Coexpression,952	NCOA2,ARRDC3,OGA
gene_set_query	573	GPBP1L1	605.0	ARCHS4 Coexpression,445;GTEx Coexpression,765	NCOA2
gene_set_query	574	ZNF300	606.0	ARCHS4 Coexpression,216;Enrichr Queries,134;GTEx Coexpression,1468	MYO1B,FSD1L,ARRDC3
gene_set_query	575	CENPX	606.0	GTEx Coexpression,606	
gene_set_query	576	MXD1	608.0	ARCHS4 Coexpression,1201;Enrichr Queries,7;GTEx Coexpression,616	ARRDC3,S100A6,SOD2,GADD45G
gene_set_query	577	HOXA1	608.0	ARCHS4 Coexpression,299;Enrichr Queries,1158;GTEx Coexpression,367	PES1
gene_set_query	578	STAT2	609.0	ARCHS4 Coexpression,1027;ENCODE ChIP-seq,117;Enrichr Queries,301;ReMap ChIP-seq,274;GTEx Coexpression,1326	SOD2
gene_set_query	579	ZNF189	610.7	ARCHS4 Coexpression,838;Enrichr Queries,89;GTEx Coexpression,905	ARRDC3,GADD45G
gene_set_query	580	ZNF446	611.0	ARCHS4 Coexpression,731;Enrichr Queries,991;GTEx Coexpression,111	ATP9B
gene_set_query	581	ZNF320	611.0	ARCHS4 Coexpression,1105;Enrichr Queries,621;GTEx Coexpression,107	MBTPS1,ARRDC3
gene_set_query	582	MITF	611.8	Literature ChIP-seq,110;ARCHS4 Coexpression,1075;Enrichr Queries,1248;ReMap ChIP-seq,8;GTEx Coexpression,618	MBTPS1,NCOA2,TSPAN14,EEF2K,PES1,FAM149A,JMJD6
gene_set_query	583	GATAD2B	613.3	ARCHS4 Coexpression,691;Enrichr Queries,819;GTEx Coexpression,330	NCOA2
gene_set_query	584	ZNF888	614.0	GTEx Coexpression,614	
gene_set_query	585	ATF6	614.7	ARCHS4 Coexpression,602;Enrichr Queries,852;GTEx Coexpression,390	
gene_set_query	586	GABPA	614.7	Literature ChIP-seq,114;ARCHS4 Coexpression,1074;ENCODE ChIP-seq,84;Enrichr Queries,581;ReMap ChIP-seq,234;GTEx Coexpression,1601	ARRDC3,ATP9B,JMJD6,GADD45G
gene_set_query	587	ZNF485	615.0	ARCHS4 Coexpression,1378;Enrichr Queries,355;GTEx Coexpression,112	SLC25A15,PES1
gene_set_query	588	MXI1	615.0	ARCHS4 Coexpression,1356;ENCODE ChIP-seq,7;Enrichr Queries,124;ReMap ChIP-seq,233;GTEx Coexpression,1355	TSPAN14,FSD1L,PES1,ARRDC3,S100A6,OGA,JMJD6,GADD45G
gene_set_query	589	SATB1	615.8	ARCHS4 Coexpression,666;Enrichr Queries,726;ReMap ChIP-seq,149;GTEx Coexpression,922	TSPAN14,ARRDC3
gene_set_query	590	HOXB9	616.0	ARCHS4 Coexpression,389;Enrichr Queries,1121;GTEx Coexpression,338	PES1
gene_set_query	591	DNTTIP1	616.0	ARCHS4 Coexpression,883;GTEx Coexpression,349	
gene_set_query	592	ARID3C	616.5	ARCHS4 Coexpression,877;GTEx Coexpression,356	
gene_set_query	593	HNF4G	617.0	ARCHS4 Coexpression,748;ENCODE ChIP-seq,3;Enrichr Queries,992;ReMap ChIP-seq,123;GTEx Coexpression,1219	SLC25A15,NCOA2,OGA,P3H4,SOD2
gene_set_query	594	KDM2B	617.5	ARCHS4 Coexpression,719;GTEx Coexpression,516	
gene_set_query	595	ZBTB26	618.7	ARCHS4 Coexpression,230;Enrichr Queries,231;GTEx Coexpression,1395	NCOA2,ARRDC3,OGA
gene_set_query	596	CDX4	618.7	ARCHS4 Coexpression,513;Enrichr Queries,1098;GTEx Coexpression,245	EEF2K
gene_set_query	597	FOXG1	619.0	ARCHS4 Coexpression,18;Enrichr Queries,1110;GTEx Coexpression,729	FSD1L,ARRDC3
gene_set_query	598	ZBTB7C	619.3	ARCHS4 Coexpression,878;Enrichr Queries,449;GTEx Coexpression,531	GADD45G
gene_set_query	599	DRAP1	619.7	ARCHS4 Coexpression,343;Enrichr Queries,460;GTEx Coexpression,1056	PES1,S100A6
gene_set_query	600	KLF9	619.8	ARCHS4 Coexpression,1623;Enrichr Queries,36;ReMap ChIP-seq,92;GTEx Coexpression,728	ARRDC3,S100A6,P3H4,JMJD6,GADD45G
gene_set_query	601	TFEB	620.3	Literature ChIP-seq,100;ARCHS4 Coexpression,976;Enrichr Queries,648;GTEx Coexpression,757	S100A6,GADD45G
gene_set_query	602	ZNF197	620.3	ARCHS4 Coexpression,109;Enrichr Queries,1288;ReMap ChIP-seq,277;GTEx Coexpression,807	FSD1L
gene_set_query	603	GTF2IRD2B	620.3	ARCHS4 Coexpression,258;Enrichr Queries,456;GTEx Coexpression,1147	PES1,ARRDC3
gene_set_query	604	ZNF618	621.0	ARCHS4 Coexpression,571;Enrichr Queries,1285;GTEx Coexpression,7	MBTPS1,P3H4
gene_set_query	605	ZNF700	622.3	ARCHS4 Coexpression,1495;Enrichr Queries,229;GTEx Coexpression,143	ARRDC3,OGA,ZSWIM9
gene_set_query	606	ZNF793	624.3	ARCHS4 Coexpression,98;Enrichr Queries,698;GTEx Coexpression,1077	ARRDC3,ATP9B
gene_set_query	607	VEZF1	624.7	ARCHS4 Coexpression,469;Enrichr Queries,795;GTEx Coexpression,610	FSD1L,OGA
gene_set_query	608	ZNF641	625.3	ARCHS4 Coexpression,581;Enrichr Queries,311;GTEx Coexpression,984	ARRDC3
gene_set_query	609	ZSCAN5C	625.3	ARCHS4 Coexpression,939;Enrichr Queries,650;GTEx Coexpression,287	PES1
gene_set_query	610	PRDM12	625.7	ARCHS4 Coexpression,416;Enrichr Queries,1134;GTEx Coexpression,327	EEF2K
gene_set_query	611	ETV6	626.0	ARCHS4 Coexpression,656;Enrichr Queries,957;ReMap ChIP-seq,263;GTEx Coexpression,628	
gene_set_query	612	ZNF778	626.0	ARCHS4 Coexpression,1405;Enrichr Queries,210;GTEx Coexpression,263	EEF2K,ARRDC3
gene_set_query	613	SOX13	626.3	ARCHS4 Coexpression,685;Enrichr Queries,556;ReMap ChIP-seq,200;GTEx Coexpression,1064	JMJD6,GADD45G
gene_set_query	614	ZNF35	626.7	ARCHS4 Coexpression,1063;Enrichr Queries,47;GTEx Coexpression,770	MYO1B,ARRDC3,GADD45G
gene_set_query	615	ZNF696	627.7	ARCHS4 Coexpression,65;Enrichr Queries,857;GTEx Coexpression,961	PES1,P3H4
gene_set_query	616	ZNF841	628.0	ARCHS4 Coexpression,165;Enrichr Queries,487;GTEx Coexpression,1232	ARRDC3,ATP9B
gene_set_query	617	PRDM5	628.5	Literature ChIP-seq,68;ARCHS4 Coexpression,131;Enrichr Queries,1327;GTEx Coexpression,988	NCOA2,ARRDC3,ATP9B
gene_set_query	618	ZNF608	629.0	ARCHS4 Coexpression,697;Enrichr Queries,357;GTEx Coexpression,833	ARRDC3
gene_set_query	619	SRY	629.0	Literature ChIP-seq,79;ARCHS4 Coexpression,738;Enrichr Queries,1331;GTEx Coexpression,368	SLC25A15,EEF2K,FSD1L,S100A6
gene_set_query	620	NFYC	629.7	ARCHS4 Coexpression,327;Enrichr Queries,702;GTEx Coexpression,860	MYO1B,SOD2
gene_set_query	621	HOXD13	631.3	Literature ChIP-seq,149;ARCHS4 Coexpression,340;Enrichr Queries,1376;GTEx Coexpression,660	PES1
gene_set_query	622	HOXC10	631.3	ARCHS4 Coexpression,965;Enrichr Queries,423;GTEx Coexpression,506	S100A6
gene_set_query	623	NPAS1	631.7	ARCHS4 Coexpression,184;Enrichr Queries,366;GTEx Coexpression,1345	PES1,GADD45G
gene_set_query	624	ZNF575	633.0	ARCHS4 Coexpression,1487;Enrichr Queries,369;GTEx Coexpression,43	S100A6,ZSWIM9
gene_set_query	625	HAND2	633.0	ARCHS4 Coexpression,324;Enrichr Queries,354;GTEx Coexpression,1221	MYO1B,GADD45G
gene_set_query	626	ZNF461	634.3	ARCHS4 Coexpression,561;Enrichr Queries,481;GTEx Coexpression,861	ARRDC3
gene_set_query	627	ZNF789	635.3	ARCHS4 Coexpression,257;Enrichr Queries,148;GTEx Coexpression,1501	ARRDC3,OGA,ATP9B
gene_set_query	628	NR3C2	635.7	ARCHS4 Coexpression,533;Enrichr Queries,1214;GTEx Coexpression,160	PES1
gene_set_query	629	ZBTB33	635.8	ARCHS4 Coexpression,1266;ENCODE ChIP-seq,70;Enrichr Queries,529;ReMap ChIP-seq,29;GTEx Coexpression,1285	MBTPS1,EEF2K,ARRDC3,S100A6,OGA,JMJD6
gene_set_query	630	SALL1	636.0	Literature ChIP-seq,157;ARCHS4 Coexpression,820;Enrichr Queries,1145;GTEx Coexpression,422	
gene_set_query	631	ZNF528	636.3	ARCHS4 Coexpression,68;Enrichr Queries,569;GTEx Coexpression,1272	PES1,ARRDC3,ATP9B
gene_set_query	632	POU5F2	636.5	ARCHS4 Coexpression,194;GTEx Coexpression,1079	ATP9B
gene_set_query	633	GTF2IRD1	636.5	ARCHS4 Coexpression,329;GTEx Coexpression,944	P3H4
gene_set_query	634	ZNF251	637.3	ARCHS4 Coexpression,476;Enrichr Queries,165;GTEx Coexpression,1271	ARRDC3,S100A6
gene_set_query	635	ZNF425	637.3	ARCHS4 Coexpression,1064;Enrichr Queries,634;GTEx Coexpression,214	ARRDC3,ZSWIM9
gene_set_query	636	BHLHE23	637.5	ARCHS4 Coexpression,671;GTEx Coexpression,604	
gene_set_query	637	NR1H4	638.0	ARCHS4 Coexpression,857;Enrichr Queries,446;GTEx Coexpression,611	GADD45G
gene_set_query	638	SOX21	638.3	ARCHS4 Coexpression,957;Enrichr Queries,428;GTEx Coexpression,530	GADD45G
gene_set_query	639	ZNF296	639.0	ARCHS4 Coexpression,642;Enrichr Queries,346;GTEx Coexpression,929	GADD45G
gene_set_query	640	HOXB5	639.0	ARCHS4 Coexpression,1218;Enrichr Queries,121;GTEx Coexpression,578	S100A6,GADD45G
gene_set_query	641	MYF5	639.3	ARCHS4 Coexpression,363;Enrichr Queries,381;GTEx Coexpression,1174	S100A6,GADD45G
gene_set_query	642	NFIA	639.3	ARCHS4 Coexpression,248;Enrichr Queries,445;GTEx Coexpression,1225	ARRDC3
gene_set_query	643	THAP9	639.3	ARCHS4 Coexpression,113;Enrichr Queries,396;GTEx Coexpression,1409	ARRDC3
gene_set_query	644	ZNF554	640.0	ARCHS4 Coexpression,1101;Enrichr Queries,217;GTEx Coexpression,602	EEF2K,ARRDC3
gene_set_query	645	ZNF48	640.0	ARCHS4 Coexpression,824;Enrichr Queries,1033;GTEx Coexpression,63	TSPAN14
gene_set_query	646	ZNF491	640.0	ARCHS4 Coexpression,432;Enrichr Queries,894;GTEx Coexpression,594	S100A6
gene_set_query	647	SOX9	640.2	Literature ChIP-seq,99;ARCHS4 Coexpression,1373;Enrichr Queries,169;ReMap ChIP-seq,97;GTEx Coexpression,1463	EEF2K,S100A6,P3H4,ATP9B,GADD45G
gene_set_query	648	HOXB2	642.0	ARCHS4 Coexpression,830;Enrichr Queries,431;GTEx Coexpression,665	S100A6
gene_set_query	649	TCF24	642.0	ARCHS4 Coexpression,1088;Enrichr Queries,533;GTEx Coexpression,305	GADD45G
gene_set_query	650	ZNF512B	642.0	ARCHS4 Coexpression,177;Enrichr Queries,256;GTEx Coexpression,1493	MYO1B,TSPAN14,PES1
gene_set_query	651	FOXA3	642.0	ARCHS4 Coexpression,793;Enrichr Queries,925;GTEx Coexpression,208	SLC25A15
gene_set_query	652	ZMAT1	643.0	ARCHS4 Coexpression,52;Enrichr Queries,657;GTEx Coexpression,1220	PES1,ARRDC3,ATP9B
gene_set_query	653	ZNF564	643.0	ARCHS4 Coexpression,901;Enrichr Queries,52;GTEx Coexpression,976	NCOA2,ARRDC3,OGA
gene_set_query	654	HOXC13	643.0	ARCHS4 Coexpression,423;Enrichr Queries,1232;GTEx Coexpression,274	PES1
gene_set_query	655	GMEB2	643.0	ARCHS4 Coexpression,217;Enrichr Queries,684;GTEx Coexpression,1028	TSPAN14,PES1
gene_set_query	656	SP110	643.3	ARCHS4 Coexpression,1217;Enrichr Queries,280;GTEx Coexpression,433	SOD2
gene_set_query	657	PAX1	644.0	ARCHS4 Coexpression,209;Enrichr Queries,1379;GTEx Coexpression,344	C2CD2
gene_set_query	658	ZIC3	644.0	Literature ChIP-seq,146;ARCHS4 Coexpression,599;Enrichr Queries,1196;GTEx Coexpression,635	
gene_set_query	659	ZBTB21	645.0	ARCHS4 Coexpression,1182;GTEx Coexpression,108	ARRDC3
gene_set_query	660	CASZ1	645.0	ARCHS4 Coexpression,783;Enrichr Queries,960;GTEx Coexpression,192	EEF2K
gene_set_query	661	PBX2	645.8	ARCHS4 Coexpression,732;Enrichr Queries,673;ReMap ChIP-seq,224;GTEx Coexpression,954	ARRDC3,JMJD6
gene_set_query	662	KLF10	646.3	ARCHS4 Coexpression,1058;Enrichr Queries,51;GTEx Coexpression,830	ARRDC3,S100A6,GADD45G
gene_set_query	663	ZNF805	646.3	ARCHS4 Coexpression,776;Enrichr Queries,504;GTEx Coexpression,659	ARRDC3
gene_set_query	664	ZSCAN20	647.0	ARCHS4 Coexpression,698;Enrichr Queries,68;GTEx Coexpression,1175	MYO1B,EEF2K,ARRDC3
gene_set_query	665	NFYB	648.4	ARCHS4 Coexpression,1258;ENCODE ChIP-seq,90;Enrichr Queries,211;ReMap ChIP-seq,129;GTEx Coexpression,1554	EEF2K,ARRDC3,ATP9B,GADD45G
gene_set_query	666	GATA4	648.6	Literature ChIP-seq,124;ARCHS4 Coexpression,1610;Enrichr Queries,365;ReMap ChIP-seq,38;GTEx Coexpression,1106	EEF2K,S100A6,OGA,P3H4,GADD45G
gene_set_query	667	HOXC9	648.8	Literature ChIP-seq,132;ARCHS4 Coexpression,589;Enrichr Queries,1130;GTEx Coexpression,744	GADD45G
gene_set_query	668	ZNF442	649.0	ARCHS4 Coexpression,101;Enrichr Queries,425;GTEx Coexpression,1421	PES1,ARRDC3
gene_set_query	669	ZBTB45	650.7	ARCHS4 Coexpression,371;Enrichr Queries,590;GTEx Coexpression,991	PES1,GADD45G
gene_set_query	670	EVX1	651.3	ARCHS4 Coexpression,525;Enrichr Queries,1402;GTEx Coexpression,27	C2CD2
gene_set_query	671	OLIG3	651.7	ARCHS4 Coexpression,805;Enrichr Queries,286;GTEx Coexpression,864	GADD45G
gene_set_query	672	NR1D2	652.3	ARCHS4 Coexpression,1012;Enrichr Queries,113;GTEx Coexpression,832	ARRDC3,GADD45G
gene_set_query	673	SP6	652.3	ARCHS4 Coexpression,246;Enrichr Queries,1013;GTEx Coexpression,698	GADD45G
gene_set_query	674	ZNF219	652.7	ARCHS4 Coexpression,512;Enrichr Queries,555;GTEx Coexpression,891	S100A6
gene_set_query	675	ZNF354B	652.7	ARCHS4 Coexpression,286;Enrichr Queries,385;GTEx Coexpression,1287	ARRDC3,ATP9B
gene_set_query	676	TERF1	653.0	ARCHS4 Coexpression,640;Enrichr Queries,429;ReMap ChIP-seq,265;GTEx Coexpression,1278	NCOA2
gene_set_query	677	NPAS4	653.0	ARCHS4 Coexpression,967;Enrichr Queries,502;GTEx Coexpression,490	GADD45G
gene_set_query	678	ASCL2	654.0	ARCHS4 Coexpression,596;Enrichr Queries,233;GTEx Coexpression,1133	S100A6,GADD45G
gene_set_query	679	IRX4	655.0	ARCHS4 Coexpression,383;Enrichr Queries,1185;GTEx Coexpression,397	MYO1B
gene_set_query	680	ARNTL2	655.7	ARCHS4 Coexpression,58;Enrichr Queries,1039;GTEx Coexpression,870	MYO1B,S100A6
gene_set_query	681	MYBL1	655.8	Literature ChIP-seq,153;ARCHS4 Coexpression,1494;Enrichr Queries,444;GTEx Coexpression,532	SLC25A15
gene_set_query	682	ZNF616	656.3	ARCHS4 Coexpression,1575;Enrichr Queries,334;GTEx Coexpression,60	C2CD2,ARRDC3
gene_set_query	683	ZNF350	657.3	ARCHS4 Coexpression,975;Enrichr Queries,320;GTEx Coexpression,677	ARRDC3
gene_set_query	684	CEBPE	657.3	ARCHS4 Coexpression,894;Enrichr Queries,793;GTEx Coexpression,285	GADD45G
gene_set_query	685	RFX1	658.3	ARCHS4 Coexpression,636;Enrichr Queries,885;ReMap ChIP-seq,36;GTEx Coexpression,1076	FSD1L,PES1,ZSWIM9
gene_set_query	686	MEF2B	658.5	ARCHS4 Coexpression,519;Enrichr Queries,995;ReMap ChIP-seq,241;GTEx Coexpression,879	
gene_set_query	687	ZFP28	658.7	ARCHS4 Coexpression,969;Enrichr Queries,197;GTEx Coexpression,810	ARRDC3,GADD45G
gene_set_query	688	FOXR1	659.0	ARCHS4 Coexpression,1282;Enrichr Queries,76;GTEx Coexpression,619	MYO1B,TSPAN14
gene_set_query	689	ZNF587	660.0	ARCHS4 Coexpression,213;Enrichr Queries,477;GTEx Coexpression,1290	SOD2,ATP9B
gene_set_query	690	ESRRB	660.3	Literature ChIP-seq,2;ARCHS4 Coexpression,920;Enrichr Queries,1272;GTEx Coexpression,447	NCOA2,SLC25A15,EEF2K,FSD1L,OGA,SOD2
gene_set_query	691	PBX4	660.3	ARCHS4 Coexpression,455;Enrichr Queries,805;GTEx Coexpression,721	TSPAN14,GADD45G
gene_set_query	692	ZNF394	660.7	ARCHS4 Coexpression,1221;Enrichr Queries,10;GTEx Coexpression,751	ARRDC3,OGA,SOD2,GADD45G
gene_set_query	693	PREB	661.3	ARCHS4 Coexpression,302;Enrichr Queries,862;GTEx Coexpression,820	PES1
gene_set_query	694	E2F8	662.3	ARCHS4 Coexpression,812;Enrichr Queries,646;GTEx Coexpression,529	SLC25A15
gene_set_query	695	ZBTB22	662.7	ARCHS4 Coexpression,1215;Enrichr Queries,187;GTEx Coexpression,586	S100A6,GADD45G
gene_set_query	696	ZNF784	662.7	ARCHS4 Coexpression,1270;Enrichr Queries,272;GTEx Coexpression,446	GADD45G
gene_set_query	697	TSHZ1	663.3	ARCHS4 Coexpression,1572;Enrichr Queries,145;GTEx Coexpression,273	ARRDC3,GADD45G
gene_set_query	698	ASCL5	663.5	ARCHS4 Coexpression,988;GTEx Coexpression,339	
gene_set_query	699	ZNF383	664.3	ARCHS4 Coexpression,172;Enrichr Queries,667;GTEx Coexpression,1154	ARRDC3,ATP9B
gene_set_query	700	POU4F1	665.7	ARCHS4 Coexpression,552;Enrichr Queries,332;GTEx Coexpression,1113	GADD45G
gene_set_query	701	ZNF565	665.7	ARCHS4 Coexpression,1098;Enrichr Queries,472;GTEx Coexpression,427	ARRDC3
gene_set_query	702	GBX1	667.0	ARCHS4 Coexpression,722;Enrichr Queries,277;GTEx Coexpression,1002	GADD45G
gene_set_query	703	ZNF358	667.0	ARCHS4 Coexpression,1510;Enrichr Queries,461;GTEx Coexpression,30	S100A6,FAM149A
gene_set_query	704	ELF5	667.2	Literature ChIP-seq,136;ARCHS4 Coexpression,1501;Enrichr Queries,1156;ReMap ChIP-seq,290;GTEx Coexpression,253	ARRDC3
gene_set_query	705	HELT	667.3	ARCHS4 Coexpression,368;Enrichr Queries,1386;GTEx Coexpression,248	EEF2K,GADD45G
gene_set_query	706	TBX6	668.0	ARCHS4 Coexpression,835;Enrichr Queries,263;GTEx Coexpression,906	ARRDC3,GADD45G
gene_set_query	707	ZNF503	669.7	ARCHS4 Coexpression,766;Enrichr Queries,122;GTEx Coexpression,1121	S100A6,GADD45G
gene_set_query	708	SALL2	670.0	ARCHS4 Coexpression,507;Enrichr Queries,1167;GTEx Coexpression,336	
gene_set_query	709	HMGN3	670.5	ARCHS4 Coexpression,977;ENCODE ChIP-seq,88;ReMap ChIP-seq,267;GTEx Coexpression,1350	S100A6,SOD2
gene_set_query	710	ZNF480	672.7	ARCHS4 Coexpression,97;Enrichr Queries,1073;GTEx Coexpression,848	ATP9B
gene_set_query	711	NFE2L1	673.0	ARCHS4 Coexpression,1382;Enrichr Queries,149;ReMap ChIP-seq,17;GTEx Coexpression,1144	C2CD2,PES1,S100A6,SOD2
gene_set_query	712	ZNF600	673.7	ARCHS4 Coexpression,849;Enrichr Queries,74;GTEx Coexpression,1098	ARRDC3,S100A6
gene_set_query	713	NR2F2	674.2	ARCHS4 Coexpression,1518;ENCODE ChIP-seq,72;Enrichr Queries,367;ReMap ChIP-seq,132;GTEx Coexpression,1282	TSPAN14,MYO1B,FSD1L,OGA,JMJD6
gene_set_query	714	TEF	674.3	ARCHS4 Coexpression,1442;Enrichr Queries,22;GTEx Coexpression,559	ARRDC3,S100A6,GADD45G
gene_set_query	715	ATF1	674.4	ARCHS4 Coexpression,1361;ENCODE ChIP-seq,107;Enrichr Queries,853;ReMap ChIP-seq,262;GTEx Coexpression,789	
gene_set_query	716	ZNF132	675.3	ARCHS4 Coexpression,201;Enrichr Queries,938;GTEx Coexpression,887	FSD1L
gene_set_query	717	SEBOX	676.0	ARCHS4 Coexpression,1124;Enrichr Queries,228	S100A6,GADD45G
gene_set_query	718	TWIST1	676.0	ARCHS4 Coexpression,138;Enrichr Queries,994;ReMap ChIP-seq,5;GTEx Coexpression,1567	MYO1B,EEF2K,S100A6,P3H4,JMJD6
gene_set_query	719	CHCHD3	676.5	ARCHS4 Coexpression,859;GTEx Coexpression,494	
gene_set_query	720	DOT1L	676.7	ARCHS4 Coexpression,359;Enrichr Queries,843;GTEx Coexpression,828	PES1
gene_set_query	721	GTF3A	677.0	ARCHS4 Coexpression,508;Enrichr Queries,719;GTEx Coexpression,804	S100A6
gene_set_query	722	ZNF592	677.5	ARCHS4 Coexpression,614;Enrichr Queries,929;ReMap ChIP-seq,16;GTEx Coexpression,1151	ZSWIM9,JMJD6
gene_set_query	723	MLX	678.0	ARCHS4 Coexpression,807;Enrichr Queries,227;GTEx Coexpression,1000	TSPAN14,S100A6
gene_set_query	724	MAFF	678.2	ARCHS4 Coexpression,1619;ENCODE ChIP-seq,85;Enrichr Queries,5;ReMap ChIP-seq,235;GTEx Coexpression,1447	MBTPS1,ARRDC3,S100A6,SOD2,GADD45G
gene_set_query	725	ZNF534	679.0	ARCHS4 Coexpression,613;GTEx Coexpression,745	
gene_set_query	726	ZNF140	680.3	ARCHS4 Coexpression,1469;Enrichr Queries,543;GTEx Coexpression,29	MBTPS1,ARRDC3
gene_set_query	727	THAP7	680.3	ARCHS4 Coexpression,670;Enrichr Queries,883;GTEx Coexpression,488	
gene_set_query	728	GRHL1	680.7	ARCHS4 Coexpression,1555;Enrichr Queries,154;GTEx Coexpression,333	ARRDC3,GADD45G
gene_set_query	729	MESP2	680.7	ARCHS4 Coexpression,1093;Enrichr Queries,669;GTEx Coexpression,280	GADD45G
gene_set_query	730	ZNF675	681.3	ARCHS4 Coexpression,164;Enrichr Queries,763;GTEx Coexpression,1117	ARRDC3,ATP9B
gene_set_query	731	MBD3	682.3	ARCHS4 Coexpression,151;Enrichr Queries,985;ReMap ChIP-seq,285;GTEx Coexpression,1308	PES1
gene_set_query	732	ZNF195	682.3	ARCHS4 Coexpression,1438;Enrichr Queries,382;GTEx Coexpression,227	FSD1L,ARRDC3
gene_set_query	733	ZNF671	682.7	ARCHS4 Coexpression,408;Enrichr Queries,1086;GTEx Coexpression,554	ARRDC3
gene_set_query	734	ZNF142	682.7	ARCHS4 Coexpression,228;Enrichr Queries,889;GTEx Coexpression,931	PES1
gene_set_query	735	MBD1	685.3	ARCHS4 Coexpression,1165;Enrichr Queries,608;GTEx Coexpression,283	GADD45G
gene_set_query	736	THYN1	686.0	ARCHS4 Coexpression,930;GTEx Coexpression,442	
gene_set_query	737	LMX1B	686.0	ARCHS4 Coexpression,587;Enrichr Queries,1250;GTEx Coexpression,221	EEF2K
gene_set_query	738	ZNF136	686.0	ARCHS4 Coexpression,344;Enrichr Queries,347;GTEx Coexpression,1367	PES1,ARRDC3
gene_set_query	739	PURB	687.0	ARCHS4 Coexpression,624;GTEx Coexpression,750	
gene_set_query	740	POU4F2	687.5	ARCHS4 Coexpression,538;Enrichr Queries,1354;ReMap ChIP-seq,32;GTEx Coexpression,826	ARRDC3,SOD2,JMJD6
gene_set_query	741	SMAD9	687.7	ARCHS4 Coexpression,208;Enrichr Queries,1210;GTEx Coexpression,645	PES1
gene_set_query	742	MBD4	689.8	ARCHS4 Coexpression,1195;ENCODE ChIP-seq,82;Enrichr Queries,1050;ReMap ChIP-seq,79;GTEx Coexpression,1043	EEF2K,SOD2,JMJD6
gene_set_query	743	ZNF623	690.0	ARCHS4 Coexpression,388;Enrichr Queries,249;GTEx Coexpression,1433	NCOA2,ARRDC3,ATP9B
gene_set_query	744	ZNF33A	690.3	ARCHS4 Coexpression,119;Enrichr Queries,375;GTEx Coexpression,1577	PES1,OGA
gene_set_query	745	KMT2B	693.0	ARCHS4 Coexpression,1232;ReMap ChIP-seq,154	OGA
gene_set_query	746	ZNF266	693.3	ARCHS4 Coexpression,1476;Enrichr Queries,77;GTEx Coexpression,527	ARRDC3,OGA
gene_set_query	747	ZNF574	694.0	ARCHS4 Coexpression,778;Enrichr Queries,451;GTEx Coexpression,853	PES1
gene_set_query	748	ZNF688	694.3	ARCHS4 Coexpression,1019;Enrichr Queries,273;GTEx Coexpression,791	TSPAN14
gene_set_query	749	ZNF596	694.3	ARCHS4 Coexpression,775;Enrichr Queries,708;GTEx Coexpression,600	ARRDC3
gene_set_query	750	ZNF200	695.7	ARCHS4 Coexpression,222;Enrichr Queries,762;GTEx Coexpression,1103	SOD2,ATP9B
gene_set_query	751	ZNF606	695.7	ARCHS4 Coexpression,175;Enrichr Queries,721;GTEx Coexpression,1191	PES1,ARRDC3
gene_set_query	752	ZNF184	697.0	ARCHS4 Coexpression,39;Enrichr Queries,693;GTEx Coexpression,1359	FSD1L,ARRDC3
gene_set_query	753	ZNF788P	697.3	ARCHS4 Coexpression,1257;Enrichr Queries,86;GTEx Coexpression,749	SLC25A15,ARRDC3
gene_set_query	754	VSX2	698.3	ARCHS4 Coexpression,649;Enrichr Queries,1389;GTEx Coexpression,57	FSD1L
gene_set_query	755	SP5	698.7	ARCHS4 Coexpression,1357;Enrichr Queries,524;GTEx Coexpression,215	EEF2K,GADD45G
gene_set_query	756	NANOGP8	699.0	ARCHS4 Coexpression,774;GTEx Coexpression,624	
gene_set_query	757	POU3F4	700.3	ARCHS4 Coexpression,337;Enrichr Queries,626;GTEx Coexpression,1138	FSD1L,GADD45G
gene_set_query	758	NCOA2	700.8	ARCHS4 Coexpression,1112;Enrichr Queries,917;ReMap ChIP-seq,98;GTEx Coexpression,676	C2CD2,GADD45G
gene_set_query	759	SALL4	701.0	Literature ChIP-seq,104;ARCHS4 Coexpression,511;Enrichr Queries,1118;GTEx Coexpression,1071	GADD45G
gene_set_query	760	ESR1	701.3	Literature ChIP-seq,84;ARCHS4 Coexpression,1177;ENCODE ChIP-seq,77;Enrichr Queries,1190;ReMap ChIP-seq,89;GTEx Coexpression,1591	SLC25A15,TSPAN14,C2CD2,P3H4
gene_set_query	761	SIX2	701.5	ARCHS4 Coexpression,1156;Enrichr Queries,463;ReMap ChIP-seq,113;GTEx Coexpression,1074	P3H4,GADD45G
gene_set_query	762	ZNF90	703.0	ARCHS4 Coexpression,493;Enrichr Queries,363;GTEx Coexpression,1253	SLC25A15
gene_set_query	763	NKX61	703.0	ARCHS4 Coexpression,1006;GTEx Coexpression,400	
gene_set_query	764	INSM2	703.3	ARCHS4 Coexpression,711;Enrichr Queries,896;GTEx Coexpression,503	
gene_set_query	765	ZKSCAN7	704.5	ARCHS4 Coexpression,349;GTEx Coexpression,1060	PES1
gene_set_query	766	ZNF804A	704.7	ARCHS4 Coexpression,347;Enrichr Queries,909;GTEx Coexpression,858	FSD1L
gene_set_query	767	SIM1	704.7	ARCHS4 Coexpression,833;Enrichr Queries,1247;GTEx Coexpression,34	MYO1B
gene_set_query	768	KDM2A	705.5	ARCHS4 Coexpression,1145;GTEx Coexpression,266	
gene_set_query	769	ZNF444	705.7	ARCHS4 Coexpression,1454;Enrichr Queries,419;GTEx Coexpression,244	S100A6,FAM149A
gene_set_query	770	ZBTB5	706.0	ARCHS4 Coexpression,1414;Enrichr Queries,17;GTEx Coexpression,687	ARRDC3,S100A6,GADD45G
gene_set_query	771	LEF1	706.0	ARCHS4 Coexpression,1317;Enrichr Queries,313;ReMap ChIP-seq,148;GTEx Coexpression,1046	OGA,S100A6
gene_set_query	772	E2F6	706.6	ARCHS4 Coexpression,1264;ENCODE ChIP-seq,60;Enrichr Queries,501;ReMap ChIP-seq,242;GTEx Coexpression,1466	EEF2K,PES1,GADD45G
gene_set_query	773	NR2F1	706.8	ARCHS4 Coexpression,1171;Enrichr Queries,412;ReMap ChIP-seq,257;GTEx Coexpression,987	ARRDC3
gene_set_query	774	ZNF804B	707.7	ARCHS4 Coexpression,586;Enrichr Queries,1120;GTEx Coexpression,417	
gene_set_query	775	MGA	708.3	ARCHS4 Coexpression,123;Enrichr Queries,551;GTEx Coexpression,1451	NCOA2,ATP9B
gene_set_query	776	ZNF787	708.3	ARCHS4 Coexpression,440;Enrichr Queries,1176;GTEx Coexpression,509	PES1
gene_set_query	777	NR1I2	709.3	Literature ChIP-seq,53;ARCHS4 Coexpression,1010;Enrichr Queries,1079;GTEx Coexpression,695	NCOA2,MYO1B
gene_set_query	778	E2F2	709.7	ARCHS4 Coexpression,845;Enrichr Queries,727;GTEx Coexpression,557	SLC25A15
gene_set_query	779	ZNF414	710.0	ARCHS4 Coexpression,567;Enrichr Queries,191;GTEx Coexpression,1372	S100A6,GADD45G
gene_set_query	780	ZNF135	711.0	ARCHS4 Coexpression,63;Enrichr Queries,872;GTEx Coexpression,1198	PES1,ARRDC3
gene_set_query	781	ZBTB46	711.3	ARCHS4 Coexpression,480;Enrichr Queries,677;GTEx Coexpression,977	MYO1B
gene_set_query	782	ZBTB7A	711.6	ARCHS4 Coexpression,1423;ENCODE ChIP-seq,45;Enrichr Queries,1075;ReMap ChIP-seq,203;GTEx Coexpression,812	SLC25A15,P3H4,SOD2
gene_set_query	783	TRPS1	711.7	ARCHS4 Coexpression,1522;Enrichr Queries,530;GTEx Coexpression,83	ARRDC3
gene_set_query	784	AHCTF1	712.3	ARCHS4 Coexpression,262;Enrichr Queries,937;GTEx Coexpression,938	NCOA2
gene_set_query	785	ZNF853	712.5	ARCHS4 Coexpression,1416;GTEx Coexpression,9	FSD1L,ZSWIM9
gene_set_query	786	ZSCAN9	712.5	ARCHS4 Coexpression,114;GTEx Coexpression,1311	FSD1L
gene_set_query	787	ZNF579	712.7	ARCHS4 Coexpression,1037;Enrichr Queries,81;GTEx Coexpression,1020	S100A6,GADD45G
gene_set_query	788	ZNF790	713.0	ARCHS4 Coexpression,1002;Enrichr Queries,758;GTEx Coexpression,379	ARRDC3
gene_set_query	789	MLXIP	713.3	ARCHS4 Coexpression,1106;Enrichr Queries,731;GTEx Coexpression,303	ARRDC3
gene_set_query	790	FOXJ3	714.7	ARCHS4 Coexpression,852;Enrichr Queries,680;GTEx Coexpression,612	OGA
gene_set_query	791	TCF7L2	714.7	Literature ChIP-seq,93;ARCHS4 Coexpression,1499;ENCODE ChIP-seq,14;Enrichr Queries,1166;ReMap ChIP-seq,128;GTEx Coexpression,1388	MYO1B,S100A6,OGA,P3H4,GADD45G,JMJD6
gene_set_query	792	MLXIPL	714.7	ARCHS4 Coexpression,1032;Enrichr Queries,457;GTEx Coexpression,655	GADD45G
gene_set_query	793	ZNF814	715.0	ARCHS4 Coexpression,12;GTEx Coexpression,1418	PES1,ATP9B
gene_set_query	794	NPAS2	715.3	ARCHS4 Coexpression,1014;Enrichr Queries,318;GTEx Coexpression,814	MYO1B
gene_set_query	795	FOXP3	715.5	Literature ChIP-seq,52;ARCHS4 Coexpression,1097;Enrichr Queries,844;GTEx Coexpression,869	PES1,OGA,P3H4
gene_set_query	796	HNF1B	715.7	ARCHS4 Coexpression,644;Enrichr Queries,1245;ReMap ChIP-seq,258	
gene_set_query	797	ETV5	716.0	ARCHS4 Coexpression,702;Enrichr Queries,534;GTEx Coexpression,912	S100A6
gene_set_query	798	ZBTB34	716.0	ARCHS4 Coexpression,906;Enrichr Queries,696;GTEx Coexpression,546	ARRDC3
gene_set_query	799	ZNF91	716.0	ARCHS4 Coexpression,6;Enrichr Queries,1286;GTEx Coexpression,856	FSD1L,PES1,ATP9B
gene_set_query	800	KLF3	716.0	ARCHS4 Coexpression,1228;Enrichr Queries,720;ReMap ChIP-seq,273;GTEx Coexpression,643	ARRDC3
gene_set_query	801	E2F5	716.5	ARCHS4 Coexpression,1301;Enrichr Queries,1230;ReMap ChIP-seq,67;GTEx Coexpression,268	EEF2K,ARRDC3
gene_set_query	802	ZNF341	716.7	ARCHS4 Coexpression,716;Enrichr Queries,865;GTEx Coexpression,569	
gene_set_query	803	ISX	718.7	ARCHS4 Coexpression,987;Enrichr Queries,858;GTEx Coexpression,311	
gene_set_query	804	ZNF547	719.0	ARCHS4 Coexpression,1227;Enrichr Queries,248;GTEx Coexpression,682	ARRDC3,JMJD6
gene_set_query	805	TCFL5	719.3	ARCHS4 Coexpression,76;Enrichr Queries,1194;GTEx Coexpression,888	PES1
gene_set_query	806	ZXDB	719.3	ARCHS4 Coexpression,1445;Enrichr Queries,627;GTEx Coexpression,86	SLC25A15,ARRDC3
gene_set_query	807	ZNF468	719.7	ARCHS4 Coexpression,1437;Enrichr Queries,348;GTEx Coexpression,374	ARRDC3
gene_set_query	808	LMX1A	719.7	ARCHS4 Coexpression,898;Enrichr Queries,1140;GTEx Coexpression,121	MBTPS1
gene_set_query	809	STAT4	721.5	Literature ChIP-seq,119;ARCHS4 Coexpression,964;Enrichr Queries,1068;GTEx Coexpression,735	GADD45G
gene_set_query	810	CREBL2	722.0	ARCHS4 Coexpression,1417;Enrichr Queries,670;GTEx Coexpression,79	C2CD2,ARRDC3
gene_set_query	811	XPA	722.3	ARCHS4 Coexpression,704;Enrichr Queries,164;GTEx Coexpression,1299	ARRDC3,GADD45G
gene_set_query	812	ZNF724	723.5	ARCHS4 Coexpression,850;GTEx Coexpression,597	
gene_set_query	813	ZNF281	723.7	ARCHS4 Coexpression,1387;Enrichr Queries,26;GTEx Coexpression,758	ARRDC3,S100A6,SOD2
gene_set_query	814	ZNF366	723.7	ARCHS4 Coexpression,832;Enrichr Queries,1244;GTEx Coexpression,95	TSPAN14
gene_set_query	815	TIGD7	725.0	ARCHS4 Coexpression,1440;Enrichr Queries,79;GTEx Coexpression,656	ARRDC3,GADD45G
gene_set_query	816	EBF1	725.6	ARCHS4 Coexpression,553;ENCODE ChIP-seq,98;Enrichr Queries,1276;ReMap ChIP-seq,137;GTEx Coexpression,1564	SLC25A15,TSPAN14,PES1,S100A6
gene_set_query	817	TBX4	725.7	ARCHS4 Coexpression,836;Enrichr Queries,1209;GTEx Coexpression,132	MYO1B
gene_set_query	818	THAP11	725.8	Literature ChIP-seq,140;ARCHS4 Coexpression,1580;Enrichr Queries,803;ReMap ChIP-seq,147;GTEx Coexpression,959	MBTPS1,S100A6
gene_set_query	819	ZNF256	726.0	ARCHS4 Coexpression,1407;Enrichr Queries,580;GTEx Coexpression,191	EEF2K,ARRDC3
gene_set_query	820	ZNF732	726.0	ARCHS4 Coexpression,966;GTEx Coexpression,486	
gene_set_query	821	HDX	727.7	ARCHS4 Coexpression,85;Enrichr Queries,664;GTEx Coexpression,1434	FSD1L,ARRDC3
gene_set_query	822	ZNF850	728.0	ARCHS4 Coexpression,1083;GTEx Coexpression,373	
gene_set_query	823	NEUROG3	728.7	ARCHS4 Coexpression,481;Enrichr Queries,342;GTEx Coexpression,1363	GADD45G
gene_set_query	824	NKRF	729.0	ARCHS4 Coexpression,442;Enrichr Queries,1053;GTEx Coexpression,692	PES1
gene_set_query	825	GLI3	729.3	ARCHS4 Coexpression,786;Enrichr Queries,1296;GTEx Coexpression,106	EEF2K
gene_set_query	826	LHX3	730.3	ARCHS4 Coexpression,747;Enrichr Queries,1352;GTEx Coexpression,92	MBTPS1
gene_set_query	827	PAX9	730.7	ARCHS4 Coexpression,560;Enrichr Queries,1256;GTEx Coexpression,376	
gene_set_query	828	ZBTB20	730.7	ARCHS4 Coexpression,236;Enrichr Queries,407;GTEx Coexpression,1549	PES1,ARRDC3
gene_set_query	829	ZNF382	731.0	ARCHS4 Coexpression,259;Enrichr Queries,1287;GTEx Coexpression,647	ATP9B
gene_set_query	830	CREB3L1	732.3	ARCHS4 Coexpression,1603;Enrichr Queries,95;ReMap ChIP-seq,276;GTEx Coexpression,955	S100A6,GADD45G
gene_set_query	831	PAX8	732.3	ARCHS4 Coexpression,1127;Enrichr Queries,926;ReMap ChIP-seq,201;GTEx Coexpression,675	C2CD2
gene_set_query	832	ZNF770	732.7	ARCHS4 Coexpression,1126;Enrichr Queries,335;GTEx Coexpression,737	ARRDC3
gene_set_query	833	ZNF282	732.7	ARCHS4 Coexpression,354;Enrichr Queries,920;GTEx Coexpression,924	PES1
gene_set_query	834	ZNF85	733.0	ARCHS4 Coexpression,137;Enrichr Queries,812;GTEx Coexpression,1250	SLC25A15,PES1
gene_set_query	835	ZIM3	734.0	ARCHS4 Coexpression,660;Enrichr Queries,1034;GTEx Coexpression,508	
gene_set_query	836	ZNF398	734.0	ARCHS4 Coexpression,842;Enrichr Queries,928;GTEx Coexpression,432	
gene_set_query	837	PRR12	734.3	ARCHS4 Coexpression,1198;Enrichr Queries,891;GTEx Coexpression,114	EEF2K
gene_set_query	838	ETV1	734.5	ARCHS4 Coexpression,1471;Enrichr Queries,1041;ReMap ChIP-seq,134;GTEx Coexpression,292	P3H4,JMJD6
gene_set_query	839	GLI1	734.8	Literature ChIP-seq,159;ARCHS4 Coexpression,684;Enrichr Queries,1127;GTEx Coexpression,969	
gene_set_query	840	MYCL	735.0	ARCHS4 Coexpression,865;GTEx Coexpression,605	
gene_set_query	841	BNC1	735.7	ARCHS4 Coexpression,452;Enrichr Queries,1132;GTEx Coexpression,623	MYO1B
gene_set_query	842	GTF2I	736.0	ARCHS4 Coexpression,736	
gene_set_query	843	ZNF18	736.3	ARCHS4 Coexpression,1125;Enrichr Queries,190;GTEx Coexpression,894	ARRDC3,GADD45G
gene_set_query	844	NEUROD2	736.8	Literature ChIP-seq,127;ARCHS4 Coexpression,1030;Enrichr Queries,1205;GTEx Coexpression,585	PES1
gene_set_query	845	HOXA5	737.0	ARCHS4 Coexpression,1116;Enrichr Queries,1067;GTEx Coexpression,28	C2CD2
gene_set_query	846	ZBTB25	737.0	ARCHS4 Coexpression,1470;Enrichr Queries,548;GTEx Coexpression,193	ARRDC3,OGA
gene_set_query	847	ZNF711	737.0	ARCHS4 Coexpression,94;Enrichr Queries,1113;GTEx Coexpression,1004	FSD1L
gene_set_query	848	ZFPM2	737.7	ARCHS4 Coexpression,415;Enrichr Queries,1251;GTEx Coexpression,547	ATP9B
gene_set_query	849	ZNF680	737.7	ARCHS4 Coexpression,1475;Enrichr Queries,636;GTEx Coexpression,102	FSD1L,ARRDC3
gene_set_query	850	ZNF878	738.0	ARCHS4 Coexpression,610;GTEx Coexpression,866	
gene_set_query	851	YBX3	738.5	ARCHS4 Coexpression,526;GTEx Coexpression,951	
gene_set_query	852	ZNF430	738.7	ARCHS4 Coexpression,214;Enrichr Queries,1312;GTEx Coexpression,690	PES1
gene_set_query	853	BATF2	739.0	ARCHS4 Coexpression,601;Enrichr Queries,364;GTEx Coexpression,1252	SOD2
gene_set_query	854	NFIC	739.4	ARCHS4 Coexpression,1412;ENCODE ChIP-seq,4;Enrichr Queries,1126;ReMap ChIP-seq,87;GTEx Coexpression,1068	TSPAN14,MYO1B,EEF2K,OGA,JMJD6,GADD45G
gene_set_query	855	ZNF462	739.7	ARCHS4 Coexpression,1100;Enrichr Queries,585;GTEx Coexpression,534	MYO1B
gene_set_query	856	FOXD2	740.0	ARCHS4 Coexpression,903;Enrichr Queries,1058;GTEx Coexpression,259	S100A6
gene_set_query	857	E4F1	741.3	Literature ChIP-seq,163;ARCHS4 Coexpression,470;Enrichr Queries,786;GTEx Coexpression,1546	PES1,GADD45G
gene_set_query	858	TCF12	741.4	ARCHS4 Coexpression,1256;ENCODE ChIP-seq,24;Enrichr Queries,725;ReMap ChIP-seq,102;GTEx Coexpression,1600	NCOA2,TSPAN14,S100A6,ATP9B,JMJD6,GADD45G
gene_set_query	859	ZNF566	741.7	ARCHS4 Coexpression,1328;Enrichr Queries,545;GTEx Coexpression,352	ARRDC3
gene_set_query	860	ZNF45	742.3	ARCHS4 Coexpression,516;Enrichr Queries,1102;GTEx Coexpression,609	
gene_set_query	861	ZNF280A	743.0	ARCHS4 Coexpression,1062;Enrichr Queries,1115;GTEx Coexpression,52	C2CD2
gene_set_query	862	E2F3	743.0	ARCHS4 Coexpression,576;Enrichr Queries,1164;GTEx Coexpression,489	
gene_set_query	863	HOXD10	744.0	ARCHS4 Coexpression,91;Enrichr Queries,1131;GTEx Coexpression,1010	PES1
gene_set_query	864	ZBTB39	744.3	ARCHS4 Coexpression,615;Enrichr Queries,922;GTEx Coexpression,696	
gene_set_query	865	TBX10	744.7	ARCHS4 Coexpression,779;Enrichr Queries,403;GTEx Coexpression,1052	S100A6
gene_set_query	866	GBX2	745.5	Literature ChIP-seq,59;ARCHS4 Coexpression,1031;Enrichr Queries,310;GTEx Coexpression,1582	NCOA2,GADD45G
gene_set_query	867	ZNF763	746.0	ARCHS4 Coexpression,373;Enrichr Queries,716;GTEx Coexpression,1149	PES1,ARRDC3
gene_set_query	868	TBX21	746.3	ARCHS4 Coexpression,1295;Enrichr Queries,869;ReMap ChIP-seq,117;GTEx Coexpression,704	TSPAN14,S100A6
gene_set_query	869	ZNF713	746.3	ARCHS4 Coexpression,1448;Enrichr Queries,568;GTEx Coexpression,223	FSD1L,ARRDC3
gene_set_query	870	SMYD3	747.0	ARCHS4 Coexpression,1129;GTEx Coexpression,365	
gene_set_query	871	DMRTB1	747.3	ARCHS4 Coexpression,1017;Enrichr Queries,321;GTEx Coexpression,904	GADD45G
gene_set_query	872	ZBED2	748.0	ARCHS4 Coexpression,529;Enrichr Queries,1154;GTEx Coexpression,561	
gene_set_query	873	ZNF768	748.3	ARCHS4 Coexpression,433;Enrichr Queries,297;GTEx Coexpression,1515	TSPAN14,PES1
gene_set_query	874	ZBTB47	748.7	ARCHS4 Coexpression,1086;Enrichr Queries,1152;GTEx Coexpression,8	FSD1L,ZSWIM9
gene_set_query	875	PBX1	749.8	Literature ChIP-seq,133;ARCHS4 Coexpression,724;Enrichr Queries,1116;GTEx Coexpression,1026	MYO1B
gene_set_query	876	ZNF783	750.7	ARCHS4 Coexpression,456;Enrichr Queries,972;GTEx Coexpression,824	NCOA2
gene_set_query	877	ZNF211	751.0	ARCHS4 Coexpression,16;Enrichr Queries,754;GTEx Coexpression,1483	PES1,ARRDC3
gene_set_query	878	MYF6	751.3	ARCHS4 Coexpression,769;Enrichr Queries,399;GTEx Coexpression,1086	GADD45G
gene_set_query	879	ZNF532	752.3	ARCHS4 Coexpression,629;Enrichr Queries,1177;GTEx Coexpression,451	
gene_set_query	880	ASCL4	752.3	ARCHS4 Coexpression,183;Enrichr Queries,1301;GTEx Coexpression,773	ATP9B
gene_set_query	881	TGIF2	752.8	ARCHS4 Coexpression,808;Enrichr Queries,1328;ReMap ChIP-seq,46;GTEx Coexpression,829	MYO1B,P3H4,JMJD6
gene_set_query	882	ZNF273	753.3	ARCHS4 Coexpression,1313;Enrichr Queries,781;GTEx Coexpression,166	SLC25A15,EEF2K
gene_set_query	883	ZNF473	754.7	ARCHS4 Coexpression,911;Enrichr Queries,312;GTEx Coexpression,1041	SLC25A15
gene_set_query	884	ZNF66	755.0	ARCHS4 Coexpression,943;GTEx Coexpression,567	
gene_set_query	885	CREB3L2	755.3	ARCHS4 Coexpression,1048;Enrichr Queries,1186;GTEx Coexpression,32	MBTPS1
gene_set_query	886	ZNF41	755.3	ARCHS4 Coexpression,348;Enrichr Queries,671;GTEx Coexpression,1247	NCOA2
gene_set_query	887	ZNF664	755.7	ARCHS4 Coexpression,1329;Enrichr Queries,863;GTEx Coexpression,75	FSD1L
gene_set_query	888	NAIF1	756.5	ARCHS4 Coexpression,1022;GTEx Coexpression,491	
gene_set_query	889	ARX	757.7	ARCHS4 Coexpression,404;Enrichr Queries,420;GTEx Coexpression,1449	ARRDC3,GADD45G
gene_set_query	890	ZNF674	757.7	ARCHS4 Coexpression,1422;Enrichr Queries,279;GTEx Coexpression,572	OGA
gene_set_query	891	TCF21	758.5	Literature ChIP-seq,131;ARCHS4 Coexpression,1076;Enrichr Queries,1124;GTEx Coexpression,703	JMJD6
gene_set_query	892	ZNF621	759.3	ARCHS4 Coexpression,271;Enrichr Queries,783;GTEx Coexpression,1224	EEF2K,ATP9B
gene_set_query	893	BARX2	759.7	ARCHS4 Coexpression,744;Enrichr Queries,600;GTEx Coexpression,935	GADD45G
gene_set_query	894	WT1	760.3	Literature ChIP-seq,15;ARCHS4 Coexpression,1303;Enrichr Queries,480;GTEx Coexpression,1243	NCOA2,MYO1B,EEF2K,OGA,GADD45G
gene_set_query	895	NEUROD4	762.7	ARCHS4 Coexpression,1578;Enrichr Queries,576;GTEx Coexpression,134	MBTPS1,GADD45G
gene_set_query	896	KLF15	763.0	ARCHS4 Coexpression,544;Enrichr Queries,140;GTEx Coexpression,1605	ARRDC3,GADD45G
gene_set_query	897	ZNF319	763.3	ARCHS4 Coexpression,1151;Enrichr Queries,837;GTEx Coexpression,302	
gene_set_query	898	SOX6	763.5	ARCHS4 Coexpression,225;Enrichr Queries,1062;ReMap ChIP-seq,286;GTEx Coexpression,1481	PES1
gene_set_query	899	ELF4	763.7	ARCHS4 Coexpression,866;Enrichr Queries,603;GTEx Coexpression,822	S100A6
gene_set_query	900	ZNF774	764.7	ARCHS4 Coexpression,115;Enrichr Queries,899;GTEx Coexpression,1280	ATP9B
gene_set_query	901	ZBED1	765.0	ARCHS4 Coexpression,1392;Enrichr Queries,69;ReMap ChIP-seq,86;GTEx Coexpression,1513	ARRDC3,S100A6,SOD2,JMJD6
gene_set_query	902	MEF2C	765.4	ARCHS4 Coexpression,1178;ENCODE ChIP-seq,118;Enrichr Queries,1315;ReMap ChIP-seq,268;GTEx Coexpression,948	
gene_set_query	903	ZBTB38	766.0	ARCHS4 Coexpression,488;Enrichr Queries,482;GTEx Coexpression,1328	ARRDC3
gene_set_query	904	MBNL2	766.3	ARCHS4 Coexpression,768;Enrichr Queries,127;GTEx Coexpression,1404	ARRDC3,S100A6
gene_set_query	905	ZNF326	766.7	ARCHS4 Coexpression,1272;Enrichr Queries,797;GTEx Coexpression,231	MYO1B,FSD1L
gene_set_query	906	AIRE	767.0	ARCHS4 Coexpression,532;Enrichr Queries,349;GTEx Coexpression,1420	S100A6
gene_set_query	907	ZNF230	768.0	ARCHS4 Coexpression,868;Enrichr Queries,742;GTEx Coexpression,694	ARRDC3
gene_set_query	908	ZNF646	768.0	ARCHS4 Coexpression,759;Enrichr Queries,969;GTEx Coexpression,576	
gene_set_query	909	ZBTB6	768.3	ARCHS4 Coexpression,616;Enrichr Queries,459;GTEx Coexpression,1230	ARRDC3
gene_set_query	910	ZNF595	769.5	ARCHS4 Coexpression,1240;Enrichr Queries,299	ARRDC3
gene_set_query	911	ZNF714	769.7	ARCHS4 Coexpression,1600;Enrichr Queries,397;GTEx Coexpression,312	SLC25A15
gene_set_query	912	ZNF408	770.0	ARCHS4 Coexpression,370;Enrichr Queries,633;GTEx Coexpression,1307	PES1,ARRDC3
gene_set_query	913	ZNF212	770.0	ARCHS4 Coexpression,949;Enrichr Queries,866;GTEx Coexpression,495	
gene_set_query	914	ZNF134	770.3	ARCHS4 Coexpression,1539;Enrichr Queries,387;GTEx Coexpression,385	ARRDC3
gene_set_query	915	SNAPC2	770.5	ARCHS4 Coexpression,364;GTEx Coexpression,1177	PES1
gene_set_query	916	BORCS8MEF2B	771.0	ARCHS4 Coexpression,771	
gene_set_query	917	ZNF780B	772.3	ARCHS4 Coexpression,159;Enrichr Queries,756;GTEx Coexpression,1402	ARRDC3,ATP9B
gene_set_query	918	ZNF524	772.7	ARCHS4 Coexpression,1108;Enrichr Queries,73;GTEx Coexpression,1137	S100A6,GADD45G
gene_set_query	919	SOX15	773.3	ARCHS4 Coexpression,946;Enrichr Queries,517;GTEx Coexpression,857	S100A6
gene_set_query	920	ZNF385D	774.0	ARCHS4 Coexpression,1146;Enrichr Queries,834;GTEx Coexpression,342	
gene_set_query	921	ZFP69B	774.0	ARCHS4 Coexpression,1136;GTEx Coexpression,412	
gene_set_query	922	KLF16	775.3	ARCHS4 Coexpression,238;Enrichr Queries,931;GTEx Coexpression,1157	PES1
gene_set_query	923	LHX2	775.5	ARCHS4 Coexpression,1261;Enrichr Queries,338;ReMap ChIP-seq,164;GTEx Coexpression,1339	ARRDC3,GADD45G
gene_set_query	924	GFI1	776.3	ARCHS4 Coexpression,582;Enrichr Queries,861;GTEx Coexpression,886	
gene_set_query	925	NACC2	776.5	ARCHS4 Coexpression,1530;GTEx Coexpression,23	ZSWIM9
gene_set_query	926	GPBP1	777.0	ARCHS4 Coexpression,1208;GTEx Coexpression,346	
gene_set_query	927	ZNF558	777.0	ARCHS4 Coexpression,1336;Enrichr Queries,499;GTEx Coexpression,496	ARRDC3
gene_set_query	928	ZNF586	777.7	ARCHS4 Coexpression,1503;Enrichr Queries,9;GTEx Coexpression,821	MBTPS1,SLC25A15,C2CD2,JMJD6
gene_set_query	929	NHLH2	779.3	ARCHS4 Coexpression,831;Enrichr Queries,1104;GTEx Coexpression,403	
gene_set_query	930	MYRFL	780.0	ARCHS4 Coexpression,520;GTEx Coexpression,1040	
gene_set_query	931	ZNF469	780.5	ARCHS4 Coexpression,1537;GTEx Coexpression,24	P3H4
gene_set_query	932	THAP10	780.7	ARCHS4 Coexpression,982;Enrichr Queries,1187;GTEx Coexpression,173	FSD1L
gene_set_query	933	ZFHX2	781.0	ARCHS4 Coexpression,695;Enrichr Queries,651;GTEx Coexpression,997	GADD45G
gene_set_query	934	ZNF561	781.3	ARCHS4 Coexpression,1243;Enrichr Queries,98;GTEx Coexpression,1003	TSPAN14,ARRDC3
gene_set_query	935	SPIB	782.3	ARCHS4 Coexpression,1150;Enrichr Queries,854;ReMap ChIP-seq,279;GTEx Coexpression,846	
gene_set_query	936	HMGA2	782.7	ARCHS4 Coexpression,1274;Enrichr Queries,1010;GTEx Coexpression,64	P3H4
gene_set_query	937	FAM200B	783.0	ARCHS4 Coexpression,339;GTEx Coexpression,1227	PES1
gene_set_query	938	ZNF487	783.7	ARCHS4 Coexpression,268;Enrichr Queries,528;GTEx Coexpression,1555	PES1,ARRDC3
gene_set_query	939	ZNF669	784.0	ARCHS4 Coexpression,1557;Enrichr Queries,475;GTEx Coexpression,320	ARRDC3
gene_set_query	940	ZIK1	784.7	ARCHS4 Coexpression,1477;Enrichr Queries,437;GTEx Coexpression,440	SLC25A15
gene_set_query	941	ZNF707	784.7	ARCHS4 Coexpression,681;Enrichr Queries,238;GTEx Coexpression,1435	ARRDC3,GADD45G
gene_set_query	942	PKNOX1	786.5	ARCHS4 Coexpression,1029;Enrichr Queries,1091;ReMap ChIP-seq,163;GTEx Coexpression,863	JMJD6
gene_set_query	943	KLF12	786.7	ARCHS4 Coexpression,250;Enrichr Queries,606;GTEx Coexpression,1504	ARRDC3,OGA
gene_set_query	944	MXD3	787.3	ARCHS4 Coexpression,980;Enrichr Queries,672;GTEx Coexpression,710	SLC25A15
gene_set_query	945	ZNF114	788.0	ARCHS4 Coexpression,1349;Enrichr Queries,586;GTEx Coexpression,429	SLC25A15
gene_set_query	946	ZNF549	788.3	ARCHS4 Coexpression,474;Enrichr Queries,1374;GTEx Coexpression,517	ATP9B
gene_set_query	947	ZNF791	789.3	ARCHS4 Coexpression,1185;Enrichr Queries,400;GTEx Coexpression,783	ARRDC3
gene_set_query	948	NR1I3	789.3	ARCHS4 Coexpression,897;Enrichr Queries,1061;GTEx Coexpression,410	
gene_set_query	949	USF2	789.8	ARCHS4 Coexpression,1190;ENCODE ChIP-seq,28;Enrichr Queries,1024;ReMap ChIP-seq,118;GTEx Coexpression,1589	EEF2K,PES1,S100A6,GADD45G,JMJD6
gene_set_query	950	REPIN1	790.0	ARCHS4 Coexpression,197;Enrichr Queries,1200;GTEx Coexpression,973	PES1
gene_set_query	951	ZFY	790.0	ARCHS4 Coexpression,856;Enrichr Queries,275;GTEx Coexpression,1239	ARRDC3
gene_set_query	952	TIGD3	790.3	ARCHS4 Coexpression,676;Enrichr Queries,749;GTEx Coexpression,946	GADD45G
gene_set_query	953	SAFB	790.5	ARCHS4 Coexpression,283;GTEx Coexpression,1298	PES1
gene_set_query	954	ZNF625	790.7	ARCHS4 Coexpression,170;Enrichr Queries,1204;GTEx Coexpression,998	PES1
gene_set_query	955	HNF1A	790.7	ARCHS4 Coexpression,932;Enrichr Queries,970;GTEx Coexpression,470	
gene_set_query	956	ZEB1	790.8	ARCHS4 Coexpression,846;ENCODE ChIP-seq,92;Enrichr Queries,1201;ReMap ChIP-seq,209;GTEx Coexpression,1606	P3H4
gene_set_query	957	NKX12	791.5	ARCHS4 Coexpression,925;GTEx Coexpression,658	
gene_set_query	958	ISL2	793.7	ARCHS4 Coexpression,185;Enrichr Queries,1351;GTEx Coexpression,845	PES1
gene_set_query	959	TBX19	793.7	ARCHS4 Coexpression,1253;Enrichr Queries,993;GTEx Coexpression,135	MBTPS1
gene_set_query	960	YBX2	794.0	ARCHS4 Coexpression,1160;Enrichr Queries,195;GTEx Coexpression,1027	S100A6,GADD45G
gene_set_query	961	SOX1	794.0	ARCHS4 Coexpression,839;Enrichr Queries,268;GTEx Coexpression,1275	GADD45G
gene_set_query	962	PRDM14	794.6	Literature ChIP-seq,20;ARCHS4 Coexpression,1296;Enrichr Queries,1298;ReMap ChIP-seq,104;GTEx Coexpression,1255	NCOA2,TSPAN14,EEF2K,ARRDC3,S100A6,P3H4,SOD2
gene_set_query	963	RFX4	794.7	ARCHS4 Coexpression,548;Enrichr Queries,1284;GTEx Coexpression,552	
gene_set_query	964	ZNF512	795.3	ARCHS4 Coexpression,1102;Enrichr Queries,35;GTEx Coexpression,1249	MYO1B,TSPAN14,ARRDC3
gene_set_query	965	MTERF2	796.0	ARCHS4 Coexpression,149;GTEx Coexpression,1443	PES1
gene_set_query	966	BAZ2A	796.3	ARCHS4 Coexpression,543;Enrichr Queries,789;GTEx Coexpression,1057	NCOA2
gene_set_query	967	HOXA9	796.8	ARCHS4 Coexpression,1506;Enrichr Queries,1228;ReMap ChIP-seq,207;GTEx Coexpression,246	EEF2K,C2CD2
gene_set_query	968	RFX2	797.3	ARCHS4 Coexpression,631;Enrichr Queries,1052;ReMap ChIP-seq,157;GTEx Coexpression,1349	PES1
gene_set_query	969	NFE4	798.0	GTEx Coexpression,798	
gene_set_query	970	ZNF334	798.3	ARCHS4 Coexpression,127;Enrichr Queries,1055;GTEx Coexpression,1213	PES1
gene_set_query	971	TAL2	799.7	ARCHS4 Coexpression,1163;Enrichr Queries,598;GTEx Coexpression,638	GADD45G
gene_set_query	972	ZNF557	800.3	ARCHS4 Coexpression,1104;Enrichr Queries,243;GTEx Coexpression,1054	EEF2K,ARRDC3
gene_set_query	973	HLF	800.3	ARCHS4 Coexpression,1200;Enrichr Queries,1114;GTEx Coexpression,87	FAM149A
gene_set_query	974	DNMT1	802.0	ARCHS4 Coexpression,764;GTEx Coexpression,840	
gene_set_query	975	ZNF648	802.0	ARCHS4 Coexpression,1147;Enrichr Queries,962;GTEx Coexpression,297	
gene_set_query	976	TSC22D1	802.0	ARCHS4 Coexpression,1249;Enrichr Queries,138;GTEx Coexpression,1019	ARRDC3,S100A6
gene_set_query	977	CREB3L4	802.3	ARCHS4 Coexpression,703;Enrichr Queries,176;GTEx Coexpression,1528	S100A6,GADD45G
gene_set_query	978	OLIG2	803.3	Literature ChIP-seq,1;ARCHS4 Coexpression,1451;Enrichr Queries,306;GTEx Coexpression,1455	NCOA2,MYO1B,EEF2K,FSD1L,ARRDC3,ATP9B,FAM149A,GADD45G
gene_set_query	979	FOXD4L4	803.5	ARCHS4 Coexpression,621;GTEx Coexpression,986	
gene_set_query	980	DZIP1	804.0	ARCHS4 Coexpression,600;Enrichr Queries,1016;GTEx Coexpression,796	
gene_set_query	981	ZNF502	805.0	ARCHS4 Coexpression,890;Enrichr Queries,409;GTEx Coexpression,1116	ARRDC3
gene_set_query	982	ZNF438	805.7	ARCHS4 Coexpression,1427;Enrichr Queries,535;GTEx Coexpression,455	S100A6
gene_set_query	983	SIX6	805.7	ARCHS4 Coexpression,902;Enrichr Queries,1377;GTEx Coexpression,138	MBTPS1
gene_set_query	984	RHOXF1	806.3	ARCHS4 Coexpression,938;Enrichr Queries,961;GTEx Coexpression,520	
gene_set_query	985	MSC	808.0	ARCHS4 Coexpression,402;Enrichr Queries,566;GTEx Coexpression,1456	SOD2
gene_set_query	986	ZFHX3	808.7	ARCHS4 Coexpression,417;Enrichr Queries,1027;GTEx Coexpression,982	ATP9B
gene_set_query	987	IRF3	810.2	ARCHS4 Coexpression,1285;ENCODE ChIP-seq,83;Enrichr Queries,1089;ReMap ChIP-seq,76;GTEx Coexpression,1518	NCOA2,ARRDC3,P3H4
gene_set_query	988	MYNN	810.5	ARCHS4 Coexpression,1507;Enrichr Queries,761;ReMap ChIP-seq,172;GTEx Coexpression,802	ARRDC3,JMJD6
gene_set_query	989	NR6A1	811.0	ARCHS4 Coexpression,1038;Enrichr Queries,394;GTEx Coexpression,1001	ARRDC3
gene_set_query	990	MECOM	811.0	Literature ChIP-seq,63;ARCHS4 Coexpression,847;GTEx Coexpression,1523	C2CD2,PES1,GADD45G
gene_set_query	991	STAT5B	811.3	ARCHS4 Coexpression,1341;Enrichr Queries,958;ReMap ChIP-seq,228;GTEx Coexpression,718	JMJD6
gene_set_query	992	ZNF71	811.7	ARCHS4 Coexpression,431;Enrichr Queries,934;GTEx Coexpression,1070	S100A6
gene_set_query	993	SP8	812.0	ARCHS4 Coexpression,1033;Enrichr Queries,1239;GTEx Coexpression,164	EEF2K
gene_set_query	994	VSX1	812.0	ARCHS4 Coexpression,841;Enrichr Queries,1304;GTEx Coexpression,291	
gene_set_query	995	EEA1	812.7	ARCHS4 Coexpression,1109;Enrichr Queries,730;GTEx Coexpression,599	ARRDC3
gene_set_query	996	FOXB1	813.7	ARCHS4 Coexpression,918;Enrichr Queries,1387;GTEx Coexpression,136	FSD1L
gene_set_query	997	ZNF181	813.7	ARCHS4 Coexpression,1415;Enrichr Queries,325;GTEx Coexpression,701	ARRDC3
gene_set_query	998	GATAD2A	814.0	ARCHS4 Coexpression,282;Enrichr Queries,893;GTEx Coexpression,1267	PES1
gene_set_query	999	DPF1	814.0	ARCHS4 Coexpression,1366;Enrichr Queries,478;GTEx Coexpression,598	SLC25A15
gene_set_query	1000	ZNF165	814.3	ARCHS4 Coexpression,502;Enrichr Queries,1080;ReMap ChIP-seq,292;GTEx Coexpression,1383	
gene_set_query	1001	ZBTB4	814.3	ARCHS4 Coexpression,1509;Enrichr Queries,514;GTEx Coexpression,420	ARRDC3
gene_set_query	1002	HIC2	815.7	ARCHS4 Coexpression,950;Enrichr Queries,616;GTEx Coexpression,881	TSPAN14
gene_set_query	1003	AKNA	816.0	ARCHS4 Coexpression,941;Enrichr Queries,839;GTEx Coexpression,668	
gene_set_query	1004	IRF5	817.7	ARCHS4 Coexpression,851;Enrichr Queries,791;GTEx Coexpression,811	S100A6
gene_set_query	1005	ZNF521	818.3	ARCHS4 Coexpression,743;Enrichr Queries,1241;GTEx Coexpression,471	
gene_set_query	1006	SIX4	819.0	ARCHS4 Coexpression,767;Enrichr Queries,453;GTEx Coexpression,1237	ARRDC3
gene_set_query	1007	ZNF207	819.5	ARCHS4 Coexpression,1386;Enrichr Queries,794;ReMap ChIP-seq,83;GTEx Coexpression,1015	TSPAN14,EEF2K,OGA
gene_set_query	1008	RBAK	819.7	ARCHS4 Coexpression,1403;Enrichr Queries,655;GTEx Coexpression,401	ARRDC3
gene_set_query	1009	ZNF354C	819.7	ARCHS4 Coexpression,176;Enrichr Queries,1047;GTEx Coexpression,1236	ARRDC3
gene_set_query	1010	ZNF154	819.7	ARCHS4 Coexpression,37;Enrichr Queries,898;GTEx Coexpression,1524	PES1,ATP9B
gene_set_query	1011	ONECUT2	820.7	ARCHS4 Coexpression,844;Enrichr Queries,1142;GTEx Coexpression,476	
gene_set_query	1012	SOX7	821.0	ARCHS4 Coexpression,1134;Enrichr Queries,1173;GTEx Coexpression,156	TSPAN14
gene_set_query	1013	ZNF543	821.3	ARCHS4 Coexpression,1625;Enrichr Queries,526;GTEx Coexpression,313	ARRDC3
gene_set_query	1014	ZXDC	821.3	ARCHS4 Coexpression,1041;Enrichr Queries,219;GTEx Coexpression,1204	ARRDC3,OGA
gene_set_query	1015	PRDM16	821.5	Literature ChIP-seq,154;ARCHS4 Coexpression,447;Enrichr Queries,1262;GTEx Coexpression,1423	P3H4
gene_set_query	1016	ZMAT4	821.7	ARCHS4 Coexpression,816;Enrichr Queries,1100;GTEx Coexpression,549	
gene_set_query	1017	EN1	821.7	ARCHS4 Coexpression,910;Enrichr Queries,1335;GTEx Coexpression,220	EEF2K
gene_set_query	1018	ZNF541	824.0	ARCHS4 Coexpression,1007;Enrichr Queries,1004;GTEx Coexpression,461	
gene_set_query	1019	MAFA	824.3	ARCHS4 Coexpression,682;Enrichr Queries,494;GTEx Coexpression,1297	GADD45G
gene_set_query	1020	ZIC5	824.7	ARCHS4 Coexpression,534;Enrichr Queries,1163;GTEx Coexpression,777	
gene_set_query	1021	ZNF426	825.3	ARCHS4 Coexpression,1068;Enrichr Queries,640;GTEx Coexpression,768	SOD2
gene_set_query	1022	ZNF740	825.5	ARCHS4 Coexpression,1327;Enrichr Queries,213;ReMap ChIP-seq,282;GTEx Coexpression,1480	EEF2K,ARRDC3
gene_set_query	1023	MYT1L	827.3	ARCHS4 Coexpression,630;Enrichr Queries,919;GTEx Coexpression,933	
gene_set_query	1024	ZNF3	827.3	ARCHS4 Coexpression,970;Enrichr Queries,522;GTEx Coexpression,990	ARRDC3
gene_set_query	1025	ZNF605	829.0	ARCHS4 Coexpression,43;Enrichr Queries,1037;GTEx Coexpression,1407	PES1,ATP9B
gene_set_query	1026	TBXT	829.0	ARCHS4 Coexpression,864;Enrichr Queries,1364;ReMap ChIP-seq,26;GTEx Coexpression,1062	P3H4,GADD45G,JMJD6
gene_set_query	1027	NRL	829.0	ARCHS4 Coexpression,1081;Enrichr Queries,288;GTEx Coexpression,1118	GADD45G
gene_set_query	1028	OVOL1	829.0	ARCHS4 Coexpression,668;Enrichr Queries,903;GTEx Coexpression,916	
gene_set_query	1029	HOXA10	829.0	ARCHS4 Coexpression,247;Enrichr Queries,1046;GTEx Coexpression,1194	PES1
gene_set_query	1030	YBX1	829.3	ARCHS4 Coexpression,449;Enrichr Queries,699;GTEx Coexpression,1340	PES1,S100A6
gene_set_query	1031	ATF7	831.3	ARCHS4 Coexpression,1343;Enrichr Queries,744;ReMap ChIP-seq,27;GTEx Coexpression,1211	NCOA2,TSPAN14,EEF2K,P3H4
gene_set_query	1032	HEYL	831.7	ARCHS4 Coexpression,366;Enrichr Queries,645;GTEx Coexpression,1484	MYO1B,S100A6
gene_set_query	1033	ZNF710	832.0	ARCHS4 Coexpression,559;Enrichr Queries,892;GTEx Coexpression,1045	
gene_set_query	1034	ZNF34	832.3	ARCHS4 Coexpression,749;Enrichr Queries,474;GTEx Coexpression,1274	ARRDC3
gene_set_query	1035	LIN28A	832.5	ARCHS4 Coexpression,531;GTEx Coexpression,1134	
gene_set_query	1036	PROX2	832.7	ARCHS4 Coexpression,264;Enrichr Queries,921;GTEx Coexpression,1313	ATP9B
gene_set_query	1037	CHAMP1	833.0	ARCHS4 Coexpression,448;GTEx Coexpression,1218	PES1
gene_set_query	1038	ZNF655	833.3	ARCHS4 Coexpression,1326;Enrichr Queries,21;GTEx Coexpression,1153	ARRDC3,OGA,SOD2
gene_set_query	1039	FOXC1	833.7	ARCHS4 Coexpression,369;Enrichr Queries,560;GTEx Coexpression,1572	PES1,S100A6
gene_set_query	1040	HOXC4	833.7	ARCHS4 Coexpression,321;Enrichr Queries,637;GTEx Coexpression,1543	PES1,GADD45G
gene_set_query	1041	ZNF620	834.0	ARCHS4 Coexpression,1339;Enrichr Queries,735;GTEx Coexpression,428	SLC25A15
gene_set_query	1042	MYT1	834.3	ARCHS4 Coexpression,1299;Enrichr Queries,780;GTEx Coexpression,424	GADD45G
gene_set_query	1043	FOXN4	834.3	ARCHS4 Coexpression,904;Enrichr Queries,592;GTEx Coexpression,1007	GADD45G
gene_set_query	1044	ZNF155	835.3	ARCHS4 Coexpression,1491;Enrichr Queries,307;GTEx Coexpression,708	ARRDC3
gene_set_query	1045	ZNF555	835.7	ARCHS4 Coexpression,464;Enrichr Queries,775;GTEx Coexpression,1268	PES1,ARRDC3
gene_set_query	1046	ZNF668	835.7	ARCHS4 Coexpression,333;Enrichr Queries,665;GTEx Coexpression,1509	PES1
gene_set_query	1047	ZNF385C	836.0	ARCHS4 Coexpression,1096;Enrichr Queries,946;GTEx Coexpression,466	
gene_set_query	1048	ZNF619	837.0	ARCHS4 Coexpression,1263;Enrichr Queries,596;GTEx Coexpression,652	NCOA2
gene_set_query	1049	RORC	838.3	ARCHS4 Coexpression,1044;Enrichr Queries,628;GTEx Coexpression,843	GADD45G
gene_set_query	1050	PROP1	838.3	ARCHS4 Coexpression,1050;Enrichr Queries,1366;GTEx Coexpression,99	MBTPS1
gene_set_query	1051	TFCP2	838.3	ARCHS4 Coexpression,441;Enrichr Queries,959;GTEx Coexpression,1115	OGA
gene_set_query	1052	L3MBTL3	838.5	ARCHS4 Coexpression,1606;GTEx Coexpression,71	C2CD2
gene_set_query	1053	MESP1	839.0	ARCHS4 Coexpression,1365;Enrichr Queries,87;GTEx Coexpression,1065	S100A6,GADD45G
gene_set_query	1054	ZNF396	840.0	ARCHS4 Coexpression,1269;Enrichr Queries,601;GTEx Coexpression,650	ARRDC3
gene_set_query	1055	TLX2	841.0	ARCHS4 Coexpression,66;Enrichr Queries,1391;GTEx Coexpression,1066	MYO1B,PES1
gene_set_query	1056	PPARA	841.0	ARCHS4 Coexpression,1238;Enrichr Queries,142;GTEx Coexpression,1143	SOD2,GADD45G
gene_set_query	1057	ZNF138	841.0	ARCHS4 Coexpression,1525;Enrichr Queries,410;GTEx Coexpression,588	SLC25A15
gene_set_query	1058	FOXE1	841.7	ARCHS4 Coexpression,996;Enrichr Queries,1135;GTEx Coexpression,394	
gene_set_query	1059	NR1H2	842.3	ARCHS4 Coexpression,1082;Enrichr Queries,932;ReMap ChIP-seq,85;GTEx Coexpression,1270	S100A6,P3H4
gene_set_query	1060	SKOR1	842.5	ARCHS4 Coexpression,985;GTEx Coexpression,700	
gene_set_query	1061	ATMIN	844.7	ARCHS4 Coexpression,233;Enrichr Queries,1022;GTEx Coexpression,1279	MYO1B
gene_set_query	1062	ZNF470	845.0	ARCHS4 Coexpression,168;Enrichr Queries,1025;GTEx Coexpression,1342	ATP9B
gene_set_query	1063	SLC2A4RG	845.0	ARCHS4 Coexpression,1138;Enrichr Queries,285;GTEx Coexpression,1112	S100A6
gene_set_query	1064	ZNF174	845.3	ARCHS4 Coexpression,638;Enrichr Queries,1043;GTEx Coexpression,855	
gene_set_query	1065	ZNF704	846.0	ARCHS4 Coexpression,921;Enrichr Queries,1270;GTEx Coexpression,347	
gene_set_query	1066	ALX4	846.3	ARCHS4 Coexpression,1107;Enrichr Queries,1313;GTEx Coexpression,119	EEF2K
gene_set_query	1067	PLAG1	846.7	ARCHS4 Coexpression,1350;Enrichr Queries,343;GTEx Coexpression,847	ARRDC3
gene_set_query	1068	ZNF146	847.0	ARCHS4 Coexpression,541;Enrichr Queries,976;GTEx Coexpression,1024	
gene_set_query	1069	FOXF2	848.7	ARCHS4 Coexpression,705;Enrichr Queries,1148;GTEx Coexpression,693	
gene_set_query	1070	ZNF32	848.7	ARCHS4 Coexpression,931;Enrichr Queries,96;GTEx Coexpression,1519	S100A6,GADD45G
gene_set_query	1071	ZNF7	850.0	ARCHS4 Coexpression,1067;Enrichr Queries,1014;GTEx Coexpression,469	
gene_set_query	1072	ZNF80	850.3	ARCHS4 Coexpression,944;Enrichr Queries,1275;GTEx Coexpression,332	
gene_set_query	1073	TCF15	851.3	ARCHS4 Coexpression,818;Enrichr Queries,205;GTEx Coexpression,1531	S100A6,GADD45G
gene_set_query	1074	ADNP	852.0	ARCHS4 Coexpression,1055;Enrichr Queries,870;ReMap ChIP-seq,151;GTEx Coexpression,1332	EEF2K
gene_set_query	1075	GRHL3	853.0	ARCHS4 Coexpression,588;Enrichr Queries,1056;GTEx Coexpression,915	
gene_set_query	1076	MEOX1	854.3	ARCHS4 Coexpression,69;Enrichr Queries,1325;GTEx Coexpression,1169	C2CD2
gene_set_query	1077	ZSCAN10	854.7	ARCHS4 Coexpression,734;Enrichr Queries,965;GTEx Coexpression,865	
gene_set_query	1078	ZFP42	854.8	Literature ChIP-seq,135;ARCHS4 Coexpression,1342;Enrichr Queries,618;GTEx Coexpression,1324	SLC25A15
gene_set_query	1079	ZNF343	855.7	ARCHS4 Coexpression,869;Enrichr Queries,785;GTEx Coexpression,913	ARRDC3
gene_set_query	1080	SIX1	856.7	ARCHS4 Coexpression,733;Enrichr Queries,1066;GTEx Coexpression,771	
gene_set_query	1081	ZNF689	857.0	ARCHS4 Coexpression,742;Enrichr Queries,709;GTEx Coexpression,1120	TSPAN14
gene_set_query	1082	PAX3	857.3	ARCHS4 Coexpression,597;Enrichr Queries,1178;GTEx Coexpression,797	
gene_set_query	1083	ZNF682	858.0	ARCHS4 Coexpression,88;Enrichr Queries,1358;GTEx Coexpression,1128	PES1
gene_set_query	1084	ADNP2	859.0	ARCHS4 Coexpression,679;Enrichr Queries,683;GTEx Coexpression,1215	ARRDC3
gene_set_query	1085	ZNF304	859.3	ARCHS4 Coexpression,899;Enrichr Queries,1283;GTEx Coexpression,396	
gene_set_query	1086	HOXB13	859.8	ARCHS4 Coexpression,491;Enrichr Queries,1293;ReMap ChIP-seq,80;GTEx Coexpression,1575	EEF2K,FAM149A
gene_set_query	1087	ZNF385A	860.0	ARCHS4 Coexpression,1324;Enrichr Queries,705;GTEx Coexpression,551	S100A6
gene_set_query	1088	DEAF1	860.5	ARCHS4 Coexpression,1594;Enrichr Queries,1160;ReMap ChIP-seq,169;GTEx Coexpression,519	EEF2K
gene_set_query	1089	FLYWCH1	860.5	ARCHS4 Coexpression,1584;GTEx Coexpression,137	OGA
gene_set_query	1090	ZNF684	861.7	ARCHS4 Coexpression,1168;Enrichr Queries,200;GTEx Coexpression,1217	SLC25A15,ARRDC3
gene_set_query	1091	ESRRG	863.3	ARCHS4 Coexpression,304;Enrichr Queries,880;GTEx Coexpression,1406	PES1
gene_set_query	1092	ZNF670	863.5	ARCHS4 Coexpression,1375;Enrichr Queries,352	ARRDC3
gene_set_query	1093	SCML4	864.3	ARCHS4 Coexpression,1194;Enrichr Queries,855;GTEx Coexpression,544	
gene_set_query	1094	FOSB	865.0	ARCHS4 Coexpression,1314;Enrichr Queries,41;GTEx Coexpression,1240	ARRDC3,S100A6,GADD45G
gene_set_query	1095	CRX	865.3	Literature ChIP-seq,96;ARCHS4 Coexpression,1483;Enrichr Queries,1233;GTEx Coexpression,649	PES1
gene_set_query	1096	ZNF507	866.3	ARCHS4 Coexpression,1277;Enrichr Queries,317;GTEx Coexpression,1005	NCOA2
gene_set_query	1097	LHX5	866.7	ARCHS4 Coexpression,968;Enrichr Queries,1314;GTEx Coexpression,318	
gene_set_query	1098	ZNF440	868.0	ARCHS4 Coexpression,1241;Enrichr Queries,485;GTEx Coexpression,878	ARRDC3
gene_set_query	1099	ZNF582	868.3	ARCHS4 Coexpression,933;Enrichr Queries,689;GTEx Coexpression,983	ARRDC3
gene_set_query	1100	TIGD6	868.7	ARCHS4 Coexpression,1628;Enrichr Queries,927;GTEx Coexpression,51	PES1
gene_set_query	1101	ISL1	870.7	ARCHS4 Coexpression,740;Enrichr Queries,370;GTEx Coexpression,1502	GADD45G
gene_set_query	1102	ZNF69	872.3	ARCHS4 Coexpression,122;Enrichr Queries,1388;GTEx Coexpression,1107	PES1
gene_set_query	1103	POU6F2	872.7	ARCHS4 Coexpression,357;Enrichr Queries,830;GTEx Coexpression,1431	PES1
gene_set_query	1104	TET1	872.7	Literature ChIP-seq,3;ARCHS4 Coexpression,1306;GTEx Coexpression,1309	MYO1B,EEF2K,C2CD2,OGA,S100A6,SOD2,GADD45G
gene_set_query	1105	ZNF677	872.7	ARCHS4 Coexpression,297;Enrichr Queries,952;GTEx Coexpression,1369	PES1
gene_set_query	1106	ZNF860	873.0	ARCHS4 Coexpression,1224;GTEx Coexpression,522	
gene_set_query	1107	ZNF419	873.7	ARCHS4 Coexpression,1167;Enrichr Queries,393;GTEx Coexpression,1061	ARRDC3
gene_set_query	1108	LBX2	874.7	ARCHS4 Coexpression,814;Enrichr Queries,1070;GTEx Coexpression,740	
gene_set_query	1109	ZNF609	875.0	ARCHS4 Coexpression,530;Enrichr Queries,777;GTEx Coexpression,1318	NCOA2
gene_set_query	1110	ZNF695	875.0	ARCHS4 Coexpression,1444;Enrichr Queries,329;GTEx Coexpression,852	SLC25A15
gene_set_query	1111	TLX1	876.3	ARCHS4 Coexpression,773;Enrichr Queries,1369;GTEx Coexpression,487	
gene_set_query	1112	HIF3A	878.0	ARCHS4 Coexpression,430;Enrichr Queries,1151;GTEx Coexpression,1053	S100A6
gene_set_query	1113	TBPL2	878.0	ARCHS4 Coexpression,1560;GTEx Coexpression,196	EEF2K
gene_set_query	1114	FOXO6	878.0	ARCHS4 Coexpression,973;Enrichr Queries,623;GTEx Coexpression,1038	GADD45G
gene_set_query	1115	ZNF747	879.0	ARCHS4 Coexpression,1259;Enrichr Queries,309;GTEx Coexpression,1069	TSPAN14
gene_set_query	1116	POGK	879.3	ARCHS4 Coexpression,219;Enrichr Queries,975;GTEx Coexpression,1444	PES1
gene_set_query	1117	CCDC17	880.5	ARCHS4 Coexpression,885;GTEx Coexpression,876	
gene_set_query	1118	PRDM9	883.0	ARCHS4 Coexpression,1275;Enrichr Queries,234;GTEx Coexpression,1140	ARRDC3,GADD45G
gene_set_query	1119	HIVEP3	883.3	ARCHS4 Coexpression,540;Enrichr Queries,1092;GTEx Coexpression,1018	
gene_set_query	1120	LIN28B	883.7	ARCHS4 Coexpression,563;Enrichr Queries,1147;GTEx Coexpression,941	
gene_set_query	1121	ZFPM1	884.3	ARCHS4 Coexpression,1229;Enrichr Queries,750;GTEx Coexpression,674	GADD45G
gene_set_query	1122	PURG	885.5	ARCHS4 Coexpression,1052;GTEx Coexpression,719	
gene_set_query	1123	ZNF587B	886.0	ARCHS4 Coexpression,1466;GTEx Coexpression,306	
gene_set_query	1124	ZNF284	886.7	ARCHS4 Coexpression,1447;Enrichr Queries,546;GTEx Coexpression,667	ARRDC3
gene_set_query	1125	ZSCAN22	886.7	ARCHS4 Coexpression,1222;Enrichr Queries,147;GTEx Coexpression,1291	EEF2K,ARRDC3
gene_set_query	1126	NKX23	887.0	ARCHS4 Coexpression,1492;GTEx Coexpression,282	
gene_set_query	1127	ZNF678	887.3	ARCHS4 Coexpression,1519;Enrichr Queries,738;GTEx Coexpression,405	ARRDC3
gene_set_query	1128	SCRT2	887.3	ARCHS4 Coexpression,1117;Enrichr Queries,1072;GTEx Coexpression,473	
gene_set_query	1129	ZBED9	887.5	ARCHS4 Coexpression,916;GTEx Coexpression,859	
gene_set_query	1130	ZNF735	888.5	ARCHS4 Coexpression,1115;GTEx Coexpression,662	
gene_set_query	1131	FOXH1	889.3	ARCHS4 Coexpression,699;Enrichr Queries,910;GTEx Coexpression,1059	
gene_set_query	1132	TFEC	889.7	ARCHS4 Coexpression,406;Enrichr Queries,951;GTEx Coexpression,1312	SOD2
gene_set_query	1133	ZNF706	890.0	ARCHS4 Coexpression,1276;Enrichr Queries,678;GTEx Coexpression,716	S100A6
gene_set_query	1134	NKX24	890.5	ARCHS4 Coexpression,796;GTEx Coexpression,985	
gene_set_query	1135	TFDP3	891.3	ARCHS4 Coexpression,763;Enrichr Queries,936;GTEx Coexpression,975	
gene_set_query	1136	HOXD11	891.3	ARCHS4 Coexpression,407;Enrichr Queries,1346;GTEx Coexpression,921	PES1
gene_set_query	1137	ZNF880	891.5	ARCHS4 Coexpression,195;GTEx Coexpression,1588	PES1
gene_set_query	1138	ZIC4	891.7	ARCHS4 Coexpression,592;Enrichr Queries,1342;GTEx Coexpression,741	
gene_set_query	1139	ZNF234	891.7	ARCHS4 Coexpression,1135;Enrichr Queries,668;GTEx Coexpression,872	ARRDC3
gene_set_query	1140	ZNF280D	892.3	ARCHS4 Coexpression,17;Enrichr Queries,1206;GTEx Coexpression,1454	PES1,ATP9B
gene_set_query	1141	ZSCAN4	892.7	ARCHS4 Coexpression,1281;Enrichr Queries,1222;GTEx Coexpression,175	EEF2K
gene_set_query	1142	HSFY1	893.0	ARCHS4 Coexpression,591;GTEx Coexpression,1195	
gene_set_query	1143	ZNF367	893.3	ARCHS4 Coexpression,1582;Enrichr Queries,336;GTEx Coexpression,762	SLC25A15
gene_set_query	1144	FOXI3	893.5	ARCHS4 Coexpression,1380;GTEx Coexpression,407	
gene_set_query	1145	ZNF875	894.3	ARCHS4 Coexpression,929;Enrichr Queries,774;GTEx Coexpression,980	OGA
gene_set_query	1146	ZKSCAN3	895.7	ARCHS4 Coexpression,1490;Enrichr Queries,806;GTEx Coexpression,391	ARRDC3
gene_set_query	1147	ZSCAN29	896.3	ARCHS4 Coexpression,1143;Enrichr Queries,799;GTEx Coexpression,747	ARRDC3
gene_set_query	1148	ZNF721	896.7	ARCHS4 Coexpression,1505;Enrichr Queries,418;GTEx Coexpression,767	OGA
gene_set_query	1149	OTX2	897.3	ARCHS4 Coexpression,1340;Enrichr Queries,1337;ReMap ChIP-seq,22;GTEx Coexpression,890	TSPAN14,FSD1L,S100A6
gene_set_query	1150	ZNF12	898.7	ARCHS4 Coexpression,1233;Enrichr Queries,368;GTEx Coexpression,1095	ARRDC3
gene_set_query	1151	EN2	900.3	ARCHS4 Coexpression,860;Enrichr Queries,1306;GTEx Coexpression,535	
gene_set_query	1152	ZNF20	900.7	ARCHS4 Coexpression,579;Enrichr Queries,918;GTEx Coexpression,1205	
gene_set_query	1153	ZSCAN5B	902.7	ARCHS4 Coexpression,1284;Enrichr Queries,874;GTEx Coexpression,550	
gene_set_query	1154	RFX8	903.0	ARCHS4 Coexpression,316;GTEx Coexpression,1490	SOD2
gene_set_query	1155	ZBTB9	903.0	ARCHS4 Coexpression,256;Enrichr Queries,980;GTEx Coexpression,1473	PES1
gene_set_query	1156	ZNF785	903.5	ARCHS4 Coexpression,1436;GTEx Coexpression,371	
gene_set_query	1157	ZNF845	904.3	ARCHS4 Coexpression,1591;Enrichr Queries,340;GTEx Coexpression,782	ARRDC3
gene_set_query	1158	POU2F3	904.7	ARCHS4 Coexpression,1546;Enrichr Queries,997;GTEx Coexpression,171	EEF2K
gene_set_query	1159	ZNF628	905.0	ARCHS4 Coexpression,928;Enrichr Queries,822;GTEx Coexpression,965	
gene_set_query	1160	HOXB3	906.0	ARCHS4 Coexpression,867;Enrichr Queries,1260;GTEx Coexpression,591	
gene_set_query	1161	ZNF775	906.0	ARCHS4 Coexpression,1090;Enrichr Queries,435;GTEx Coexpression,1193	GADD45G
gene_set_query	1162	DMRTC2	906.7	ARCHS4 Coexpression,651;Enrichr Queries,1277;GTEx Coexpression,792	
gene_set_query	1163	ZNF324	906.7	ARCHS4 Coexpression,1237;Enrichr Queries,798;GTEx Coexpression,685	ARRDC3
gene_set_query	1164	NFATC3	907.0	ARCHS4 Coexpression,1066;Enrichr Queries,674;GTEx Coexpression,981	MBTPS1
gene_set_query	1165	ZNF391	907.3	ARCHS4 Coexpression,1278;Enrichr Queries,1169;GTEx Coexpression,275	
gene_set_query	1166	TEAD3	907.3	ARCHS4 Coexpression,1073;Enrichr Queries,408;GTEx Coexpression,1241	GADD45G
gene_set_query	1167	ZNF699	907.3	ARCHS4 Coexpression,809;Enrichr Queries,416;GTEx Coexpression,1497	ARRDC3
gene_set_query	1168	LTF	907.5	ARCHS4 Coexpression,843;GTEx Coexpression,972	
gene_set_query	1169	THAP8	908.7	ARCHS4 Coexpression,627;Enrichr Queries,770;GTEx Coexpression,1329	GADD45G
gene_set_query	1170	HEY2	908.7	ARCHS4 Coexpression,692;Enrichr Queries,523;GTEx Coexpression,1511	GADD45G
gene_set_query	1171	DMBX1	909.7	ARCHS4 Coexpression,1332;Enrichr Queries,1356;GTEx Coexpression,41	MBTPS1
gene_set_query	1172	ZNF222	910.0	ARCHS4 Coexpression,1453;Enrichr Queries,516;GTEx Coexpression,761	ARRDC3
gene_set_query	1173	DACH2	910.0	ARCHS4 Coexpression,663;Enrichr Queries,825;GTEx Coexpression,1242	
gene_set_query	1174	SP140	910.3	ARCHS4 Coexpression,1323;Enrichr Queries,846;GTEx Coexpression,562	
gene_set_query	1175	SP9	911.0	ARCHS4 Coexpression,848;GTEx Coexpression,974	
gene_set_query	1176	AEBP2	911.7	ARCHS4 Coexpression,1397;Enrichr Queries,372;GTEx Coexpression,966	ARRDC3
gene_set_query	1177	ZNF813	912.0	ARCHS4 Coexpression,1500;GTEx Coexpression,324	
gene_set_query	1178	ZNF516	912.3	ARCHS4 Coexpression,1056;Enrichr Queries,649;GTEx Coexpression,1032	ARRDC3
gene_set_query	1179	ZNF233	912.7	ARCHS4 Coexpression,252;Enrichr Queries,1076;GTEx Coexpression,1410	ATP9B
gene_set_query	1180	SPDEF	913.3	ARCHS4 Coexpression,647;Enrichr Queries,573;GTEx Coexpression,1520	GADD45G
gene_set_query	1181	HES2	914.3	ARCHS4 Coexpression,992;Enrichr Queries,1085;GTEx Coexpression,666	
gene_set_query	1182	TBX18	914.7	ARCHS4 Coexpression,105;Enrichr Queries,1253;GTEx Coexpression,1386	MYO1B
gene_set_query	1183	ZKSCAN8	915.5	ARCHS4 Coexpression,1008;GTEx Coexpression,823	
gene_set_query	1184	SPIC	917.0	ARCHS4 Coexpression,1026;Enrichr Queries,916;GTEx Coexpression,809	
gene_set_query	1185	SETBP1	918.3	ARCHS4 Coexpression,381;Enrichr Queries,879;GTEx Coexpression,1495	FSD1L
gene_set_query	1186	CXXC1	918.7	ARCHS4 Coexpression,269;Enrichr Queries,949;GTEx Coexpression,1538	PES1
gene_set_query	1187	POU1F1	919.0	ARCHS4 Coexpression,1472;Enrichr Queries,1157;GTEx Coexpression,128	MBTPS1
gene_set_query	1188	ZSCAN1	919.3	ARCHS4 Coexpression,551;Enrichr Queries,956;GTEx Coexpression,1251	
gene_set_query	1189	JRK	920.5	ARCHS4 Coexpression,612;GTEx Coexpression,1229	
gene_set_query	1190	ZNF79	920.7	ARCHS4 Coexpression,518;Enrichr Queries,1088;GTEx Coexpression,1156	
gene_set_query	1191	ZNF100	921.0	ARCHS4 Coexpression,1512;Enrichr Queries,92;GTEx Coexpression,1159	SLC25A15,ARRDC3
gene_set_query	1192	PAX2	921.7	ARCHS4 Coexpression,940;Enrichr Queries,1321;GTEx Coexpression,504	
gene_set_query	1193	KLF14	922.0	ARCHS4 Coexpression,662;Enrichr Queries,1182	
gene_set_query	1194	AHDC1	922.0	ARCHS4 Coexpression,1526;Enrichr Queries,1031;GTEx Coexpression,209	EEF2K
gene_set_query	1195	RHOXF2B	922.3	ARCHS4 Coexpression,915;Enrichr Queries,840;GTEx Coexpression,1012	
gene_set_query	1196	ZNF630	923.0	ARCHS4 Coexpression,424;GTEx Coexpression,1422	PES1
gene_set_query	1197	ZNF335	923.3	ARCHS4 Coexpression,1140;Enrichr Queries,824;ReMap ChIP-seq,297;GTEx Coexpression,1432	
gene_set_query	1198	ATOH7	923.3	ARCHS4 Coexpression,646;Enrichr Queries,1242;GTEx Coexpression,882	
gene_set_query	1199	PRDM13	924.0	ARCHS4 Coexpression,696;Enrichr Queries,1259;GTEx Coexpression,817	
gene_set_query	1200	HSFX2	924.0	ARCHS4 Coexpression,924	
gene_set_query	1201	ZNF74	924.7	ARCHS4 Coexpression,583;Enrichr Queries,1021;GTEx Coexpression,1170	
gene_set_query	1202	ZNF99	924.7	ARCHS4 Coexpression,1515;Enrichr Queries,838;GTEx Coexpression,421	
gene_set_query	1203	HOXD8	925.0	ARCHS4 Coexpression,100;Enrichr Queries,1225;GTEx Coexpression,1450	S100A6
gene_set_query	1204	SOX17	925.3	Literature ChIP-seq,35;ARCHS4 Coexpression,1511;Enrichr Queries,1051;GTEx Coexpression,1104	MYO1B,PES1,ARRDC3,OGA
gene_set_query	1205	ZNF215	925.7	ARCHS4 Coexpression,1225;Enrichr Queries,675;GTEx Coexpression,877	SLC25A15
gene_set_query	1206	ZBTB48	926.0	ARCHS4 Coexpression,854;Enrichr Queries,814;GTEx Coexpression,1110	GADD45G
gene_set_query	1207	ZSCAN16	926.3	ARCHS4 Coexpression,1542;Enrichr Queries,305;GTEx Coexpression,932	ARRDC3
gene_set_query	1208	ZUP1	927.0	ARCHS4 Coexpression,1504;Enrichr Queries,810;GTEx Coexpression,467	ARRDC3
gene_set_query	1209	ZNF639	927.3	ARCHS4 Coexpression,1210;Enrichr Queries,877;ReMap ChIP-seq,77;GTEx Coexpression,1545	S100A6,JMJD6
gene_set_query	1210	HOXB1	927.7	ARCHS4 Coexpression,686;Enrichr Queries,1258;GTEx Coexpression,839	
gene_set_query	1211	ZNF786	927.7	ARCHS4 Coexpression,960;Enrichr Queries,1361;GTEx Coexpression,462	
gene_set_query	1212	ZNF23	928.3	ARCHS4 Coexpression,1372;Enrichr Queries,486;GTEx Coexpression,927	GADD45G
gene_set_query	1213	LHX1	928.5	ARCHS4 Coexpression,557;Enrichr Queries,1300	
gene_set_query	1214	DLX2	928.7	ARCHS4 Coexpression,1121;Enrichr Queries,1038;GTEx Coexpression,627	
gene_set_query	1215	CAMTA2	929.3	ARCHS4 Coexpression,1485;Enrichr Queries,851;GTEx Coexpression,452	
gene_set_query	1216	ZNF30	929.7	ARCHS4 Coexpression,1226;Enrichr Queries,856;GTEx Coexpression,707	
gene_set_query	1217	HOXC6	930.7	ARCHS4 Coexpression,683;Enrichr Queries,613;GTEx Coexpression,1496	S100A6
gene_set_query	1218	ZNF500	930.7	ARCHS4 Coexpression,1581;Enrichr Queries,1009;GTEx Coexpression,202	ATP9B
gene_set_query	1219	DMRT3	931.3	ARCHS4 Coexpression,251;Enrichr Queries,1382;GTEx Coexpression,1161	ARRDC3
gene_set_query	1220	TFAP2B	931.7	ARCHS4 Coexpression,799;Enrichr Queries,1224;GTEx Coexpression,772	
gene_set_query	1221	ZSCAN31	932.0	ARCHS4 Coexpression,1311;GTEx Coexpression,553	
gene_set_query	1222	ATOH8	932.3	ARCHS4 Coexpression,1523;Enrichr Queries,430;GTEx Coexpression,844	GADD45G
gene_set_query	1223	ZNF208	933.0	ARCHS4 Coexpression,496;Enrichr Queries,902;GTEx Coexpression,1401	
gene_set_query	1224	DMRT2	933.0	ARCHS4 Coexpression,539;Enrichr Queries,999;GTEx Coexpression,1261	
gene_set_query	1225	ZNF70	933.3	ARCHS4 Coexpression,1516;Enrichr Queries,914;GTEx Coexpression,370	
gene_set_query	1226	ALX1	933.3	ARCHS4 Coexpression,537;Enrichr Queries,1215;GTEx Coexpression,1048	
gene_set_query	1227	CAMTA1	933.3	ARCHS4 Coexpression,1071;Enrichr Queries,895;GTEx Coexpression,834	
gene_set_query	1228	GCM2	935.3	ARCHS4 Coexpression,523;Enrichr Queries,1336;GTEx Coexpression,947	
gene_set_query	1229	TP73	935.3	ARCHS4 Coexpression,641;Enrichr Queries,1144;GTEx Coexpression,1021	
gene_set_query	1230	ZNF517	937.3	ARCHS4 Coexpression,1061;Enrichr Queries,588;GTEx Coexpression,1163	ARRDC3
gene_set_query	1231	PRDM10	938.3	ARCHS4 Coexpression,1219;Enrichr Queries,701;GTEx Coexpression,895	NCOA2
gene_set_query	1232	TBX22	938.3	ARCHS4 Coexpression,554;Enrichr Queries,1227;GTEx Coexpression,1034	
gene_set_query	1233	HES5	938.7	ARCHS4 Coexpression,729;Enrichr Queries,565;GTEx Coexpression,1522	GADD45G
gene_set_query	1234	ZNF283	939.0	ARCHS4 Coexpression,1458;Enrichr Queries,156;GTEx Coexpression,1203	MYO1B,ARRDC3
gene_set_query	1235	UNCX	940.7	ARCHS4 Coexpression,1141;Enrichr Queries,1347;GTEx Coexpression,334	
gene_set_query	1236	TBX5	941.3	Literature ChIP-seq,70;ARCHS4 Coexpression,1478;Enrichr Queries,1007;GTEx Coexpression,1210	NCOA2,FSD1L,SOD2
gene_set_query	1237	SETDB2	941.3	ARCHS4 Coexpression,1239;Enrichr Queries,258;GTEx Coexpression,1327	ARRDC3,GADD45G
gene_set_query	1238	BARHL2	941.3	ARCHS4 Coexpression,1122;Enrichr Queries,1381;GTEx Coexpression,321	
gene_set_query	1239	PAX4	941.7	ARCHS4 Coexpression,1120;Enrichr Queries,1026;GTEx Coexpression,679	
gene_set_query	1240	GMEB1	942.3	ARCHS4 Coexpression,1316;Enrichr Queries,638;GTEx Coexpression,873	NCOA2
gene_set_query	1241	PGR	942.5	ARCHS4 Coexpression,1119;Enrichr Queries,1129;ReMap ChIP-seq,10;GTEx Coexpression,1512	MBTPS1,TSPAN14,EEF2K,GADD45G
gene_set_query	1242	ZNF629	943.0	ARCHS4 Coexpression,384;Enrichr Queries,1180;GTEx Coexpression,1265	PES1
gene_set_query	1243	ZKSCAN2	944.0	ARCHS4 Coexpression,594;Enrichr Queries,801;GTEx Coexpression,1437	ARRDC3
gene_set_query	1244	MSX2	944.7	ARCHS4 Coexpression,825;Enrichr Queries,1059;GTEx Coexpression,950	
gene_set_query	1245	ZNF77	946.0	ARCHS4 Coexpression,1480;Enrichr Queries,687;GTEx Coexpression,671	ARRDC3
gene_set_query	1246	ZNF365	946.7	ARCHS4 Coexpression,710;Enrichr Queries,1093;GTEx Coexpression,1037	
gene_set_query	1247	ZNF560	947.0	ARCHS4 Coexpression,1294;Enrichr Queries,954;GTEx Coexpression,593	
gene_set_query	1248	ZNF705G	948.5	ARCHS4 Coexpression,394;GTEx Coexpression,1503	ATP9B
gene_set_query	1249	ZNF316	949.3	ARCHS4 Coexpression,1049;Enrichr Queries,688;GTEx Coexpression,1111	GADD45G
gene_set_query	1250	NFATC2	949.7	ARCHS4 Coexpression,1347;Enrichr Queries,1193;GTEx Coexpression,309	
gene_set_query	1251	TFAP2E	949.7	ARCHS4 Coexpression,1528;Enrichr Queries,913;GTEx Coexpression,408	
gene_set_query	1252	NANOGNB	950.5	ARCHS4 Coexpression,760;GTEx Coexpression,1141	
gene_set_query	1253	FOXN1	950.7	ARCHS4 Coexpression,785;Enrichr Queries,1174;GTEx Coexpression,893	
gene_set_query	1254	HESX1	952.7	ARCHS4 Coexpression,1023;Enrichr Queries,950;GTEx Coexpression,885	
gene_set_query	1255	JAZF1	953.0	ARCHS4 Coexpression,1158;Enrichr Queries,128;GTEx Coexpression,1573	MYO1B,ARRDC3
gene_set_query	1256	ZNF551	953.0	ARCHS4 Coexpression,1288;Enrichr Queries,404;GTEx Coexpression,1167	SLC25A15
gene_set_query	1257	DLX5	954.3	ARCHS4 Coexpression,1353;Enrichr Queries,1282;GTEx Coexpression,228	EEF2K
gene_set_query	1258	MIXL1	954.7	ARCHS4 Coexpression,990;Enrichr Queries,1235;GTEx Coexpression,639	
gene_set_query	1259	ZNF497	955.3	ARCHS4 Coexpression,504;Enrichr Queries,1265;GTEx Coexpression,1097	
gene_set_query	1260	TRERF1	955.3	ARCHS4 Coexpression,607;Enrichr Queries,943;GTEx Coexpression,1316	
gene_set_query	1261	ZSCAN2	955.3	ARCHS4 Coexpression,1583;Enrichr Queries,178;GTEx Coexpression,1105	ARRDC3,GADD45G
gene_set_query	1262	DMRTA2	955.7	ARCHS4 Coexpression,726;Enrichr Queries,1234;GTEx Coexpression,907	
gene_set_query	1263	FOXD4L3	958.0	ARCHS4 Coexpression,626;Enrichr Queries,1368;GTEx Coexpression,880	
gene_set_query	1264	TIGD5	958.3	ARCHS4 Coexpression,1089;Enrichr Queries,685;GTEx Coexpression,1101	GADD45G
gene_set_query	1265	ZNF98	960.0	ARCHS4 Coexpression,1312;Enrichr Queries,905;GTEx Coexpression,663	
gene_set_query	1266	DMRTA1	960.7	ARCHS4 Coexpression,1186;Enrichr Queries,561;GTEx Coexpression,1135	GADD45G
gene_set_query	1267	SOX5	960.7	ARCHS4 Coexpression,272;Enrichr Queries,1006;GTEx Coexpression,1604	ARRDC3
gene_set_query	1268	ZNF250	961.7	ARCHS4 Coexpression,1354;Enrichr Queries,163;GTEx Coexpression,1368	ARRDC3,GADD45G
gene_set_query	1269	ZNF530	962.3	ARCHS4 Coexpression,1589;Enrichr Queries,414;GTEx Coexpression,884	SLC25A15
gene_set_query	1270	ZNF597	963.0	ARCHS4 Coexpression,1300;Enrichr Queries,1289;GTEx Coexpression,300	
gene_set_query	1271	PRDM4	963.3	ARCHS4 Coexpression,1455;Enrichr Queries,1071;GTEx Coexpression,364	
gene_set_query	1272	ZNF484	964.0	ARCHS4 Coexpression,1611;Enrichr Queries,597;GTEx Coexpression,684	ARRDC3
gene_set_query	1273	ZNF428	966.3	ARCHS4 Coexpression,1420;Enrichr Queries,100;GTEx Coexpression,1379	S100A6,GADD45G
gene_set_query	1274	FOXI1	966.3	ARCHS4 Coexpression,893;Enrichr Queries,1264;GTEx Coexpression,742	
gene_set_query	1275	ZNF180	966.7	ARCHS4 Coexpression,1605;Enrichr Queries,468;GTEx Coexpression,827	ARRDC3
gene_set_query	1276	ZNF257	967.0	ARCHS4 Coexpression,1166;Enrichr Queries,736;GTEx Coexpression,999	SLC25A15
gene_set_query	1277	HOXA4	969.0	ARCHS4 Coexpression,762;Enrichr Queries,1208;GTEx Coexpression,937	
gene_set_query	1278	FOXN2	969.0	ARCHS4 Coexpression,1563;Enrichr Queries,818;GTEx Coexpression,526	ARRDC3
gene_set_query	1279	POU3F2	969.3	Literature ChIP-seq,95;ARCHS4 Coexpression,1000;Enrichr Queries,1252;GTEx Coexpression,1530	ARRDC3,SOD2
gene_set_query	1280	PITX2	969.3	ARCHS4 Coexpression,963;Enrichr Queries,1048;GTEx Coexpression,897	
gene_set_query	1281	ZNF576	971.0	ARCHS4 Coexpression,819;Enrichr Queries,1005;GTEx Coexpression,1089	
gene_set_query	1282	ZNF287	972.0	ARCHS4 Coexpression,1214;Enrichr Queries,518;GTEx Coexpression,1184	ARRDC3
gene_set_query	1283	ZNF844	973.0	ARCHS4 Coexpression,1212;GTEx Coexpression,734	
gene_set_query	1284	ZNF607	973.3	ARCHS4 Coexpression,954;Enrichr Queries,1002;GTEx Coexpression,964	
gene_set_query	1285	THAP4	974.7	ARCHS4 Coexpression,459;Enrichr Queries,987;GTEx Coexpression,1478	PES1
gene_set_query	1286	ZBTB14	976.0	ARCHS4 Coexpression,1598;GTEx Coexpression,354	
gene_set_query	1287	TFDP2	977.0	ARCHS4 Coexpression,1234;Enrichr Queries,155;GTEx Coexpression,1542	EEF2K,ARRDC3
gene_set_query	1288	SOX12	977.3	ARCHS4 Coexpression,490;Enrichr Queries,901;GTEx Coexpression,1541	
gene_set_query	1289	HOXD4	978.0	ARCHS4 Coexpression,218;Enrichr Queries,1217;GTEx Coexpression,1499	S100A6
gene_set_query	1290	GTF2IRD2	978.3	ARCHS4 Coexpression,1118;Enrichr Queries,768;GTEx Coexpression,1049	ARRDC3
gene_set_query	1291	ZNF345	978.3	ARCHS4 Coexpression,1184;Enrichr Queries,554;GTEx Coexpression,1197	ARRDC3
gene_set_query	1292	ZNF496	980.0	ARCHS4 Coexpression,994;Enrichr Queries,873;GTEx Coexpression,1073	
gene_set_query	1293	ZNF131	980.7	ARCHS4 Coexpression,1486;Enrichr Queries,820;GTEx Coexpression,636	
gene_set_query	1294	ZBED3	983.0	ARCHS4 Coexpression,1409;Enrichr Queries,144;GTEx Coexpression,1396	ARRDC3,GADD45G
gene_set_query	1295	TIGD4	985.7	ARCHS4 Coexpression,87;Enrichr Queries,1271;GTEx Coexpression,1599	ARRDC3
gene_set_query	1296	TBX15	986.3	ARCHS4 Coexpression,655;Enrichr Queries,1138;GTEx Coexpression,1166	
gene_set_query	1297	SPZ1	986.5	ARCHS4 Coexpression,617;GTEx Coexpression,1356	
gene_set_query	1298	ZNF829	987.0	ARCHS4 Coexpression,1060;Enrichr Queries,527;GTEx Coexpression,1374	ARRDC3
gene_set_query	1299	SRCAP	987.0	ARCHS4 Coexpression,568;Enrichr Queries,867;GTEx Coexpression,1526	
gene_set_query	1300	HOXA6	987.3	ARCHS4 Coexpression,1149;Enrichr Queries,1221;GTEx Coexpression,592	
gene_set_query	1301	TLX3	987.7	ARCHS4 Coexpression,665;Enrichr Queries,1372;GTEx Coexpression,926	
gene_set_query	1302	ZNF93	989.7	ARCHS4 Coexpression,1586;Enrichr Queries,686;GTEx Coexpression,697	SLC25A15
gene_set_query	1303	ZNF571	990.0	ARCHS4 Coexpression,1113;Enrichr Queries,643;GTEx Coexpression,1214	ARRDC3
gene_set_query	1304	ZNF837	990.0	ARCHS4 Coexpression,409;Enrichr Queries,1393;GTEx Coexpression,1168	PES1
gene_set_query	1305	ZNF594	991.0	ARCHS4 Coexpression,1617;Enrichr Queries,859;GTEx Coexpression,497	
gene_set_query	1306	ZNF679	991.7	ARCHS4 Coexpression,1192;Enrichr Queries,316;GTEx Coexpression,1467	GADD45G
gene_set_query	1307	PKNOX2	992.3	ARCHS4 Coexpression,418;Enrichr Queries,1226;GTEx Coexpression,1333	ATP9B
gene_set_query	1308	BCL6B	992.7	ARCHS4 Coexpression,1613;Enrichr Queries,108;GTEx Coexpression,1257	S100A6,GADD45G
gene_set_query	1309	ZSCAN5A	992.7	ARCHS4 Coexpression,1209;Enrichr Queries,467;GTEx Coexpression,1302	ARRDC3
gene_set_query	1310	ZNF761	993.0	ARCHS4 Coexpression,1355;Enrichr Queries,85;GTEx Coexpression,1539	ARRDC3,S100A6
gene_set_query	1311	MECP2	993.7	ARCHS4 Coexpression,1520;Enrichr Queries,718;GTEx Coexpression,743	SOD2
gene_set_query	1312	GSC	994.0	ARCHS4 Coexpression,497;Enrichr Queries,1371;GTEx Coexpression,1114	
gene_set_query	1313	ZNF563	995.7	ARCHS4 Coexpression,889;Enrichr Queries,503;GTEx Coexpression,1595	ARRDC3
gene_set_query	1314	CPXCR1	996.3	ARCHS4 Coexpression,661;Enrichr Queries,796;GTEx Coexpression,1532	ARRDC3
gene_set_query	1315	HES4	998.3	ARCHS4 Coexpression,1362;Enrichr Queries,70;GTEx Coexpression,1563	S100A6,SOD2
gene_set_query	1316	ZBTB49	998.5	ARCHS4 Coexpression,1087;GTEx Coexpression,910	
gene_set_query	1317	GLIS2	998.7	ARCHS4 Coexpression,1540;Enrichr Queries,493;GTEx Coexpression,963	S100A6
gene_set_query	1318	ZNF660	1001.0	ARCHS4 Coexpression,1009;Enrichr Queries,1001;GTEx Coexpression,992	
gene_set_query	1319	TMF1	1001.0	ARCHS4 Coexpression,400;GTEx Coexpression,1602	PES1
gene_set_query	1320	ZNF232	1001.0	ARCHS4 Coexpression,872;Enrichr Queries,1213;GTEx Coexpression,919	
gene_set_query	1321	FOXD4L1	1004.0	ARCHS4 Coexpression,1123;Enrichr Queries,1280;GTEx Coexpression,608	
gene_set_query	1322	ZNF536	1004.0	ARCHS4 Coexpression,871;Enrichr Queries,1044;GTEx Coexpression,1096	
gene_set_query	1323	CIC	1004.0	ARCHS4 Coexpression,1524;Enrichr Queries,849;GTEx Coexpression,640	
gene_set_query	1324	ZNF277	1005.0	ARCHS4 Coexpression,1488;Enrichr Queries,204;GTEx Coexpression,1322	ARRDC3,SOD2
gene_set_query	1325	POU2AF1	1006.0	ARCHS4 Coexpression,1321;GTEx Coexpression,691	
gene_set_query	1326	HOXC12	1006.0	ARCHS4 Coexpression,1369;Enrichr Queries,1398;GTEx Coexpression,252	EEF2K
gene_set_query	1327	HOXA11	1006.0	ARCHS4 Coexpression,427;Enrichr Queries,1045;GTEx Coexpression,1547	PES1
gene_set_query	1328	GATA5	1007.0	ARCHS4 Coexpression,1164;Enrichr Queries,296;GTEx Coexpression,1560	GADD45G
gene_set_query	1329	CENPT	1008.0	ARCHS4 Coexpression,1293;Enrichr Queries,341;GTEx Coexpression,1391	S100A6
gene_set_query	1330	ZFP69	1009.0	ARCHS4 Coexpression,657;GTEx Coexpression,1360	
gene_set_query	1331	OVOL3	1010.0	ARCHS4 Coexpression,1152;GTEx Coexpression,868	
gene_set_query	1332	LHX4	1011.0	ARCHS4 Coexpression,1193;Enrichr Queries,1188;GTEx Coexpression,651	
gene_set_query	1333	TBX2	1012.0	ARCHS4 Coexpression,828;Enrichr Queries,1032;GTEx Coexpression,1176	
gene_set_query	1334	ZFP91	1012.0	ARCHS4 Coexpression,688;Enrichr Queries,842;GTEx Coexpression,1506	
gene_set_query	1335	ZNF285	1012.0	ARCHS4 Coexpression,1561;GTEx Coexpression,463	
gene_set_query	1336	BBX	1013.0	ARCHS4 Coexpression,1593;Enrichr Queries,107;GTEx Coexpression,1338	NCOA2,ARRDC3
gene_set_query	1337	ZNF276	1013.0	ARCHS4 Coexpression,1247;Enrichr Queries,835;GTEx Coexpression,957	
gene_set_query	1338	ZFHX4	1014.0	ARCHS4 Coexpression,335;Enrichr Queries,1136;GTEx Coexpression,1570	FSD1L
gene_set_query	1339	NFE2L3	1016.0	ARCHS4 Coexpression,765;Enrichr Queries,1049;GTEx Coexpression,1233	
gene_set_query	1340	HOXA2	1016.0	Literature ChIP-seq,162;ARCHS4 Coexpression,1280;Enrichr Queries,1273;GTEx Coexpression,1348	
gene_set_query	1341	RARB	1016.0	Literature ChIP-seq,134;ARCHS4 Coexpression,1154;Enrichr Queries,1317;GTEx Coexpression,1458	
gene_set_query	1342	CCDC169SOHLH2	1016.0	ARCHS4 Coexpression,1016	
gene_set_query	1343	EBF3	1016.0	ARCHS4 Coexpression,693;Enrichr Queries,1183;GTEx Coexpression,1172	
gene_set_query	1344	ZNF546	1016.0	ARCHS4 Coexpression,1248;Enrichr Queries,779;GTEx Coexpression,1022	ARRDC3
gene_set_query	1345	SKOR2	1017.0	ARCHS4 Coexpression,1385;GTEx Coexpression,648	
gene_set_query	1346	ZNF133	1017.0	ARCHS4 Coexpression,604;Enrichr Queries,1018;GTEx Coexpression,1429	
gene_set_query	1347	FEZF1	1018.0	ARCHS4 Coexpression,720;Enrichr Queries,1249;GTEx Coexpression,1085	
gene_set_query	1348	POU6F1	1020.0	ARCHS4 Coexpression,1565;Enrichr Queries,1081;GTEx Coexpression,414	
gene_set_query	1349	ZNF626	1021.0	ARCHS4 Coexpression,315;Enrichr Queries,1237;GTEx Coexpression,1510	PES1
gene_set_query	1350	PCGF6	1022.0	ARCHS4 Coexpression,1331;Enrichr Queries,948;GTEx Coexpression,786	
gene_set_query	1351	GSC2	1022.0	ARCHS4 Coexpression,690;Enrichr Queries,1399;GTEx Coexpression,978	
gene_set_query	1352	HOMEZ	1023.0	ARCHS4 Coexpression,962;Enrichr Queries,714;GTEx Coexpression,1393	ARRDC3
gene_set_query	1353	ZNF831	1024.0	ARCHS4 Coexpression,1309;Enrichr Queries,1370;GTEx Coexpression,392	
gene_set_query	1354	ARID3B	1025.0	ARCHS4 Coexpression,787;GTEx Coexpression,1262	
gene_set_query	1355	FOXE3	1028.0	ARCHS4 Coexpression,405;Enrichr Queries,1401;GTEx Coexpression,1277	PES1
gene_set_query	1356	ZNF548	1028.0	ARCHS4 Coexpression,1268;Enrichr Queries,610;GTEx Coexpression,1206	ARRDC3
gene_set_query	1357	MSX1	1029.0	ARCHS4 Coexpression,1004;Enrichr Queries,505;GTEx Coexpression,1579	GADD45G
gene_set_query	1358	VAX1	1030.0	ARCHS4 Coexpression,379;Enrichr Queries,1375;GTEx Coexpression,1335	P3H4
gene_set_query	1359	SKIL	1031.0	ARCHS4 Coexpression,1479;Enrichr Queries,201;GTEx Coexpression,1414	ARRDC3,GADD45G
gene_set_query	1360	ZNF705B	1033.0	ARCHS4 Coexpression,578;GTEx Coexpression,1487	
gene_set_query	1361	ZNF730	1033.0	ARCHS4 Coexpression,1566;GTEx Coexpression,499	
gene_set_query	1362	HOXA7	1035.0	ARCHS4 Coexpression,1132;Enrichr Queries,1143;GTEx Coexpression,831	
gene_set_query	1363	RBPJL	1036.0	ARCHS4 Coexpression,1360;Enrichr Queries,1326;GTEx Coexpression,423	
gene_set_query	1364	SIM2	1038.0	ARCHS4 Coexpression,1273;Enrichr Queries,1000;GTEx Coexpression,841	
gene_set_query	1365	HOXD9	1038.0	ARCHS4 Coexpression,284;Enrichr Queries,1316;GTEx Coexpression,1514	PES1
gene_set_query	1366	HOXC8	1040.0	ARCHS4 Coexpression,419;Enrichr Queries,1119;GTEx Coexpression,1583	ATP9B
gene_set_query	1367	ZNF687	1040.0	ARCHS4 Coexpression,948;Enrichr Queries,868;GTEx Coexpression,1305	
gene_set_query	1368	ZNF772	1040.0	ARCHS4 Coexpression,1551;Enrichr Queries,757;GTEx Coexpression,813	ARRDC3
gene_set_query	1369	HIC1	1040.0	ARCHS4 Coexpression,1230;Enrichr Queries,432;GTEx Coexpression,1459	GADD45G
gene_set_query	1370	ZNF843	1042.0	ARCHS4 Coexpression,1078;Enrichr Queries,1054;GTEx Coexpression,994	
gene_set_query	1371	ZNF346	1042.0	ARCHS4 Coexpression,1265;Enrichr Queries,704;GTEx Coexpression,1158	ARRDC3
gene_set_query	1372	FOXF1	1043.0	ARCHS4 Coexpression,1401;Enrichr Queries,1184;GTEx Coexpression,545	
gene_set_query	1373	TPRX1	1046.0	ARCHS4 Coexpression,1235;Enrichr Queries,968;GTEx Coexpression,934	
gene_set_query	1374	JRKL	1048.0	ARCHS4 Coexpression,823;Enrichr Queries,771;GTEx Coexpression,1551	ARRDC3
gene_set_query	1375	KCMF1	1048.0	ARCHS4 Coexpression,708;Enrichr Queries,900;GTEx Coexpression,1537	
gene_set_query	1376	DR1	1049.0	ARCHS4 Coexpression,1595;Enrichr Queries,955;GTEx Coexpression,596	
gene_set_query	1377	CDC5L	1049.0	ARCHS4 Coexpression,1569;Enrichr Queries,998;GTEx Coexpression,579	
gene_set_query	1378	ZHX3	1049.0	ARCHS4 Coexpression,1103;Enrichr Queries,888;GTEx Coexpression,1155	
gene_set_query	1379	OTP	1049.0	ARCHS4 Coexpression,637;Enrichr Queries,1338;GTEx Coexpression,1171	
gene_set_query	1380	ALX3	1051.0	ARCHS4 Coexpression,466;Enrichr Queries,1367;GTEx Coexpression,1319	PES1
gene_set_query	1381	CUX2	1051.0	ARCHS4 Coexpression,709;Enrichr Queries,967;GTEx Coexpression,1477	
gene_set_query	1382	ZNF490	1051.0	ARCHS4 Coexpression,1482;Enrichr Queries,871;GTEx Coexpression,800	
gene_set_query	1383	TTF1	1052.0	ARCHS4 Coexpression,1304;GTEx Coexpression,799	
gene_set_query	1384	HOXA13	1052.0	ARCHS4 Coexpression,721;Enrichr Queries,1332;GTEx Coexpression,1102	
gene_set_query	1385	ZNF501	1052.0	ARCHS4 Coexpression,1489;Enrichr Queries,659;GTEx Coexpression,1008	ARRDC3
gene_set_query	1386	ZBTB1	1054.0	ARCHS4 Coexpression,1255;Enrichr Queries,711;GTEx Coexpression,1196	ARRDC3
gene_set_query	1387	ZNF526	1054.0	ARCHS4 Coexpression,1413;Enrichr Queries,790;GTEx Coexpression,960	ARRDC3
gene_set_query	1388	ZNF599	1055.0	ARCHS4 Coexpression,817;Enrichr Queries,908;GTEx Coexpression,1439	
gene_set_query	1389	SOX10	1055.0	ARCHS4 Coexpression,1550;Enrichr Queries,1103;ReMap ChIP-seq,187;GTEx Coexpression,1380	ARRDC3
gene_set_query	1390	HOXA3	1055.0	ARCHS4 Coexpression,789;Enrichr Queries,1254;GTEx Coexpression,1122	
gene_set_query	1391	ZNF649	1055.0	ARCHS4 Coexpression,1449;Enrichr Queries,417;GTEx Coexpression,1300	ARRDC3
gene_set_query	1392	PRMT3	1056.0	ARCHS4 Coexpression,1142;Enrichr Queries,947;GTEx Coexpression,1080	
gene_set_query	1393	SCMH1	1058.0	ARCHS4 Coexpression,718;GTEx Coexpression,1398	
gene_set_query	1394	NFIX	1059.0	ARCHS4 Coexpression,1394;Enrichr Queries,1111;GTEx Coexpression,673	
gene_set_query	1395	ZNF865	1060.0	ARCHS4 Coexpression,1205;GTEx Coexpression,914	
gene_set_query	1396	EBF2	1061.0	ARCHS4 Coexpression,937;GTEx Coexpression,1185	
gene_set_query	1397	ZFP92	1063.0	ARCHS4 Coexpression,1139;Enrichr Queries,915;GTEx Coexpression,1136	
gene_set_query	1398	LHX6	1063.0	ARCHS4 Coexpression,739;Enrichr Queries,1107;GTEx Coexpression,1344	
gene_set_query	1399	TBX1	1064.0	ARCHS4 Coexpression,993;Enrichr Queries,1231;GTEx Coexpression,967	
gene_set_query	1400	THRA	1064.0	Literature ChIP-seq,150;ARCHS4 Coexpression,1590;Enrichr Queries,1149;GTEx Coexpression,1366	
gene_set_query	1401	CXXC5	1064.0	ARCHS4 Coexpression,1406;GTEx Coexpression,722	
gene_set_query	1402	DPF3	1065.0	ARCHS4 Coexpression,723;Enrichr Queries,1179;GTEx Coexpression,1292	
gene_set_query	1403	ZNF268	1066.0	ARCHS4 Coexpression,1271;Enrichr Queries,362;GTEx Coexpression,1565	ARRDC3
gene_set_query	1404	ZNF280B	1069.0	ARCHS4 Coexpression,1398;Enrichr Queries,739	ARRDC3
gene_set_query	1405	HMX1	1069.0	ARCHS4 Coexpression,253;Enrichr Queries,1396;GTEx Coexpression,1557	PES1
gene_set_query	1406	ZFP57	1069.0	ARCHS4 Coexpression,971;Enrichr Queries,1105;GTEx Coexpression,1131	
gene_set_query	1407	SON	1070.0	ARCHS4 Coexpression,752;GTEx Coexpression,1387	
gene_set_query	1408	OTX1	1070.0	ARCHS4 Coexpression,958;Enrichr Queries,1343;GTEx Coexpression,909	
gene_set_query	1409	RFX6	1070.0	ARCHS4 Coexpression,756;Enrichr Queries,1012;GTEx Coexpression,1442	
gene_set_query	1410	ZNF385B	1071.0	ARCHS4 Coexpression,989;Enrichr Queries,878;GTEx Coexpression,1347	
gene_set_query	1411	ZNF726	1074.0	ARCHS4 Coexpression,1434;GTEx Coexpression,713	
gene_set_query	1412	ARGFX	1074.0	ARCHS4 Coexpression,1179;Enrichr Queries,923;GTEx Coexpression,1119	
gene_set_query	1413	FOXD4L5	1075.0	ARCHS4 Coexpression,300;Enrichr Queries,1373;GTEx Coexpression,1553	ATP9B
gene_set_query	1414	NFXL1	1077.0	ARCHS4 Coexpression,1250;Enrichr Queries,747;GTEx Coexpression,1234	ARRDC3
gene_set_query	1415	ZNF644	1077.0	ARCHS4 Coexpression,1548;Enrichr Queries,1212;ReMap ChIP-seq,195;GTEx Coexpression,1354	GADD45G
gene_set_query	1416	ZSCAN18	1078.0	ARCHS4 Coexpression,1532;Enrichr Queries,964;GTEx Coexpression,738	
gene_set_query	1417	NKX31	1079.0	ARCHS4 Coexpression,675;GTEx Coexpression,1482	
gene_set_query	1418	ZNF658	1080.0	ARCHS4 Coexpression,1597;Enrichr Queries,562	ARRDC3
gene_set_query	1419	ZNF107	1080.0	ARCHS4 Coexpression,1529;Enrichr Queries,511;GTEx Coexpression,1201	SLC25A15
gene_set_query	1420	RAX	1081.0	ARCHS4 Coexpression,1567;Enrichr Queries,1380;GTEx Coexpression,295	
gene_set_query	1421	ZSCAN12	1082.0	ARCHS4 Coexpression,1564;Enrichr Queries,236;GTEx Coexpression,1445	ARRDC3,GADD45G
gene_set_query	1422	RORB	1082.0	ARCHS4 Coexpression,874;Enrichr Queries,1035;GTEx Coexpression,1336	
gene_set_query	1423	SHOX2	1082.0	ARCHS4 Coexpression,484;Enrichr Queries,1308;GTEx Coexpression,1453	
gene_set_query	1424	HOXC5	1084.0	ARCHS4 Coexpression,421;Enrichr Queries,1261;GTEx Coexpression,1569	PES1
gene_set_query	1425	PITX3	1085.0	ARCHS4 Coexpression,547;Enrichr Queries,1307;GTEx Coexpression,1400	
gene_set_query	1426	ZBTB17	1085.0	ARCHS4 Coexpression,1025;Enrichr Queries,813;GTEx Coexpression,1417	GADD45G
gene_set_query	1427	ZNF395	1085.0	ARCHS4 Coexpression,1191;Enrichr Queries,619;GTEx Coexpression,1446	ARRDC3
gene_set_query	1428	FOXD3	1088.0	ARCHS4 Coexpression,669;Enrichr Queries,1349;GTEx Coexpression,1245	
gene_set_query	1429	LHX9	1089.0	ARCHS4 Coexpression,555;Enrichr Queries,1195;GTEx Coexpression,1517	
gene_set_query	1430	CENPBD1	1090.0	ARCHS4 Coexpression,1070;GTEx Coexpression,1109	
gene_set_query	1431	DBX1	1090.0	ARCHS4 Coexpression,986;Enrichr Queries,1294;GTEx Coexpression,989	
gene_set_query	1432	ZNF556	1091.0	ARCHS4 Coexpression,1432;Enrichr Queries,1122;GTEx Coexpression,720	
gene_set_query	1433	ZIM2	1092.0	ARCHS4 Coexpression,834;Enrichr Queries,836;GTEx Coexpression,1607	
gene_set_query	1434	SOX18	1093.0	ARCHS4 Coexpression,1616;Enrichr Queries,629;GTEx Coexpression,1033	GADD45G
gene_set_query	1435	SOX14	1093.0	ARCHS4 Coexpression,622;Enrichr Queries,1392;GTEx Coexpression,1264	
gene_set_query	1436	PATZ1	1094.0	ARCHS4 Coexpression,755;Enrichr Queries,971;GTEx Coexpression,1556	
gene_set_query	1437	RHOXF2	1095.0	ARCHS4 Coexpression,997;Enrichr Queries,974;GTEx Coexpression,1314	
gene_set_query	1438	VENTX	1095.0	ARCHS4 Coexpression,1223;Enrichr Queries,1257;GTEx Coexpression,805	
gene_set_query	1439	ZNF423	1096.0	ARCHS4 Coexpression,1352;Enrichr Queries,1320;GTEx Coexpression,617	
gene_set_query	1440	ZNF329	1097.0	ARCHS4 Coexpression,1568;Enrichr Queries,1069;GTEx Coexpression,653	
gene_set_query	1441	PHOX2B	1097.0	ARCHS4 Coexpression,741;Enrichr Queries,1240;GTEx Coexpression,1310	
gene_set_query	1442	ZNF225	1099.0	ARCHS4 Coexpression,881;GTEx Coexpression,1317	
gene_set_query	1443	ZNF518A	1101.0	ARCHS4 Coexpression,1577;Enrichr Queries,133;GTEx Coexpression,1592	ARRDC3,OGA
gene_set_query	1444	ZNF226	1102.0	ARCHS4 Coexpression,1461;Enrichr Queries,773;GTEx Coexpression,1072	ARRDC3
gene_set_query	1445	WIZ	1103.0	ARCHS4 Coexpression,1202;Enrichr Queries,1095;GTEx Coexpression,1011	
gene_set_query	1446	KIN	1103.0	ARCHS4 Coexpression,1576;Enrichr Queries,833;GTEx Coexpression,900	
gene_set_query	1447	NKX21	1104.0	ARCHS4 Coexpression,1358;GTEx Coexpression,849	
gene_set_query	1448	ZNF513	1106.0	ARCHS4 Coexpression,677;Enrichr Queries,1172;GTEx Coexpression,1469	
gene_set_query	1449	ZNF879	1107.0	ARCHS4 Coexpression,1430;GTEx Coexpression,784	
gene_set_query	1450	ZNF57	1110.0	ARCHS4 Coexpression,1388;Enrichr Queries,1357;GTEx Coexpression,584	
gene_set_query	1451	FOXP4	1113.0	ARCHS4 Coexpression,1345;Enrichr Queries,591;GTEx Coexpression,1403	GADD45G
gene_set_query	1452	ONECUT3	1113.0	ARCHS4 Coexpression,1390;Enrichr Queries,1269;GTEx Coexpression,680	
gene_set_query	1453	THAP12	1119.0	ARCHS4 Coexpression,1320;GTEx Coexpression,917	
gene_set_query	1454	AKAP8L	1119.0	ARCHS4 Coexpression,1262;Enrichr Queries,734;GTEx Coexpression,1361	GADD45G
gene_set_query	1455	ZNF728	1121.0	ARCHS4 Coexpression,1206;GTEx Coexpression,1035	
gene_set_query	1456	OSR2	1121.0	ARCHS4 Coexpression,486;Enrichr Queries,1310;GTEx Coexpression,1566	
gene_set_query	1457	PRRX1	1122.0	ARCHS4 Coexpression,1428;Enrichr Queries,345;GTEx Coexpression,1594	S100A6
gene_set_query	1458	SGSM2	1123.0	ARCHS4 Coexpression,1464;GTEx Coexpression,781	
gene_set_query	1459	GLI2	1123.0	ARCHS4 Coexpression,633;Enrichr Queries,1330;GTEx Coexpression,1405	
gene_set_query	1460	ZNF527	1124.0	ARCHS4 Coexpression,1467;Enrichr Queries,1146;GTEx Coexpression,759	
gene_set_query	1461	ZNF239	1124.0	ARCHS4 Coexpression,813;Enrichr Queries,1084;GTEx Coexpression,1475	
gene_set_query	1462	ZIC1	1124.0	ARCHS4 Coexpression,1443;Enrichr Queries,1243;GTEx Coexpression,686	
gene_set_query	1463	ZSCAN26	1125.0	ARCHS4 Coexpression,1376;GTEx Coexpression,874	
gene_set_query	1464	ZNF572	1126.0	ARCHS4 Coexpression,1045;Enrichr Queries,760;GTEx Coexpression,1574	ARRDC3
gene_set_query	1465	ZNF260	1126.0	ARCHS4 Coexpression,1419;Enrichr Queries,583;GTEx Coexpression,1377	ARRDC3
gene_set_query	1466	ZBTB18	1127.0	ARCHS4 Coexpression,1541;GTEx Coexpression,712	
gene_set_query	1467	MTERF3	1127.0	ARCHS4 Coexpression,1371;GTEx Coexpression,883	
gene_set_query	1468	FOXL2	1129.0	ARCHS4 Coexpression,556;Enrichr Queries,1360;GTEx Coexpression,1470	
gene_set_query	1469	PTF1A	1129.0	ARCHS4 Coexpression,1363;Enrichr Queries,1344;GTEx Coexpression,681	
gene_set_query	1470	FOXB2	1130.0	ARCHS4 Coexpression,527;Enrichr Queries,1400;GTEx Coexpression,1462	
gene_set_query	1471	SCX	1131.0	ARCHS4 Coexpression,1131	
gene_set_query	1472	OLIG1	1132.0	ARCHS4 Coexpression,1626;Enrichr Queries,356;GTEx Coexpression,1413	GADD45G
gene_set_query	1473	HSF2	1132.0	ARCHS4 Coexpression,1325;Enrichr Queries,615;GTEx Coexpression,1457	ARRDC3
gene_set_query	1474	CBLL2	1134.0	ARCHS4 Coexpression,935;Enrichr Queries,875;GTEx Coexpression,1593	
gene_set_query	1475	NPAS3	1141.0	ARCHS4 Coexpression,947;Enrichr Queries,1011;GTEx Coexpression,1465	
gene_set_query	1476	ZNF311	1142.0	ARCHS4 Coexpression,1609;Enrichr Queries,264;GTEx Coexpression,1552	ARRDC3
gene_set_query	1477	MSGN1	1142.0	ARCHS4 Coexpression,1536;Enrichr Queries,1082;GTEx Coexpression,808	
gene_set_query	1478	FERD3L	1143.0	ARCHS4 Coexpression,650;Enrichr Queries,1363;GTEx Coexpression,1415	
gene_set_query	1479	ZNF474	1144.0	ARCHS4 Coexpression,590;Enrichr Queries,1297;GTEx Coexpression,1544	
gene_set_query	1480	TERB1	1146.0	ARCHS4 Coexpression,1559;GTEx Coexpression,732	
gene_set_query	1481	ARNT2	1148.0	ARCHS4 Coexpression,1456;Enrichr Queries,1097;GTEx Coexpression,892	
gene_set_query	1482	TBPL1	1150.0	ARCHS4 Coexpression,888;GTEx Coexpression,1411	
gene_set_query	1483	SP140L	1152.0	ARCHS4 Coexpression,1015;GTEx Coexpression,1288	
gene_set_query	1484	ZNF567	1153.0	ARCHS4 Coexpression,751;Enrichr Queries,1267;GTEx Coexpression,1440	
gene_set_query	1485	ZNF716	1154.0	ARCHS4 Coexpression,1408;Enrichr Queries,845;GTEx Coexpression,1209	
gene_set_query	1486	ZNF729	1156.0	ARCHS4 Coexpression,1283;GTEx Coexpression,1029	
gene_set_query	1487	ZNF221	1161.0	ARCHS4 Coexpression,1553;Enrichr Queries,988;GTEx Coexpression,942	
gene_set_query	1488	VAX2	1161.0	ARCHS4 Coexpression,1310;Enrichr Queries,1339;GTEx Coexpression,835	
gene_set_query	1489	HSF5	1162.0	ARCHS4 Coexpression,781;Enrichr Queries,1181;GTEx Coexpression,1525	
gene_set_query	1490	MEF2D	1163.0	ARCHS4 Coexpression,1254;Enrichr Queries,941;GTEx Coexpression,1293	
gene_set_query	1491	SNAPC5	1164.0	ARCHS4 Coexpression,840;GTEx Coexpression,1488	
gene_set_query	1492	ZNF280C	1164.0	ARCHS4 Coexpression,1473;Enrichr Queries,644;GTEx Coexpression,1375	ARRDC3
gene_set_query	1493	FOXI2	1165.0	ARCHS4 Coexpression,1333;Enrichr Queries,1324;GTEx Coexpression,837	
gene_set_query	1494	LBX1	1165.0	ARCHS4 Coexpression,886;Enrichr Queries,1394;GTEx Coexpression,1216	
gene_set_query	1495	PHF1	1167.0	ARCHS4 Coexpression,1133;GTEx Coexpression,1200	
gene_set_query	1496	IKZF3	1169.0	ARCHS4 Coexpression,1085;Enrichr Queries,1101;GTEx Coexpression,1321	
gene_set_query	1497	SCRT1	1170.0	ARCHS4 Coexpression,1513;Enrichr Queries,827	
gene_set_query	1498	LEUTX	1170.0	ARCHS4 Coexpression,1351;Enrichr Queries,973;GTEx Coexpression,1187	
gene_set_query	1499	ZNF229	1171.0	ARCHS4 Coexpression,1411;Enrichr Queries,930	
gene_set_query	1500	PHF20	1171.0	ARCHS4 Coexpression,1446;Enrichr Queries,809;GTEx Coexpression,1258	NCOA2
gene_set_query	1501	ZNF492	1173.0	ARCHS4 Coexpression,1579;GTEx Coexpression,766	
gene_set_query	1502	SOHLH2	1173.0	ARCHS4 Coexpression,1054;Enrichr Queries,1040;GTEx Coexpression,1425	
gene_set_query	1503	ZNF830	1173.0	ARCHS4 Coexpression,1236;Enrichr Queries,886;GTEx Coexpression,1397	
gene_set_query	1504	ZFP64	1174.0	ARCHS4 Coexpression,1502;Enrichr Queries,939;GTEx Coexpression,1082	
gene_set_query	1505	PAX7	1175.0	ARCHS4 Coexpression,1035;Enrichr Queries,1218;GTEx Coexpression,1273	
gene_set_query	1506	ZNF525	1176.0	ARCHS4 Coexpression,1169;GTEx Coexpression,1183	
gene_set_query	1507	ZNF121	1177.0	ARCHS4 Coexpression,1624;Enrichr Queries,1266;GTEx Coexpression,641	
gene_set_query	1508	NFATC4	1179.0	ARCHS4 Coexpression,1180;Enrichr Queries,1063;GTEx Coexpression,1295	
gene_set_query	1509	ZNF852	1182.0	ARCHS4 Coexpression,1607;GTEx Coexpression,756	
gene_set_query	1510	TGIF2LX	1182.0	ARCHS4 Coexpression,880;Enrichr Queries,1083;GTEx Coexpression,1584	
gene_set_query	1511	ZNF362	1182.0	ARCHS4 Coexpression,1457;Enrichr Queries,1137;GTEx Coexpression,953	
gene_set_query	1512	HOXD1	1186.0	ARCHS4 Coexpression,945;Enrichr Queries,1318;GTEx Coexpression,1296	
gene_set_query	1513	SOX30	1187.0	ARCHS4 Coexpression,879;Enrichr Queries,1348;GTEx Coexpression,1334	
gene_set_query	1514	ZNF800	1188.0	ARCHS4 Coexpression,1426;Enrichr Queries,935;GTEx Coexpression,1202	
gene_set_query	1515	SPEN	1192.0	ARCHS4 Coexpression,1114;GTEx Coexpression,1269	
gene_set_query	1516	SHOX	1193.0	ARCHS4 Coexpression,1251;Enrichr Queries,1141;GTEx Coexpression,1186	
gene_set_query	1517	ZNF449	1194.0	ARCHS4 Coexpression,1596;Enrichr Queries,666;GTEx Coexpression,1320	ARRDC3
gene_set_query	1518	ZNF544	1194.0	ARCHS4 Coexpression,1308;Enrichr Queries,1094;GTEx Coexpression,1181	
gene_set_query	1519	DLX6	1199.0	ARCHS4 Coexpression,1148;Enrichr Queries,1309;GTEx Coexpression,1139	
gene_set_query	1520	BARHL1	1200.0	ARCHS4 Coexpression,1545;Enrichr Queries,1299;GTEx Coexpression,755	
gene_set_query	1521	ZNF182	1201.0	ARCHS4 Coexpression,1381;Enrichr Queries,663;GTEx Coexpression,1558	ARRDC3
gene_set_query	1522	ZGLP1	1201.0	ARCHS4 Coexpression,1535;GTEx Coexpression,867	
gene_set_query	1523	MTERF4	1203.0	ARCHS4 Coexpression,914;GTEx Coexpression,1492	
gene_set_query	1524	HOXD12	1206.0	ARCHS4 Coexpression,1418;Enrichr Queries,1384;GTEx Coexpression,816	
gene_set_query	1525	ZNF835	1208.0	ARCHS4 Coexpression,1552;Enrichr Queries,982;GTEx Coexpression,1091	
gene_set_query	1526	NKX63	1210.0	ARCHS4 Coexpression,1618;GTEx Coexpression,801	
gene_set_query	1527	ZNF705D	1210.0	ARCHS4 Coexpression,1246;Enrichr Queries,1060;GTEx Coexpression,1323	
gene_set_query	1528	GSX1	1210.0	ARCHS4 Coexpression,1173;Enrichr Queries,1383;GTEx Coexpression,1075	
gene_set_query	1529	BSX	1212.0	ARCHS4 Coexpression,1047;Enrichr Queries,1390;GTEx Coexpression,1199	
gene_set_query	1530	TFAP2D	1215.0	ARCHS4 Coexpression,942;Enrichr Queries,1223;GTEx Coexpression,1479	
gene_set_query	1531	FOXD4L6	1216.0	ARCHS4 Coexpression,1079;Enrichr Queries,1353	
gene_set_query	1532	TCF7L1	1216.0	ARCHS4 Coexpression,896;Enrichr Queries,1203;GTEx Coexpression,1550	
gene_set_query	1533	ZNF705A	1218.0	ARCHS4 Coexpression,934;Enrichr Queries,1362;GTEx Coexpression,1358	
gene_set_query	1534	DRGX	1220.0	ARCHS4 Coexpression,922;Enrichr Queries,1150;GTEx Coexpression,1587	
gene_set_query	1535	C11ORF95	1222.0	GTEx Coexpression,1222	
gene_set_query	1536	KLF17	1223.0	ARCHS4 Coexpression,1080;Enrichr Queries,1128;GTEx Coexpression,1460	
gene_set_query	1537	ZNF112	1228.0	ARCHS4 Coexpression,1556;GTEx Coexpression,899	
gene_set_query	1538	DLX1	1229.0	ARCHS4 Coexpression,1144;Enrichr Queries,1165;GTEx Coexpression,1378	
gene_set_query	1539	PEG3	1231.0	ARCHS4 Coexpression,1176;GTEx Coexpression,1286	
gene_set_query	1540	ZNF17	1234.0	ARCHS4 Coexpression,1543;Enrichr Queries,996;GTEx Coexpression,1164	
gene_set_query	1541	ATF6B	1236.0	ARCHS4 Coexpression,1377;GTEx Coexpression,1094	
gene_set_query	1542	ZSCAN32	1236.0	ARCHS4 Coexpression,1384;GTEx Coexpression,1088	
gene_set_query	1543	TBX20	1236.0	ARCHS4 Coexpression,1614;Enrichr Queries,1341;GTEx Coexpression,754	
gene_set_query	1544	TBR1	1238.0	ARCHS4 Coexpression,1242;Enrichr Queries,1036;GTEx Coexpression,1436	
gene_set_query	1545	ZNF683	1239.0	ARCHS4 Coexpression,815;Enrichr Queries,1403;GTEx Coexpression,1498	
gene_set_query	1546	EBF4	1240.0	ARCHS4 Coexpression,1459;Enrichr Queries,1161;GTEx Coexpression,1100	
gene_set_query	1547	NKX11	1247.0	ARCHS4 Coexpression,1305;GTEx Coexpression,1188	
gene_set_query	1548	KAT7	1249.0	ARCHS4 Coexpression,1231;GTEx Coexpression,1266	
gene_set_query	1549	NEUROD6	1249.0	ARCHS4 Coexpression,1346;Enrichr Queries,977;GTEx Coexpression,1424	
gene_set_query	1550	HSF4	1251.0	ARCHS4 Coexpression,1533;Enrichr Queries,660;GTEx Coexpression,1561	GADD45G
gene_set_query	1551	ZBTB8B	1253.0	ARCHS4 Coexpression,1279;GTEx Coexpression,1226	
gene_set_query	1552	RXRB	1254.0	ARCHS4 Coexpression,1302;Enrichr Queries,881;GTEx Coexpression,1580	
gene_set_query	1553	SIX3	1255.0	ARCHS4 Coexpression,1421;Enrichr Queries,1329;GTEx Coexpression,1014	
gene_set_query	1554	NOTO	1256.0	ARCHS4 Coexpression,991;Enrichr Queries,1397;GTEx Coexpression,1381	
gene_set_query	1555	ZNF397	1258.0	ARCHS4 Coexpression,1260;GTEx Coexpression,1256	
gene_set_query	1556	SOHLH1	1258.0	ARCHS4 Coexpression,1367;Enrichr Queries,907;GTEx Coexpression,1500	
gene_set_query	1557	FIGLA	1261.0	ARCHS4 Coexpression,1211;Enrichr Queries,1365;GTEx Coexpression,1208	
gene_set_query	1558	ZNF28	1261.0	ARCHS4 Coexpression,1484;Enrichr Queries,741;GTEx Coexpression,1559	ARRDC3
gene_set_query	1559	ZNF76	1262.0	ARCHS4 Coexpression,1368;Enrichr Queries,884;GTEx Coexpression,1534	
gene_set_query	1560	POU4F3	1265.0	ARCHS4 Coexpression,909;Enrichr Queries,1378;GTEx Coexpression,1508	
gene_set_query	1561	ZNF573	1266.0	ARCHS4 Coexpression,1573;Enrichr Queries,1211;GTEx Coexpression,1013	
gene_set_query	1562	ZNF692	1266.0	ARCHS4 Coexpression,1370;Enrichr Queries,1064;GTEx Coexpression,1365	
gene_set_query	1563	BNC2	1267.0	ARCHS4 Coexpression,1137;Enrichr Queries,1359;GTEx Coexpression,1304	
gene_set_query	1564	ZNF665	1270.0	ARCHS4 Coexpression,1291;Enrichr Queries,1168;GTEx Coexpression,1351	
gene_set_query	1565	SOX8	1274.0	ARCHS4 Coexpression,1601;Enrichr Queries,635;GTEx Coexpression,1586	GADD45G
gene_set_query	1566	EMX1	1275.0	ARCHS4 Coexpression,1216;Enrichr Queries,1219;GTEx Coexpression,1389	
gene_set_query	1567	FAM170A	1277.0	ARCHS4 Coexpression,1391;Enrichr Queries,1042;GTEx Coexpression,1399	
gene_set_query	1568	PRDM8	1278.0	ARCHS4 Coexpression,1084;Enrichr Queries,1153;GTEx Coexpression,1596	
gene_set_query	1569	MBD6	1278.0	ARCHS4 Coexpression,1204;GTEx Coexpression,1352	
gene_set_query	1570	LHX8	1279.0	ARCHS4 Coexpression,1091;Enrichr Queries,1274;GTEx Coexpression,1472	
gene_set_query	1571	SALL3	1280.0	ARCHS4 Coexpression,1077;Enrichr Queries,1278;GTEx Coexpression,1486	
gene_set_query	1572	FEV	1281.0	ARCHS4 Coexpression,1034;Enrichr Queries,1302;GTEx Coexpression,1507	
gene_set_query	1573	ZNF569	1282.0	ARCHS4 Coexpression,1441;Enrichr Queries,1117;GTEx Coexpression,1289	
gene_set_query	1574	ANKZF1	1283.0	ARCHS4 Coexpression,1460;Enrichr Queries,817;GTEx Coexpression,1571	ARRDC3
gene_set_query	1575	ARHGAP35	1283.0	ARCHS4 Coexpression,1072;GTEx Coexpression,1494	
gene_set_query	1576	SAFB2	1287.0	ARCHS4 Coexpression,1203;GTEx Coexpression,1371	
gene_set_query	1577	NR2E3	1287.0	ARCHS4 Coexpression,1435;Enrichr Queries,1139	
gene_set_query	1578	CGGBP1	1287.0	ARCHS4 Coexpression,1039;GTEx Coexpression,1535	
gene_set_query	1579	THRB	1292.0	ARCHS4 Coexpression,1359;Enrichr Queries,1236;GTEx Coexpression,1281	
gene_set_query	1580	MEOX2	1300.0	ARCHS4 Coexpression,1592;Enrichr Queries,1216;GTEx Coexpression,1093	
gene_set_query	1581	YY2	1302.0	ARCHS4 Coexpression,1615;Enrichr Queries,984;GTEx Coexpression,1306	
gene_set_query	1582	ZNF227	1303.0	ARCHS4 Coexpression,1425;Enrichr Queries,1292;GTEx Coexpression,1192	
gene_set_query	1583	ZNF727	1307.0	ARCHS4 Coexpression,1433;GTEx Coexpression,1180	
gene_set_query	1584	FOXR2	1307.0	ARCHS4 Coexpression,1330;Enrichr Queries,1345;GTEx Coexpression,1246	
gene_set_query	1585	PRDM6	1307.0	ARCHS4 Coexpression,1424;Enrichr Queries,1263;GTEx Coexpression,1235	
gene_set_query	1586	ZNF418	1310.0	ARCHS4 Coexpression,1400;Enrichr Queries,1246;GTEx Coexpression,1283	
gene_set_query	1587	ZNF578	1310.0	ARCHS4 Coexpression,1547;Enrichr Queries,945;GTEx Coexpression,1438	
gene_set_query	1588	DUXA	1314.0	ARCHS4 Coexpression,1322;Enrichr Queries,1017;GTEx Coexpression,1603	
gene_set_query	1589	RBCK1	1319.0	ARCHS4 Coexpression,1057;GTEx Coexpression,1581	
gene_set_query	1590	HOXD3	1321.0	ARCHS4 Coexpression,1189;Enrichr Queries,1268;GTEx Coexpression,1505	
gene_set_query	1591	ZNF718	1325.0	ARCHS4 Coexpression,1622;Enrichr Queries,864;GTEx Coexpression,1489	
gene_set_query	1592	MYRF	1326.0	ARCHS4 Coexpression,1289;GTEx Coexpression,1362	
gene_set_query	1593	ZNF676	1328.0	ARCHS4 Coexpression,1527;Enrichr Queries,1065;GTEx Coexpression,1392	
gene_set_query	1594	MTERF1	1331.0	ARCHS4 Coexpression,1612;GTEx Coexpression,1050	
gene_set_query	1595	MEIS3	1335.0	ARCHS4 Coexpression,1587;Enrichr Queries,1078;GTEx Coexpression,1341	
gene_set_query	1596	ESX1	1342.0	ARCHS4 Coexpression,1627;Enrichr Queries,1290;GTEx Coexpression,1108	
gene_set_query	1597	FOXL1	1343.0	ARCHS4 Coexpression,1514;Enrichr Queries,1087;GTEx Coexpression,1428	
gene_set_query	1598	ZNF410	1346.0	ARCHS4 Coexpression,1554;Enrichr Queries,1020;GTEx Coexpression,1464	
gene_set_query	1599	MZF1	1347.0	ARCHS4 Coexpression,1252;Enrichr Queries,1199;GTEx Coexpression,1590	
gene_set_query	1600	POU3F3	1350.0	ARCHS4 Coexpression,1290;Enrichr Queries,1340;GTEx Coexpression,1419	
gene_set_query	1601	EVX2	1351.0	ARCHS4 Coexpression,1110;Enrichr Queries,1395;GTEx Coexpression,1548	
gene_set_query	1602	FEZF2	1352.0	ARCHS4 Coexpression,1393;Enrichr Queries,1333;GTEx Coexpression,1331	
gene_set_query	1603	BHLHA9	1353.0	ARCHS4 Coexpression,1315;GTEx Coexpression,1390	
gene_set_query	1604	DBX2	1353.0	ARCHS4 Coexpression,1602;Enrichr Queries,1008;GTEx Coexpression,1448	
gene_set_query	1605	ZNF479	1355.0	ARCHS4 Coexpression,1429;Enrichr Queries,1108;GTEx Coexpression,1529	
gene_set_query	1606	TSHZ3	1362.0	ARCHS4 Coexpression,1292;Enrichr Queries,1322;GTEx Coexpression,1471	
gene_set_query	1607	KCNIP3	1363.0	ARCHS4 Coexpression,1395;GTEx Coexpression,1330	
gene_set_query	1608	NKX26	1367.0	ARCHS4 Coexpression,1521;GTEx Coexpression,1212	
gene_set_query	1609	ZNF816	1368.0	ARCHS4 Coexpression,1608;GTEx Coexpression,1127	
gene_set_query	1610	NR2E1	1370.0	ARCHS4 Coexpression,1396;Enrichr Queries,1319;GTEx Coexpression,1394	
gene_set_query	1611	OSR1	1370.0	ARCHS4 Coexpression,1588;GTEx Coexpression,1152	
gene_set_query	1612	LIN54	1376.0	ARCHS4 Coexpression,1493;GTEx Coexpression,1259	
gene_set_query	1613	FOXC2	1393.0	ARCHS4 Coexpression,1439;Enrichr Queries,1171;GTEx Coexpression,1568	
gene_set_query	1614	TGIF2LY	1398.0	ARCHS4 Coexpression,1364;Enrichr Queries,1404;GTEx Coexpression,1427	
gene_set_query	1615	SKI	1401.0	ARCHS4 Coexpression,1498;GTEx Coexpression,1303	
gene_set_query	1616	DPRX	1402.0	ARCHS4 Coexpression,1431;Enrichr Queries,1238;GTEx Coexpression,1536	
gene_set_query	1617	MSANTD1	1406.0	ARCHS4 Coexpression,1621;GTEx Coexpression,1190	
gene_set_query	1618	TOPORS	1408.0	ARCHS4 Coexpression,1452;GTEx Coexpression,1364	
gene_set_query	1619	TCF23	1409.0	ARCHS4 Coexpression,1508;Enrichr Queries,1123;GTEx Coexpression,1597	
gene_set_query	1620	ZNF322	1420.0	ARCHS4 Coexpression,1496;GTEx Coexpression,1343	
gene_set_query	1621	MKX	1423.0	ARCHS4 Coexpression,1538;Enrichr Queries,1133;GTEx Coexpression,1598	
gene_set_query	1622	AEBP1	1433.0	ARCHS4 Coexpression,1374;GTEx Coexpression,1491	
gene_set_query	1623	ZNF488	1454.0	ARCHS4 Coexpression,1558;Enrichr Queries,1350	
gene_set_query	1624	GLI4	1460.0	ARCHS4 Coexpression,1344;GTEx Coexpression,1576	
gene_set_query	1625	ZBTB8A	1466.0	ARCHS4 Coexpression,1549;GTEx Coexpression,1382	
gene_set_query	1626	NKX25	1485.0	ARCHS4 Coexpression,1585;GTEx Coexpression,1385	
gene_set_query	1627	NKX62	1492.0	ARCHS4 Coexpression,1571;GTEx Coexpression,1412	
gene_set_query	1628	TWIST2	1518.0	ARCHS4 Coexpression,1450;GTEx Coexpression,1585	
gene_set_query	1629	MSANTD3	1519.0	ARCHS4 Coexpression,1562;GTEx Coexpression,1476	
gene_set_query	1630	MYPOP	1533.0	ARCHS4 Coexpression,1544;GTEx Coexpression,1521	
gene_set_query	1631	CC2D1A	1540.0	ARCHS4 Coexpression,1517;GTEx Coexpression,1562	
gene_set_query	1632	ZNF883	1556.0	ARCHS4 Coexpression,1534;GTEx Coexpression,1578	
