Query Name	Rank	TF	Score	Library	Overlapping_Genes
gene_set_query	1	TFEC	15.0	ARCHS4 Coexpression,38;Enrichr Queries,6;GTEx Coexpression,1	SELPLG,GPR34,LILRB1,LILRB4
gene_set_query	2	IRF8	36.0	Literature ChIP-seq,11;ARCHS4 Coexpression,8;Enrichr Queries,5;GTEx Coexpression,120	CX3CR1,SELPLG,PLD4,LILRB1,LILRB4
gene_set_query	3	TWIST2	38.5	ARCHS4 Coexpression,56;GTEx Coexpression,21	TMEM119
gene_set_query	4	PRRX1	44.0	ARCHS4 Coexpression,54;Enrichr Queries,56;GTEx Coexpression,22	TMEM119
gene_set_query	5	SPI1	44.5	Literature ChIP-seq,14;ARCHS4 Coexpression,130;ENCODE ChIP-seq,1;Enrichr Queries,2;ReMap ChIP-seq,30;GTEx Coexpression,90	CX3CR1,SELPLG,TMEM119,PIK3R4,PLD4,LILRB1,LILRB4
gene_set_query	6	TBX21	48.0	ARCHS4 Coexpression,17;Enrichr Queries,21;ReMap ChIP-seq,12;GTEx Coexpression,142	CX3CR1,SELPLG,TMEM119
gene_set_query	7	SP140	50.0	ARCHS4 Coexpression,19;Enrichr Queries,10;GTEx Coexpression,121	SELPLG,LILRB1,LILRB4
gene_set_query	8	ARID5A	50.5	ARCHS4 Coexpression,7;GTEx Coexpression,94	SELPLG,LILRB1,LILRB4
gene_set_query	9	SPIB	51.25	ARCHS4 Coexpression,14;Enrichr Queries,20;ReMap ChIP-seq,6;GTEx Coexpression,165	CX3CR1,SELPLG,TMEM119,PLD4,LILRB1
gene_set_query	10	ZSCAN32	52.0	ARCHS4 Coexpression,99;GTEx Coexpression,5	SELPLG,PIK3R4,LINC01736
gene_set_query	11	SP140L	59.0	ARCHS4 Coexpression,46;GTEx Coexpression,72	SELPLG,LILRB1
gene_set_query	12	MTF1	59.5	ARCHS4 Coexpression,33;GTEx Coexpression,86	SELPLG,LILRB1,LILRB4
gene_set_query	13	TWIST1	60.25	ARCHS4 Coexpression,65;Enrichr Queries,115;ReMap ChIP-seq,44;GTEx Coexpression,17	TMEM119
gene_set_query	14	TCF21	61.75	Literature ChIP-seq,79;ARCHS4 Coexpression,12;Enrichr Queries,15;GTEx Coexpression,141	ALDH1A1,TMEM119,A2M
gene_set_query	15	FLI1	62.17	Literature ChIP-seq,7;ARCHS4 Coexpression,105;ENCODE ChIP-seq,12;Enrichr Queries,68;ReMap ChIP-seq,124;GTEx Coexpression,57	SELPLG,EIF2B2,PIK3R4,PLD4,LILRB1,LILRB4
gene_set_query	16	IRF5	66.33	ARCHS4 Coexpression,37;Enrichr Queries,3;GTEx Coexpression,159	CX3CR1,SELPLG,PLD4,LILRB1,LILRB4
gene_set_query	17	POU2F2	71.2	ARCHS4 Coexpression,121;ENCODE ChIP-seq,66;Enrichr Queries,8;ReMap ChIP-seq,84;GTEx Coexpression,77	CX3CR1,SELPLG,PLD4,LILRB1
gene_set_query	18	ISL1	74.67	ARCHS4 Coexpression,123;Enrichr Queries,64;GTEx Coexpression,37	ALDH1A1
gene_set_query	19	BATF	75.2	ARCHS4 Coexpression,32;ENCODE ChIP-seq,34;Enrichr Queries,168;ReMap ChIP-seq,9;GTEx Coexpression,133	CX3CR1,SELPLG,TMEM119,LILRB1,LILRB4
gene_set_query	20	IKZF1	83.0	Literature ChIP-seq,152;ARCHS4 Coexpression,70;ENCODE ChIP-seq,4;Enrichr Queries,1;ReMap ChIP-seq,145;GTEx Coexpression,126	CX3CR1,ACY3,SELPLG,PLD4,LILRB1,LILRB4
gene_set_query	21	TBX10	86.0	ARCHS4 Coexpression,129;Enrichr Queries,78;GTEx Coexpression,51	ACY3
gene_set_query	22	EPAS1	91.5	ARCHS4 Coexpression,88;Enrichr Queries,90;ReMap ChIP-seq,75;GTEx Coexpression,113	EIF2B2,ALDH1A1,A2M
gene_set_query	23	RFX6	92.0	ARCHS4 Coexpression,126;Enrichr Queries,119;GTEx Coexpression,31	ALDH1A1
gene_set_query	24	LYL1	104.4	Literature ChIP-seq,3;ARCHS4 Coexpression,184;Enrichr Queries,7;ReMap ChIP-seq,216;GTEx Coexpression,112	CX3CR1,SELPLG,TMEM119,PLD4
gene_set_query	25	EGR2	108.3	ARCHS4 Coexpression,1;Enrichr Queries,135;GTEx Coexpression,189	CX3CR1,GPR34,ALDH1A1,TMEM119,PLD4,LILRB1,A2M,LILRB4
gene_set_query	26	IRF4	108.6	ARCHS4 Coexpression,135;ENCODE ChIP-seq,27;Enrichr Queries,169;ReMap ChIP-seq,13;GTEx Coexpression,199	ACY3,SELPLG,TMEM119,LILRB1
gene_set_query	27	MYRFL	125.0	ARCHS4 Coexpression,200;GTEx Coexpression,50	ACY3
gene_set_query	28	MEF2B	125.0	ARCHS4 Coexpression,199;Enrichr Queries,116;ReMap ChIP-seq,15;GTEx Coexpression,170	ACY3,SELPLG,PLD4
gene_set_query	29	BORCS8MEF2B	128.0	ARCHS4 Coexpression,128	SELPLG
gene_set_query	30	FOXA2	128.7	Literature ChIP-seq,52;ARCHS4 Coexpression,423;ENCODE ChIP-seq,15;Enrichr Queries,31;ReMap ChIP-seq,181;GTEx Coexpression,70	ACY3,ALDH1A1,A2M
gene_set_query	31	NKX23	130.0	ARCHS4 Coexpression,59;GTEx Coexpression,201	PLD4
gene_set_query	32	FOXP3	130.5	Literature ChIP-seq,110;ARCHS4 Coexpression,72;Enrichr Queries,171;GTEx Coexpression,169	SELPLG
gene_set_query	33	DMRT2	135.7	ARCHS4 Coexpression,221;Enrichr Queries,117;GTEx Coexpression,69	ACY3,ALDH1A1
gene_set_query	34	NFE2	138.6	ARCHS4 Coexpression,383;ENCODE ChIP-seq,41;Enrichr Queries,19;ReMap ChIP-seq,110;GTEx Coexpression,140	SELPLG,ALDH1A1,LILRB1
gene_set_query	35	ZNF831	140.3	ARCHS4 Coexpression,90;Enrichr Queries,11;GTEx Coexpression,320	SELPLG,LILRB1,LILRB4
gene_set_query	36	GATA1	141.0	Literature ChIP-seq,48;ARCHS4 Coexpression,379;ENCODE ChIP-seq,24;Enrichr Queries,175;ReMap ChIP-seq,93;GTEx Coexpression,127	CX3CR1,RERGL,SELPLG,ALDH1A1,LILRB4
gene_set_query	37	ESRRG	144.0	ARCHS4 Coexpression,249;Enrichr Queries,156;GTEx Coexpression,27	ALDH1A1
gene_set_query	38	SCML4	148.3	ARCHS4 Coexpression,82;Enrichr Queries,246;GTEx Coexpression,117	SELPLG
gene_set_query	39	MAFB	155.5	ARCHS4 Coexpression,10;Enrichr Queries,124;ReMap ChIP-seq,147;GTEx Coexpression,341	GPR34,ALDH1A1,LILRB1,LILRB4
gene_set_query	40	NFE4	156.0	GTEx Coexpression,156	SELPLG
gene_set_query	41	HNF4A	161.0	Literature ChIP-seq,49;ARCHS4 Coexpression,541;ENCODE ChIP-seq,54;Enrichr Queries,110;ReMap ChIP-seq,98;GTEx Coexpression,114	ACY3,ALDH1A1,A2M
gene_set_query	42	NR3C2	161.3	ARCHS4 Coexpression,214;Enrichr Queries,41;GTEx Coexpression,229	ALDH1A1
gene_set_query	43	HNF4G	166.2	ARCHS4 Coexpression,470;ENCODE ChIP-seq,5;Enrichr Queries,114;ReMap ChIP-seq,177;GTEx Coexpression,65	ACY3,ALDH1A1,A2M
gene_set_query	44	RFX8	166.5	ARCHS4 Coexpression,298;GTEx Coexpression,35	TMEM119
gene_set_query	45	ZNF394	166.7	ARCHS4 Coexpression,85;Enrichr Queries,266;GTEx Coexpression,149	SELPLG
gene_set_query	46	IRF7	168.3	ARCHS4 Coexpression,26;Enrichr Queries,308;GTEx Coexpression,171	LILRB1,LILRB4
gene_set_query	47	KLF4	177.2	Literature ChIP-seq,92;ARCHS4 Coexpression,294;Enrichr Queries,128;ReMap ChIP-seq,113;GTEx Coexpression,259	ALDH1A1
gene_set_query	48	ATF5	186.0	ARCHS4 Coexpression,44;Enrichr Queries,118;GTEx Coexpression,396	ALDH1A1,LILRB1,LILRB4
gene_set_query	49	BCL6	186.6	Literature ChIP-seq,33;ARCHS4 Coexpression,137;Enrichr Queries,624;ReMap ChIP-seq,31;GTEx Coexpression,108	CX3CR1,ACY3,SELPLG,LILRB4
gene_set_query	50	HOXC6	190.0	ARCHS4 Coexpression,392;Enrichr Queries,142;GTEx Coexpression,36	ALDH1A1,TMEM119
gene_set_query	51	CEBPD	198.4	Literature ChIP-seq,140;ARCHS4 Coexpression,138;ENCODE ChIP-seq,106;ReMap ChIP-seq,114;GTEx Coexpression,494	LILRB4
gene_set_query	52	GLMP	199.0	ARCHS4 Coexpression,114;GTEx Coexpression,284	LILRB4
gene_set_query	53	RARA	202.8	Literature ChIP-seq,24;ARCHS4 Coexpression,120;Enrichr Queries,552;ReMap ChIP-seq,193;GTEx Coexpression,125	ACY3,SELPLG,GPR34
gene_set_query	54	IRF2	204.3	ARCHS4 Coexpression,141;Enrichr Queries,320;ReMap ChIP-seq,183;GTEx Coexpression,173	SELPLG
gene_set_query	55	USF1	206.6	ARCHS4 Coexpression,262;ENCODE ChIP-seq,62;Enrichr Queries,388;ReMap ChIP-seq,197;GTEx Coexpression,124	ACY3,SELPLG
gene_set_query	56	PAX5	209.0	ARCHS4 Coexpression,132;ENCODE ChIP-seq,47;Enrichr Queries,715;ReMap ChIP-seq,14;GTEx Coexpression,137	ACY3,SELPLG,TMEM119,LILRB1
gene_set_query	57	FOXP2	210.3	Literature ChIP-seq,126;ARCHS4 Coexpression,378;ENCODE ChIP-seq,113;Enrichr Queries,104;ReMap ChIP-seq,176;GTEx Coexpression,365	ALDH1A1
gene_set_query	58	ATF6	211.7	ARCHS4 Coexpression,297;Enrichr Queries,243;GTEx Coexpression,95	SELPLG
gene_set_query	59	PLSCR1	212.5	ARCHS4 Coexpression,39;GTEx Coexpression,386	LILRB1,LILRB4
gene_set_query	60	ELF1	213.2	Literature ChIP-seq,45;ARCHS4 Coexpression,349;ENCODE ChIP-seq,43;ReMap ChIP-seq,158;GTEx Coexpression,471	PIK3R4,A2M,LILRB4
gene_set_query	61	ZBTB32	214.3	ARCHS4 Coexpression,106;Enrichr Queries,181;GTEx Coexpression,356	LILRB1
gene_set_query	62	TIGD3	214.7	ARCHS4 Coexpression,115;Enrichr Queries,487;GTEx Coexpression,42	SELPLG
gene_set_query	63	RUNX3	215.4	ARCHS4 Coexpression,683;ENCODE ChIP-seq,65;Enrichr Queries,173;ReMap ChIP-seq,8;GTEx Coexpression,148	SELPLG,PIK3R4,LILRB1,LILRB4
gene_set_query	64	ANHX	216.5	ARCHS4 Coexpression,218;GTEx Coexpression,215	
gene_set_query	65	KLF5	217.2	Literature ChIP-seq,78;ARCHS4 Coexpression,183;Enrichr Queries,120;ReMap ChIP-seq,172;GTEx Coexpression,533	ALDH1A1
gene_set_query	66	ZGPAT	219.0	ARCHS4 Coexpression,208;Enrichr Queries,257;GTEx Coexpression,192	
gene_set_query	67	CEBPB	220.7	Literature ChIP-seq,26;ARCHS4 Coexpression,42;ENCODE ChIP-seq,6;Enrichr Queries,879;ReMap ChIP-seq,211;GTEx Coexpression,160	SELPLG,EIF2B2,TMEM119,LILRB1,LILRB4
gene_set_query	68	TFE3	221.3	ARCHS4 Coexpression,322;Enrichr Queries,189;GTEx Coexpression,153	SELPLG
gene_set_query	69	KLF1	223.8	Literature ChIP-seq,117;ARCHS4 Coexpression,516;Enrichr Queries,166;ReMap ChIP-seq,170;GTEx Coexpression,150	SELPLG,ALDH1A1
gene_set_query	70	YY1	227.8	Literature ChIP-seq,113;ARCHS4 Coexpression,810;ENCODE ChIP-seq,80;Enrichr Queries,184;ReMap ChIP-seq,117;GTEx Coexpression,63	EIF2B2,SELPLG
gene_set_query	71	TCF7	228.8	Literature ChIP-seq,108;ARCHS4 Coexpression,78;Enrichr Queries,459;ReMap ChIP-seq,65;GTEx Coexpression,434	ACY3,SELPLG
gene_set_query	72	RFX5	229.6	ARCHS4 Coexpression,636;ENCODE ChIP-seq,38;Enrichr Queries,197;ReMap ChIP-seq,122;GTEx Coexpression,155	SELPLG,PIK3R4,LILRB1
gene_set_query	73	FOXA3	231.0	ARCHS4 Coexpression,526;Enrichr Queries,160;GTEx Coexpression,7	ACY3,ALDH1A1
gene_set_query	74	MECOM	234.0	Literature ChIP-seq,64;ARCHS4 Coexpression,597;GTEx Coexpression,41	ALDH1A1,LILRB4
gene_set_query	75	JDP2	238.3	ARCHS4 Coexpression,9;Enrichr Queries,604;GTEx Coexpression,102	TMEM119,LILRB1,LILRB4
gene_set_query	76	PBX2	243.0	ARCHS4 Coexpression,450;Enrichr Queries,324;ReMap ChIP-seq,153;GTEx Coexpression,45	SELPLG
gene_set_query	77	RUNX2	244.4	Literature ChIP-seq,57;ARCHS4 Coexpression,50;Enrichr Queries,1013;ReMap ChIP-seq,29;GTEx Coexpression,73	SELPLG,TMEM119,PLD4,LILRB1,A2M
gene_set_query	78	KDM5B	246.6	Literature ChIP-seq,89;ARCHS4 Coexpression,733;ENCODE ChIP-seq,73;ReMap ChIP-seq,156;GTEx Coexpression,182	SELPLG
gene_set_query	79	CEBPE	248.3	ARCHS4 Coexpression,658;Enrichr Queries,9;GTEx Coexpression,78	CX3CR1,SELPLG,PLD4
gene_set_query	80	ZNF584	250.3	ARCHS4 Coexpression,443;Enrichr Queries,218;ReMap ChIP-seq,51;GTEx Coexpression,289	CX3CR1
gene_set_query	81	STAT4	250.8	Literature ChIP-seq,50;ARCHS4 Coexpression,142;Enrichr Queries,140;GTEx Coexpression,671	SELPLG,LILRB4
gene_set_query	82	SON	251.0	ARCHS4 Coexpression,477;GTEx Coexpression,25	PIK3R4
gene_set_query	83	HLX	253.3	ARCHS4 Coexpression,41;Enrichr Queries,618;GTEx Coexpression,101	SELPLG,LILRB1,LILRB4
gene_set_query	84	HEY2	254.0	ARCHS4 Coexpression,116;Enrichr Queries,607;GTEx Coexpression,39	RERGL
gene_set_query	85	MYB	254.8	Literature ChIP-seq,43;ARCHS4 Coexpression,217;ENCODE ChIP-seq,25;Enrichr Queries,628;ReMap ChIP-seq,34;GTEx Coexpression,582	ACY3,SELPLG,LILRB4
gene_set_query	86	NFKB2	256.8	ARCHS4 Coexpression,40;Enrichr Queries,647;ReMap ChIP-seq,224;GTEx Coexpression,116	LILRB1,LILRB4
gene_set_query	87	NR1H3	257.6	Literature ChIP-seq,135;ARCHS4 Coexpression,31;Enrichr Queries,163;ReMap ChIP-seq,79;GTEx Coexpression,880	EIF2B2,ALDH1A1,LILRB1,LILRB4
gene_set_query	88	NR2C2	260.6	ARCHS4 Coexpression,347;ENCODE ChIP-seq,21;Enrichr Queries,331;ReMap ChIP-seq,95;GTEx Coexpression,509	ACY3,EIF2B2
gene_set_query	89	IKZF2	262.3	ARCHS4 Coexpression,230;Enrichr Queries,202;GTEx Coexpression,355	
gene_set_query	90	PPARD	262.5	Literature ChIP-seq,87;ARCHS4 Coexpression,95;Enrichr Queries,538;GTEx Coexpression,330	PIK3R4,LILRB4
gene_set_query	91	ZBED2	262.7	ARCHS4 Coexpression,209;Enrichr Queries,87;GTEx Coexpression,492	ALDH1A1
gene_set_query	92	CREB3L3	267.3	ARCHS4 Coexpression,372;Enrichr Queries,16;GTEx Coexpression,414	ACY3,ALDH1A1
gene_set_query	93	DUX4	274.0	ARCHS4 Coexpression,269;ReMap ChIP-seq,279	
gene_set_query	94	MLXIPL	275.3	ARCHS4 Coexpression,144;Enrichr Queries,99;GTEx Coexpression,583	ALDH1A1,A2M
gene_set_query	95	ZNF341	276.0	ARCHS4 Coexpression,434;Enrichr Queries,272;GTEx Coexpression,122	SELPLG
gene_set_query	96	POU5F1	278.4	Literature ChIP-seq,65;ARCHS4 Coexpression,533;Enrichr Queries,629;ReMap ChIP-seq,116;GTEx Coexpression,49	ACY3,PIK3R4,PLD4
gene_set_query	97	PIN1	279.5	ARCHS4 Coexpression,273;GTEx Coexpression,286	
gene_set_query	98	NRF1	280.2	ARCHS4 Coexpression,81;ENCODE ChIP-seq,91;Enrichr Queries,936;ReMap ChIP-seq,119;GTEx Coexpression,174	SELPLG
gene_set_query	99	ZNF2	282.0	ARCHS4 Coexpression,174;Enrichr Queries,390	
gene_set_query	100	KDM2B	283.0	ARCHS4 Coexpression,119;GTEx Coexpression,447	LILRB1
gene_set_query	101	HOXC9	283.0	Literature ChIP-seq,97;ARCHS4 Coexpression,285;Enrichr Queries,71;GTEx Coexpression,679	TMEM119
gene_set_query	102	SP1	284.0	ARCHS4 Coexpression,483;ENCODE ChIP-seq,58;Enrichr Queries,293;ReMap ChIP-seq,125;GTEx Coexpression,461	SELPLG
gene_set_query	103	ZNF157	285.3	ARCHS4 Coexpression,204;Enrichr Queries,376;GTEx Coexpression,276	
gene_set_query	104	SP2	287.0	ARCHS4 Coexpression,510;ENCODE ChIP-seq,56;Enrichr Queries,626;ReMap ChIP-seq,161;GTEx Coexpression,82	SELPLG,EIF2B2
gene_set_query	105	CSRNP2	287.0	ARCHS4 Coexpression,165;GTEx Coexpression,409	
gene_set_query	106	RELB	291.8	ARCHS4 Coexpression,30;Enrichr Queries,753;ReMap ChIP-seq,204;GTEx Coexpression,180	LILRB1,LILRB4
gene_set_query	107	NFKB1	292.3	ARCHS4 Coexpression,43;Enrichr Queries,302;ReMap ChIP-seq,155;GTEx Coexpression,669	LILRB1,LILRB4
gene_set_query	108	NFE2L2	293.0	Literature ChIP-seq,1;ARCHS4 Coexpression,111;Enrichr Queries,998;ReMap ChIP-seq,111;GTEx Coexpression,244	CX3CR1,TMEM119,LILRB4
gene_set_query	109	MYBL2	293.7	Literature ChIP-seq,101;ARCHS4 Coexpression,749;ENCODE ChIP-seq,63;Enrichr Queries,377;ReMap ChIP-seq,96;GTEx Coexpression,376	A2M
gene_set_query	110	DACH1	294.3	Literature ChIP-seq,105;ARCHS4 Coexpression,716;Enrichr Queries,62	ALDH1A1
gene_set_query	111	TFCP2L1	294.7	ARCHS4 Coexpression,519;Enrichr Queries,100;GTEx Coexpression,265	ALDH1A1
gene_set_query	112	CENPS	295.5	ARCHS4 Coexpression,231;GTEx Coexpression,360	
gene_set_query	113	NFAT5	296.7	ARCHS4 Coexpression,178;Enrichr Queries,664;GTEx Coexpression,48	PIK3R4
gene_set_query	114	HSFY2	297.5	ARCHS4 Coexpression,188;GTEx Coexpression,407	
gene_set_query	115	PCGF2	299.0	ARCHS4 Coexpression,397;ReMap ChIP-seq,201	
gene_set_query	116	CUX1	300.0	Literature ChIP-seq,84;ARCHS4 Coexpression,422;ENCODE ChIP-seq,75;Enrichr Queries,313;ReMap ChIP-seq,213;GTEx Coexpression,693	SELPLG
gene_set_query	117	NFYC	300.0	ARCHS4 Coexpression,339;Enrichr Queries,393;GTEx Coexpression,168	SELPLG
gene_set_query	118	ZNF385A	300.3	ARCHS4 Coexpression,20;Enrichr Queries,398;GTEx Coexpression,483	LILRB1,LILRB4
gene_set_query	119	PURA	300.5	ARCHS4 Coexpression,161;GTEx Coexpression,440	
gene_set_query	120	TFEB	301.0	Literature ChIP-seq,37;ARCHS4 Coexpression,143;Enrichr Queries,873;GTEx Coexpression,151	SELPLG,EIF2B2,LILRB1
gene_set_query	121	GRHL2	301.8	Literature ChIP-seq,44;ARCHS4 Coexpression,388;Enrichr Queries,710;ReMap ChIP-seq,85;GTEx Coexpression,282	EIF2B2,LILRB4
gene_set_query	122	AKNA	302.7	ARCHS4 Coexpression,139;Enrichr Queries,170;GTEx Coexpression,599	SELPLG
gene_set_query	123	IRF1	302.8	Literature ChIP-seq,5;ARCHS4 Coexpression,124;ENCODE ChIP-seq,83;Enrichr Queries,1253;ReMap ChIP-seq,218;GTEx Coexpression,134	SELPLG,PIK3R4,TMEM119,PLD4
gene_set_query	124	ZSCAN25	303.5	ARCHS4 Coexpression,524;GTEx Coexpression,83	PIK3R4
gene_set_query	125	ZBTB42	303.5	ARCHS4 Coexpression,361;GTEx Coexpression,246	
gene_set_query	126	TFAP2C	305.3	Literature ChIP-seq,119;ARCHS4 Coexpression,201;ENCODE ChIP-seq,92;Enrichr Queries,996;ReMap ChIP-seq,81;GTEx Coexpression,343	ACY3
gene_set_query	127	ZNF521	305.7	ARCHS4 Coexpression,464;Enrichr Queries,50;GTEx Coexpression,403	ALDH1A1
gene_set_query	128	FOXM1	306.5	Literature ChIP-seq,32;ARCHS4 Coexpression,265;ENCODE ChIP-seq,99;Enrichr Queries,527;ReMap ChIP-seq,138;GTEx Coexpression,778	RERGL,A2M
gene_set_query	129	STAT5A	308.2	Literature ChIP-seq,122;ARCHS4 Coexpression,581;ENCODE ChIP-seq,104;Enrichr Queries,798;ReMap ChIP-seq,99;GTEx Coexpression,145	SELPLG,GPR34
gene_set_query	130	GATAD2B	308.3	ARCHS4 Coexpression,401;Enrichr Queries,275;GTEx Coexpression,249	
gene_set_query	131	BHLHA15	308.5	ARCHS4 Coexpression,192;GTEx Coexpression,425	
gene_set_query	132	BATF3	309.3	ARCHS4 Coexpression,22;Enrichr Queries,796;GTEx Coexpression,110	LILRB1,LILRB4
gene_set_query	133	ZBTB48	310.0	ARCHS4 Coexpression,606;Enrichr Queries,269;GTEx Coexpression,55	SELPLG
gene_set_query	134	BRF2	311.3	ARCHS4 Coexpression,664;ReMap ChIP-seq,45;GTEx Coexpression,225	RERGL
gene_set_query	135	ETV6	313.0	ARCHS4 Coexpression,110;Enrichr Queries,520;ReMap ChIP-seq,67;GTEx Coexpression,555	SELPLG,LILRB1
gene_set_query	136	CPEB1	313.0	ARCHS4 Coexpression,356;GTEx Coexpression,270	
gene_set_query	137	ZNF324B	313.0	ARCHS4 Coexpression,263;GTEx Coexpression,363	
gene_set_query	138	FOSL2	313.2	ARCHS4 Coexpression,301;ENCODE ChIP-seq,103;Enrichr Queries,819;ReMap ChIP-seq,91;GTEx Coexpression,252	SELPLG
gene_set_query	139	NFATC1	315.2	ARCHS4 Coexpression,45;ENCODE ChIP-seq,19;Enrichr Queries,1072;ReMap ChIP-seq,150;GTEx Coexpression,290	SELPLG,LILRB1,LILRB4
gene_set_query	140	RUNX1	315.6	Literature ChIP-seq,20;ARCHS4 Coexpression,357;Enrichr Queries,958;ReMap ChIP-seq,107;GTEx Coexpression,136	CX3CR1,ACY3,SELPLG,EIF2B2,TMEM119,A2M
gene_set_query	141	SNAI3	315.7	ARCHS4 Coexpression,103;Enrichr Queries,744;GTEx Coexpression,100	SELPLG
gene_set_query	142	NANOGP8	316.0	ARCHS4 Coexpression,503;GTEx Coexpression,129	LILRB4
gene_set_query	143	ASH1L	317.0	ARCHS4 Coexpression,176;Enrichr Queries,511;GTEx Coexpression,264	
gene_set_query	144	TFAP2A	317.7	Literature ChIP-seq,74;ARCHS4 Coexpression,319;ENCODE ChIP-seq,95;Enrichr Queries,1109;ReMap ChIP-seq,61;GTEx Coexpression,248	ACY3,SELPLG
gene_set_query	145	TAL1	318.0	Literature ChIP-seq,72;ARCHS4 Coexpression,1321;ENCODE ChIP-seq,81;Enrichr Queries,149;ReMap ChIP-seq,109;GTEx Coexpression,176	CX3CR1,SELPLG,PLD4,LILRB4
gene_set_query	146	TCF3	319.7	Literature ChIP-seq,98;ARCHS4 Coexpression,557;ENCODE ChIP-seq,17;Enrichr Queries,567;ReMap ChIP-seq,7;GTEx Coexpression,672	ACY3,SELPLG,EIF2B2,TMEM119
gene_set_query	147	E2F1	320.8	Literature ChIP-seq,25;ARCHS4 Coexpression,573;ENCODE ChIP-seq,90;Enrichr Queries,531;ReMap ChIP-seq,120;GTEx Coexpression,586	SELPLG,LILRB4
gene_set_query	148	TRAFD1	321.0	ARCHS4 Coexpression,21;Enrichr Queries,474;GTEx Coexpression,468	SELPLG,LILRB1
gene_set_query	149	NEUROD1	321.5	ARCHS4 Coexpression,736;Enrichr Queries,72;ReMap ChIP-seq,140;GTEx Coexpression,338	ALDH1A1
gene_set_query	150	ZNF763	325.7	ARCHS4 Coexpression,500;Enrichr Queries,418;GTEx Coexpression,59	SELPLG
gene_set_query	151	CCDC17	326.0	ARCHS4 Coexpression,643;GTEx Coexpression,9	SELPLG,A2M
gene_set_query	152	CBX2	326.6	ARCHS4 Coexpression,840;ENCODE ChIP-seq,10;Enrichr Queries,486;ReMap ChIP-seq,18;GTEx Coexpression,279	ACY3,LINC01736,A2M,LILRB4
gene_set_query	153	PRDM2	328.3	ARCHS4 Coexpression,343;Enrichr Queries,402;GTEx Coexpression,240	
gene_set_query	154	ARID3A	328.4	ARCHS4 Coexpression,481;ENCODE ChIP-seq,33;Enrichr Queries,815;ReMap ChIP-seq,166;GTEx Coexpression,147	SELPLG,PIK3R4,A2M
gene_set_query	155	CREBZF	329.7	ARCHS4 Coexpression,334;Enrichr Queries,214;GTEx Coexpression,441	
gene_set_query	156	ZKSCAN1	330.6	ARCHS4 Coexpression,429;ENCODE ChIP-seq,55;Enrichr Queries,349;ReMap ChIP-seq,173;GTEx Coexpression,647	SELPLG
gene_set_query	157	ZNF318	331.3	ARCHS4 Coexpression,168;Enrichr Queries,239;ReMap ChIP-seq,42;GTEx Coexpression,876	SELPLG
gene_set_query	158	ETV3	331.3	ARCHS4 Coexpression,34;Enrichr Queries,237;GTEx Coexpression,723	LILRB1,LILRB4
gene_set_query	159	RXRA	333.0	Literature ChIP-seq,60;ARCHS4 Coexpression,266;ENCODE ChIP-seq,111;Enrichr Queries,465;ReMap ChIP-seq,188;GTEx Coexpression,908	ACY3
gene_set_query	160	SPIC	333.3	ARCHS4 Coexpression,824;Enrichr Queries,18;GTEx Coexpression,158	CX3CR1,PLD4,LILRB1
gene_set_query	161	KLF3	334.0	ARCHS4 Coexpression,86;Enrichr Queries,425;ReMap ChIP-seq,253;GTEx Coexpression,572	SELPLG
gene_set_query	162	HES1	339.0	ARCHS4 Coexpression,151;Enrichr Queries,932;ReMap ChIP-seq,36;GTEx Coexpression,237	PLD4
gene_set_query	163	ZNF704	340.7	ARCHS4 Coexpression,690;Enrichr Queries,58;GTEx Coexpression,274	ALDH1A1
gene_set_query	164	RELA	341.7	Literature ChIP-seq,116;ARCHS4 Coexpression,858;ENCODE ChIP-seq,9;Enrichr Queries,341;ReMap ChIP-seq,32;GTEx Coexpression,694	SELPLG,TMEM119,LILRB1
gene_set_query	165	ZNF263	342.8	Literature ChIP-seq,158;ARCHS4 Coexpression,172;ENCODE ChIP-seq,48;Enrichr Queries,457;ReMap ChIP-seq,194;GTEx Coexpression,1028	TMEM119
gene_set_query	166	MEIS1	345.6	Literature ChIP-seq,15;ARCHS4 Coexpression,1188;Enrichr Queries,45;ReMap ChIP-seq,28;GTEx Coexpression,452	CX3CR1,ALDH1A1,TMEM119,LILRB4
gene_set_query	167	THAP3	347.0	ARCHS4 Coexpression,399;Enrichr Queries,602;GTEx Coexpression,40	EIF2B2
gene_set_query	168	IKZF3	347.0	ARCHS4 Coexpression,900;Enrichr Queries,65;GTEx Coexpression,76	SELPLG,LILRB1
gene_set_query	169	HLF	347.7	ARCHS4 Coexpression,83;Enrichr Queries,69;GTEx Coexpression,891	ALDH1A1,A2M
gene_set_query	170	SMAD4	348.8	Literature ChIP-seq,82;ARCHS4 Coexpression,177;Enrichr Queries,470;ReMap ChIP-seq,281;GTEx Coexpression,734	EIF2B2
gene_set_query	171	ATF3	350.3	Literature ChIP-seq,38;ARCHS4 Coexpression,13;ENCODE ChIP-seq,94;Enrichr Queries,868;ReMap ChIP-seq,118;GTEx Coexpression,971	SELPLG,PIK3R4,LILRB1,LILRB4
gene_set_query	172	PLAGL2	350.7	ARCHS4 Coexpression,417;Enrichr Queries,200;GTEx Coexpression,435	
gene_set_query	173	ZNF213	351.7	ARCHS4 Coexpression,197;Enrichr Queries,362;GTEx Coexpression,496	
gene_set_query	174	EGR4	351.7	ARCHS4 Coexpression,131;Enrichr Queries,543;GTEx Coexpression,381	ALDH1A1
gene_set_query	175	HHEX	351.8	ARCHS4 Coexpression,1000;Enrichr Queries,130;ReMap ChIP-seq,71;GTEx Coexpression,206	ALDH1A1,A2M
gene_set_query	176	ETV3L	352.3	ARCHS4 Coexpression,117;Enrichr Queries,613;GTEx Coexpression,327	LILRB4
gene_set_query	177	ZXDA	354.3	ARCHS4 Coexpression,173;Enrichr Queries,597;GTEx Coexpression,293	
gene_set_query	178	NKX32	356.0	ARCHS4 Coexpression,368;GTEx Coexpression,344	
gene_set_query	179	ETS2	356.3	Literature ChIP-seq,148;ARCHS4 Coexpression,47;Enrichr Queries,540;GTEx Coexpression,690	A2M,LILRB4
gene_set_query	180	GTF2B	357.0	ARCHS4 Coexpression,1083;ENCODE ChIP-seq,89;ReMap ChIP-seq,171;GTEx Coexpression,85	SELPLG
gene_set_query	181	EOMES	357.0	Literature ChIP-seq,54;ARCHS4 Coexpression,697;Enrichr Queries,113;ReMap ChIP-seq,266;GTEx Coexpression,655	CX3CR1,ACY3
gene_set_query	182	MITF	358.0	Literature ChIP-seq,86;ARCHS4 Coexpression,887;Enrichr Queries,52;ReMap ChIP-seq,221;GTEx Coexpression,544	EIF2B2,ALDH1A1,PIK3R4
gene_set_query	183	TEAD4	358.5	Literature ChIP-seq,94;ARCHS4 Coexpression,404;ENCODE ChIP-seq,67;Enrichr Queries,1050;ReMap ChIP-seq,219;GTEx Coexpression,317	EIF2B2
gene_set_query	184	E2F4	358.8	Literature ChIP-seq,83;ARCHS4 Coexpression,162;ENCODE ChIP-seq,71;Enrichr Queries,295;ReMap ChIP-seq,135;GTEx Coexpression,1407	SELPLG,EIF2B2
gene_set_query	185	MNT	359.5	ARCHS4 Coexpression,654;Enrichr Queries,430;ReMap ChIP-seq,274;GTEx Coexpression,80	SELPLG
gene_set_query	186	ST18	359.7	ARCHS4 Coexpression,700;Enrichr Queries,146;GTEx Coexpression,233	ALDH1A1
gene_set_query	187	STAT6	359.8	Literature ChIP-seq,16;ARCHS4 Coexpression,223;Enrichr Queries,838;GTEx Coexpression,362	SELPLG
gene_set_query	188	ZNF687	360.0	ARCHS4 Coexpression,728;Enrichr Queries,278;GTEx Coexpression,74	SELPLG
gene_set_query	189	MAZ	362.8	ARCHS4 Coexpression,570;ENCODE ChIP-seq,29;Enrichr Queries,1007;ReMap ChIP-seq,133;GTEx Coexpression,75	ACY3,SELPLG
gene_set_query	190	DNTTIP1	364.0	ARCHS4 Coexpression,640;GTEx Coexpression,88	SELPLG
gene_set_query	191	ZNF267	367.7	ARCHS4 Coexpression,18;Enrichr Queries,1006;GTEx Coexpression,79	LILRB1,LILRB4
gene_set_query	192	MEF2A	368.7	Literature ChIP-seq,127;ARCHS4 Coexpression,1057;ENCODE ChIP-seq,2;Enrichr Queries,807;ReMap ChIP-seq,23;GTEx Coexpression,196	ACY3,SELPLG,TMEM119,PLD4,LILRB4
gene_set_query	193	ELK1	369.2	Literature ChIP-seq,6;ARCHS4 Coexpression,1306;ENCODE ChIP-seq,40;ReMap ChIP-seq,126;GTEx Coexpression,368	SELPLG,EIF2B2,PIK3R4
gene_set_query	194	SNAI2	371.8	ARCHS4 Coexpression,53;Enrichr Queries,1181;ReMap ChIP-seq,223;GTEx Coexpression,30	TMEM119
gene_set_query	195	ZNF366	372.3	ARCHS4 Coexpression,134;Enrichr Queries,51;GTEx Coexpression,932	A2M,LILRB4
gene_set_query	196	THAP7	373.0	ARCHS4 Coexpression,376;Enrichr Queries,322;GTEx Coexpression,421	
gene_set_query	197	IRF9	373.5	ARCHS4 Coexpression,27;Enrichr Queries,1361;ReMap ChIP-seq,48;GTEx Coexpression,58	SELPLG,LILRB1
gene_set_query	198	MYC	375.0	Literature ChIP-seq,2;ARCHS4 Coexpression,780;ENCODE ChIP-seq,70;Enrichr Queries,950;ReMap ChIP-seq,127;GTEx Coexpression,321	ACY3,SELPLG
gene_set_query	199	GATA2	375.3	Literature ChIP-seq,21;ARCHS4 Coexpression,1263;ENCODE ChIP-seq,13;Enrichr Queries,693;ReMap ChIP-seq,233;GTEx Coexpression,29	CX3CR1,SELPLG,TMEM119,A2M
gene_set_query	200	LEF1	376.3	ARCHS4 Coexpression,91;Enrichr Queries,1124;ReMap ChIP-seq,287;GTEx Coexpression,3	CX3CR1,SELPLG
gene_set_query	201	ZNF846	376.3	ARCHS4 Coexpression,150;Enrichr Queries,670;GTEx Coexpression,309	
gene_set_query	202	ASCL3	376.7	ARCHS4 Coexpression,169;Enrichr Queries,686;GTEx Coexpression,275	
gene_set_query	203	SP7	377.0	ARCHS4 Coexpression,62;Enrichr Queries,88;GTEx Coexpression,981	TMEM119
gene_set_query	204	NR1I3	377.3	ARCHS4 Coexpression,661;Enrichr Queries,134;GTEx Coexpression,337	ALDH1A1
gene_set_query	205	NR4A1	377.8	ARCHS4 Coexpression,4;Enrichr Queries,121;ReMap ChIP-seq,94;GTEx Coexpression,1292	SELPLG,GPR34,ALDH1A1,TMEM119,PLD4,A2M,LILRB4
gene_set_query	206	DMRTC2	380.0	ARCHS4 Coexpression,355;Enrichr Queries,61;GTEx Coexpression,724	ACY3
gene_set_query	207	E2F2	383.7	ARCHS4 Coexpression,594;Enrichr Queries,438;GTEx Coexpression,119	SELPLG
gene_set_query	208	BHLHE40	383.8	ARCHS4 Coexpression,537;ENCODE ChIP-seq,26;ReMap ChIP-seq,123;GTEx Coexpression,849	SELPLG,GPR34
gene_set_query	209	ZNF568	385.7	ARCHS4 Coexpression,259;Enrichr Queries,599;GTEx Coexpression,299	
gene_set_query	210	CTCF	386.0	Literature ChIP-seq,112;ARCHS4 Coexpression,631;ENCODE ChIP-seq,30;Enrichr Queries,697;ReMap ChIP-seq,104;GTEx Coexpression,742	ACY3,EIF2B2,SELPLG
gene_set_query	211	GFI1B	386.2	Literature ChIP-seq,63;ARCHS4 Coexpression,1416;Enrichr Queries,167;ReMap ChIP-seq,182;GTEx Coexpression,103	SELPLG,ALDH1A1,PLD4
gene_set_query	212	ZNF786	386.3	ARCHS4 Coexpression,741;Enrichr Queries,25;GTEx Coexpression,393	LILRB1
gene_set_query	213	ZNF415	387.7	ARCHS4 Coexpression,763;Enrichr Queries,165;GTEx Coexpression,235	ALDH1A1
gene_set_query	214	GATA3	387.8	Literature ChIP-seq,81;ARCHS4 Coexpression,447;ENCODE ChIP-seq,53;Enrichr Queries,953;ReMap ChIP-seq,198;GTEx Coexpression,595	ACY3,EIF2B2
gene_set_query	215	FOXA1	388.7	Literature ChIP-seq,77;ARCHS4 Coexpression,614;ENCODE ChIP-seq,82;Enrichr Queries,82;ReMap ChIP-seq,230;GTEx Coexpression,1247	ALDH1A1,A2M
gene_set_query	216	ZBTB34	389.3	ARCHS4 Coexpression,672;Enrichr Queries,378;GTEx Coexpression,118	SELPLG
gene_set_query	217	ZNF274	389.3	Literature ChIP-seq,146;ARCHS4 Coexpression,538;ENCODE ChIP-seq,108;Enrichr Queries,382;ReMap ChIP-seq,259;GTEx Coexpression,903	
gene_set_query	218	MEF2C	391.0	ARCHS4 Coexpression,1035;ENCODE ChIP-seq,8;Enrichr Queries,35;ReMap ChIP-seq,2;GTEx Coexpression,875	ACY3,SELPLG,GPR34,ALDH1A1,TMEM119,PLD4
gene_set_query	219	SREBF2	391.2	Literature ChIP-seq,124;ARCHS4 Coexpression,1345;ENCODE ChIP-seq,114;Enrichr Queries,372;ReMap ChIP-seq,60;GTEx Coexpression,332	ACY3
gene_set_query	220	DLX3	392.0	ARCHS4 Coexpression,180;Enrichr Queries,774;GTEx Coexpression,222	
gene_set_query	221	ISX	392.3	ARCHS4 Coexpression,776;Enrichr Queries,174;GTEx Coexpression,227	ALDH1A1
gene_set_query	222	HOXC4	393.0	ARCHS4 Coexpression,316;Enrichr Queries,851;GTEx Coexpression,12	TMEM119
gene_set_query	223	ZNF276	393.7	ARCHS4 Coexpression,87;Enrichr Queries,210;GTEx Coexpression,884	SELPLG
gene_set_query	224	RARB	393.8	Literature ChIP-seq,23;ARCHS4 Coexpression,76;Enrichr Queries,36;GTEx Coexpression,1440	ACY3,ALDH1A1
gene_set_query	225	CENPA	396.0	ARCHS4 Coexpression,456;GTEx Coexpression,336	
gene_set_query	226	EBF1	396.4	ARCHS4 Coexpression,236;ENCODE ChIP-seq,85;Enrichr Queries,60;ReMap ChIP-seq,33;GTEx Coexpression,1568	ACY3,SELPLG,ALDH1A1
gene_set_query	227	ZNF483	397.0	ARCHS4 Coexpression,340;Enrichr Queries,379;GTEx Coexpression,472	
gene_set_query	228	HOXB8	397.3	ARCHS4 Coexpression,635;Enrichr Queries,555;GTEx Coexpression,2	GPR34,LINC01736
gene_set_query	229	HSFX1	397.5	ARCHS4 Coexpression,507;GTEx Coexpression,288	
gene_set_query	230	FOXC1	399.3	ARCHS4 Coexpression,493;Enrichr Queries,687;GTEx Coexpression,18	RERGL
gene_set_query	231	UBP1	399.7	ARCHS4 Coexpression,509;Enrichr Queries,429;GTEx Coexpression,261	
gene_set_query	232	RFX3	400.0	ARCHS4 Coexpression,559;Enrichr Queries,413;GTEx Coexpression,228	
gene_set_query	233	HMG20B	400.3	ARCHS4 Coexpression,438;Enrichr Queries,396;GTEx Coexpression,367	
gene_set_query	234	PHF21A	400.3	ARCHS4 Coexpression,646;Enrichr Queries,458;GTEx Coexpression,97	SELPLG
gene_set_query	235	ZSCAN5C	401.7	ARCHS4 Coexpression,720;Enrichr Queries,280;GTEx Coexpression,205	
gene_set_query	236	E2F7	401.8	Literature ChIP-seq,160;ARCHS4 Coexpression,1038;Enrichr Queries,541;ReMap ChIP-seq,19;GTEx Coexpression,251	SELPLG,PLD4
gene_set_query	237	ZNF45	403.7	ARCHS4 Coexpression,196;Enrichr Queries,887;GTEx Coexpression,128	PIK3R4
gene_set_query	238	AKAP8	406.0	ARCHS4 Coexpression,572;Enrichr Queries,220;GTEx Coexpression,426	
gene_set_query	239	STAT1	406.3	Literature ChIP-seq,28;ARCHS4 Coexpression,744;ENCODE ChIP-seq,49;Enrichr Queries,963;ReMap ChIP-seq,102;GTEx Coexpression,552	SELPLG,A2M,LILRB4
gene_set_query	240	INSM2	406.7	ARCHS4 Coexpression,427;Enrichr Queries,357;GTEx Coexpression,436	
gene_set_query	241	ARNT	407.0	Literature ChIP-seq,46;ARCHS4 Coexpression,211;Enrichr Queries,1094;ReMap ChIP-seq,191;GTEx Coexpression,493	RERGL
gene_set_query	242	CEBPA	407.0	Literature ChIP-seq,80;ARCHS4 Coexpression,1126;Enrichr Queries,143;ReMap ChIP-seq,82;GTEx Coexpression,604	ALDH1A1,LILRB1,A2M
gene_set_query	243	STAT3	408.0	Literature ChIP-seq,9;ARCHS4 Coexpression,692;ENCODE ChIP-seq,31;Enrichr Queries,943;ReMap ChIP-seq,108;GTEx Coexpression,665	CX3CR1,SELPLG,LILRB1
gene_set_query	244	ZNF467	411.3	ARCHS4 Coexpression,122;Enrichr Queries,945;GTEx Coexpression,167	SELPLG
gene_set_query	245	MXD3	411.7	ARCHS4 Coexpression,769;Enrichr Queries,323;GTEx Coexpression,143	SELPLG
gene_set_query	246	ZNF230	412.0	ARCHS4 Coexpression,621;Enrichr Queries,476;GTEx Coexpression,139	SELPLG
gene_set_query	247	HOXB4	413.0	Literature ChIP-seq,19;ARCHS4 Coexpression,271;Enrichr Queries,789;GTEx Coexpression,573	EIF2B2,LILRB4
gene_set_query	248	ZBTB16	413.3	ARCHS4 Coexpression,364;Enrichr Queries,54;ReMap ChIP-seq,283;GTEx Coexpression,952	ALDH1A1
gene_set_query	249	CEBPZ	413.4	ARCHS4 Coexpression,433;ENCODE ChIP-seq,109;Enrichr Queries,404;ReMap ChIP-seq,265;GTEx Coexpression,856	
gene_set_query	250	NR1H4	414.3	ARCHS4 Coexpression,610;Enrichr Queries,96;GTEx Coexpression,537	ALDH1A1
gene_set_query	251	NR3C1	414.7	Literature ChIP-seq,42;ARCHS4 Coexpression,305;ENCODE ChIP-seq,97;Enrichr Queries,948;ReMap ChIP-seq,152;GTEx Coexpression,944	CX3CR1
gene_set_query	252	NFYA	416.6	ARCHS4 Coexpression,536;ENCODE ChIP-seq,77;Enrichr Queries,767;ReMap ChIP-seq,257;GTEx Coexpression,446	EIF2B2
gene_set_query	253	PREB	417.7	ARCHS4 Coexpression,241;Enrichr Queries,260;GTEx Coexpression,752	
gene_set_query	254	ZNF750	418.3	ARCHS4 Coexpression,478;Enrichr Queries,826;ReMap ChIP-seq,112;GTEx Coexpression,257	
gene_set_query	255	ZNF337	419.0	ARCHS4 Coexpression,472;Enrichr Queries,271;GTEx Coexpression,514	
gene_set_query	256	RARG	419.0	Literature ChIP-seq,143;ARCHS4 Coexpression,615;Enrichr Queries,677;GTEx Coexpression,241	
gene_set_query	257	ZFP62	422.3	ARCHS4 Coexpression,60;Enrichr Queries,797;GTEx Coexpression,410	EIF2B2
gene_set_query	258	NHLH1	422.3	ARCHS4 Coexpression,245;Enrichr Queries,938;GTEx Coexpression,84	SELPLG
gene_set_query	259	RFX1	422.5	ARCHS4 Coexpression,335;Enrichr Queries,326;ReMap ChIP-seq,11;GTEx Coexpression,1018	EIF2B2,SELPLG,TMEM119
gene_set_query	260	SATB1	422.8	ARCHS4 Coexpression,371;Enrichr Queries,437;ReMap ChIP-seq,37;GTEx Coexpression,846	A2M
gene_set_query	261	ASCL2	423.3	ARCHS4 Coexpression,24;Enrichr Queries,161;GTEx Coexpression,1085	SELPLG,ALDH1A1,LILRB1
gene_set_query	262	TBX18	424.0	ARCHS4 Coexpression,58;Enrichr Queries,1190;GTEx Coexpression,24	RERGL,ALDH1A1
gene_set_query	263	TET3	424.3	ARCHS4 Coexpression,226;ReMap ChIP-seq,296;GTEx Coexpression,751	
gene_set_query	264	NR0B1	424.5	Literature ChIP-seq,17;ARCHS4 Coexpression,107;Enrichr Queries,37;GTEx Coexpression,1537	ALDH1A1,PLD4,A2M
gene_set_query	265	HIF1A	425.2	Literature ChIP-seq,144;ARCHS4 Coexpression,1026;Enrichr Queries,738;ReMap ChIP-seq,185;GTEx Coexpression,33	TMEM119
gene_set_query	266	NR1I2	426.8	Literature ChIP-seq,130;ARCHS4 Coexpression,805;Enrichr Queries,145;GTEx Coexpression,627	ALDH1A1
gene_set_query	267	TFDP1	428.3	ARCHS4 Coexpression,275;Enrichr Queries,410;ReMap ChIP-seq,255;GTEx Coexpression,773	
gene_set_query	268	AHR	428.6	Literature ChIP-seq,132;ARCHS4 Coexpression,527;Enrichr Queries,661;ReMap ChIP-seq,86;GTEx Coexpression,737	ACY3
gene_set_query	269	ZNF319	429.0	ARCHS4 Coexpression,991;Enrichr Queries,215;GTEx Coexpression,81	SELPLG
gene_set_query	270	HSF1	430.2	Literature ChIP-seq,128;ARCHS4 Coexpression,1297;ENCODE ChIP-seq,117;ReMap ChIP-seq,214;GTEx Coexpression,395	
gene_set_query	271	SOX21	430.7	ARCHS4 Coexpression,738;Enrichr Queries,92;GTEx Coexpression,462	ALDH1A1
gene_set_query	272	SP5	431.7	ARCHS4 Coexpression,97;Enrichr Queries,609;GTEx Coexpression,589	A2M
gene_set_query	273	VDR	431.8	Literature ChIP-seq,36;ARCHS4 Coexpression,548;Enrichr Queries,804;ReMap ChIP-seq,134;GTEx Coexpression,637	LILRB4
gene_set_query	274	ZNF598	434.7	ARCHS4 Coexpression,591;Enrichr Queries,479;GTEx Coexpression,234	
gene_set_query	275	NFATC3	435.3	ARCHS4 Coexpression,69;Enrichr Queries,327;GTEx Coexpression,910	SELPLG
gene_set_query	276	JUNB	436.0	ARCHS4 Coexpression,77;Enrichr Queries,701;ReMap ChIP-seq,241;GTEx Coexpression,725	SELPLG
gene_set_query	277	HOXB6	437.0	ARCHS4 Coexpression,475;Enrichr Queries,67;GTEx Coexpression,769	ALDH1A1
gene_set_query	278	ZIC2	438.7	ARCHS4 Coexpression,251;Enrichr Queries,861;GTEx Coexpression,204	
gene_set_query	279	ATF2	439.0	ARCHS4 Coexpression,1053;ENCODE ChIP-seq,64;Enrichr Queries,493;ReMap ChIP-seq,179;GTEx Coexpression,406	SELPLG
gene_set_query	280	ZNF821	440.3	ARCHS4 Coexpression,352;Enrichr Queries,250;GTEx Coexpression,719	
gene_set_query	281	ZNF549	441.7	ARCHS4 Coexpression,849;Enrichr Queries,28;GTEx Coexpression,448	LILRB1
gene_set_query	282	RXRG	442.3	ARCHS4 Coexpression,641;Enrichr Queries,105;GTEx Coexpression,581	ALDH1A1
gene_set_query	283	BATF2	442.7	ARCHS4 Coexpression,25;Enrichr Queries,1236;GTEx Coexpression,67	SELPLG,LILRB1,LILRB4
gene_set_query	284	RHOXF1	444.3	ARCHS4 Coexpression,718;Enrichr Queries,164;GTEx Coexpression,451	ALDH1A1
gene_set_query	285	NR4A3	445.3	ARCHS4 Coexpression,5;Enrichr Queries,623;GTEx Coexpression,708	GPR34,TMEM119,PLD4,LILRB1,LILRB4
gene_set_query	286	FOXQ1	446.7	ARCHS4 Coexpression,109;Enrichr Queries,153;GTEx Coexpression,1078	ALDH1A1,A2M
gene_set_query	287	ZNF217	446.8	Literature ChIP-seq,107;ARCHS4 Coexpression,543;ENCODE ChIP-seq,101;Enrichr Queries,1172;ReMap ChIP-seq,284;GTEx Coexpression,474	
gene_set_query	288	FOS	447.2	ARCHS4 Coexpression,841;ENCODE ChIP-seq,57;Enrichr Queries,144;ReMap ChIP-seq,88;GTEx Coexpression,1106	SELPLG,EIF2B2,ALDH1A1
gene_set_query	289	GTF3A	448.3	ARCHS4 Coexpression,186;Enrichr Queries,424;GTEx Coexpression,735	
gene_set_query	290	GFI1	449.3	ARCHS4 Coexpression,277;Enrichr Queries,259;GTEx Coexpression,812	
gene_set_query	291	TBX2	449.7	ARCHS4 Coexpression,569;Enrichr Queries,718;GTEx Coexpression,62	A2M
gene_set_query	292	RAG1	450.0	ARCHS4 Coexpression,156;Enrichr Queries,395;GTEx Coexpression,799	
gene_set_query	293	NR5A2	450.5	ARCHS4 Coexpression,153;Enrichr Queries,901;ReMap ChIP-seq,272;GTEx Coexpression,476	
gene_set_query	294	ALX1	451.0	ARCHS4 Coexpression,219;Enrichr Queries,1130;GTEx Coexpression,4	RERGL,TMEM119
gene_set_query	295	HNF1A	452.3	ARCHS4 Coexpression,708;Enrichr Queries,544;GTEx Coexpression,105	ACY3
gene_set_query	296	EGR3	452.3	ARCHS4 Coexpression,2;Enrichr Queries,699;GTEx Coexpression,656	CX3CR1,GPR34,TMEM119,PLD4,A2M,LILRB4
gene_set_query	297	BHLHE23	453.5	ARCHS4 Coexpression,377;GTEx Coexpression,530	
gene_set_query	298	GTF2I	454.0	ARCHS4 Coexpression,454	
gene_set_query	299	ZNF205	454.0	ARCHS4 Coexpression,465;Enrichr Queries,585;GTEx Coexpression,312	
gene_set_query	300	EMX2	454.3	ARCHS4 Coexpression,202;Enrichr Queries,125;GTEx Coexpression,1036	ALDH1A1
gene_set_query	301	TCF20	455.3	ARCHS4 Coexpression,598;Enrichr Queries,407;GTEx Coexpression,361	
gene_set_query	302	XBP1	457.0	ARCHS4 Coexpression,431;Enrichr Queries,842;ReMap ChIP-seq,242;GTEx Coexpression,313	
gene_set_query	303	CDX2	457.8	Literature ChIP-seq,13;ARCHS4 Coexpression,571;Enrichr Queries,1278;ReMap ChIP-seq,149;GTEx Coexpression,278	A2M
gene_set_query	304	ARID3C	458.5	ARCHS4 Coexpression,632;GTEx Coexpression,285	
gene_set_query	305	ZBTB39	458.7	ARCHS4 Coexpression,315;Enrichr Queries,433;GTEx Coexpression,628	
gene_set_query	306	ZNF746	460.0	ARCHS4 Coexpression,194;Enrichr Queries,1008;GTEx Coexpression,178	SELPLG
gene_set_query	307	POU2F1	460.5	ARCHS4 Coexpression,770;Enrichr Queries,504;ReMap ChIP-seq,195;GTEx Coexpression,373	
gene_set_query	308	MSX2	460.7	ARCHS4 Coexpression,566;Enrichr Queries,772;GTEx Coexpression,44	RERGL
gene_set_query	309	ZHX1	461.3	ARCHS4 Coexpression,255;Enrichr Queries,339;ReMap ChIP-seq,154;GTEx Coexpression,1097	
gene_set_query	310	BACH2	461.5	ARCHS4 Coexpression,360;Enrichr Queries,969;ReMap ChIP-seq,22;GTEx Coexpression,495	ACY3,SELPLG
gene_set_query	311	BHLHE41	462.0	ARCHS4 Coexpression,3;GTEx Coexpression,921	CX3CR1,GPR34,TMEM119,PLD4,A2M,LILRB4
gene_set_query	312	ZNF417	462.7	ARCHS4 Coexpression,276;Enrichr Queries,843;GTEx Coexpression,269	
gene_set_query	313	NAIF1	463.5	ARCHS4 Coexpression,820;GTEx Coexpression,107	SELPLG
gene_set_query	314	ZBTB46	464.0	ARCHS4 Coexpression,154;Enrichr Queries,332;GTEx Coexpression,906	
gene_set_query	315	ZNF398	465.7	ARCHS4 Coexpression,588;Enrichr Queries,445;GTEx Coexpression,364	
gene_set_query	316	SMAD3	465.8	Literature ChIP-seq,30;ARCHS4 Coexpression,870;Enrichr Queries,1084;ReMap ChIP-seq,142;GTEx Coexpression,203	LILRB1,LILRB4
gene_set_query	317	SHOX2	468.3	ARCHS4 Coexpression,100;Enrichr Queries,1273;GTEx Coexpression,32	TMEM119
gene_set_query	318	DBP	468.3	ARCHS4 Coexpression,768;Enrichr Queries,81;GTEx Coexpression,556	ALDH1A1
gene_set_query	319	NCOA1	469.0	ARCHS4 Coexpression,264;Enrichr Queries,509;ReMap ChIP-seq,64;GTEx Coexpression,1039	SELPLG
gene_set_query	320	ZFP30	469.7	ARCHS4 Coexpression,175;Enrichr Queries,736;GTEx Coexpression,498	
gene_set_query	321	NFATC2	470.3	ARCHS4 Coexpression,96;Enrichr Queries,1089;GTEx Coexpression,226	SELPLG
gene_set_query	322	RREB1	472.7	ARCHS4 Coexpression,415;Enrichr Queries,292;GTEx Coexpression,711	
gene_set_query	323	NR4A2	472.8	Literature ChIP-seq,151;ARCHS4 Coexpression,457;Enrichr Queries,148;GTEx Coexpression,1135	ALDH1A1
gene_set_query	324	ZNF652	473.3	Literature ChIP-seq,155;ARCHS4 Coexpression,530;Enrichr Queries,722;GTEx Coexpression,486	
gene_set_query	325	KLF13	473.8	ARCHS4 Coexpression,912;Enrichr Queries,371;ReMap ChIP-seq,53;GTEx Coexpression,559	SELPLG
gene_set_query	326	TBP	473.8	Literature ChIP-seq,129;ARCHS4 Coexpression,1354;ENCODE ChIP-seq,39;ReMap ChIP-seq,121;GTEx Coexpression,726	SELPLG,PIK3R4
gene_set_query	327	ZNF592	474.5	ARCHS4 Coexpression,310;Enrichr Queries,446;ReMap ChIP-seq,35;GTEx Coexpression,1107	TMEM119
gene_set_query	328	ESRRA	475.0	ARCHS4 Coexpression,1058;ENCODE ChIP-seq,107;Enrichr Queries,255;ReMap ChIP-seq,207;GTEx Coexpression,748	
gene_set_query	329	MESP2	476.3	ARCHS4 Coexpression,911;Enrichr Queries,318;GTEx Coexpression,200	
gene_set_query	330	SP110	476.7	ARCHS4 Coexpression,15;Enrichr Queries,1316;GTEx Coexpression,99	SELPLG,LILRB1
gene_set_query	331	ZNF596	477.3	ARCHS4 Coexpression,504;Enrichr Queries,403;GTEx Coexpression,525	
gene_set_query	332	ZNF212	478.0	ARCHS4 Coexpression,729;Enrichr Queries,276;GTEx Coexpression,429	
gene_set_query	333	PROX1	479.5	ARCHS4 Coexpression,182;Enrichr Queries,980;ReMap ChIP-seq,254;GTEx Coexpression,502	
gene_set_query	334	ZFP3	480.3	ARCHS4 Coexpression,324;Enrichr Queries,126;GTEx Coexpression,991	ALDH1A1
gene_set_query	335	DOT1L	480.7	ARCHS4 Coexpression,458;Enrichr Queries,225;GTEx Coexpression,759	
gene_set_query	336	BAZ2A	480.7	ARCHS4 Coexpression,224;Enrichr Queries,222;GTEx Coexpression,996	
gene_set_query	337	ZBTB7B	481.7	ARCHS4 Coexpression,687;Enrichr Queries,198;GTEx Coexpression,560	
gene_set_query	338	SETDB1	481.8	Literature ChIP-seq,99;ARCHS4 Coexpression,826;ENCODE ChIP-seq,72;Enrichr Queries,745;ReMap ChIP-seq,68;GTEx Coexpression,1081	ACY3,PLD4
gene_set_query	339	ZBED4	482.0	ARCHS4 Coexpression,842;Enrichr Queries,186;GTEx Coexpression,418	
gene_set_query	340	ELF3	482.3	ARCHS4 Coexpression,501;Enrichr Queries,761;ReMap ChIP-seq,212;GTEx Coexpression,455	
gene_set_query	341	CSRNP1	482.5	ARCHS4 Coexpression,104;GTEx Coexpression,861	LILRB1
gene_set_query	342	ZNF691	484.0	ARCHS4 Coexpression,629;Enrichr Queries,412;GTEx Coexpression,411	
gene_set_query	343	CASZ1	484.0	ARCHS4 Coexpression,513;Enrichr Queries,524;GTEx Coexpression,415	
gene_set_query	344	PRDM1	484.2	ARCHS4 Coexpression,823;ENCODE ChIP-seq,100;Enrichr Queries,974;ReMap ChIP-seq,20;GTEx Coexpression,504	CX3CR1,SELPLG
gene_set_query	345	ZNF317	484.7	ARCHS4 Coexpression,367;Enrichr Queries,769;GTEx Coexpression,318	
gene_set_query	346	PDX1	485.0	Literature ChIP-seq,137;ARCHS4 Coexpression,281;Enrichr Queries,1379;ReMap ChIP-seq,128;GTEx Coexpression,500	
gene_set_query	347	SEBOX	486.0	ARCHS4 Coexpression,955;Enrichr Queries,17	ALDH1A1,A2M
gene_set_query	348	BCL11A	486.0	ARCHS4 Coexpression,1175;ENCODE ChIP-seq,3;Enrichr Queries,601;ReMap ChIP-seq,162;GTEx Coexpression,489	SELPLG,PLD4,LILRB1
gene_set_query	349	FOXK1	486.3	ARCHS4 Coexpression,843;Enrichr Queries,187;ReMap ChIP-seq,249;GTEx Coexpression,666	
gene_set_query	350	ZNF385D	486.7	ARCHS4 Coexpression,984;Enrichr Queries,209;GTEx Coexpression,267	
gene_set_query	351	ELK4	486.8	ARCHS4 Coexpression,1062;ENCODE ChIP-seq,74;Enrichr Queries,294;ReMap ChIP-seq,251;GTEx Coexpression,753	EIF2B2
gene_set_query	352	BACH1	487.3	Literature ChIP-seq,111;ARCHS4 Coexpression,89;ENCODE ChIP-seq,93;Enrichr Queries,1073;ReMap ChIP-seq,137;GTEx Coexpression,1421	LILRB1
gene_set_query	353	SALL2	489.0	ARCHS4 Coexpression,185;Enrichr Queries,1024;GTEx Coexpression,258	
gene_set_query	354	NFATC4	492.0	ARCHS4 Coexpression,80;Enrichr Queries,138;GTEx Coexpression,1258	TMEM119
gene_set_query	355	ZNF589	492.8	ARCHS4 Coexpression,292;Enrichr Queries,1032;ReMap ChIP-seq,16;GTEx Coexpression,631	CX3CR1,SELPLG
gene_set_query	356	MYOG	493.0	ARCHS4 Coexpression,731;ENCODE ChIP-seq,84;Enrichr Queries,586;GTEx Coexpression,571	TMEM119
gene_set_query	357	FOXJ3	493.3	ARCHS4 Coexpression,604;Enrichr Queries,338;GTEx Coexpression,538	
gene_set_query	358	FOXP1	493.4	Literature ChIP-seq,88;ARCHS4 Coexpression,1031;Enrichr Queries,813;ReMap ChIP-seq,163;GTEx Coexpression,372	CX3CR1
gene_set_query	359	FOXD1	494.0	ARCHS4 Coexpression,954;GTEx Coexpression,34	TMEM119
gene_set_query	360	ZNF534	494.5	ARCHS4 Coexpression,309;GTEx Coexpression,680	
gene_set_query	361	NR2F6	495.0	ARCHS4 Coexpression,577;Enrichr Queries,557;ReMap ChIP-seq,227;GTEx Coexpression,619	
gene_set_query	362	TP63	498.0	Literature ChIP-seq,62;ARCHS4 Coexpression,711;Enrichr Queries,1119;ReMap ChIP-seq,186;GTEx Coexpression,412	ACY3,ALDH1A1
gene_set_query	363	MAF	498.3	ARCHS4 Coexpression,1439;Enrichr Queries,63;ReMap ChIP-seq,106;GTEx Coexpression,385	SELPLG,ALDH1A1
gene_set_query	364	TFDP3	498.3	ARCHS4 Coexpression,127;Enrichr Queries,464;GTEx Coexpression,904	RERGL
gene_set_query	365	ZNF776	499.7	ARCHS4 Coexpression,152;Enrichr Queries,591;GTEx Coexpression,756	
gene_set_query	366	FOXJ1	499.7	ARCHS4 Coexpression,512;Enrichr Queries,533;GTEx Coexpression,454	
gene_set_query	367	PRDM15	500.7	ARCHS4 Coexpression,1071;Enrichr Queries,211;GTEx Coexpression,220	
gene_set_query	368	NFX1	501.0	ARCHS4 Coexpression,936;Enrichr Queries,248;GTEx Coexpression,319	
gene_set_query	369	NFIL3	502.0	ARCHS4 Coexpression,403;Enrichr Queries,793;GTEx Coexpression,310	
gene_set_query	370	FOXO3	502.3	Literature ChIP-seq,68;ARCHS4 Coexpression,497;Enrichr Queries,777;GTEx Coexpression,667	PIK3R4
gene_set_query	371	ZHX2	502.5	ARCHS4 Coexpression,796;Enrichr Queries,495;ReMap ChIP-seq,231;GTEx Coexpression,488	
gene_set_query	372	PURB	503.0	ARCHS4 Coexpression,323;GTEx Coexpression,683	
gene_set_query	373	ATF1	503.2	ARCHS4 Coexpression,1278;ENCODE ChIP-seq,35;Enrichr Queries,245;ReMap ChIP-seq,238;GTEx Coexpression,720	SELPLG,PIK3R4
gene_set_query	374	SP100	504.7	ARCHS4 Coexpression,1061;Enrichr Queries,147;GTEx Coexpression,306	SELPLG
gene_set_query	375	STAT5B	505.5	ARCHS4 Coexpression,1252;Enrichr Queries,521;ReMap ChIP-seq,105;GTEx Coexpression,144	SELPLG
gene_set_query	376	ZBED5	506.0	ARCHS4 Coexpression,313;GTEx Coexpression,699	
gene_set_query	377	ZIM3	507.0	ARCHS4 Coexpression,362;Enrichr Queries,720;GTEx Coexpression,439	
gene_set_query	378	PRMT3	508.0	ARCHS4 Coexpression,976;Enrichr Queries,496;GTEx Coexpression,52	EIF2B2
gene_set_query	379	FOXK2	508.5	ARCHS4 Coexpression,743;Enrichr Queries,233;ReMap ChIP-seq,159;GTEx Coexpression,899	
gene_set_query	380	ZNF646	508.7	ARCHS4 Coexpression,484;Enrichr Queries,539;GTEx Coexpression,503	
gene_set_query	381	HOXB7	508.8	Literature ChIP-seq,76;ARCHS4 Coexpression,853;Enrichr Queries,666;ReMap ChIP-seq,292;GTEx Coexpression,657	SELPLG
gene_set_query	382	SALL1	509.5	Literature ChIP-seq,157;ARCHS4 Coexpression,560;Enrichr Queries,970;GTEx Coexpression,351	
gene_set_query	383	HOXA1	510.3	ARCHS4 Coexpression,232;Enrichr Queries,1005;GTEx Coexpression,294	
gene_set_query	384	KLF2	511.0	Literature ChIP-seq,156;ARCHS4 Coexpression,94;Enrichr Queries,814;GTEx Coexpression,980	SELPLG
gene_set_query	385	SRF	511.7	Literature ChIP-seq,118;ARCHS4 Coexpression,593;ENCODE ChIP-seq,11;Enrichr Queries,705;ReMap ChIP-seq,200;GTEx Coexpression,1443	EIF2B2,SELPLG,PIK3R4
gene_set_query	386	FOXD4L4	512.5	ARCHS4 Coexpression,108;GTEx Coexpression,917	EIF2B2
gene_set_query	387	ZNF683	513.7	ARCHS4 Coexpression,35;Enrichr Queries,22;GTEx Coexpression,1484	CX3CR1,SELPLG
gene_set_query	388	TFAP4	514.3	ARCHS4 Coexpression,1009;Enrichr Queries,482;ReMap ChIP-seq,139;GTEx Coexpression,427	
gene_set_query	389	ZNF354A	514.3	ARCHS4 Coexpression,1376;Enrichr Queries,44;GTEx Coexpression,123	SELPLG,ALDH1A1
gene_set_query	390	SRY	515.3	Literature ChIP-seq,4;ARCHS4 Coexpression,459;Enrichr Queries,1303;GTEx Coexpression,295	TMEM119
gene_set_query	391	ZNF804B	515.7	ARCHS4 Coexpression,282;Enrichr Queries,920;GTEx Coexpression,345	
gene_set_query	392	GCM2	518.7	ARCHS4 Coexpression,203;Enrichr Queries,1310;GTEx Coexpression,43	PIK3R4
gene_set_query	393	OVOL2	518.8	ARCHS4 Coexpression,311;Enrichr Queries,894;ReMap ChIP-seq,295;GTEx Coexpression,575	
gene_set_query	394	PBX3	519.0	ARCHS4 Coexpression,328;ENCODE ChIP-seq,16;Enrichr Queries,926;ReMap ChIP-seq,222;GTEx Coexpression,1103	ACY3,SELPLG
gene_set_query	395	ASCL5	520.0	ARCHS4 Coexpression,777;GTEx Coexpression,263	
gene_set_query	396	CREB3	520.0	ARCHS4 Coexpression,413;Enrichr Queries,917;ReMap ChIP-seq,46;GTEx Coexpression,704	SELPLG
gene_set_query	397	CHCHD3	520.0	ARCHS4 Coexpression,612;GTEx Coexpression,428	
gene_set_query	398	ZNF491	520.0	ARCHS4 Coexpression,689;Enrichr Queries,352;GTEx Coexpression,519	
gene_set_query	399	ELF4	520.3	ARCHS4 Coexpression,619;Enrichr Queries,780;GTEx Coexpression,162	SELPLG
gene_set_query	400	ZNF681	520.7	ARCHS4 Coexpression,850;Enrichr Queries,342;GTEx Coexpression,370	
gene_set_query	401	ZNF621	521.3	ARCHS4 Coexpression,1292;Enrichr Queries,206;GTEx Coexpression,66	TMEM119
gene_set_query	402	ZMAT1	524.0	ARCHS4 Coexpression,238;Enrichr Queries,157;GTEx Coexpression,1177	ALDH1A1
gene_set_query	403	ZNF69	524.0	ARCHS4 Coexpression,1495;Enrichr Queries,23;GTEx Coexpression,54	ALDH1A1,LILRB1
gene_set_query	404	ZIC3	524.3	Literature ChIP-seq,145;ARCHS4 Coexpression,295;Enrichr Queries,1095;GTEx Coexpression,562	
gene_set_query	405	ETS1	525.0	Literature ChIP-seq,106;ARCHS4 Coexpression,1315;ENCODE ChIP-seq,22;Enrichr Queries,668;ReMap ChIP-seq,167;GTEx Coexpression,872	SELPLG,PLD4
gene_set_query	406	ZNF710	525.3	ARCHS4 Coexpression,246;Enrichr Queries,344;GTEx Coexpression,986	
gene_set_query	407	NR2F1	525.5	ARCHS4 Coexpression,1022;Enrichr Queries,84;ReMap ChIP-seq,78;GTEx Coexpression,918	ACY3,ALDH1A1
gene_set_query	408	ZNF248	526.3	ARCHS4 Coexpression,187;Enrichr Queries,1002;GTEx Coexpression,390	
gene_set_query	409	TERF2	526.5	ARCHS4 Coexpression,963;Enrichr Queries,639;ReMap ChIP-seq,25;GTEx Coexpression,479	ACY3,SELPLG
gene_set_query	410	PAX6	526.8	Literature ChIP-seq,35;ARCHS4 Coexpression,307;Enrichr Queries,1193;ReMap ChIP-seq,270;GTEx Coexpression,829	ALDH1A1
gene_set_query	411	HES7	527.0	ARCHS4 Coexpression,254;Enrichr Queries,561;GTEx Coexpression,766	
gene_set_query	412	HOXC8	528.0	ARCHS4 Coexpression,648;Enrichr Queries,916;GTEx Coexpression,20	TMEM119
gene_set_query	413	OVOL1	528.3	ARCHS4 Coexpression,373;Enrichr Queries,370;GTEx Coexpression,842	
gene_set_query	414	ZNF540	528.7	ARCHS4 Coexpression,812;Enrichr Queries,452;GTEx Coexpression,322	
gene_set_query	415	ZFX	528.8	Literature ChIP-seq,90;ARCHS4 Coexpression,1593;Enrichr Queries,180;ReMap ChIP-seq,232;GTEx Coexpression,549	
gene_set_query	416	ZNF728	529.5	ARCHS4 Coexpression,84;GTEx Coexpression,975	RERGL
gene_set_query	417	IKZF5	529.7	ARCHS4 Coexpression,856;Enrichr Queries,428;GTEx Coexpression,305	
gene_set_query	418	MYOD1	530.0	ARCHS4 Coexpression,253;ENCODE ChIP-seq,50;Enrichr Queries,1139;ReMap ChIP-seq,10;GTEx Coexpression,1198	EIF2B2,SELPLG,TMEM119
gene_set_query	419	ZNF804A	530.7	ARCHS4 Coexpression,416;Enrichr Queries,391;GTEx Coexpression,785	
gene_set_query	420	PITX1	530.7	ARCHS4 Coexpression,430;Enrichr Queries,730;GTEx Coexpression,432	
gene_set_query	421	CENPX	532.0	GTEx Coexpression,532	
gene_set_query	422	ZNF740	532.5	ARCHS4 Coexpression,93;Enrichr Queries,300;ReMap ChIP-seq,271;GTEx Coexpression,1466	CX3CR1
gene_set_query	423	ZNF441	532.7	ARCHS4 Coexpression,567;Enrichr Queries,303;GTEx Coexpression,728	
gene_set_query	424	TEAD2	532.8	ARCHS4 Coexpression,435;Enrichr Queries,1097;ReMap ChIP-seq,58;GTEx Coexpression,541	CX3CR1
gene_set_query	425	EGR1	533.0	Literature ChIP-seq,27;ARCHS4 Coexpression,1193;ENCODE ChIP-seq,68;Enrichr Queries,111;ReMap ChIP-seq,263;GTEx Coexpression,1536	EIF2B2,ALDH1A1
gene_set_query	426	VEZF1	533.3	ARCHS4 Coexpression,837;Enrichr Queries,227;GTEx Coexpression,536	
gene_set_query	427	ATF4	533.8	ARCHS4 Coexpression,237;Enrichr Queries,581;ReMap ChIP-seq,276;GTEx Coexpression,1041	
gene_set_query	428	MLXIP	535.0	ARCHS4 Coexpression,928;Enrichr Queries,456;GTEx Coexpression,221	
gene_set_query	429	MAX	535.2	ARCHS4 Coexpression,1512;ENCODE ChIP-seq,51;Enrichr Queries,306;ReMap ChIP-seq,146;GTEx Coexpression,661	ACY3,SELPLG,PIK3R4
gene_set_query	430	MYT1L	536.0	ARCHS4 Coexpression,330;Enrichr Queries,420;GTEx Coexpression,858	
gene_set_query	431	ZNF790	536.0	ARCHS4 Coexpression,794;Enrichr Queries,507;GTEx Coexpression,307	
gene_set_query	432	FOXO1	536.4	Literature ChIP-seq,69;ARCHS4 Coexpression,1044;Enrichr Queries,1087;ReMap ChIP-seq,69;GTEx Coexpression,413	SELPLG
gene_set_query	433	ZNF92	538.5	ARCHS4 Coexpression,1019;Enrichr Queries,713;ReMap ChIP-seq,5;GTEx Coexpression,417	ACY3,SELPLG,TMEM119
gene_set_query	434	SOX13	538.5	ARCHS4 Coexpression,394;Enrichr Queries,675;ReMap ChIP-seq,80;GTEx Coexpression,1005	A2M
gene_set_query	435	ZFHX2	538.7	ARCHS4 Coexpression,405;Enrichr Queries,283;GTEx Coexpression,928	
gene_set_query	436	SALL4	538.8	Literature ChIP-seq,39;ARCHS4 Coexpression,189;Enrichr Queries,914;GTEx Coexpression,1013	ALDH1A1
gene_set_query	437	THYN1	539.5	ARCHS4 Coexpression,704;GTEx Coexpression,375	
gene_set_query	438	ZBTB49	539.5	ARCHS4 Coexpression,904;GTEx Coexpression,175	SELPLG
gene_set_query	439	ZNF888	540.0	GTEx Coexpression,540	
gene_set_query	440	BHLHE22	540.3	ARCHS4 Coexpression,1254;ReMap ChIP-seq,1;GTEx Coexpression,366	ACY3,SELPLG,TMEM119,PLD4
gene_set_query	441	FOXS1	540.7	ARCHS4 Coexpression,64;Enrichr Queries,39;GTEx Coexpression,1519	RERGL,TMEM119
gene_set_query	442	IRF6	540.7	ARCHS4 Coexpression,599;Enrichr Queries,723;GTEx Coexpression,300	
gene_set_query	443	ZNF80	541.0	ARCHS4 Coexpression,140;Enrichr Queries,1230;GTEx Coexpression,253	SELPLG
gene_set_query	444	NCOA2	541.0	ARCHS4 Coexpression,938;Enrichr Queries,414;ReMap ChIP-seq,205;GTEx Coexpression,607	
gene_set_query	445	FOXN3	541.3	ARCHS4 Coexpression,462;Enrichr Queries,329;GTEx Coexpression,833	
gene_set_query	446	YBX3	541.5	ARCHS4 Coexpression,206;GTEx Coexpression,877	
gene_set_query	447	POU3F4	542.3	ARCHS4 Coexpression,384;Enrichr Queries,150;GTEx Coexpression,1093	ALDH1A1
gene_set_query	448	CREB5	542.3	ARCHS4 Coexpression,304;Enrichr Queries,1225;GTEx Coexpression,98	SELPLG
gene_set_query	449	DLX4	542.5	Literature ChIP-seq,164;ARCHS4 Coexpression,267;Enrichr Queries,1269;GTEx Coexpression,470	
gene_set_query	450	ZNF641	542.7	ARCHS4 Coexpression,274;Enrichr Queries,1307;GTEx Coexpression,47	SELPLG
gene_set_query	451	TGIF2	542.8	ARCHS4 Coexpression,545;Enrichr Queries,1298;ReMap ChIP-seq,165;GTEx Coexpression,163	LILRB1
gene_set_query	452	GCM1	543.3	ARCHS4 Coexpression,258;Enrichr Queries,1280;GTEx Coexpression,92	SELPLG
gene_set_query	453	ZNF236	546.3	ARCHS4 Coexpression,312;Enrichr Queries,431;GTEx Coexpression,896	
gene_set_query	454	ZNF34	546.7	ARCHS4 Coexpression,473;Enrichr Queries,1096;GTEx Coexpression,71	RERGL
gene_set_query	455	ZBTB3	548.0	ARCHS4 Coexpression,514;Enrichr Queries,1041;GTEx Coexpression,89	SELPLG
gene_set_query	456	ETV4	548.3	ARCHS4 Coexpression,101;Enrichr Queries,663;ReMap ChIP-seq,164;GTEx Coexpression,1265	A2M
gene_set_query	457	PAX8	548.3	ARCHS4 Coexpression,960;Enrichr Queries,440;ReMap ChIP-seq,187;GTEx Coexpression,606	
gene_set_query	458	NR1D2	548.7	ARCHS4 Coexpression,809;Enrichr Queries,75;GTEx Coexpression,762	ALDH1A1
gene_set_query	459	HMG20A	549.0	ARCHS4 Coexpression,792;Enrichr Queries,648;GTEx Coexpression,207	
gene_set_query	460	ZNF878	549.0	ARCHS4 Coexpression,306;GTEx Coexpression,792	
gene_set_query	461	KLF11	550.3	ARCHS4 Coexpression,333;Enrichr Queries,944;GTEx Coexpression,374	
gene_set_query	462	ERF	550.7	ARCHS4 Coexpression,652;Enrichr Queries,757;GTEx Coexpression,243	
gene_set_query	463	MNX1	553.5	Literature ChIP-seq,102;ARCHS4 Coexpression,325;Enrichr Queries,1338;GTEx Coexpression,449	
gene_set_query	464	ZNF286B	554.0	ARCHS4 Coexpression,890;GTEx Coexpression,218	
gene_set_query	465	AIRE	554.7	ARCHS4 Coexpression,213;Enrichr Queries,57;GTEx Coexpression,1394	LILRB1
gene_set_query	466	ZNF805	555.3	ARCHS4 Coexpression,506;Enrichr Queries,572;GTEx Coexpression,588	
gene_set_query	467	SREBF1	557.0	Literature ChIP-seq,133;ARCHS4 Coexpression,772;ENCODE ChIP-seq,105;Enrichr Queries,847;ReMap ChIP-seq,83;GTEx Coexpression,1402	ACY3
gene_set_query	468	GZF1	557.0	ARCHS4 Coexpression,467;Enrichr Queries,178;GTEx Coexpression,1026	
gene_set_query	469	ELF5	557.4	Literature ChIP-seq,120;ARCHS4 Coexpression,1465;Enrichr Queries,91;ReMap ChIP-seq,290;GTEx Coexpression,821	ALDH1A1
gene_set_query	470	ZNF273	558.0	ARCHS4 Coexpression,1214;Enrichr Queries,205;GTEx Coexpression,255	
gene_set_query	471	REL	558.0	ARCHS4 Coexpression,1250;Enrichr Queries,177;GTEx Coexpression,247	
gene_set_query	472	ZNF343	558.3	ARCHS4 Coexpression,623;Enrichr Queries,213;GTEx Coexpression,839	
gene_set_query	473	TBX6	558.3	ARCHS4 Coexpression,578;Enrichr Queries,265;GTEx Coexpression,832	
gene_set_query	474	ZBTB40	558.7	ARCHS4 Coexpression,499;Enrichr Queries,630;GTEx Coexpression,547	
gene_set_query	475	ZNF143	559.0	ARCHS4 Coexpression,1422;ENCODE ChIP-seq,36;Enrichr Queries,1035;ReMap ChIP-seq,148;GTEx Coexpression,154	SELPLG,EIF2B2,PIK3R4
gene_set_query	476	HOXB5	559.3	ARCHS4 Coexpression,1090;Enrichr Queries,83;GTEx Coexpression,505	ALDH1A1
gene_set_query	477	STAT2	559.6	ARCHS4 Coexpression,49;ENCODE ChIP-seq,116;Enrichr Queries,1285;ReMap ChIP-seq,59;GTEx Coexpression,1289	SELPLG,LILRB1,LILRB4
gene_set_query	478	SMAD9	560.3	ARCHS4 Coexpression,1067;Enrichr Queries,40;GTEx Coexpression,574	ALDH1A1
gene_set_query	479	ZNF502	560.7	ARCHS4 Coexpression,651;Enrichr Queries,975;GTEx Coexpression,56	LILRB4
gene_set_query	480	PBX4	560.7	ARCHS4 Coexpression,782;Enrichr Queries,247;GTEx Coexpression,653	
gene_set_query	481	ZNF219	560.7	ARCHS4 Coexpression,191;Enrichr Queries,674;GTEx Coexpression,817	
gene_set_query	482	CREBL2	560.7	ARCHS4 Coexpression,11;Enrichr Queries,158;GTEx Coexpression,1513	GPR34,ALDH1A1,LILRB4
gene_set_query	483	ZNF609	561.7	ARCHS4 Coexpression,210;Enrichr Queries,194;GTEx Coexpression,1281	
gene_set_query	484	GABPA	561.7	Literature ChIP-seq,10;ARCHS4 Coexpression,883;ENCODE ChIP-seq,18;Enrichr Queries,728;ReMap ChIP-seq,130;GTEx Coexpression,1601	EIF2B2,ALDH1A1,PIK3R4,LILRB4
gene_set_query	485	ZNF583	561.7	ARCHS4 Coexpression,385;Enrichr Queries,900;GTEx Coexpression,400	
gene_set_query	486	ZNF724	562.5	ARCHS4 Coexpression,603;GTEx Coexpression,522	
gene_set_query	487	NKX61	564.0	ARCHS4 Coexpression,800;GTEx Coexpression,328	
gene_set_query	488	BCL11B	564.5	Literature ChIP-seq,161;ARCHS4 Coexpression,1168;Enrichr Queries,589;GTEx Coexpression,340	
gene_set_query	489	ZNF347	564.7	ARCHS4 Coexpression,1244;Enrichr Queries,238;GTEx Coexpression,212	
gene_set_query	490	CLOCK	564.8	Literature ChIP-seq,141;ARCHS4 Coexpression,895;Enrichr Queries,252;ReMap ChIP-seq,77;GTEx Coexpression,1459	ACY3
gene_set_query	491	CDX1	567.0	ARCHS4 Coexpression,611;Enrichr Queries,610;GTEx Coexpression,480	
gene_set_query	492	DZIP1	567.7	ARCHS4 Coexpression,296;Enrichr Queries,678;GTEx Coexpression,729	
gene_set_query	493	OSR2	568.0	ARCHS4 Coexpression,102;Enrichr Queries,33;GTEx Coexpression,1569	ALDH1A1,TMEM119
gene_set_query	494	ZBTB17	568.3	ARCHS4 Coexpression,48;Enrichr Queries,268;GTEx Coexpression,1389	LILRB1,LILRB4
gene_set_query	495	E2F3	568.7	ARCHS4 Coexpression,268;Enrichr Queries,1016;GTEx Coexpression,422	
gene_set_query	496	TAL2	569.3	ARCHS4 Coexpression,1010;Enrichr Queries,133;GTEx Coexpression,565	TMEM119
gene_set_query	497	ZNF764	569.3	ARCHS4 Coexpression,290;Enrichr Queries,1049;GTEx Coexpression,369	
gene_set_query	498	THAP1	571.4	ARCHS4 Coexpression,737;ENCODE ChIP-seq,98;Enrichr Queries,1074;ReMap ChIP-seq,273;GTEx Coexpression,675	
gene_set_query	499	ZNF175	572.0	ARCHS4 Coexpression,1155;Enrichr Queries,712;ReMap ChIP-seq,237;GTEx Coexpression,184	
gene_set_query	500	ZNF282	572.0	ARCHS4 Coexpression,446;Enrichr Queries,422;GTEx Coexpression,848	
gene_set_query	501	FOXF2	573.0	ARCHS4 Coexpression,118;Enrichr Queries,977;GTEx Coexpression,624	RERGL
gene_set_query	502	MYCL	574.5	ARCHS4 Coexpression,618;GTEx Coexpression,531	
gene_set_query	503	GATAD2A	574.7	ARCHS4 Coexpression,147;Enrichr Queries,347;GTEx Coexpression,1230	
gene_set_query	504	ZNF705E	576.0	ARCHS4 Coexpression,695;GTEx Coexpression,457	
gene_set_query	505	ZNF648	577.0	ARCHS4 Coexpression,987;Enrichr Queries,528;GTEx Coexpression,216	
gene_set_query	506	KMT2B	577.5	ARCHS4 Coexpression,1108;ReMap ChIP-seq,47	ACY3
gene_set_query	507	MKX	578.0	ARCHS4 Coexpression,63;Enrichr Queries,73;GTEx Coexpression,1598	ALDH1A1,TMEM119
gene_set_query	508	RAX2	578.3	ARCHS4 Coexpression,815;Enrichr Queries,53;GTEx Coexpression,867	LILRB1
gene_set_query	509	ZNF146	578.7	ARCHS4 Coexpression,222;Enrichr Queries,554;GTEx Coexpression,960	
gene_set_query	510	HOXB2	579.3	ARCHS4 Coexpression,133;Enrichr Queries,1009;GTEx Coexpression,596	SELPLG
gene_set_query	511	JUND	579.3	Literature ChIP-seq,12;ARCHS4 Coexpression,1045;ENCODE ChIP-seq,14;Enrichr Queries,1001;ReMap ChIP-seq,178;GTEx Coexpression,1226	SELPLG,EIF2B2,GPR34,TMEM119
gene_set_query	512	OSR1	579.5	ARCHS4 Coexpression,51;GTEx Coexpression,1108	TMEM119
gene_set_query	513	ZNF430	580.7	ARCHS4 Coexpression,1088;Enrichr Queries,34;GTEx Coexpression,620	LILRB1
gene_set_query	514	NPAS4	581.7	ARCHS4 Coexpression,751;Enrichr Queries,570;GTEx Coexpression,424	
gene_set_query	515	HOXB9	582.3	ARCHS4 Coexpression,563;Enrichr Queries,922;GTEx Coexpression,262	
gene_set_query	516	HNF1B	582.3	ARCHS4 Coexpression,348;Enrichr Queries,1173;ReMap ChIP-seq,226	
gene_set_query	517	HEYL	583.3	ARCHS4 Coexpression,125;Enrichr Queries,154;GTEx Coexpression,1471	RERGL,TMEM119
gene_set_query	518	PAX9	583.3	ARCHS4 Coexpression,247;Enrichr Queries,1199;GTEx Coexpression,304	
gene_set_query	519	KDM2A	584.0	ARCHS4 Coexpression,982;GTEx Coexpression,186	
gene_set_query	520	MBD4	584.2	ARCHS4 Coexpression,1054;ENCODE ChIP-seq,69;Enrichr Queries,760;ReMap ChIP-seq,54;GTEx Coexpression,984	A2M
gene_set_query	521	PRRX2	584.7	ARCHS4 Coexpression,66;Enrichr Queries,98;GTEx Coexpression,1590	TMEM119
gene_set_query	522	MYT1	584.7	ARCHS4 Coexpression,1196;Enrichr Queries,204;GTEx Coexpression,354	
gene_set_query	523	TBX19	585.0	ARCHS4 Coexpression,16;Enrichr Queries,608;GTEx Coexpression,1131	LILRB1,LILRB4
gene_set_query	524	ZNF732	585.0	ARCHS4 Coexpression,750;GTEx Coexpression,420	
gene_set_query	525	TCF24	586.3	ARCHS4 Coexpression,905;Enrichr Queries,631;GTEx Coexpression,223	
gene_set_query	526	HES3	587.0	ARCHS4 Coexpression,302;Enrichr Queries,1112;GTEx Coexpression,347	
gene_set_query	527	TBX4	587.0	ARCHS4 Coexpression,579;Enrichr Queries,1122;GTEx Coexpression,60	A2M
gene_set_query	528	HIF3A	587.3	ARCHS4 Coexpression,685;Enrichr Queries,85;GTEx Coexpression,992	ALDH1A1
gene_set_query	529	DACH2	587.3	ARCHS4 Coexpression,366;Enrichr Queries,193;GTEx Coexpression,1203	
gene_set_query	530	ZNF532	588.0	ARCHS4 Coexpression,329;Enrichr Queries,1052;GTEx Coexpression,383	
gene_set_query	531	AHRR	588.5	ARCHS4 Coexpression,657;GTEx Coexpression,520	
gene_set_query	532	GLYR1	588.7	ARCHS4 Coexpression,888;ReMap ChIP-seq,277;GTEx Coexpression,601	
gene_set_query	533	PBX1	588.8	Literature ChIP-seq,41;ARCHS4 Coexpression,442;Enrichr Queries,910;GTEx Coexpression,962	ACY3,LILRB1
gene_set_query	534	IRX5	589.0	ARCHS4 Coexpression,474;Enrichr Queries,724;GTEx Coexpression,569	
gene_set_query	535	SIM1	589.0	ARCHS4 Coexpression,575;Enrichr Queries,1177;GTEx Coexpression,15	TMEM119
gene_set_query	536	HOXA9	589.5	ARCHS4 Coexpression,1474;Enrichr Queries,47;ReMap ChIP-seq,87;GTEx Coexpression,750	ACY3,ALDH1A1
gene_set_query	537	RORC	590.0	ARCHS4 Coexpression,845;Enrichr Queries,151;GTEx Coexpression,774	ALDH1A1
gene_set_query	538	CSRNP3	590.5	ARCHS4 Coexpression,712;GTEx Coexpression,469	
gene_set_query	539	ZNF462	590.7	ARCHS4 Coexpression,920;Enrichr Queries,737;GTEx Coexpression,115	LILRB4
gene_set_query	540	ZSCAN10	591.7	ARCHS4 Coexpression,452;Enrichr Queries,532;GTEx Coexpression,791	
gene_set_query	541	ARNTL	591.8	ARCHS4 Coexpression,68;Enrichr Queries,1243;ReMap ChIP-seq,27;GTEx Coexpression,1029	ACY3,SELPLG,A2M
gene_set_query	542	ZNF628	592.0	ARCHS4 Coexpression,698;Enrichr Queries,185;GTEx Coexpression,893	
gene_set_query	543	GLI1	594.3	Literature ChIP-seq,159;ARCHS4 Coexpression,393;Enrichr Queries,928;GTEx Coexpression,897	
gene_set_query	544	ZNF766	595.5	ARCHS4 Coexpression,1023;Enrichr Queries,512;ReMap ChIP-seq,289;GTEx Coexpression,558	
gene_set_query	545	ZNF727	595.5	ARCHS4 Coexpression,55;GTEx Coexpression,1136	RERGL
gene_set_query	546	ZNF429	595.7	ARCHS4 Coexpression,1261;Enrichr Queries,439;GTEx Coexpression,87	SELPLG
gene_set_query	547	CREB3L1	597.3	ARCHS4 Coexpression,52;Enrichr Queries,1195;ReMap ChIP-seq,260;GTEx Coexpression,882	TMEM119
gene_set_query	548	ZNF554	597.7	ARCHS4 Coexpression,921;Enrichr Queries,345;GTEx Coexpression,527	
gene_set_query	549	NHLH2	598.0	ARCHS4 Coexpression,574;Enrichr Queries,889;GTEx Coexpression,331	
gene_set_query	550	ZNF581	598.3	ARCHS4 Coexpression,195;Enrichr Queries,1387;GTEx Coexpression,213	
gene_set_query	551	ZNF850	599.5	ARCHS4 Coexpression,898;GTEx Coexpression,301	
gene_set_query	552	ZNF875	599.7	ARCHS4 Coexpression,699;Enrichr Queries,191;GTEx Coexpression,909	
gene_set_query	553	ZSCAN20	600.3	ARCHS4 Coexpression,410;Enrichr Queries,258;GTEx Coexpression,1133	
gene_set_query	554	ZKSCAN3	600.3	ARCHS4 Coexpression,1451;Enrichr Queries,254;GTEx Coexpression,96	PIK3R4
gene_set_query	555	HMGN3	600.5	ARCHS4 Coexpression,766;ENCODE ChIP-seq,76;ReMap ChIP-seq,244;GTEx Coexpression,1316	PIK3R4
gene_set_query	556	THAP8	600.7	ARCHS4 Coexpression,327;Enrichr Queries,182;GTEx Coexpression,1293	
gene_set_query	557	REST	600.8	Literature ChIP-seq,53;ARCHS4 Coexpression,1618;ENCODE ChIP-seq,52;Enrichr Queries,1079;ReMap ChIP-seq,143;GTEx Coexpression,660	A2M,LILRB4
gene_set_query	558	ESRRB	601.3	Literature ChIP-seq,114;ARCHS4 Coexpression,688;Enrichr Queries,1224;GTEx Coexpression,379	
gene_set_query	559	FOXH1	601.3	ARCHS4 Coexpression,412;Enrichr Queries,394;GTEx Coexpression,998	
gene_set_query	560	ZNF385C	601.3	ARCHS4 Coexpression,915;Enrichr Queries,492;GTEx Coexpression,397	
gene_set_query	561	HOXA7	601.7	ARCHS4 Coexpression,965;Enrichr Queries,79;GTEx Coexpression,761	ALDH1A1
gene_set_query	562	ZSCAN5B	603.7	ARCHS4 Coexpression,1174;Enrichr Queries,155;GTEx Coexpression,482	A2M
gene_set_query	563	ZNF778	603.7	ARCHS4 Coexpression,1346;Enrichr Queries,282;GTEx Coexpression,183	
gene_set_query	564	ONECUT1	604.8	ARCHS4 Coexpression,532;Enrichr Queries,1164;ReMap ChIP-seq,100;GTEx Coexpression,623	A2M
gene_set_query	565	TP53	605.2	Literature ChIP-seq,40;ARCHS4 Coexpression,515;Enrichr Queries,1194;ReMap ChIP-seq,228;GTEx Coexpression,1049	ALDH1A1
gene_set_query	566	SMAD1	605.4	Literature ChIP-seq,138;ARCHS4 Coexpression,935;Enrichr Queries,1053;ReMap ChIP-seq,174;GTEx Coexpression,727	
gene_set_query	567	ZBTB11	605.5	ARCHS4 Coexpression,1199;Enrichr Queries,503;ReMap ChIP-seq,261;GTEx Coexpression,459	
gene_set_query	568	HIVEP3	605.7	ARCHS4 Coexpression,6;Enrichr Queries,857;GTEx Coexpression,954	GPR34,PLD4,LILRB1,LILRB4
gene_set_query	569	CDX4	607.3	ARCHS4 Coexpression,193;Enrichr Queries,880;GTEx Coexpression,749	
gene_set_query	570	ZZZ3	607.6	ARCHS4 Coexpression,1598;ENCODE ChIP-seq,115;Enrichr Queries,444;ReMap ChIP-seq,3;GTEx Coexpression,878	LILRB1,LILRB4
gene_set_query	571	GTF2IRD1	608.0	ARCHS4 Coexpression,346;GTEx Coexpression,870	
gene_set_query	572	FOSL1	608.2	ARCHS4 Coexpression,1051;ENCODE ChIP-seq,110;Enrichr Queries,689;ReMap ChIP-seq,101;GTEx Coexpression,1090	SELPLG
gene_set_query	573	PRDM12	609.7	ARCHS4 Coexpression,642;Enrichr Queries,942;GTEx Coexpression,245	
gene_set_query	574	ZNF66	610.0	ARCHS4 Coexpression,723;GTEx Coexpression,497	
gene_set_query	575	ZNF541	610.3	ARCHS4 Coexpression,801;Enrichr Queries,638;GTEx Coexpression,392	
gene_set_query	576	AR	610.6	Literature ChIP-seq,8;ARCHS4 Coexpression,1441;Enrichr Queries,48;ReMap ChIP-seq,209;GTEx Coexpression,1347	RERGL,ALDH1A1,PIK3R4
gene_set_query	577	POU5F1B	611.0	ARCHS4 Coexpression,299;GTEx Coexpression,923	
gene_set_query	578	ZFY	611.3	ARCHS4 Coexpression,609;Enrichr Queries,26;GTEx Coexpression,1199	ALDH1A1
gene_set_query	579	ADNP	611.5	ARCHS4 Coexpression,861;Enrichr Queries,285;ReMap ChIP-seq,4;GTEx Coexpression,1296	EIF2B2,SELPLG,TMEM119
gene_set_query	580	SP4	612.4	ARCHS4 Coexpression,1309;ENCODE ChIP-seq,102;Enrichr Queries,805;ReMap ChIP-seq,141;GTEx Coexpression,705	
gene_set_query	581	NKX28	614.0	ARCHS4 Coexpression,667;GTEx Coexpression,561	
gene_set_query	582	FOXD4L1	614.3	ARCHS4 Coexpression,75;Enrichr Queries,1234;GTEx Coexpression,534	EIF2B2
gene_set_query	583	CREB1	614.5	Literature ChIP-seq,22;ARCHS4 Coexpression,1417;ENCODE ChIP-seq,44;Enrichr Queries,734;ReMap ChIP-seq,115;GTEx Coexpression,1355	EIF2B2,SELPLG,PIK3R4
gene_set_query	584	RFX2	614.5	ARCHS4 Coexpression,331;Enrichr Queries,763;ReMap ChIP-seq,49;GTEx Coexpression,1315	PIK3R4
gene_set_query	585	NKX26	615.5	ARCHS4 Coexpression,61;GTEx Coexpression,1170	TMEM119
gene_set_query	586	ZNF696	616.0	ARCHS4 Coexpression,709;Enrichr Queries,251;GTEx Coexpression,888	
gene_set_query	587	RHOXF2B	616.0	ARCHS4 Coexpression,681;Enrichr Queries,219;GTEx Coexpression,948	
gene_set_query	588	HBP1	616.3	ARCHS4 Coexpression,395;Enrichr Queries,1100;ReMap ChIP-seq,168;GTEx Coexpression,802	
gene_set_query	589	GATA6	617.2	Literature ChIP-seq,96;ARCHS4 Coexpression,586;Enrichr Queries,563;ReMap ChIP-seq,234;GTEx Coexpression,1607	
gene_set_query	590	FOXJ2	617.3	ARCHS4 Coexpression,1222;Enrichr Queries,517;ReMap ChIP-seq,39;GTEx Coexpression,691	CX3CR1
gene_set_query	591	ZNF20	618.0	ARCHS4 Coexpression,272;Enrichr Queries,419;GTEx Coexpression,1163	
gene_set_query	592	ZNF474	620.0	ARCHS4 Coexpression,287;Enrichr Queries,32;GTEx Coexpression,1541	TMEM119
gene_set_query	593	SNAPC4	620.0	ARCHS4 Coexpression,844;Enrichr Queries,992;ReMap ChIP-seq,240;GTEx Coexpression,404	
gene_set_query	594	ZNF564	620.3	ARCHS4 Coexpression,668;Enrichr Queries,288;GTEx Coexpression,905	
gene_set_query	595	ZNF174	620.7	ARCHS4 Coexpression,338;Enrichr Queries,742;GTEx Coexpression,782	
gene_set_query	596	ZNF486	620.7	ARCHS4 Coexpression,1327;Enrichr Queries,27;GTEx Coexpression,508	LILRB1
gene_set_query	597	LCORL	622.7	ARCHS4 Coexpression,1329;Enrichr Queries,224;GTEx Coexpression,315	
gene_set_query	598	THAP11	623.2	Literature ChIP-seq,131;ARCHS4 Coexpression,1571;Enrichr Queries,240;ReMap ChIP-seq,288;GTEx Coexpression,886	
gene_set_query	599	HOXD13	623.5	Literature ChIP-seq,149;ARCHS4 Coexpression,389;Enrichr Queries,1366;GTEx Coexpression,590	
gene_set_query	600	TCF4	624.2	Literature ChIP-seq,70;ARCHS4 Coexpression,1002;Enrichr Queries,580;ReMap ChIP-seq,282;GTEx Coexpression,1187	ALDH1A1,TMEM119
gene_set_query	601	ZNF562	624.3	ARCHS4 Coexpression,1013;Enrichr Queries,472;GTEx Coexpression,388	
gene_set_query	602	ZKSCAN4	624.7	ARCHS4 Coexpression,280;Enrichr Queries,606;GTEx Coexpression,988	
gene_set_query	603	MLX	624.7	ARCHS4 Coexpression,544;Enrichr Queries,399;GTEx Coexpression,931	
gene_set_query	604	E2F8	626.0	ARCHS4 Coexpression,551;Enrichr Queries,867;GTEx Coexpression,460	
gene_set_query	605	KLF6	626.3	ARCHS4 Coexpression,655;Enrichr Queries,1090;ReMap ChIP-seq,215;GTEx Coexpression,545	
gene_set_query	606	SMYD3	627.0	ARCHS4 Coexpression,962;GTEx Coexpression,292	
gene_set_query	607	ZNF787	627.0	ARCHS4 Coexpression,719;Enrichr Queries,1051;GTEx Coexpression,111	SELPLG
gene_set_query	608	ZNF490	627.7	ARCHS4 Coexpression,1440;Enrichr Queries,286;GTEx Coexpression,157	SELPLG
gene_set_query	609	HMX3	628.3	ARCHS4 Coexpression,314;Enrichr Queries,1390;GTEx Coexpression,181	
gene_set_query	610	DNMT1	629.5	ARCHS4 Coexpression,488;GTEx Coexpression,771	
gene_set_query	611	HAND1	629.7	ARCHS4 Coexpression,407;Enrichr Queries,1291;GTEx Coexpression,191	
gene_set_query	612	NEUROD2	629.8	Literature ChIP-seq,61;ARCHS4 Coexpression,829;Enrichr Queries,1117;GTEx Coexpression,512	GPR34
gene_set_query	613	POU4F2	629.8	ARCHS4 Coexpression,220;Enrichr Queries,1336;ReMap ChIP-seq,206;GTEx Coexpression,757	
gene_set_query	614	ETV5	630.0	ARCHS4 Coexpression,419;Enrichr Queries,633;GTEx Coexpression,838	
gene_set_query	615	ZSCAN29	630.3	ARCHS4 Coexpression,978;Enrichr Queries,232;GTEx Coexpression,681	
gene_set_query	616	GRHL3	630.3	ARCHS4 Coexpression,284;Enrichr Queries,766;GTEx Coexpression,841	
gene_set_query	617	ETV1	630.8	ARCHS4 Coexpression,1427;Enrichr Queries,735;ReMap ChIP-seq,151;GTEx Coexpression,210	
gene_set_query	618	ZNF777	631.3	ARCHS4 Coexpression,1308;Enrichr Queries,199;GTEx Coexpression,387	
gene_set_query	619	ZNF703	631.7	ARCHS4 Coexpression,166;Enrichr Queries,1103;GTEx Coexpression,626	
gene_set_query	620	PKNOX1	632.0	ARCHS4 Coexpression,827;Enrichr Queries,856;ReMap ChIP-seq,56;GTEx Coexpression,789	SELPLG
gene_set_query	621	ZNF674	632.7	ARCHS4 Coexpression,1370;Enrichr Queries,29;GTEx Coexpression,499	LILRB1
gene_set_query	622	ZFP41	633.3	ARCHS4 Coexpression,992;Enrichr Queries,270;GTEx Coexpression,638	
gene_set_query	623	ANKZF1	634.3	ARCHS4 Coexpression,57;Enrichr Queries,273;GTEx Coexpression,1573	SELPLG
gene_set_query	624	PA2G4	634.5	ARCHS4 Coexpression,825;GTEx Coexpression,444	
gene_set_query	625	ADNP2	635.0	ARCHS4 Coexpression,386;Enrichr Queries,346;GTEx Coexpression,1173	
gene_set_query	626	ZNF223	636.3	ARCHS4 Coexpression,1454;Enrichr Queries,107;GTEx Coexpression,348	LILRB1
gene_set_query	627	EEA1	636.3	ARCHS4 Coexpression,931;Enrichr Queries,454;GTEx Coexpression,524	
gene_set_query	628	ZNF208	637.0	ARCHS4 Coexpression,170;Enrichr Queries,367;GTEx Coexpression,1374	
gene_set_query	629	GLI4	637.5	ARCHS4 Coexpression,1256;GTEx Coexpression,19	PIK3R4
gene_set_query	630	ZNF18	638.7	ARCHS4 Coexpression,957;Enrichr Queries,787;GTEx Coexpression,172	SELPLG
gene_set_query	631	DUXA	638.7	ARCHS4 Coexpression,1225;Enrichr Queries,681;GTEx Coexpression,10	RERGL
gene_set_query	632	ZNF384	638.8	ARCHS4 Coexpression,1300;ENCODE ChIP-seq,37;Enrichr Queries,436;ReMap ChIP-seq,202;GTEx Coexpression,1219	SELPLG,LILRB1
gene_set_query	633	ZBTB2	639.0	ARCHS4 Coexpression,910;Enrichr Queries,822;GTEx Coexpression,185	
gene_set_query	634	ZMAT4	639.0	ARCHS4 Coexpression,554;Enrichr Queries,882;GTEx Coexpression,481	
gene_set_query	635	NFYB	639.2	ARCHS4 Coexpression,1142;ENCODE ChIP-seq,79;Enrichr Queries,284;ReMap ChIP-seq,136;GTEx Coexpression,1555	SELPLG
gene_set_query	636	FOXF1	640.0	ARCHS4 Coexpression,1342;Enrichr Queries,101;GTEx Coexpression,477	ALDH1A1
gene_set_query	637	TIGD2	640.3	ARCHS4 Coexpression,1076;Enrichr Queries,565;GTEx Coexpression,280	
gene_set_query	638	HIVEP1	640.3	ARCHS4 Coexpression,1075;Enrichr Queries,649;GTEx Coexpression,197	
gene_set_query	639	NKX12	640.5	ARCHS4 Coexpression,694;GTEx Coexpression,587	
gene_set_query	640	LHX2	640.8	ARCHS4 Coexpression,1147;Enrichr Queries,55;ReMap ChIP-seq,57;GTEx Coexpression,1304	ALDH1A1
gene_set_query	641	ZBTB7A	641.0	ARCHS4 Coexpression,1371;ENCODE ChIP-seq,96;Enrichr Queries,808;ReMap ChIP-seq,189;GTEx Coexpression,741	
gene_set_query	642	CTCFL	641.8	ARCHS4 Coexpression,919;ENCODE ChIP-seq,87;Enrichr Queries,886;ReMap ChIP-seq,199;GTEx Coexpression,1118	
gene_set_query	643	WT1	642.3	Literature ChIP-seq,56;ARCHS4 Coexpression,1201;Enrichr Queries,108;GTEx Coexpression,1204	EIF2B2,ALDH1A1,TMEM119
gene_set_query	644	KLF15	643.7	ARCHS4 Coexpression,225;Enrichr Queries,102;GTEx Coexpression,1604	ALDH1A1
gene_set_query	645	ZNF302	645.0	ARCHS4 Coexpression,605;Enrichr Queries,978;GTEx Coexpression,352	
gene_set_query	646	SIX1	645.0	ARCHS4 Coexpression,451;Enrichr Queries,783;GTEx Coexpression,701	
gene_set_query	647	ZFAT	645.0	ARCHS4 Coexpression,432;Enrichr Queries,494;GTEx Coexpression,1009	
gene_set_query	648	NANOG	645.2	Literature ChIP-seq,18;ARCHS4 Coexpression,1238;ENCODE ChIP-seq,118;Enrichr Queries,852;ReMap ChIP-seq,190;GTEx Coexpression,1455	PIK3R4
gene_set_query	649	IRX4	646.0	ARCHS4 Coexpression,535;Enrichr Queries,1078;GTEx Coexpression,325	
gene_set_query	650	ZIC5	646.7	ARCHS4 Coexpression,216;Enrichr Queries,1015;GTEx Coexpression,709	
gene_set_query	651	ZNF689	647.0	ARCHS4 Coexpression,463;Enrichr Queries,406;GTEx Coexpression,1072	
gene_set_query	652	CEBPG	647.3	ARCHS4 Coexpression,819;Enrichr Queries,1175;ReMap ChIP-seq,38;GTEx Coexpression,557	CX3CR1
gene_set_query	653	ZKSCAN2	647.3	ARCHS4 Coexpression,291;Enrichr Queries,236;GTEx Coexpression,1415	
gene_set_query	654	ZNF7	649.0	ARCHS4 Coexpression,876;Enrichr Queries,669;GTEx Coexpression,402	
gene_set_query	655	LIN28A	649.0	ARCHS4 Coexpression,212;GTEx Coexpression,1086	
gene_set_query	656	KMT2A	649.3	ARCHS4 Coexpression,705;ReMap ChIP-seq,235;GTEx Coexpression,1008	
gene_set_query	657	ELF2	649.3	ARCHS4 Coexpression,1290;Enrichr Queries,392;GTEx Coexpression,266	
gene_set_query	658	ZNF41	650.3	ARCHS4 Coexpression,418;Enrichr Queries,321;GTEx Coexpression,1212	
gene_set_query	659	RFX4	651.0	ARCHS4 Coexpression,229;Enrichr Queries,1240;GTEx Coexpression,484	
gene_set_query	660	MYCN	651.0	Literature ChIP-seq,93;ARCHS4 Coexpression,817;Enrichr Queries,904;ReMap ChIP-seq,203;GTEx Coexpression,1238	
gene_set_query	661	ZNF671	651.0	ARCHS4 Coexpression,626;Enrichr Queries,840;GTEx Coexpression,487	
gene_set_query	662	POU3F1	651.3	Literature ChIP-seq,67;ARCHS4 Coexpression,659;Enrichr Queries,1246;GTEx Coexpression,633	A2M
gene_set_query	663	SIX5	652.4	ARCHS4 Coexpression,562;ENCODE ChIP-seq,88;Enrichr Queries,1022;ReMap ChIP-seq,210;GTEx Coexpression,1380	
gene_set_query	664	TERF1	652.5	ARCHS4 Coexpression,342;Enrichr Queries,1004;ReMap ChIP-seq,24;GTEx Coexpression,1240	ACY3,SELPLG
gene_set_query	665	ZNF324	653.0	ARCHS4 Coexpression,1113;Enrichr Queries,231;GTEx Coexpression,615	
gene_set_query	666	ZFP69B	654.0	ARCHS4 Coexpression,969;GTEx Coexpression,339	
gene_set_query	667	IRX2	654.3	ARCHS4 Coexpression,547;Enrichr Queries,1148;GTEx Coexpression,268	
gene_set_query	668	BAZ2B	654.7	ARCHS4 Coexpression,765;Enrichr Queries,316;GTEx Coexpression,883	
gene_set_query	669	ZNF292	654.7	ARCHS4 Coexpression,550;Enrichr Queries,291;GTEx Coexpression,1123	
gene_set_query	670	ONECUT2	654.7	ARCHS4 Coexpression,590;Enrichr Queries,966;GTEx Coexpression,408	
gene_set_query	671	PPARG	654.8	Literature ChIP-seq,34;ARCHS4 Coexpression,1491;Enrichr Queries,141;ReMap ChIP-seq,26;GTEx Coexpression,1582	SELPLG,EIF2B2,ALDH1A1
gene_set_query	672	HOXC11	655.5	ARCHS4 Coexpression,674;Enrichr Queries,1308;ReMap ChIP-seq,294;GTEx Coexpression,346	
gene_set_query	673	RFX7	655.7	ARCHS4 Coexpression,802;Enrichr Queries,337;GTEx Coexpression,828	
gene_set_query	674	TLX1	656.0	ARCHS4 Coexpression,502;Enrichr Queries,1360;GTEx Coexpression,106	LILRB1
gene_set_query	675	ZSCAN1	656.3	ARCHS4 Coexpression,234;Enrichr Queries,518;GTEx Coexpression,1217	
gene_set_query	676	ARNTL2	656.7	ARCHS4 Coexpression,444;Enrichr Queries,731;GTEx Coexpression,795	
gene_set_query	677	ZNF25	657.3	ARCHS4 Coexpression,539;Enrichr Queries,885;GTEx Coexpression,548	
gene_set_query	678	RBAK	658.0	ARCHS4 Coexpression,1344;Enrichr Queries,301;GTEx Coexpression,329	
gene_set_query	679	ZNF610	659.3	ARCHS4 Coexpression,1257;Enrichr Queries,256;GTEx Coexpression,465	
gene_set_query	680	ZNF454	659.7	ARCHS4 Coexpression,732;Enrichr Queries,195;GTEx Coexpression,1052	
gene_set_query	681	ZNF582	659.7	ARCHS4 Coexpression,710;Enrichr Queries,355;GTEx Coexpression,914	
gene_set_query	682	TEF	660.3	ARCHS4 Coexpression,1394;Enrichr Queries,97;GTEx Coexpression,490	ALDH1A1
gene_set_query	683	ZNF165	661.0	ARCHS4 Coexpression,179;Enrichr Queries,820;ReMap ChIP-seq,291;GTEx Coexpression,1354	
gene_set_query	684	ZBTB33	661.6	ARCHS4 Coexpression,1153;ENCODE ChIP-seq,61;Enrichr Queries,617;ReMap ChIP-seq,229;GTEx Coexpression,1248	ACY3
gene_set_query	685	ZNF30	662.7	ARCHS4 Coexpression,1100;Enrichr Queries,249;GTEx Coexpression,639	
gene_set_query	686	KLF9	662.8	ARCHS4 Coexpression,1622;Enrichr Queries,123;ReMap ChIP-seq,243;GTEx Coexpression,663	ALDH1A1
gene_set_query	687	PEG3	664.0	ARCHS4 Coexpression,79;GTEx Coexpression,1249	A2M
gene_set_query	688	CAMTA1	666.3	ARCHS4 Coexpression,879;Enrichr Queries,356;GTEx Coexpression,764	
gene_set_query	689	MBD1	666.7	ARCHS4 Coexpression,1012;Enrichr Queries,786;GTEx Coexpression,202	
gene_set_query	690	ZFP14	667.3	ARCHS4 Coexpression,1212;Enrichr Queries,131;GTEx Coexpression,659	ALDH1A1
gene_set_query	691	ZEB2	668.3	ARCHS4 Coexpression,29;Enrichr Queries,896;ReMap ChIP-seq,246;GTEx Coexpression,1502	LILRB1,LILRB4
gene_set_query	692	IRX3	669.3	ARCHS4 Coexpression,529;Enrichr Queries,829;GTEx Coexpression,650	
gene_set_query	693	MAFG	670.3	ARCHS4 Coexpression,806;Enrichr Queries,547;ReMap ChIP-seq,66;GTEx Coexpression,1262	SELPLG
gene_set_query	694	HOXC13	670.7	ARCHS4 Coexpression,665;Enrichr Queries,1153;GTEx Coexpression,194	
gene_set_query	695	FOXI1	672.3	ARCHS4 Coexpression,656;Enrichr Queries,1215;GTEx Coexpression,146	ACY3
gene_set_query	696	PGR	672.8	ARCHS4 Coexpression,948;Enrichr Queries,70;ReMap ChIP-seq,175;GTEx Coexpression,1498	ALDH1A1
gene_set_query	697	LBX2	673.0	ARCHS4 Coexpression,553;Enrichr Queries,790;GTEx Coexpression,676	
gene_set_query	698	ZNF781	673.3	ARCHS4 Coexpression,1208;Enrichr Queries,421;GTEx Coexpression,391	
gene_set_query	699	ZNF792	673.3	ARCHS4 Coexpression,159;Enrichr Queries,680;GTEx Coexpression,1181	
gene_set_query	700	ZFHX4	674.0	ARCHS4 Coexpression,374;Enrichr Queries,76;GTEx Coexpression,1572	ALDH1A1
gene_set_query	701	DMRT1	674.3	Literature ChIP-seq,71;ARCHS4 Coexpression,414;Enrichr Queries,1343;GTEx Coexpression,869	TMEM119
gene_set_query	702	GPBP1	675.0	ARCHS4 Coexpression,1077;GTEx Coexpression,273	
gene_set_query	703	ZNF251	675.0	ARCHS4 Coexpression,146;Enrichr Queries,645;GTEx Coexpression,1234	
gene_set_query	704	NFIC	675.6	ARCHS4 Coexpression,1356;ENCODE ChIP-seq,23;Enrichr Queries,927;ReMap ChIP-seq,62;GTEx Coexpression,1010	SELPLG
gene_set_query	705	EHF	675.8	ARCHS4 Coexpression,703;Enrichr Queries,860;ReMap ChIP-seq,293;GTEx Coexpression,847	
gene_set_query	706	ZNF132	676.7	ARCHS4 Coexpression,1055;Enrichr Queries,162;GTEx Coexpression,813	ALDH1A1
gene_set_query	707	MEIS2	676.8	ARCHS4 Coexpression,157;Enrichr Queries,1099;ReMap ChIP-seq,41;GTEx Coexpression,1410	SELPLG
gene_set_query	708	E2F6	677.2	ARCHS4 Coexpression,1151;ENCODE ChIP-seq,86;Enrichr Queries,569;ReMap ChIP-seq,132;GTEx Coexpression,1448	
gene_set_query	709	CREM	677.8	Literature ChIP-seq,85;ARCHS4 Coexpression,797;Enrichr Queries,925;ReMap ChIP-seq,239;GTEx Coexpression,1343	EIF2B2,PIK3R4
gene_set_query	710	FOXP4	678.7	ARCHS4 Coexpression,1258;Enrichr Queries,752;GTEx Coexpression,26	ALDH1A1
gene_set_query	711	ELK3	680.0	Literature ChIP-seq,95;ARCHS4 Coexpression,479;Enrichr Queries,598;GTEx Coexpression,1548	
gene_set_query	712	ZNF350	680.0	ARCHS4 Coexpression,762;Enrichr Queries,1143;GTEx Coexpression,135	SELPLG
gene_set_query	713	IKZF4	680.7	ARCHS4 Coexpression,773;Enrichr Queries,741;GTEx Coexpression,528	
gene_set_query	714	POU2AF1	681.0	ARCHS4 Coexpression,1224;GTEx Coexpression,138	LILRB1
gene_set_query	715	ZNF705A	681.0	ARCHS4 Coexpression,713;Enrichr Queries,4;GTEx Coexpression,1326	CX3CR1,SELPLG,PLD4,LILRB4
gene_set_query	716	MAFK	682.0	ARCHS4 Coexpression,1136;ENCODE ChIP-seq,59;Enrichr Queries,859;ReMap ChIP-seq,89;GTEx Coexpression,1267	SELPLG,EIF2B2,PIK3R4
gene_set_query	717	ZNF326	682.3	ARCHS4 Coexpression,1160;Enrichr Queries,229;GTEx Coexpression,658	
gene_set_query	718	ZNF99	683.3	ARCHS4 Coexpression,1484;Enrichr Queries,216;GTEx Coexpression,350	
gene_set_query	719	SRCAP	683.7	ARCHS4 Coexpression,257;Enrichr Queries,277;GTEx Coexpression,1517	
gene_set_query	720	SOX2	685.4	Literature ChIP-seq,31;ARCHS4 Coexpression,759;Enrichr Queries,931;ReMap ChIP-seq,180;GTEx Coexpression,1526	A2M
gene_set_query	721	RORB	685.7	ARCHS4 Coexpression,630;Enrichr Queries,127;GTEx Coexpression,1300	ALDH1A1
gene_set_query	722	SNAI1	685.7	ARCHS4 Coexpression,112;Enrichr Queries,962;GTEx Coexpression,983	TMEM119
gene_set_query	723	FOXE1	686.0	ARCHS4 Coexpression,788;Enrichr Queries,947;GTEx Coexpression,323	
gene_set_query	724	ZNF207	686.3	ARCHS4 Coexpression,1318;Enrichr Queries,226;ReMap ChIP-seq,250;GTEx Coexpression,951	
gene_set_query	725	ZNF677	687.0	ARCHS4 Coexpression,215;Enrichr Queries,508;GTEx Coexpression,1338	
gene_set_query	726	TCF12	687.0	ARCHS4 Coexpression,1139;ENCODE ChIP-seq,45;Enrichr Queries,434;ReMap ChIP-seq,217;GTEx Coexpression,1600	TMEM119
gene_set_query	727	SOX12	687.3	ARCHS4 Coexpression,163;Enrichr Queries,364;GTEx Coexpression,1535	
gene_set_query	728	POU6F2	688.0	ARCHS4 Coexpression,455;Enrichr Queries,201;GTEx Coexpression,1408	
gene_set_query	729	ZNF396	688.0	ARCHS4 Coexpression,1157;Enrichr Queries,776;GTEx Coexpression,131	SELPLG
gene_set_query	730	VSX1	688.0	ARCHS4 Coexpression,587;Enrichr Queries,1268;GTEx Coexpression,209	
gene_set_query	731	ZEB1	688.6	ARCHS4 Coexpression,596;ENCODE ChIP-seq,46;Enrichr Queries,1106;ReMap ChIP-seq,90;GTEx Coexpression,1605	ACY3,EIF2B2
gene_set_query	732	TRERF1	688.7	ARCHS4 Coexpression,303;Enrichr Queries,484;GTEx Coexpression,1279	
gene_set_query	733	ZNF620	689.0	ARCHS4 Coexpression,1248;Enrichr Queries,461;GTEx Coexpression,358	
gene_set_query	734	MBD2	689.0	ARCHS4 Coexpression,1179;Enrichr Queries,281;ReMap ChIP-seq,50;GTEx Coexpression,1246	PLD4
gene_set_query	735	MIXL1	689.3	ARCHS4 Coexpression,779;Enrichr Queries,1159;GTEx Coexpression,130	LILRB1
gene_set_query	736	CAMTA2	689.7	ARCHS4 Coexpression,1444;Enrichr Queries,241;GTEx Coexpression,384	
gene_set_query	737	E4F1	690.5	Literature ChIP-seq,163;ARCHS4 Coexpression,839;Enrichr Queries,217;GTEx Coexpression,1543	
gene_set_query	738	ZNF550	691.0	ARCHS4 Coexpression,1021;Enrichr Queries,653;GTEx Coexpression,399	
gene_set_query	739	ZNF586	691.3	ARCHS4 Coexpression,1470;Enrichr Queries,443;GTEx Coexpression,161	SELPLG
gene_set_query	740	ZNF446	691.7	ARCHS4 Coexpression,449;Enrichr Queries,605;GTEx Coexpression,1021	
gene_set_query	741	PAX3	692.7	ARCHS4 Coexpression,293;Enrichr Queries,1055;GTEx Coexpression,730	
gene_set_query	742	ZNF773	692.7	ARCHS4 Coexpression,1285;Enrichr Queries,485;GTEx Coexpression,308	
gene_set_query	743	HSFX2	693.0	ARCHS4 Coexpression,693	
gene_set_query	744	ZNF234	694.0	ARCHS4 Coexpression,968;Enrichr Queries,317;GTEx Coexpression,797	
gene_set_query	745	NCOA3	694.5	ARCHS4 Coexpression,1177;Enrichr Queries,1203;ReMap ChIP-seq,208;GTEx Coexpression,190	
gene_set_query	746	POU4F3	694.7	ARCHS4 Coexpression,676;Enrichr Queries,1370;GTEx Coexpression,38	RERGL
gene_set_query	747	ZNF783	695.3	ARCHS4 Coexpression,785;Enrichr Queries,546;GTEx Coexpression,755	
gene_set_query	748	LMX1B	695.7	ARCHS4 Coexpression,283;Enrichr Queries,1183;GTEx Coexpression,621	
gene_set_query	749	ESR1	696.0	Literature ChIP-seq,109;ARCHS4 Coexpression,1033;ENCODE ChIP-seq,112;Enrichr Queries,1085;ReMap ChIP-seq,245;GTEx Coexpression,1592	
gene_set_query	750	TCF7L2	696.7	Literature ChIP-seq,136;ARCHS4 Coexpression,1463;ENCODE ChIP-seq,20;Enrichr Queries,1020;ReMap ChIP-seq,184;GTEx Coexpression,1357	A2M
gene_set_query	751	ZNF496	696.7	ARCHS4 Coexpression,786;Enrichr Queries,289;GTEx Coexpression,1015	
gene_set_query	752	LIN28B	697.0	ARCHS4 Coexpression,252;Enrichr Queries,973;GTEx Coexpression,866	
gene_set_query	753	BARX2	700.3	ARCHS4 Coexpression,466;Enrichr Queries,775;GTEx Coexpression,860	
gene_set_query	754	ZNF74	700.3	ARCHS4 Coexpression,278;Enrichr Queries,695;GTEx Coexpression,1128	
gene_set_query	755	ZNF510	700.3	ARCHS4 Coexpression,549;Enrichr Queries,1249;GTEx Coexpression,303	
gene_set_query	756	JUN	700.7	Literature ChIP-seq,55;ARCHS4 Coexpression,1560;ENCODE ChIP-seq,60;Enrichr Queries,1047;ReMap ChIP-seq,103;GTEx Coexpression,1379	SELPLG,GPR34,PLD4
gene_set_query	757	SOX15	701.7	ARCHS4 Coexpression,726;Enrichr Queries,595;GTEx Coexpression,784	
gene_set_query	758	FOXD4L6	702.0	ARCHS4 Coexpression,71;Enrichr Queries,1333	GPR34
gene_set_query	759	SKOR1	703.0	ARCHS4 Coexpression,774;GTEx Coexpression,632	
gene_set_query	760	CXXC4	703.0	ARCHS4 Coexpression,742;ReMap ChIP-seq,247;GTEx Coexpression,1120	
gene_set_query	761	E2F5	704.0	ARCHS4 Coexpression,1198;Enrichr Queries,1150;ReMap ChIP-seq,280;GTEx Coexpression,188	
gene_set_query	762	GTF2IRD2	704.0	ARCHS4 Coexpression,947;Enrichr Queries,176;GTEx Coexpression,989	
gene_set_query	763	ZFP91	704.3	ARCHS4 Coexpression,398;Enrichr Queries,221;GTEx Coexpression,1494	
gene_set_query	764	SOX9	704.4	Literature ChIP-seq,51;ARCHS4 Coexpression,1299;Enrichr Queries,654;ReMap ChIP-seq,73;GTEx Coexpression,1445	ACY3,ALDH1A1
gene_set_query	765	ZNF471	705.0	ARCHS4 Coexpression,985;Enrichr Queries,566;GTEx Coexpression,564	
gene_set_query	766	ZNF516	705.0	ARCHS4 Coexpression,864;Enrichr Queries,279;GTEx Coexpression,972	
gene_set_query	767	CPXCR1	705.3	ARCHS4 Coexpression,363;Enrichr Queries,228;GTEx Coexpression,1525	
gene_set_query	768	SAFB	705.5	ARCHS4 Coexpression,148;GTEx Coexpression,1263	
gene_set_query	769	ZNF438	705.7	ARCHS4 Coexpression,1378;Enrichr Queries,635;GTEx Coexpression,104	SELPLG
gene_set_query	770	ARX	705.7	ARCHS4 Coexpression,601;Enrichr Queries,86;GTEx Coexpression,1430	ALDH1A1
gene_set_query	771	ZNF765	705.7	ARCHS4 Coexpression,918;Enrichr Queries,481;GTEx Coexpression,718	
gene_set_query	772	PAX2	705.7	ARCHS4 Coexpression,721;Enrichr Queries,1287;GTEx Coexpression,109	ACY3
gene_set_query	773	ZNF709	706.3	ARCHS4 Coexpression,979;Enrichr Queries,242;GTEx Coexpression,898	
gene_set_query	774	ZSCAN21	706.3	ARCHS4 Coexpression,1032;Enrichr Queries,800;GTEx Coexpression,287	
gene_set_query	775	USF2	706.6	ARCHS4 Coexpression,1047;ENCODE ChIP-seq,28;Enrichr Queries,700;ReMap ChIP-seq,169;GTEx Coexpression,1589	SELPLG,GPR34
gene_set_query	776	NKRF	706.7	ARCHS4 Coexpression,734;Enrichr Queries,764;GTEx Coexpression,622	
gene_set_query	777	NR1H2	707.8	ARCHS4 Coexpression,897;Enrichr Queries,449;ReMap ChIP-seq,252;GTEx Coexpression,1233	
gene_set_query	778	THAP10	710.0	ARCHS4 Coexpression,771;Enrichr Queries,1082;GTEx Coexpression,277	
gene_set_query	779	ZUP1	710.7	ARCHS4 Coexpression,1472;Enrichr Queries,262;GTEx Coexpression,398	
gene_set_query	780	HESX1	710.7	ARCHS4 Coexpression,821;Enrichr Queries,500;GTEx Coexpression,811	
gene_set_query	781	ZBTB7C	711.7	ARCHS4 Coexpression,633;Enrichr Queries,1039;GTEx Coexpression,463	
gene_set_query	782	ZKSCAN7	713.5	ARCHS4 Coexpression,428;GTEx Coexpression,999	
gene_set_query	783	ZNF135	714.3	ARCHS4 Coexpression,701;Enrichr Queries,287;GTEx Coexpression,1155	
gene_set_query	784	KLF14	714.5	ARCHS4 Coexpression,365;Enrichr Queries,1064	
gene_set_query	785	ZNF461	715.0	ARCHS4 Coexpression,250;Enrichr Queries,1108;GTEx Coexpression,787	
gene_set_query	786	ZNF706	715.7	ARCHS4 Coexpression,1165;Enrichr Queries,334;GTEx Coexpression,648	
gene_set_query	787	ZNF222	716.3	ARCHS4 Coexpression,1405;Enrichr Queries,592;GTEx Coexpression,152	SELPLG
gene_set_query	788	ZNF71	717.0	ARCHS4 Coexpression,686;Enrichr Queries,453;GTEx Coexpression,1012	
gene_set_query	789	ZNF335	717.3	ARCHS4 Coexpression,973;Enrichr Queries,190;ReMap ChIP-seq,297;GTEx Coexpression,1409	
gene_set_query	790	SCRT2	717.3	ARCHS4 Coexpression,945;Enrichr Queries,802;GTEx Coexpression,405	
gene_set_query	791	NME2	717.7	ARCHS4 Coexpression,702;ReMap ChIP-seq,70;GTEx Coexpression,1381	CX3CR1
gene_set_query	792	ZNF107	718.3	ARCHS4 Coexpression,1509;Enrichr Queries,582;GTEx Coexpression,64	LILRB1
gene_set_query	793	ZNF79	719.3	ARCHS4 Coexpression,198;Enrichr Queries,848;GTEx Coexpression,1112	
gene_set_query	794	HSFY1	720.0	ARCHS4 Coexpression,288;GTEx Coexpression,1152	
gene_set_query	795	ZNF445	720.0	ARCHS4 Coexpression,990;Enrichr Queries,525;GTEx Coexpression,645	
gene_set_query	796	GPBP1L1	721.0	ARCHS4 Coexpression,747;GTEx Coexpression,695	
gene_set_query	797	ZBTB45	722.3	ARCHS4 Coexpression,495;Enrichr Queries,748;GTEx Coexpression,924	
gene_set_query	798	ZSCAN30	722.5	ARCHS4 Coexpression,1213;GTEx Coexpression,232	
gene_set_query	799	ZNF566	723.3	ARCHS4 Coexpression,1230;Enrichr Queries,659;GTEx Coexpression,281	
gene_set_query	800	NKX24	723.5	ARCHS4 Coexpression,531;GTEx Coexpression,916	
gene_set_query	801	MSC	724.0	ARCHS4 Coexpression,36;Enrichr Queries,698;GTEx Coexpression,1438	LILRB1,LILRB4
gene_set_query	802	NR1D1	724.3	ARCHS4 Coexpression,1461;Enrichr Queries,77;GTEx Coexpression,635	ALDH1A1
gene_set_query	803	ZNF124	724.7	ARCHS4 Coexpression,1317;Enrichr Queries,366;GTEx Coexpression,491	
gene_set_query	804	ZNF24	725.5	ARCHS4 Coexpression,1206;Enrichr Queries,336;ReMap ChIP-seq,21;GTEx Coexpression,1339	SELPLG,TMEM119
gene_set_query	805	ZNF668	725.7	ARCHS4 Coexpression,369;Enrichr Queries,312;GTEx Coexpression,1496	
gene_set_query	806	HOXC10	726.0	ARCHS4 Coexpression,748;Enrichr Queries,993;GTEx Coexpression,437	
gene_set_query	807	ZNF98	726.0	ARCHS4 Coexpression,1211;Enrichr Queries,374;GTEx Coexpression,593	
gene_set_query	808	RHOXF2	726.7	ARCHS4 Coexpression,790;Enrichr Queries,112;GTEx Coexpression,1278	A2M
gene_set_query	809	ZNF431	727.0	ARCHS4 Coexpression,1060;Enrichr Queries,411;GTEx Coexpression,710	
gene_set_query	810	BPTF	728.0	ARCHS4 Coexpression,582;GTEx Coexpression,874	
gene_set_query	811	ZNF407	728.7	ARCHS4 Coexpression,1587;Enrichr Queries,401;GTEx Coexpression,198	
gene_set_query	812	ZNF131	729.0	ARCHS4 Coexpression,1445;Enrichr Queries,179;GTEx Coexpression,563	
gene_set_query	813	FBXL19	729.5	ARCHS4 Coexpression,851;GTEx Coexpression,608	
gene_set_query	814	ESR2	729.6	Literature ChIP-seq,142;ARCHS4 Coexpression,1343;Enrichr Queries,576;ReMap ChIP-seq,286;GTEx Coexpression,1301	
gene_set_query	815	ZNF333	730.0	ARCHS4 Coexpression,1065;Enrichr Queries,441;GTEx Coexpression,684	
gene_set_query	816	ZNF70	730.3	ARCHS4 Coexpression,1487;Enrichr Queries,408;GTEx Coexpression,296	
gene_set_query	817	FOXD4L3	730.7	ARCHS4 Coexpression,28;Enrichr Queries,1358;GTEx Coexpression,806	SELPLG,GPR34
gene_set_query	818	ZFPM1	731.7	ARCHS4 Coexpression,1102;Enrichr Queries,490;GTEx Coexpression,603	
gene_set_query	819	ETV2	731.8	Literature ChIP-seq,123;ARCHS4 Coexpression,679;Enrichr Queries,919;GTEx Coexpression,1206	
gene_set_query	820	NOTO	733.0	ARCHS4 Coexpression,781;Enrichr Queries,1395;GTEx Coexpression,23	ALDH1A1
gene_set_query	821	ZBED9	734.0	ARCHS4 Coexpression,682;GTEx Coexpression,786	
gene_set_query	822	MAFA	734.3	ARCHS4 Coexpression,391;Enrichr Queries,551;GTEx Coexpression,1261	
gene_set_query	823	SOX11	736.8	Literature ChIP-seq,121;ARCHS4 Coexpression,902;Enrichr Queries,1014;ReMap ChIP-seq,72;GTEx Coexpression,1575	EIF2B2
gene_set_query	824	ASCL1	737.0	ARCHS4 Coexpression,486;Enrichr Queries,1248;ReMap ChIP-seq,192;GTEx Coexpression,1022	
gene_set_query	825	ZNF782	737.7	ARCHS4 Coexpression,944;Enrichr Queries,89;GTEx Coexpression,1180	ALDH1A1
gene_set_query	826	HES2	738.3	ARCHS4 Coexpression,783;Enrichr Queries,835;GTEx Coexpression,597	
gene_set_query	827	ZFP92	739.7	ARCHS4 Coexpression,972;Enrichr Queries,159;GTEx Coexpression,1088	ALDH1A1
gene_set_query	828	ZNF560	740.7	ARCHS4 Coexpression,1191;Enrichr Queries,513;GTEx Coexpression,518	
gene_set_query	829	SOX7	740.7	ARCHS4 Coexpression,967;Enrichr Queries,1044;GTEx Coexpression,211	
gene_set_query	830	ZNF304	741.7	ARCHS4 Coexpression,663;Enrichr Queries,1238;GTEx Coexpression,324	
gene_set_query	831	ZNF432	741.7	ARCHS4 Coexpression,1311;Enrichr Queries,588;GTEx Coexpression,326	
gene_set_query	832	ZNF639	742.5	ARCHS4 Coexpression,1079;Enrichr Queries,297;ReMap ChIP-seq,52;GTEx Coexpression,1542	SELPLG
gene_set_query	833	ZNF576	744.0	ARCHS4 Coexpression,558;Enrichr Queries,640;GTEx Coexpression,1034	
gene_set_query	834	FOXD4	744.3	ARCHS4 Coexpression,638;Enrichr Queries,1324;GTEx Coexpression,271	
gene_set_query	835	ZNF215	744.3	ARCHS4 Coexpression,1099;Enrichr Queries,330;GTEx Coexpression,804	
gene_set_query	836	MYNN	744.5	ARCHS4 Coexpression,1475;Enrichr Queries,514;ReMap ChIP-seq,256;GTEx Coexpression,733	
gene_set_query	837	LTF	744.5	ARCHS4 Coexpression,589;GTEx Coexpression,900	
gene_set_query	838	DLX2	744.7	ARCHS4 Coexpression,951;Enrichr Queries,729;GTEx Coexpression,554	
gene_set_query	839	ZNF655	745.0	ARCHS4 Coexpression,92;Enrichr Queries,1034;GTEx Coexpression,1109	SELPLG
gene_set_query	840	ZNF552	745.0	ARCHS4 Coexpression,1607;Enrichr Queries,451;GTEx Coexpression,177	SELPLG
gene_set_query	841	ZNF558	745.3	ARCHS4 Coexpression,1242;Enrichr Queries,564;GTEx Coexpression,430	
gene_set_query	842	ZNF547	746.3	ARCHS4 Coexpression,1101;Enrichr Queries,526;GTEx Coexpression,612	
gene_set_query	843	NFE2L1	746.5	ARCHS4 Coexpression,1314;Enrichr Queries,556;ReMap ChIP-seq,17;GTEx Coexpression,1099	CX3CR1,ALDH1A1
gene_set_query	844	ZNF19	746.7	ARCHS4 Coexpression,886;Enrichr Queries,1038;GTEx Coexpression,316	
gene_set_query	845	ZNF555	747.0	ARCHS4 Coexpression,818;Enrichr Queries,192;GTEx Coexpression,1231	
gene_set_query	846	ZNF33B	747.3	ARCHS4 Coexpression,862;Enrichr Queries,1003;GTEx Coexpression,377	
gene_set_query	847	SP8	747.7	ARCHS4 Coexpression,831;Enrichr Queries,1162;GTEx Coexpression,250	
gene_set_query	848	JRK	748.0	ARCHS4 Coexpression,308;GTEx Coexpression,1188	
gene_set_query	849	ZNF37A	748.0	ARCHS4 Coexpression,1216;Enrichr Queries,477;GTEx Coexpression,551	
gene_set_query	850	ZNF224	748.3	ARCHS4 Coexpression,1115;Enrichr Queries,620;GTEx Coexpression,510	
gene_set_query	851	ZNF16	749.3	ARCHS4 Coexpression,808;Enrichr Queries,965;GTEx Coexpression,475	
gene_set_query	852	TFAP2E	749.3	ARCHS4 Coexpression,1508;Enrichr Queries,405;GTEx Coexpression,335	
gene_set_query	853	MXI1	750.2	ARCHS4 Coexpression,1273;ENCODE ChIP-seq,32;Enrichr Queries,994;ReMap ChIP-seq,129;GTEx Coexpression,1323	ACY3,PIK3R4
gene_set_query	854	ETV7	750.3	ARCHS4 Coexpression,23;Enrichr Queries,1401;GTEx Coexpression,827	LILRB1,LILRB4
gene_set_query	855	SP9	751.0	ARCHS4 Coexpression,600;GTEx Coexpression,902	
gene_set_query	856	ZNF607	751.3	ARCHS4 Coexpression,735;Enrichr Queries,627;GTEx Coexpression,892	
gene_set_query	857	BNC1	751.3	ARCHS4 Coexpression,767;Enrichr Queries,937;GTEx Coexpression,550	
gene_set_query	858	MBD3	751.8	ARCHS4 Coexpression,872;Enrichr Queries,584;ReMap ChIP-seq,278;GTEx Coexpression,1273	
gene_set_query	859	TET2	752.0	ARCHS4 Coexpression,1066;GTEx Coexpression,438	
gene_set_query	860	NR2F2	752.4	ARCHS4 Coexpression,1492;ENCODE ChIP-seq,7;Enrichr Queries,875;ReMap ChIP-seq,144;GTEx Coexpression,1244	A2M
gene_set_query	861	HMGA1	753.0	ARCHS4 Coexpression,764;Enrichr Queries,692;GTEx Coexpression,803	
gene_set_query	862	ZNF613	753.0	ARCHS4 Coexpression,1446;Enrichr Queries,499;GTEx Coexpression,314	
gene_set_query	863	ZNF23	753.0	ARCHS4 Coexpression,1298;Enrichr Queries,109;GTEx Coexpression,852	ALDH1A1
gene_set_query	864	SOX6	753.3	ARCHS4 Coexpression,1124;Enrichr Queries,136;ReMap ChIP-seq,285;GTEx Coexpression,1468	ALDH1A1
gene_set_query	865	ALX4	753.7	ARCHS4 Coexpression,929;Enrichr Queries,1279;GTEx Coexpression,53	TMEM119
gene_set_query	866	LHX1	754.0	ARCHS4 Coexpression,244;Enrichr Queries,1264	
gene_set_query	867	PURG	754.0	ARCHS4 Coexpression,857;GTEx Coexpression,651	
gene_set_query	868	ZNF44	754.7	ARCHS4 Coexpression,930;Enrichr Queries,340;GTEx Coexpression,994	
gene_set_query	869	AEBP2	754.7	ARCHS4 Coexpression,1334;Enrichr Queries,884;GTEx Coexpression,46	RERGL
gene_set_query	870	ZFHX3	755.0	ARCHS4 Coexpression,644;Enrichr Queries,709;GTEx Coexpression,912	
gene_set_query	871	ZNF365	755.0	ARCHS4 Coexpression,426;Enrichr Queries,862;GTEx Coexpression,977	
gene_set_query	872	PAX4	755.3	ARCHS4 Coexpression,950;Enrichr Queries,707;GTEx Coexpression,609	
gene_set_query	873	LHX4	755.7	ARCHS4 Coexpression,1052;Enrichr Queries,1083;GTEx Coexpression,132	SELPLG
gene_set_query	874	TP73	756.3	ARCHS4 Coexpression,344;Enrichr Queries,968;GTEx Coexpression,957	
gene_set_query	875	LHX5	756.3	ARCHS4 Coexpression,752;Enrichr Queries,1281;GTEx Coexpression,236	
gene_set_query	876	SOX10	756.5	ARCHS4 Coexpression,1534;Enrichr Queries,66;ReMap ChIP-seq,74;GTEx Coexpression,1352	ALDH1A1,PIK3R4
gene_set_query	877	ZNF316	756.7	ARCHS4 Coexpression,854;Enrichr Queries,354;GTEx Coexpression,1062	
gene_set_query	878	ZNF707	757.3	ARCHS4 Coexpression,390;Enrichr Queries,469;GTEx Coexpression,1413	
gene_set_query	879	TBXT	758.0	ARCHS4 Coexpression,617;Enrichr Queries,1349;ReMap ChIP-seq,63;GTEx Coexpression,1003	ACY3
gene_set_query	880	ZNF3	760.3	ARCHS4 Coexpression,756;Enrichr Queries,603;GTEx Coexpression,922	
gene_set_query	881	FOXN2	760.3	ARCHS4 Coexpression,1551;Enrichr Queries,274;GTEx Coexpression,456	
gene_set_query	882	ZIC4	761.0	ARCHS4 Coexpression,289;Enrichr Queries,1317;GTEx Coexpression,677	
gene_set_query	883	ZNF611	761.3	ARCHS4 Coexpression,1064;Enrichr Queries,385;GTEx Coexpression,835	
gene_set_query	884	GATA5	761.3	ARCHS4 Coexpression,1011;Enrichr Queries,1260;GTEx Coexpression,13	ALDH1A1
gene_set_query	885	SKIL	763.0	ARCHS4 Coexpression,1437;Enrichr Queries,824;GTEx Coexpression,28	A2M
gene_set_query	886	ZNF14	763.0	ARCHS4 Coexpression,934;Enrichr Queries,30;GTEx Coexpression,1325	LILRB1
gene_set_query	887	ZNF546	763.7	ARCHS4 Coexpression,1130;Enrichr Queries,203;GTEx Coexpression,958	
gene_set_query	888	FOXD2	764.0	ARCHS4 Coexpression,670;Enrichr Queries,768;GTEx Coexpression,854	
gene_set_query	889	ZNF678	764.3	ARCHS4 Coexpression,1493;Enrichr Queries,467;GTEx Coexpression,333	
gene_set_query	890	NOBOX	765.0	ARCHS4 Coexpression,568;Enrichr Queries,1226;GTEx Coexpression,501	
gene_set_query	891	ZNF469	766.0	ARCHS4 Coexpression,1521;GTEx Coexpression,11	TMEM119
gene_set_query	892	ZNF594	766.0	ARCHS4 Coexpression,1614;Enrichr Queries,253;GTEx Coexpression,431	
gene_set_query	893	JRKL	766.0	ARCHS4 Coexpression,564;Enrichr Queries,183;GTEx Coexpression,1551	
gene_set_query	894	PRDM10	766.7	ARCHS4 Coexpression,1091;Enrichr Queries,389;GTEx Coexpression,820	
gene_set_query	895	ZNF735	767.0	ARCHS4 Coexpression,942;GTEx Coexpression,592	
gene_set_query	896	ZNF26	767.3	ARCHS4 Coexpression,953;Enrichr Queries,967;GTEx Coexpression,382	
gene_set_query	897	ZFPM2	767.7	ARCHS4 Coexpression,639;Enrichr Queries,1186;GTEx Coexpression,478	
gene_set_query	898	ZNF425	767.7	ARCHS4 Coexpression,873;Enrichr Queries,846;GTEx Coexpression,584	
gene_set_query	899	SETBP1	768.0	ARCHS4 Coexpression,523;Enrichr Queries,299;GTEx Coexpression,1482	
gene_set_query	900	CIC	768.3	ARCHS4 Coexpression,1504;Enrichr Queries,235;GTEx Coexpression,566	
gene_set_query	901	VENTX	768.3	ARCHS4 Coexpression,1095;Enrichr Queries,1202;GTEx Coexpression,8	SELPLG,LILRB4
gene_set_query	902	DDIT3	768.3	ARCHS4 Coexpression,1220;Enrichr Queries,825;GTEx Coexpression,260	
gene_set_query	903	ZNF264	769.3	ARCHS4 Coexpression,975;Enrichr Queries,380;GTEx Coexpression,953	
gene_set_query	904	IRF3	769.6	ARCHS4 Coexpression,1176;ENCODE ChIP-seq,42;Enrichr Queries,850;ReMap ChIP-seq,275;GTEx Coexpression,1505	EIF2B2,LILRB1
gene_set_query	905	TIGD5	769.7	ARCHS4 Coexpression,906;Enrichr Queries,350;GTEx Coexpression,1053	
gene_set_query	906	ZFP28	770.0	ARCHS4 Coexpression,753;Enrichr Queries,817;GTEx Coexpression,740	
gene_set_query	907	PRDM14	770.6	Literature ChIP-seq,103;ARCHS4 Coexpression,1192;Enrichr Queries,1262;ReMap ChIP-seq,76;GTEx Coexpression,1220	ACY3
gene_set_query	908	DMTF1	770.7	ARCHS4 Coexpression,239;Enrichr Queries,562;GTEx Coexpression,1511	
gene_set_query	909	TFCP2	771.0	ARCHS4 Coexpression,724;Enrichr Queries,522;GTEx Coexpression,1067	
gene_set_query	910	KCMF1	772.7	ARCHS4 Coexpression,424;Enrichr Queries,363;GTEx Coexpression,1531	
gene_set_query	911	ZNF354B	773.0	ARCHS4 Coexpression,158;Enrichr Queries,911;GTEx Coexpression,1250	
gene_set_query	912	PPARA	773.3	ARCHS4 Coexpression,1116;Enrichr Queries,106;GTEx Coexpression,1098	ALDH1A1
gene_set_query	913	ZBTB12	774.3	ARCHS4 Coexpression,190;Enrichr Queries,579;GTEx Coexpression,1554	
gene_set_query	914	ZNF860	775.0	ARCHS4 Coexpression,1097;GTEx Coexpression,453	
gene_set_query	915	MYBL1	775.5	Literature ChIP-seq,153;ARCHS4 Coexpression,1455;Enrichr Queries,1030;GTEx Coexpression,464	
gene_set_query	916	ATOH7	775.7	ARCHS4 Coexpression,350;Enrichr Queries,1169;GTEx Coexpression,808	
gene_set_query	917	PITX2	775.7	ARCHS4 Coexpression,746;Enrichr Queries,758;GTEx Coexpression,823	
gene_set_query	918	XPA	776.0	ARCHS4 Coexpression,421;Enrichr Queries,643;GTEx Coexpression,1264	
gene_set_query	919	ZNF75A	776.3	ARCHS4 Coexpression,248;Enrichr Queries,1057;GTEx Coexpression,1024	
gene_set_query	920	ZC3H8	776.5	ARCHS4 Coexpression,1241;Enrichr Queries,1027;ReMap ChIP-seq,268;GTEx Coexpression,570	
gene_set_query	921	ZNF142	776.7	ARCHS4 Coexpression,1138;Enrichr Queries,335;GTEx Coexpression,857	
gene_set_query	922	MXD4	778.3	ARCHS4 Coexpression,1415;Enrichr Queries,733;GTEx Coexpression,187	
gene_set_query	923	ZKSCAN8	778.5	ARCHS4 Coexpression,803;GTEx Coexpression,754	
gene_set_query	924	ZNF574	779.0	ARCHS4 Coexpression,508;Enrichr Queries,1048;GTEx Coexpression,781	
gene_set_query	925	HIC2	779.3	ARCHS4 Coexpression,730;Enrichr Queries,801;GTEx Coexpression,807	
gene_set_query	926	ZNF577	779.7	ARCHS4 Coexpression,914;Enrichr Queries,560;GTEx Coexpression,865	
gene_set_query	927	HOXB3	781.0	ARCHS4 Coexpression,620;Enrichr Queries,1207;GTEx Coexpression,516	
gene_set_query	928	ZNF585A	782.0	ARCHS4 Coexpression,986;Enrichr Queries,893;GTEx Coexpression,467	
gene_set_query	929	ATF7	782.3	ARCHS4 Coexpression,1255;Enrichr Queries,480;ReMap ChIP-seq,225;GTEx Coexpression,1169	
gene_set_query	930	EN2	783.0	ARCHS4 Coexpression,613;Enrichr Queries,1270;GTEx Coexpression,466	
gene_set_query	931	ZNF169	783.7	ARCHS4 Coexpression,847;Enrichr Queries,899;GTEx Coexpression,605	
gene_set_query	932	ZNF660	784.7	ARCHS4 Coexpression,804;Enrichr Queries,625;GTEx Coexpression,925	
gene_set_query	933	ZBTB22	785.0	ARCHS4 Coexpression,1087;Enrichr Queries,755;GTEx Coexpression,513	
gene_set_query	934	RBPJ	785.6	Literature ChIP-seq,73;ARCHS4 Coexpression,1458;Enrichr Queries,828;ReMap ChIP-seq,97;GTEx Coexpression,1472	SELPLG,PLD4
gene_set_query	935	PRDM13	786.0	ARCHS4 Coexpression,406;Enrichr Queries,1205;GTEx Coexpression,747	
gene_set_query	936	FAM200B	786.0	ARCHS4 Coexpression,387;GTEx Coexpression,1185	
gene_set_query	937	TBX22	786.3	ARCHS4 Coexpression,240;Enrichr Queries,1145;GTEx Coexpression,974	
gene_set_query	938	ZNF599	786.7	ARCHS4 Coexpression,555;Enrichr Queries,387;GTEx Coexpression,1418	
gene_set_query	939	ZNF559	787.0	ARCHS4 Coexpression,592;Enrichr Queries,559;GTEx Coexpression,1210	
gene_set_query	940	ZNF565	787.3	ARCHS4 Coexpression,917;Enrichr Queries,1088;GTEx Coexpression,357	
gene_set_query	941	ZNF235	787.3	ARCHS4 Coexpression,1605;Enrichr Queries,368;GTEx Coexpression,389	
gene_set_query	942	AEBP1	788.0	ARCHS4 Coexpression,98;GTEx Coexpression,1478	TMEM119
gene_set_query	943	ZXDC	788.0	ARCHS4 Coexpression,838;Enrichr Queries,365;GTEx Coexpression,1161	
gene_set_query	944	ZNF114	788.0	ARCHS4 Coexpression,1265;Enrichr Queries,740;GTEx Coexpression,359	
gene_set_query	945	ZHX3	789.0	ARCHS4 Coexpression,923;Enrichr Queries,333;GTEx Coexpression,1111	
gene_set_query	946	FOXN4	789.7	ARCHS4 Coexpression,671;Enrichr Queries,756;GTEx Coexpression,942	
gene_set_query	947	GRHL1	790.0	ARCHS4 Coexpression,1539;Enrichr Queries,577;GTEx Coexpression,254	
gene_set_query	948	HOXB1	790.0	ARCHS4 Coexpression,396;Enrichr Queries,1204;GTEx Coexpression,770	
gene_set_query	949	ATOH8	790.3	ARCHS4 Coexpression,1503;Enrichr Queries,93;GTEx Coexpression,775	ALDH1A1
gene_set_query	950	NANOGNB	790.5	ARCHS4 Coexpression,485;GTEx Coexpression,1096	
gene_set_query	951	ARID5B	790.7	ARCHS4 Coexpression,980;Enrichr Queries,1012;GTEx Coexpression,380	
gene_set_query	952	IRX1	791.0	ARCHS4 Coexpression,608;Enrichr Queries,870;GTEx Coexpression,895	
gene_set_query	953	ZNF383	791.3	ARCHS4 Coexpression,949;Enrichr Queries,315;GTEx Coexpression,1110	
gene_set_query	954	TFAP2B	792.3	ARCHS4 Coexpression,534;Enrichr Queries,1141;GTEx Coexpression,702	
gene_set_query	955	TGIF1	792.7	ARCHS4 Coexpression,913;Enrichr Queries,871;GTEx Coexpression,594	
gene_set_query	956	FOXN1	793.7	ARCHS4 Coexpression,517;Enrichr Queries,1045;GTEx Coexpression,819	
gene_set_query	957	ZFP90	793.7	ARCHS4 Coexpression,924;Enrichr Queries,319;GTEx Coexpression,1138	
gene_set_query	958	ZNF608	796.0	ARCHS4 Coexpression,409;Enrichr Queries,1216;GTEx Coexpression,763	
gene_set_query	959	SOHLH2	796.0	ARCHS4 Coexpression,860;Enrichr Queries,129;GTEx Coexpression,1399	A2M
gene_set_query	960	ZNF385B	796.3	ARCHS4 Coexpression,778;Enrichr Queries,298;GTEx Coexpression,1313	
gene_set_query	961	ZNF133	796.3	ARCHS4 Coexpression,300;Enrichr Queries,685;GTEx Coexpression,1404	
gene_set_query	962	L3MBTL1	796.5	ARCHS4 Coexpression,1150;GTEx Coexpression,443	
gene_set_query	963	ZNF77	797.0	ARCHS4 Coexpression,1438;Enrichr Queries,353;GTEx Coexpression,600	
gene_set_query	964	ZNF414	797.7	ARCHS4 Coexpression,256;Enrichr Queries,795;GTEx Coexpression,1342	
gene_set_query	965	ZIM2	798.0	ARCHS4 Coexpression,576;Enrichr Queries,212;GTEx Coexpression,1606	
gene_set_query	966	ZNF296	799.0	ARCHS4 Coexpression,345;Enrichr Queries,1197;GTEx Coexpression,855	
gene_set_query	967	ZNF391	799.3	ARCHS4 Coexpression,1167;Enrichr Queries,1036;GTEx Coexpression,195	
gene_set_query	968	MAFF	800.0	ARCHS4 Coexpression,1616;ENCODE ChIP-seq,78;Enrichr Queries,747;ReMap ChIP-seq,131;GTEx Coexpression,1428	A2M
gene_set_query	969	ZNF160	800.7	ARCHS4 Coexpression,279;Enrichr Queries,921;GTEx Coexpression,1202	
gene_set_query	970	ZNF268	801.0	ARCHS4 Coexpression,1159;Enrichr Queries,1228;GTEx Coexpression,16	PIK3R4
gene_set_query	971	SNAPC2	802.5	ARCHS4 Coexpression,471;GTEx Coexpression,1134	
gene_set_query	972	ZNF257	802.7	ARCHS4 Coexpression,1015;Enrichr Queries,463;GTEx Coexpression,930	
gene_set_query	973	HINFP	803.0	ARCHS4 Coexpression,1284;ReMap ChIP-seq,43;GTEx Coexpression,1082	CX3CR1
gene_set_query	974	GMEB2	803.7	ARCHS4 Coexpression,1098;Enrichr Queries,348;GTEx Coexpression,965	
gene_set_query	975	ARID2	803.8	ARCHS4 Coexpression,1341;Enrichr Queries,426;ReMap ChIP-seq,160;GTEx Coexpression,1288	
gene_set_query	976	ZNF536	804.3	ARCHS4 Coexpression,625;Enrichr Queries,743;GTEx Coexpression,1045	
gene_set_query	977	POU2F3	804.7	ARCHS4 Coexpression,1530;Enrichr Queries,612;GTEx Coexpression,272	
gene_set_query	978	ZBTB4	804.7	ARCHS4 Coexpression,1478;Enrichr Queries,587;GTEx Coexpression,349	
gene_set_query	979	ZNF35	805.0	ARCHS4 Coexpression,871;Enrichr Queries,844;GTEx Coexpression,700	
gene_set_query	980	ZNF615	805.3	ARCHS4 Coexpression,998;Enrichr Queries,682;GTEx Coexpression,736	
gene_set_query	981	RORA	805.7	ARCHS4 Coexpression,880;Enrichr Queries,1114;GTEx Coexpression,423	
gene_set_query	982	PLAGL1	806.0	ARCHS4 Coexpression,453;Enrichr Queries,1025;GTEx Coexpression,940	
gene_set_query	983	ZNF493	806.0	ARCHS4 Coexpression,1084;Enrichr Queries,918;GTEx Coexpression,416	
gene_set_query	984	HMBOX1	806.0	ARCHS4 Coexpression,1181;Enrichr Queries,683;ReMap ChIP-seq,269;GTEx Coexpression,1091	
gene_set_query	985	ZNF557	806.7	ARCHS4 Coexpression,925;Enrichr Queries,502;GTEx Coexpression,993	
gene_set_query	986	CUX2	807.0	ARCHS4 Coexpression,425;Enrichr Queries,534;GTEx Coexpression,1462	
gene_set_query	987	MXD1	807.0	ARCHS4 Coexpression,1069;Enrichr Queries,810;GTEx Coexpression,542	
gene_set_query	988	NR2C1	809.0	ARCHS4 Coexpression,1540;Enrichr Queries,296;GTEx Coexpression,591	
gene_set_query	989	PRR12	811.0	ARCHS4 Coexpression,1059;Enrichr Queries,343;GTEx Coexpression,1031	
gene_set_query	990	ZNF426	811.0	ARCHS4 Coexpression,877;Enrichr Queries,858;GTEx Coexpression,698	
gene_set_query	991	SIX2	811.3	ARCHS4 Coexpression,1001;Enrichr Queries,1071;ReMap ChIP-seq,157;GTEx Coexpression,1016	
gene_set_query	992	DMRTA2	812.3	ARCHS4 Coexpression,445;Enrichr Queries,1158;GTEx Coexpression,834	
gene_set_query	993	TBX15	813.0	ARCHS4 Coexpression,358;Enrichr Queries,957;GTEx Coexpression,1124	
gene_set_query	994	CCDC169SOHLH2	813.0	ARCHS4 Coexpression,813	
gene_set_query	995	NFE2L3	813.3	ARCHS4 Coexpression,489;Enrichr Queries,759;GTEx Coexpression,1192	
gene_set_query	996	ZNF101	813.7	ARCHS4 Coexpression,961;Enrichr Queries,1389;GTEx Coexpression,91	SELPLG
gene_set_query	997	ZNF497	814.7	ARCHS4 Coexpression,181;Enrichr Queries,1217;GTEx Coexpression,1046	
gene_set_query	998	PAX1	815.3	ARCHS4 Coexpression,1068;Enrichr Queries,1372;GTEx Coexpression,6	EIF2B2,PIK3R4
gene_set_query	999	YBX1	815.7	ARCHS4 Coexpression,758;Enrichr Queries,384;GTEx Coexpression,1305	
gene_set_query	1000	PCGF6	816.0	ARCHS4 Coexpression,1234;Enrichr Queries,497;GTEx Coexpression,717	
gene_set_query	1001	HOXB13	816.3	ARCHS4 Coexpression,164;Enrichr Queries,1257;ReMap ChIP-seq,267;GTEx Coexpression,1577	
gene_set_query	1002	ZNF653	816.7	ARCHS4 Coexpression,1129;Enrichr Queries,782;GTEx Coexpression,539	
gene_set_query	1003	FOXG1	818.0	ARCHS4 Coexpression,885;Enrichr Queries,905;GTEx Coexpression,664	
gene_set_query	1004	FOXR2	818.7	ARCHS4 Coexpression,1233;Enrichr Queries,12;GTEx Coexpression,1211	ALDH1A1,A2M
gene_set_query	1005	ZNF141	819.3	ARCHS4 Coexpression,1335;Enrichr Queries,417;GTEx Coexpression,706	
gene_set_query	1006	SPZ1	821.0	ARCHS4 Coexpression,318;GTEx Coexpression,1324	
gene_set_query	1007	MYSM1	821.0	ARCHS4 Coexpression,1205;Enrichr Queries,751;GTEx Coexpression,507	
gene_set_query	1008	ZNF585B	821.0	ARCHS4 Coexpression,707;Enrichr Queries,721;GTEx Coexpression,1035	
gene_set_query	1009	FOXI3	822.0	ARCHS4 Coexpression,1310;GTEx Coexpression,334	
gene_set_query	1010	ZNF587B	822.0	ARCHS4 Coexpression,1420;GTEx Coexpression,224	
gene_set_query	1011	POU4F1	822.3	ARCHS4 Coexpression,235;Enrichr Queries,1167;GTEx Coexpression,1065	
gene_set_query	1012	ZNF543	823.0	ARCHS4 Coexpression,1624;Enrichr Queries,614;GTEx Coexpression,231	
gene_set_query	1013	ZNF8	823.0	ARCHS4 Coexpression,1288;Enrichr Queries,358	
gene_set_query	1014	ZNF526	823.0	ARCHS4 Coexpression,1359;Enrichr Queries,223;GTEx Coexpression,887	
gene_set_query	1015	HOXA4	823.0	ARCHS4 Coexpression,487;Enrichr Queries,1120;GTEx Coexpression,862	
gene_set_query	1016	DEAF1	823.5	ARCHS4 Coexpression,1586;Enrichr Queries,1010;ReMap ChIP-seq,248;GTEx Coexpression,450	
gene_set_query	1017	DRAP1	823.7	ARCHS4 Coexpression,408;Enrichr Queries,1068;GTEx Coexpression,995	
gene_set_query	1018	ZNF682	824.3	ARCHS4 Coexpression,1369;Enrichr Queries,24;GTEx Coexpression,1080	LILRB1
gene_set_query	1019	ZNF202	824.7	ARCHS4 Coexpression,260;Enrichr Queries,1235;GTEx Coexpression,979	
gene_set_query	1020	ZNF256	825.7	ARCHS4 Coexpression,1349;Enrichr Queries,727;GTEx Coexpression,401	
gene_set_query	1021	RLF	827.0	ARCHS4 Coexpression,1595;Enrichr Queries,244;GTEx Coexpression,642	
gene_set_query	1022	CRX	827.3	Literature ChIP-seq,134;ARCHS4 Coexpression,1442;Enrichr Queries,1155;GTEx Coexpression,578	
gene_set_query	1023	MYF6	827.3	ARCHS4 Coexpression,496;Enrichr Queries,954;GTEx Coexpression,1032	
gene_set_query	1024	PRDM4	830.0	ARCHS4 Coexpression,1408;Enrichr Queries,791;GTEx Coexpression,291	
gene_set_query	1025	ZFP1	830.7	ARCHS4 Coexpression,892;Enrichr Queries,673;GTEx Coexpression,927	
gene_set_query	1026	ISL2	831.3	ARCHS4 Coexpression,999;Enrichr Queries,1331;GTEx Coexpression,164	SELPLG
gene_set_query	1027	GATA4	831.8	Literature ChIP-seq,59;ARCHS4 Coexpression,1606;Enrichr Queries,1239;ReMap ChIP-seq,196;GTEx Coexpression,1059	TMEM119
gene_set_query	1028	KLF10	832.7	ARCHS4 Coexpression,866;Enrichr Queries,872;GTEx Coexpression,760	
gene_set_query	1029	ZNF619	832.7	ARCHS4 Coexpression,1149;Enrichr Queries,770;GTEx Coexpression,579	
gene_set_query	1030	MYF5	834.0	ARCHS4 Coexpression,468;Enrichr Queries,902;GTEx Coexpression,1132	
gene_set_query	1031	ZNF623	834.0	ARCHS4 Coexpression,561;Enrichr Queries,530;GTEx Coexpression,1411	
gene_set_query	1032	NFIA	835.0	ARCHS4 Coexpression,1228;Enrichr Queries,95;GTEx Coexpression,1182	ALDH1A1
gene_set_query	1033	TPRX1	835.0	ARCHS4 Coexpression,1111;Enrichr Queries,535;GTEx Coexpression,859	
gene_set_query	1034	TBX3	835.0	Literature ChIP-seq,125;ARCHS4 Coexpression,1003;Enrichr Queries,672;GTEx Coexpression,1540	
gene_set_query	1035	TET1	835.7	Literature ChIP-seq,29;ARCHS4 Coexpression,1204;GTEx Coexpression,1274	EIF2B2,TMEM119
gene_set_query	1036	ERG	836.2	Literature ChIP-seq,66;ARCHS4 Coexpression,1457;Enrichr Queries,1254;ReMap ChIP-seq,92;GTEx Coexpression,1312	ACY3,PLD4
gene_set_query	1037	SP6	836.3	ARCHS4 Coexpression,1217;Enrichr Queries,662;GTEx Coexpression,630	
gene_set_query	1038	ZBTB25	836.7	ARCHS4 Coexpression,1426;Enrichr Queries,665;GTEx Coexpression,419	
gene_set_query	1039	TBX5	837.0	Literature ChIP-seq,100;ARCHS4 Coexpression,1436;Enrichr Queries,644;GTEx Coexpression,1168	
gene_set_query	1040	ZNF675	838.0	ARCHS4 Coexpression,927;Enrichr Queries,519;GTEx Coexpression,1068	
gene_set_query	1041	ZNF524	838.7	ARCHS4 Coexpression,73;Enrichr Queries,1354;GTEx Coexpression,1089	SELPLG
gene_set_query	1042	NKX22	839.0	ARCHS4 Coexpression,715;GTEx Coexpression,963	
gene_set_query	1043	SCRT1	839.0	ARCHS4 Coexpression,1482;Enrichr Queries,196	
gene_set_query	1044	HOMEZ	841.3	ARCHS4 Coexpression,745;Enrichr Queries,416;GTEx Coexpression,1363	
gene_set_query	1045	ZNF529	841.7	ARCHS4 Coexpression,997;Enrichr Queries,491;GTEx Coexpression,1037	
gene_set_query	1046	ZNF785	843.0	ARCHS4 Coexpression,1388;GTEx Coexpression,298	
gene_set_query	1047	ZFP69	843.5	ARCHS4 Coexpression,359;GTEx Coexpression,1328	
gene_set_query	1048	ZNF606	843.7	ARCHS4 Coexpression,956;Enrichr Queries,427;GTEx Coexpression,1148	
gene_set_query	1049	THAP6	847.0	ARCHS4 Coexpression,1114;Enrichr Queries,706;GTEx Coexpression,721	
gene_set_query	1050	ARGFX	847.0	ARCHS4 Coexpression,1036;Enrichr Queries,435;GTEx Coexpression,1070	
gene_set_query	1051	ZSCAN31	847.5	ARCHS4 Coexpression,1210;GTEx Coexpression,485	
gene_set_query	1052	ZNF679	848.3	ARCHS4 Coexpression,1050;Enrichr Queries,46;GTEx Coexpression,1449	ALDH1A1
gene_set_query	1053	ZNF134	848.3	ARCHS4 Coexpression,1522;Enrichr Queries,930;GTEx Coexpression,93	PIK3R4
gene_set_query	1054	SOX17	850.5	Literature ChIP-seq,104;ARCHS4 Coexpression,1480;Enrichr Queries,762;GTEx Coexpression,1056	
gene_set_query	1055	ZNF503	850.7	ARCHS4 Coexpression,490;Enrichr Queries,988;GTEx Coexpression,1074	
gene_set_query	1056	FOSB	850.7	ARCHS4 Coexpression,1215;Enrichr Queries,137;GTEx Coexpression,1200	ALDH1A1
gene_set_query	1057	TGIF2LX	851.0	ARCHS4 Coexpression,136;Enrichr Queries,832;GTEx Coexpression,1585	RERGL
gene_set_query	1058	SIM2	851.7	ARCHS4 Coexpression,1162;Enrichr Queries,621;GTEx Coexpression,772	
gene_set_query	1059	UNCX	851.7	ARCHS4 Coexpression,974;Enrichr Queries,1325;GTEx Coexpression,256	
gene_set_query	1060	ZNF93	852.7	ARCHS4 Coexpression,1578;Enrichr Queries,351;GTEx Coexpression,629	
gene_set_query	1061	ZNF813	853.0	ARCHS4 Coexpression,1464;GTEx Coexpression,242	
gene_set_query	1062	NFIB	853.3	Literature ChIP-seq,139;ARCHS4 Coexpression,1183;Enrichr Queries,990;GTEx Coexpression,1101	
gene_set_query	1063	THAP5	853.3	ARCHS4 Coexpression,1092;Enrichr Queries,1251;GTEx Coexpression,217	
gene_set_query	1064	ZBTB38	854.0	ARCHS4 Coexpression,160;Enrichr Queries,1111;GTEx Coexpression,1291	
gene_set_query	1065	ZNF189	854.3	ARCHS4 Coexpression,583;Enrichr Queries,1149;GTEx Coexpression,831	
gene_set_query	1066	BARHL2	855.0	ARCHS4 Coexpression,952;Enrichr Queries,1374;GTEx Coexpression,239	
gene_set_query	1067	FOXO6	855.0	ARCHS4 Coexpression,760;Enrichr Queries,827;GTEx Coexpression,978	
gene_set_query	1068	ZNF658	856.0	ARCHS4 Coexpression,1590;Enrichr Queries,122	ALDH1A1
gene_set_query	1069	THRB	856.0	ARCHS4 Coexpression,1276;Enrichr Queries,49;GTEx Coexpression,1243	ALDH1A1
gene_set_query	1070	SPDEF	856.7	ARCHS4 Coexpression,351;Enrichr Queries,711;GTEx Coexpression,1508	
gene_set_query	1071	ZBTB6	857.3	ARCHS4 Coexpression,317;Enrichr Queries,1066;GTEx Coexpression,1189	
gene_set_query	1072	ZNF416	857.3	ARCHS4 Coexpression,1119;Enrichr Queries,542;GTEx Coexpression,911	
gene_set_query	1073	OTX2	857.8	ARCHS4 Coexpression,1249;Enrichr Queries,1311;ReMap ChIP-seq,55;GTEx Coexpression,816	ALDH1A1
gene_set_query	1074	ATOH1	859.0	ARCHS4 Coexpression,113;Enrichr Queries,1274;GTEx Coexpression,1190	TMEM119
gene_set_query	1075	ZNF749	860.3	ARCHS4 Coexpression,874;Enrichr Queries,794;GTEx Coexpression,913	
gene_set_query	1076	ZNF843	860.7	ARCHS4 Coexpression,891;Enrichr Queries,765;GTEx Coexpression,926	
gene_set_query	1077	TLX3	861.3	ARCHS4 Coexpression,370;Enrichr Queries,1363;GTEx Coexpression,851	
gene_set_query	1078	PATZ1	861.3	ARCHS4 Coexpression,480;Enrichr Queries,545;GTEx Coexpression,1559	
gene_set_query	1079	ZNF737	861.5	ARCHS4 Coexpression,859;GTEx Coexpression,864	
gene_set_query	1080	MTF2	861.7	Literature ChIP-seq,91;ARCHS4 Coexpression,1430;GTEx Coexpression,1064	
gene_set_query	1081	ZBTB37	863.0	ARCHS4 Coexpression,1007;Enrichr Queries,369;GTEx Coexpression,1213	
gene_set_query	1082	AHCTF1	863.7	ARCHS4 Coexpression,1262;Enrichr Queries,466;GTEx Coexpression,863	
gene_set_query	1083	ZNF823	864.0	ARCHS4 Coexpression,1407;Enrichr Queries,523;GTEx Coexpression,662	
gene_set_query	1084	ZBTB41	865.7	ARCHS4 Coexpression,1511;Enrichr Queries,473;GTEx Coexpression,613	
gene_set_query	1085	ZFP42	866.0	Literature ChIP-seq,115;ARCHS4 Coexpression,1253;Enrichr Queries,809;GTEx Coexpression,1287	
gene_set_query	1086	CBLL2	866.0	ARCHS4 Coexpression,714;Enrichr Queries,290;GTEx Coexpression,1594	
gene_set_query	1087	ZNF232	866.3	ARCHS4 Coexpression,627;Enrichr Queries,1128;GTEx Coexpression,844	
gene_set_query	1088	GSC	866.3	ARCHS4 Coexpression,171;Enrichr Queries,1362;GTEx Coexpression,1066	
gene_set_query	1089	MECP2	866.3	ARCHS4 Coexpression,1498;Enrichr Queries,423;GTEx Coexpression,678	
gene_set_query	1090	EBF3	866.3	ARCHS4 Coexpression,402;Enrichr Queries,1067;GTEx Coexpression,1130	
gene_set_query	1091	KIN	866.7	ARCHS4 Coexpression,1566;Enrichr Queries,208;GTEx Coexpression,826	
gene_set_query	1092	EN1	867.7	ARCHS4 Coexpression,677;Enrichr Queries,1309;GTEx Coexpression,617	
gene_set_query	1093	ZNF511	868.0	ARCHS4 Coexpression,761;Enrichr Queries,1276;GTEx Coexpression,567	
gene_set_query	1094	ZSCAN4	868.3	ARCHS4 Coexpression,1171;Enrichr Queries,1137;GTEx Coexpression,297	
gene_set_query	1095	ZNF408	870.3	ARCHS4 Coexpression,494;Enrichr Queries,845;GTEx Coexpression,1272	
gene_set_query	1096	REXO4	870.5	ARCHS4 Coexpression,336;GTEx Coexpression,1405	
gene_set_query	1097	BCL6B	870.7	ARCHS4 Coexpression,1610;Enrichr Queries,934;GTEx Coexpression,68	A2M
gene_set_query	1098	ZNF226	872.0	ARCHS4 Coexpression,1414;Enrichr Queries,188;GTEx Coexpression,1014	
gene_set_query	1099	ZNF705B	872.0	ARCHS4 Coexpression,270;GTEx Coexpression,1474	
gene_set_query	1100	ZNF90	872.7	ARCHS4 Coexpression,167;Enrichr Queries,1233;GTEx Coexpression,1218	
gene_set_query	1101	ARID3B	873.0	ARCHS4 Coexpression,521;GTEx Coexpression,1225	
gene_set_query	1102	PLAG1	874.3	ARCHS4 Coexpression,1266;Enrichr Queries,1191;GTEx Coexpression,166	TMEM119
gene_set_query	1103	ZNF439	874.7	ARCHS4 Coexpression,1093;Enrichr Queries,43;GTEx Coexpression,1488	ALDH1A1
gene_set_query	1104	DR1	875.0	ARCHS4 Coexpression,1588;Enrichr Queries,516;GTEx Coexpression,521	
gene_set_query	1105	INSM1	875.0	ARCHS4 Coexpression,791;Enrichr Queries,650;GTEx Coexpression,1184	
gene_set_query	1106	KLF8	875.3	ARCHS4 Coexpression,1063;Enrichr Queries,1037;GTEx Coexpression,526	
gene_set_query	1107	ZNF844	876.0	ARCHS4 Coexpression,1082;GTEx Coexpression,670	
gene_set_query	1108	ZNF253	876.0	ARCHS4 Coexpression,1466;Enrichr Queries,309;GTEx Coexpression,853	
gene_set_query	1109	HOXA5	876.3	ARCHS4 Coexpression,943;Enrichr Queries,139;GTEx Coexpression,1547	ALDH1A1
gene_set_query	1110	HELT	876.3	ARCHS4 Coexpression,482;Enrichr Queries,1380;GTEx Coexpression,767	
gene_set_query	1111	CREB3L4	877.0	ARCHS4 Coexpression,420;Enrichr Queries,691;GTEx Coexpression,1520	
gene_set_query	1112	ZNF514	877.0	ARCHS4 Coexpression,498;Enrichr Queries,1157;GTEx Coexpression,976	
gene_set_query	1113	ZNF771	877.7	ARCHS4 Coexpression,320;Enrichr Queries,1255;GTEx Coexpression,1058	
gene_set_query	1114	SETDB2	879.0	ARCHS4 Coexpression,1117;Enrichr Queries,230;GTEx Coexpression,1290	
gene_set_query	1115	PRDM16	879.0	Literature ChIP-seq,154;ARCHS4 Coexpression,754;Enrichr Queries,1211;GTEx Coexpression,1397	
gene_set_query	1116	HIC1	879.3	ARCHS4 Coexpression,1103;Enrichr Queries,94;GTEx Coexpression,1441	TMEM119
gene_set_query	1117	HOXA6	880.3	ARCHS4 Coexpression,989;Enrichr Queries,1135;GTEx Coexpression,517	
gene_set_query	1118	FEZF1	883.0	ARCHS4 Coexpression,437;Enrichr Queries,1182;GTEx Coexpression,1030	
gene_set_query	1119	HES5	884.0	ARCHS4 Coexpression,448;Enrichr Queries,694;GTEx Coexpression,1510	
gene_set_query	1120	ZNF697	885.3	ARCHS4 Coexpression,505;Enrichr Queries,636;GTEx Coexpression,1515	
gene_set_query	1121	ZBTB10	885.7	ARCHS4 Coexpression,1028;Enrichr Queries,632;GTEx Coexpression,997	
gene_set_query	1122	ZNF284	886.0	ARCHS4 Coexpression,1400;Enrichr Queries,660;GTEx Coexpression,598	
gene_set_query	1123	ZNF841	886.3	ARCHS4 Coexpression,932;Enrichr Queries,536;GTEx Coexpression,1191	
gene_set_query	1124	ZNF597	887.7	ARCHS4 Coexpression,1197;Enrichr Queries,1247;GTEx Coexpression,219	
gene_set_query	1125	ZNF512B	888.0	ARCHS4 Coexpression,977;Enrichr Queries,207;GTEx Coexpression,1480	
gene_set_query	1126	ZNF346	888.0	ARCHS4 Coexpression,1152;Enrichr Queries,397;GTEx Coexpression,1115	
gene_set_query	1127	LHX6	888.3	ARCHS4 Coexpression,460;Enrichr Queries,895;GTEx Coexpression,1310	
gene_set_query	1128	OLIG3	889.0	ARCHS4 Coexpression,542;Enrichr Queries,1335;GTEx Coexpression,790	
gene_set_query	1129	MEOX2	889.3	ARCHS4 Coexpression,1584;Enrichr Queries,42;GTEx Coexpression,1042	ALDH1A1
gene_set_query	1130	NR5A1	889.7	ARCHS4 Coexpression,74;Enrichr Queries,1222;GTEx Coexpression,1373	A2M
gene_set_query	1131	POU3F2	890.5	Literature ChIP-seq,58;ARCHS4 Coexpression,793;Enrichr Queries,1189;GTEx Coexpression,1522	RERGL
gene_set_query	1132	LMX1A	891.0	ARCHS4 Coexpression,662;Enrichr Queries,961;GTEx Coexpression,1050	
gene_set_query	1133	NEUROG3	891.3	ARCHS4 Coexpression,155;Enrichr Queries,1188;GTEx Coexpression,1331	
gene_set_query	1134	HES4	892.3	ARCHS4 Coexpression,1279;Enrichr Queries,1384;GTEx Coexpression,14	RERGL
gene_set_query	1135	ZNF570	892.3	ARCHS4 Coexpression,1450;Enrichr Queries,578;GTEx Coexpression,649	
gene_set_query	1136	ZNF891	894.0	ARCHS4 Coexpression,1081;GTEx Coexpression,707	
gene_set_query	1137	OVOL3	894.0	ARCHS4 Coexpression,994;GTEx Coexpression,794	
gene_set_query	1138	CDC5L	894.3	ARCHS4 Coexpression,1558;Enrichr Queries,619;GTEx Coexpression,506	
gene_set_query	1139	ZNF200	896.0	ARCHS4 Coexpression,1118;Enrichr Queries,515;GTEx Coexpression,1055	
gene_set_query	1140	ZNF716	896.7	ARCHS4 Coexpression,1351;Enrichr Queries,172;GTEx Coexpression,1167	LILRB1
gene_set_query	1141	NPAS2	897.7	ARCHS4 Coexpression,811;Enrichr Queries,1138;GTEx Coexpression,744	
gene_set_query	1142	SP3	898.3	ARCHS4 Coexpression,1041;Enrichr Queries,684;GTEx Coexpression,970	
gene_set_query	1143	ZNF501	898.7	ARCHS4 Coexpression,1449;Enrichr Queries,304;GTEx Coexpression,943	
gene_set_query	1144	ZNF500	898.7	ARCHS4 Coexpression,1572;Enrichr Queries,651;GTEx Coexpression,473	
gene_set_query	1145	ZBTB1	899.7	ARCHS4 Coexpression,1137;Enrichr Queries,409;GTEx Coexpression,1153	
gene_set_query	1146	ZNF627	899.7	ARCHS4 Coexpression,1573;Enrichr Queries,1065;GTEx Coexpression,61	PIK3R4
gene_set_query	1147	ZNF229	901.0	ARCHS4 Coexpression,1355;Enrichr Queries,447	
gene_set_query	1148	GSC2	901.3	ARCHS4 Coexpression,400;Enrichr Queries,1397;GTEx Coexpression,907	
gene_set_query	1149	PRDM9	903.0	ARCHS4 Coexpression,1164;Enrichr Queries,450;GTEx Coexpression,1095	
gene_set_query	1150	NR6A1	903.0	ARCHS4 Coexpression,835;Enrichr Queries,941;GTEx Coexpression,933	
gene_set_query	1151	SCMH1	903.0	ARCHS4 Coexpression,436;GTEx Coexpression,1370	
gene_set_query	1152	ZNF280B	903.5	ARCHS4 Coexpression,1336;Enrichr Queries,471	
gene_set_query	1153	ZNF791	904.0	ARCHS4 Coexpression,1042;Enrichr Queries,955;GTEx Coexpression,715	
gene_set_query	1154	ZNF48	905.0	ARCHS4 Coexpression,565;Enrichr Queries,719;GTEx Coexpression,1431	
gene_set_query	1155	LHX3	905.3	ARCHS4 Coexpression,469;Enrichr Queries,1332;GTEx Coexpression,915	
gene_set_query	1156	HAND2	905.3	ARCHS4 Coexpression,326;Enrichr Queries,1212;GTEx Coexpression,1178	
gene_set_query	1157	ZSCAN18	905.7	ARCHS4 Coexpression,1514;Enrichr Queries,529;GTEx Coexpression,674	
gene_set_query	1158	POU6F1	905.7	ARCHS4 Coexpression,1554;Enrichr Queries,821;GTEx Coexpression,342	
gene_set_query	1159	GLIS1	906.0	ARCHS4 Coexpression,67;Enrichr Queries,1259;GTEx Coexpression,1392	TMEM119
gene_set_query	1160	ZNF713	909.7	ARCHS4 Coexpression,1401;Enrichr Queries,703;GTEx Coexpression,625	
gene_set_query	1161	ZFP57	910.7	ARCHS4 Coexpression,757;Enrichr Queries,892;GTEx Coexpression,1083	
gene_set_query	1162	ZNF517	911.7	ARCHS4 Coexpression,868;Enrichr Queries,746;GTEx Coexpression,1121	
gene_set_query	1163	GBX1	914.0	ARCHS4 Coexpression,440;Enrichr Queries,1368;GTEx Coexpression,934	
gene_set_query	1164	ZNF320	914.7	ARCHS4 Coexpression,926;Enrichr Queries,818;GTEx Coexpression,1000	
gene_set_query	1165	ZNF528	915.3	ARCHS4 Coexpression,807;Enrichr Queries,704;GTEx Coexpression,1235	
gene_set_query	1166	SIX4	915.3	ARCHS4 Coexpression,491;Enrichr Queries,1058;GTEx Coexpression,1197	
gene_set_query	1167	RBSN	916.0	ARCHS4 Coexpression,525;GTEx Coexpression,1307	
gene_set_query	1168	DPF3	917.3	ARCHS4 Coexpression,441;Enrichr Queries,1056;GTEx Coexpression,1255	
gene_set_query	1169	KLF16	918.3	ARCHS4 Coexpression,1194;Enrichr Queries,448;GTEx Coexpression,1113	
gene_set_query	1170	ZNF83	919.0	ARCHS4 Coexpression,1324;Enrichr Queries,1126;ReMap ChIP-seq,40;GTEx Coexpression,1186	SELPLG
gene_set_query	1171	AHDC1	919.0	ARCHS4 Coexpression,1506;Enrichr Queries,716;GTEx Coexpression,535	
gene_set_query	1172	GLI3	922.0	ARCHS4 Coexpression,518;Enrichr Queries,1261;GTEx Coexpression,987	
gene_set_query	1173	KLF7	923.7	ARCHS4 Coexpression,528;Enrichr Queries,785;GTEx Coexpression,1458	
gene_set_query	1174	NKX31	924.5	ARCHS4 Coexpression,380;GTEx Coexpression,1469	
gene_set_query	1175	YBX2	925.0	ARCHS4 Coexpression,1005;Enrichr Queries,806;GTEx Coexpression,964	
gene_set_query	1176	ZNF714	925.3	ARCHS4 Coexpression,1594;Enrichr Queries,952;GTEx Coexpression,230	
gene_set_query	1177	OTP	926.0	ARCHS4 Coexpression,337;Enrichr Queries,1312;GTEx Coexpression,1129	
gene_set_query	1178	ZNF197	926.5	ARCHS4 Coexpression,1459;Enrichr Queries,1245;ReMap ChIP-seq,264;GTEx Coexpression,738	
gene_set_query	1179	ZNF473	927.0	ARCHS4 Coexpression,678;Enrichr Queries,1121;GTEx Coexpression,982	
gene_set_query	1180	ZNF780B	927.7	ARCHS4 Coexpression,903;Enrichr Queries,505;GTEx Coexpression,1375	
gene_set_query	1181	ZNF772	928.0	ARCHS4 Coexpression,1535;Enrichr Queries,506;GTEx Coexpression,743	
gene_set_query	1182	EBF2	929.0	ARCHS4 Coexpression,717;GTEx Coexpression,1141	
gene_set_query	1183	HOXA3	929.7	ARCHS4 Coexpression,522;Enrichr Queries,1192;GTEx Coexpression,1075	
gene_set_query	1184	HOXD11	929.7	ARCHS4 Coexpression,622;Enrichr Queries,1322;GTEx Coexpression,845	
gene_set_query	1185	DMRTB1	930.0	ARCHS4 Coexpression,814;Enrichr Queries,1146;GTEx Coexpression,830	
gene_set_query	1186	MEOX1	930.3	ARCHS4 Coexpression,1626;Enrichr Queries,38;GTEx Coexpression,1127	TMEM119
gene_set_query	1187	HOXA13	932.3	ARCHS4 Coexpression,439;Enrichr Queries,1304;GTEx Coexpression,1054	
gene_set_query	1188	ZNF334	935.0	ARCHS4 Coexpression,1502;Enrichr Queries,132;GTEx Coexpression,1171	ALDH1A1
gene_set_query	1189	NFXL1	936.0	ARCHS4 Coexpression,1132;Enrichr Queries,483;GTEx Coexpression,1193	
gene_set_query	1190	ZNF830	936.0	ARCHS4 Coexpression,1112;Enrichr Queries,328;GTEx Coexpression,1368	
gene_set_query	1191	ZNF770	936.7	ARCHS4 Coexpression,959;Enrichr Queries,1178;GTEx Coexpression,673	
gene_set_query	1192	ZBTB20	937.0	ARCHS4 Coexpression,1185;Enrichr Queries,80;GTEx Coexpression,1546	ALDH1A1
gene_set_query	1193	ZBTB14	937.5	ARCHS4 Coexpression,1592;GTEx Coexpression,283	
gene_set_query	1194	ZNF512	937.7	ARCHS4 Coexpression,922;Enrichr Queries,676;GTEx Coexpression,1215	
gene_set_query	1195	ZNF563	938.7	ARCHS4 Coexpression,650;Enrichr Queries,571;GTEx Coexpression,1595	
gene_set_query	1196	ZNF827	939.0	ARCHS4 Coexpression,833;Enrichr Queries,946;GTEx Coexpression,1038	
gene_set_query	1197	DMRTA1	939.3	ARCHS4 Coexpression,1043;Enrichr Queries,688;GTEx Coexpression,1087	
gene_set_query	1198	ZNF672	940.3	ARCHS4 Coexpression,616;Enrichr Queries,855;GTEx Coexpression,1350	
gene_set_query	1199	ZNF287	940.7	ARCHS4 Coexpression,1086;Enrichr Queries,596;GTEx Coexpression,1140	
gene_set_query	1200	ZNF793	941.3	ARCHS4 Coexpression,1423;Enrichr Queries,381;GTEx Coexpression,1020	
gene_set_query	1201	ZNF829	942.0	ARCHS4 Coexpression,867;Enrichr Queries,615;GTEx Coexpression,1344	
gene_set_query	1202	ZIK1	942.3	ARCHS4 Coexpression,1435;Enrichr Queries,1021;GTEx Coexpression,371	
gene_set_query	1203	ZNF629	943.3	ARCHS4 Coexpression,540;Enrichr Queries,1062;GTEx Coexpression,1228	
gene_set_query	1204	TBX1	943.3	ARCHS4 Coexpression,784;Enrichr Queries,1152;GTEx Coexpression,894	
gene_set_query	1205	NPAS3	943.7	ARCHS4 Coexpression,727;Enrichr Queries,657;GTEx Coexpression,1447	
gene_set_query	1206	PRDM5	945.3	Literature ChIP-seq,47;ARCHS4 Coexpression,1519;Enrichr Queries,1296;GTEx Coexpression,919	ALDH1A1
gene_set_query	1207	NFIX	945.7	ARCHS4 Coexpression,1328;Enrichr Queries,907;GTEx Coexpression,602	
gene_set_query	1208	LHX9	946.3	ARCHS4 Coexpression,242;Enrichr Queries,1093;GTEx Coexpression,1504	
gene_set_query	1209	SKOR2	946.5	ARCHS4 Coexpression,1316;GTEx Coexpression,577	
gene_set_query	1210	SATB2	948.3	ARCHS4 Coexpression,1048;Enrichr Queries,1156;GTEx Coexpression,641	
gene_set_query	1211	ZNF239	948.7	ARCHS4 Coexpression,552;Enrichr Queries,834;GTEx Coexpression,1460	
gene_set_query	1212	THAP4	949.3	ARCHS4 Coexpression,795;Enrichr Queries,590;GTEx Coexpression,1463	
gene_set_query	1213	ZNF519	951.7	ARCHS4 Coexpression,893;Enrichr Queries,1166;GTEx Coexpression,796	
gene_set_query	1214	ZNF184	952.0	ARCHS4 Coexpression,1154;Enrichr Queries,375;GTEx Coexpression,1327	
gene_set_query	1215	SMAD5	953.8	ARCHS4 Coexpression,1486;Enrichr Queries,1019;ReMap ChIP-seq,262;GTEx Coexpression,1048	
gene_set_query	1216	TSHZ1	955.0	ARCHS4 Coexpression,1562;Enrichr Queries,1110;GTEx Coexpression,193	
gene_set_query	1217	ZNF345	955.0	ARCHS4 Coexpression,1040;Enrichr Queries,671;GTEx Coexpression,1154	
gene_set_query	1218	MBNL2	955.7	ARCHS4 Coexpression,492;Enrichr Queries,999;GTEx Coexpression,1376	
gene_set_query	1219	MEF2D	956.3	ARCHS4 Coexpression,1135;Enrichr Queries,478;GTEx Coexpression,1256	
gene_set_query	1220	GMEB1	956.7	ARCHS4 Coexpression,1219;Enrichr Queries,853;GTEx Coexpression,798	
gene_set_query	1221	ZNF865	957.0	ARCHS4 Coexpression,1074;GTEx Coexpression,840	
gene_set_query	1222	PITX3	957.0	ARCHS4 Coexpression,228;Enrichr Queries,1271;GTEx Coexpression,1372	
gene_set_query	1223	ZNF618	957.0	ARCHS4 Coexpression,261;Enrichr Queries,1241;GTEx Coexpression,1369	
gene_set_query	1224	ZNF225	958.5	ARCHS4 Coexpression,637;GTEx Coexpression,1280	
gene_set_query	1225	ZNF513	958.7	ARCHS4 Coexpression,382;Enrichr Queries,1043;GTEx Coexpression,1451	
gene_set_query	1226	HIVEP2	959.3	ARCHS4 Coexpression,1020;Enrichr Queries,1070;GTEx Coexpression,788	
gene_set_query	1227	TSHZ2	960.3	ARCHS4 Coexpression,1260;Enrichr Queries,103;GTEx Coexpression,1518	ALDH1A1
gene_set_query	1228	ZNF669	960.3	ARCHS4 Coexpression,1545;Enrichr Queries,1098;GTEx Coexpression,238	
gene_set_query	1229	PHF20	960.7	ARCHS4 Coexpression,1399;Enrichr Queries,261;GTEx Coexpression,1222	
gene_set_query	1230	WIZ	960.7	ARCHS4 Coexpression,1070;Enrichr Queries,866;GTEx Coexpression,946	
gene_set_query	1231	ZSCAN22	961.3	ARCHS4 Coexpression,1094;Enrichr Queries,537;GTEx Coexpression,1253	
gene_set_query	1232	NEUROG2	962.3	ARCHS4 Coexpression,1014;Enrichr Queries,1320;GTEx Coexpression,553	
gene_set_query	1233	ZNF784	962.3	ARCHS4 Coexpression,1158;Enrichr Queries,1351;GTEx Coexpression,378	
gene_set_query	1234	ZNF506	963.3	ARCHS4 Coexpression,1243;Enrichr Queries,708;GTEx Coexpression,939	
gene_set_query	1235	SCX	964.0	ARCHS4 Coexpression,964	
gene_set_query	1236	ZNF468	964.0	ARCHS4 Coexpression,1389;Enrichr Queries,1201;GTEx Coexpression,302	
gene_set_query	1237	ZNF836	964.3	ARCHS4 Coexpression,828;Enrichr Queries,642;GTEx Coexpression,1423	
gene_set_query	1238	ZNF688	964.3	ARCHS4 Coexpression,816;Enrichr Queries,1355;GTEx Coexpression,722	
gene_set_query	1239	OTX1	964.7	ARCHS4 Coexpression,739;Enrichr Queries,1319;GTEx Coexpression,836	
gene_set_query	1240	CHAMP1	965.5	ARCHS4 Coexpression,755;GTEx Coexpression,1176	
gene_set_query	1241	TTF1	966.5	ARCHS4 Coexpression,1202;GTEx Coexpression,731	
gene_set_query	1242	GBX2	966.8	Literature ChIP-seq,147;ARCHS4 Coexpression,830;Enrichr Queries,1306;GTEx Coexpression,1584	
gene_set_query	1243	PHOX2B	967.0	ARCHS4 Coexpression,461;Enrichr Queries,1165;GTEx Coexpression,1275	
gene_set_query	1244	HOXA2	968.3	Literature ChIP-seq,162;ARCHS4 Coexpression,1170;Enrichr Queries,1227;GTEx Coexpression,1314	
gene_set_query	1245	FEV	968.7	ARCHS4 Coexpression,145;Enrichr Queries,1266;GTEx Coexpression,1495	ALDH1A1
gene_set_query	1246	ZNF354C	969.0	ARCHS4 Coexpression,958;Enrichr Queries,754;GTEx Coexpression,1195	
gene_set_query	1247	DPF1	969.3	ARCHS4 Coexpression,1283;Enrichr Queries,1102;GTEx Coexpression,523	
gene_set_query	1248	CENPBD1	969.5	ARCHS4 Coexpression,878;GTEx Coexpression,1061	
gene_set_query	1249	FOXD3	969.7	ARCHS4 Coexpression,375;Enrichr Queries,1327;GTEx Coexpression,1207	
gene_set_query	1250	HMX2	971.3	ARCHS4 Coexpression,787;Enrichr Queries,1348;GTEx Coexpression,779	
gene_set_query	1251	PHOX2A	971.3	ARCHS4 Coexpression,227;Enrichr Queries,1323;GTEx Coexpression,1364	
gene_set_query	1252	ZNF285	971.5	ARCHS4 Coexpression,1549;GTEx Coexpression,394	
gene_set_query	1253	ZBTB5	972.3	ARCHS4 Coexpression,1360;Enrichr Queries,939;GTEx Coexpression,618	
gene_set_query	1254	TCF15	972.3	ARCHS4 Coexpression,556;Enrichr Queries,837;GTEx Coexpression,1524	
gene_set_query	1255	RBPJL	974.7	ARCHS4 Coexpression,1277;Enrichr Queries,1294;GTEx Coexpression,353	
gene_set_query	1256	ZBTB26	975.0	ARCHS4 Coexpression,1144;Enrichr Queries,415;GTEx Coexpression,1366	
gene_set_query	1257	ZNF329	975.0	ARCHS4 Coexpression,1557;Enrichr Queries,788;GTEx Coexpression,580	
gene_set_query	1258	ZNF195	976.3	ARCHS4 Coexpression,1390;Enrichr Queries,903;GTEx Coexpression,636	
gene_set_query	1259	HOXD9	977.0	ARCHS4 Coexpression,149;Enrichr Queries,1282;GTEx Coexpression,1500	
gene_set_query	1260	ZNF572	977.3	ARCHS4 Coexpression,846;Enrichr Queries,510;GTEx Coexpression,1576	
gene_set_query	1261	SOX14	978.0	ARCHS4 Coexpression,321;Enrichr Queries,1386;GTEx Coexpression,1227	
gene_set_query	1262	AKAP8L	979.0	ARCHS4 Coexpression,1148;Enrichr Queries,460;GTEx Coexpression,1329	
gene_set_query	1263	ZNF626	981.0	ARCHS4 Coexpression,286;Enrichr Queries,1160;GTEx Coexpression,1497	
gene_set_query	1264	ZNF136	982.0	ARCHS4 Coexpression,411;Enrichr Queries,1200;GTEx Coexpression,1335	
gene_set_query	1265	ZNF470	982.3	ARCHS4 Coexpression,937;Enrichr Queries,702;GTEx Coexpression,1308	
gene_set_query	1266	ZNF788P	983.7	ARCHS4 Coexpression,1140;Enrichr Queries,1129;GTEx Coexpression,682	
gene_set_query	1267	MSX1	983.7	ARCHS4 Coexpression,798;Enrichr Queries,573;GTEx Coexpression,1580	
gene_set_query	1268	DBX1	984.3	ARCHS4 Coexpression,775;Enrichr Queries,1258;GTEx Coexpression,920	
gene_set_query	1269	ZNF419	985.7	ARCHS4 Coexpression,1016;Enrichr Queries,940;GTEx Coexpression,1001	
gene_set_query	1270	LEUTX	986.7	ARCHS4 Coexpression,1267;Enrichr Queries,550;GTEx Coexpression,1143	
gene_set_query	1271	ZNF556	986.7	ARCHS4 Coexpression,1384;Enrichr Queries,924;GTEx Coexpression,652	
gene_set_query	1272	ZNF708	987.0	ARCHS4 Coexpression,1499;Enrichr Queries,933;GTEx Coexpression,529	
gene_set_query	1273	ASCL4	987.0	ARCHS4 Coexpression,993;Enrichr Queries,1265;GTEx Coexpression,703	
gene_set_query	1274	ZNF701	987.3	ARCHS4 Coexpression,1620;Enrichr Queries,373;GTEx Coexpression,969	
gene_set_query	1275	GLIS2	987.3	ARCHS4 Coexpression,1523;Enrichr Queries,549;GTEx Coexpression,890	
gene_set_query	1276	ZFP64	987.3	ARCHS4 Coexpression,1467;Enrichr Queries,468;GTEx Coexpression,1027	
gene_set_query	1277	HOXA11	988.7	ARCHS4 Coexpression,673;Enrichr Queries,749;GTEx Coexpression,1544	
gene_set_query	1278	ZNF436	991.0	ARCHS4 Coexpression,799;Enrichr Queries,915;GTEx Coexpression,1259	
gene_set_query	1279	ZNF662	991.3	ARCHS4 Coexpression,1425;Enrichr Queries,1341;GTEx Coexpression,208	
gene_set_query	1280	ZNF571	992.0	ARCHS4 Coexpression,940;Enrichr Queries,864;GTEx Coexpression,1172	
gene_set_query	1281	PROX2	992.7	ARCHS4 Coexpression,1269;Enrichr Queries,432;GTEx Coexpression,1277	
gene_set_query	1282	ZNF404	994.0	ARCHS4 Coexpression,1034;Enrichr Queries,1147;GTEx Coexpression,801	
gene_set_query	1283	ZNF730	994.0	ARCHS4 Coexpression,1555;GTEx Coexpression,433	
gene_set_query	1284	ZNF664	994.7	ARCHS4 Coexpression,1231;Enrichr Queries,263;GTEx Coexpression,1490	
gene_set_query	1285	LCOR	994.7	ARCHS4 Coexpression,1565;Enrichr Queries,386;GTEx Coexpression,1033	
gene_set_query	1286	TBPL2	995.0	ARCHS4 Coexpression,1548;GTEx Coexpression,442	
gene_set_query	1287	ZNF480	996.0	ARCHS4 Coexpression,1409;Enrichr Queries,803;GTEx Coexpression,776	
gene_set_query	1288	ZNF625	997.0	ARCHS4 Coexpression,946;Enrichr Queries,1116;GTEx Coexpression,929	
gene_set_query	1289	ZNF451	997.3	ARCHS4 Coexpression,1332;Enrichr Queries,656;GTEx Coexpression,1004	
gene_set_query	1290	ZNF484	997.7	ARCHS4 Coexpression,1608;Enrichr Queries,771;GTEx Coexpression,614	
gene_set_query	1291	TRPS1	998.3	ARCHS4 Coexpression,1500;Enrichr Queries,622;GTEx Coexpression,873	
gene_set_query	1292	ZNF800	998.7	ARCHS4 Coexpression,1375;Enrichr Queries,462;GTEx Coexpression,1159	
gene_set_query	1293	ZSCAN16	998.7	ARCHS4 Coexpression,1525;Enrichr Queries,1292;GTEx Coexpression,179	SELPLG
gene_set_query	1294	ZNF138	998.7	ARCHS4 Coexpression,1505;Enrichr Queries,976;GTEx Coexpression,515	
gene_set_query	1295	THAP2	999.3	ARCHS4 Coexpression,1469;Enrichr Queries,658;GTEx Coexpression,871	
gene_set_query	1296	ZNF221	999.3	ARCHS4 Coexpression,1537;Enrichr Queries,593;GTEx Coexpression,868	
gene_set_query	1297	CXXC5	1001.0	ARCHS4 Coexpression,1348;GTEx Coexpression,654	
gene_set_query	1298	ZNF600	1002.0	ARCHS4 Coexpression,602;Enrichr Queries,1357;GTEx Coexpression,1047	
gene_set_query	1299	GLI2	1004.0	ARCHS4 Coexpression,332;Enrichr Queries,1302;GTEx Coexpression,1377	
gene_set_query	1300	ZNF699	1004.0	ARCHS4 Coexpression,546;Enrichr Queries,983;GTEx Coexpression,1483	
gene_set_query	1301	ZNF684	1005.0	ARCHS4 Coexpression,1017;Enrichr Queries,823;GTEx Coexpression,1175	
gene_set_query	1302	ZNF154	1006.0	ARCHS4 Coexpression,1145;Enrichr Queries,360;GTEx Coexpression,1514	
gene_set_query	1303	ZBTB44	1007.0	ARCHS4 Coexpression,1274;Enrichr Queries,489;GTEx Coexpression,1257	
gene_set_query	1304	TIGD4	1007.0	ARCHS4 Coexpression,1363;Enrichr Queries,59;GTEx Coexpression,1599	ALDH1A1
gene_set_query	1305	OLIG1	1008.0	ARCHS4 Coexpression,1625;Enrichr Queries,13;GTEx Coexpression,1386	CX3CR1,ALDH1A1
gene_set_query	1306	FIZ1	1008.0	ARCHS4 Coexpression,1229;Enrichr Queries,234;GTEx Coexpression,1562	
gene_set_query	1307	ZNF85	1009.0	ARCHS4 Coexpression,1544;Enrichr Queries,267;GTEx Coexpression,1216	
gene_set_query	1308	ZNF12	1010.0	ARCHS4 Coexpression,1109;Enrichr Queries,876;GTEx Coexpression,1044	
gene_set_query	1309	SOX4	1010.0	ARCHS4 Coexpression,939;Enrichr Queries,637;GTEx Coexpression,1454	
gene_set_query	1310	TEAD1	1010.0	ARCHS4 Coexpression,1553;Enrichr Queries,1028;ReMap ChIP-seq,236;GTEx Coexpression,1224	
gene_set_query	1311	THRA	1011.0	Literature ChIP-seq,150;ARCHS4 Coexpression,1581;Enrichr Queries,979;GTEx Coexpression,1334	
gene_set_query	1312	FOXL2	1014.0	ARCHS4 Coexpression,243;Enrichr Queries,1346;GTEx Coexpression,1452	
gene_set_query	1313	ZNF440	1014.0	ARCHS4 Coexpression,1122;Enrichr Queries,1115;GTEx Coexpression,805	
gene_set_query	1314	ZNF579	1014.0	ARCHS4 Coexpression,834;Enrichr Queries,1252;GTEx Coexpression,956	
gene_set_query	1315	ZNF726	1015.0	ARCHS4 Coexpression,1386;GTEx Coexpression,644	
gene_set_query	1316	REPIN1	1015.0	ARCHS4 Coexpression,1039;Enrichr Queries,1105;GTEx Coexpression,901	
gene_set_query	1317	TIGD1	1015.0	ARCHS4 Coexpression,916;GTEx Coexpression,1114	
gene_set_query	1318	FOXR1	1015.0	ARCHS4 Coexpression,1172;Enrichr Queries,1328;GTEx Coexpression,546	
gene_set_query	1319	FOXB2	1016.0	ARCHS4 Coexpression,207;Enrichr Queries,1398;GTEx Coexpression,1444	
gene_set_query	1320	TBPL1	1017.0	ARCHS4 Coexpression,649;GTEx Coexpression,1384	
gene_set_query	1321	HEY1	1017.0	ARCHS4 Coexpression,1419;Enrichr Queries,74;GTEx Coexpression,1558	ALDH1A1
gene_set_query	1322	TEAD3	1018.0	ARCHS4 Coexpression,882;Enrichr Queries,972;GTEx Coexpression,1201	
gene_set_query	1323	SOX3	1019.0	ARCHS4 Coexpression,675;Enrichr Queries,1060;GTEx Coexpression,1321	
gene_set_query	1324	ZBTB21	1020.0	ARCHS4 Coexpression,1037;GTEx Coexpression,1002	
gene_set_query	1325	ZNF700	1020.0	ARCHS4 Coexpression,1456;Enrichr Queries,400;GTEx Coexpression,1205	
gene_set_query	1326	ZNF117	1020.0	ARCHS4 Coexpression,381;Enrichr Queries,1318;GTEx Coexpression,1362	
gene_set_query	1327	ZNF382	1024.0	ARCHS4 Coexpression,1251;Enrichr Queries,1244;GTEx Coexpression,576	
gene_set_query	1328	ZNF775	1025.0	ARCHS4 Coexpression,908;Enrichr Queries,1017;GTEx Coexpression,1150	
gene_set_query	1329	POU5F2	1026.0	ARCHS4 Coexpression,1029;GTEx Coexpression,1023	
gene_set_query	1330	NKX21	1026.0	ARCHS4 Coexpression,1275;GTEx Coexpression,777	
gene_set_query	1331	HDX	1027.0	ARCHS4 Coexpression,1357;Enrichr Queries,311;GTEx Coexpression,1412	
gene_set_query	1332	ZNF527	1027.0	ARCHS4 Coexpression,1421;Enrichr Queries,971;GTEx Coexpression,689	
gene_set_query	1333	ZNF420	1028.0	ARCHS4 Coexpression,1340;Enrichr Queries,1299;GTEx Coexpression,445	
gene_set_query	1334	POGK	1028.0	ARCHS4 Coexpression,1106;Enrichr Queries,553;GTEx Coexpression,1425	
gene_set_query	1335	TCF23	1029.0	ARCHS4 Coexpression,1477;Enrichr Queries,14;GTEx Coexpression,1597	ALDH1A1,TMEM119
gene_set_query	1336	ZNF774	1029.0	ARCHS4 Coexpression,1485;Enrichr Queries,361;GTEx Coexpression,1242	
gene_set_query	1337	RXRB	1029.0	ARCHS4 Coexpression,1200;Enrichr Queries,307;GTEx Coexpression,1581	
gene_set_query	1338	PKNOX2	1029.0	ARCHS4 Coexpression,647;Enrichr Queries,1144;GTEx Coexpression,1297	
gene_set_query	1339	FERD3L	1030.0	ARCHS4 Coexpression,354;Enrichr Queries,1347;GTEx Coexpression,1388	
gene_set_query	1340	SNAPC5	1030.0	ARCHS4 Coexpression,585;GTEx Coexpression,1475	
gene_set_query	1341	MSGN1	1030.0	ARCHS4 Coexpression,1520;Enrichr Queries,831;GTEx Coexpression,739	
gene_set_query	1342	HSF5	1030.0	ARCHS4 Coexpression,511;Enrichr Queries,1063;GTEx Coexpression,1516	
gene_set_query	1343	ZNF81	1031.0	ARCHS4 Coexpression,1542;Enrichr Queries,839;GTEx Coexpression,712	
gene_set_query	1344	ZNF630	1031.0	ARCHS4 Coexpression,666;GTEx Coexpression,1396	
gene_set_query	1345	ZNF423	1032.0	ARCHS4 Coexpression,1268;Enrichr Queries,1286;GTEx Coexpression,543	
gene_set_query	1346	ZNF281	1033.0	ARCHS4 Coexpression,1319;Enrichr Queries,1091;GTEx Coexpression,688	
gene_set_query	1347	THAP12	1033.0	ARCHS4 Coexpression,1223;GTEx Coexpression,843	
gene_set_query	1348	ARNT2	1035.0	ARCHS4 Coexpression,1410;Enrichr Queries,878;GTEx Coexpression,818	
gene_set_query	1349	ZNF705G	1036.0	ARCHS4 Coexpression,580;GTEx Coexpression,1491	
gene_set_query	1350	ZXDB	1037.0	ARCHS4 Coexpression,1398;Enrichr Queries,833;GTEx Coexpression,881	
gene_set_query	1351	ZNF548	1037.0	ARCHS4 Coexpression,1156;Enrichr Queries,792;GTEx Coexpression,1164	
gene_set_query	1352	ATMIN	1038.0	ARCHS4 Coexpression,1178;Enrichr Queries,696;GTEx Coexpression,1241	
gene_set_query	1353	ZNF567	1038.0	ARCHS4 Coexpression,476;Enrichr Queries,1219;GTEx Coexpression,1420	
gene_set_query	1354	HOXA10	1041.0	ARCHS4 Coexpression,1221;Enrichr Queries,750;GTEx Coexpression,1151	
gene_set_query	1355	ZFP37	1042.0	ARCHS4 Coexpression,1591;Enrichr Queries,1223;GTEx Coexpression,311	
gene_set_query	1356	ZNF780A	1043.0	ARCHS4 Coexpression,1006;Enrichr Queries,1185;GTEx Coexpression,938	
gene_set_query	1357	TLX2	1044.0	ARCHS4 Coexpression,740;Enrichr Queries,1385;GTEx Coexpression,1007	
gene_set_query	1358	ZNF91	1044.0	ARCHS4 Coexpression,1107;Enrichr Queries,1242;GTEx Coexpression,783	
gene_set_query	1359	ZNF444	1046.0	ARCHS4 Coexpression,1406;Enrichr Queries,987;GTEx Coexpression,745	
gene_set_query	1360	TSC22D1	1047.0	ARCHS4 Coexpression,1131;Enrichr Queries,1054;GTEx Coexpression,955	
gene_set_query	1361	VSX2	1047.0	ARCHS4 Coexpression,353;Enrichr Queries,1382;GTEx Coexpression,1406	
gene_set_query	1362	ZNF837	1047.0	ARCHS4 Coexpression,628;Enrichr Queries,1388;GTEx Coexpression,1126	
gene_set_query	1363	ZNF76	1048.0	ARCHS4 Coexpression,1291;Enrichr Queries,325;GTEx Coexpression,1527	
gene_set_query	1364	RAX	1048.0	ARCHS4 Coexpression,1556;Enrichr Queries,1373;GTEx Coexpression,214	
gene_set_query	1365	ZNF879	1049.0	ARCHS4 Coexpression,1381;GTEx Coexpression,716	
gene_set_query	1366	EVX1	1049.0	ARCHS4 Coexpression,205;Enrichr Queries,1402;GTEx Coexpression,1539	
gene_set_query	1367	ZNF181	1049.0	ARCHS4 Coexpression,1361;Enrichr Queries,1151;GTEx Coexpression,634	
gene_set_query	1368	FOXD4L5	1050.0	ARCHS4 Coexpression,233;Enrichr Queries,1364;GTEx Coexpression,1553	
gene_set_query	1369	ZNF644	1050.0	ARCHS4 Coexpression,1532;Enrichr Queries,1127;ReMap ChIP-seq,220;GTEx Coexpression,1322	
gene_set_query	1370	ZNF835	1050.0	ARCHS4 Coexpression,1536;Enrichr Queries,575;GTEx Coexpression,1040	
gene_set_query	1371	ONECUT3	1051.0	ARCHS4 Coexpression,1322;Enrichr Queries,1221;GTEx Coexpression,610	
gene_set_query	1372	ZSCAN26	1051.0	ARCHS4 Coexpression,1302;GTEx Coexpression,800	
gene_set_query	1373	DLX5	1051.0	ARCHS4 Coexpression,1270;Enrichr Queries,1237;GTEx Coexpression,646	
gene_set_query	1374	ZNF721	1052.0	ARCHS4 Coexpression,1473;Enrichr Queries,985;GTEx Coexpression,697	
gene_set_query	1375	PROP1	1052.0	ARCHS4 Coexpression,855;Enrichr Queries,1353;GTEx Coexpression,947	
gene_set_query	1376	OLIG2	1053.0	Literature ChIP-seq,75;ARCHS4 Coexpression,1403;Enrichr Queries,1295;GTEx Coexpression,1437	EIF2B2
gene_set_query	1377	MTERF3	1053.0	ARCHS4 Coexpression,1296;GTEx Coexpression,809	
gene_set_query	1378	SOHLH1	1053.0	ARCHS4 Coexpression,1289;Enrichr Queries,383;GTEx Coexpression,1486	
gene_set_query	1379	ZNF148	1053.0	ARCHS4 Coexpression,1497;Enrichr Queries,359;GTEx Coexpression,1302	
gene_set_query	1380	ZNF280A	1056.0	ARCHS4 Coexpression,869;Enrichr Queries,909;GTEx Coexpression,1390	
gene_set_query	1381	ZNF283	1057.0	ARCHS4 Coexpression,1412;Enrichr Queries,600;GTEx Coexpression,1160	
gene_set_query	1382	ZNF57	1058.0	ARCHS4 Coexpression,1320;Enrichr Queries,1342;GTEx Coexpression,511	
gene_set_query	1383	ZNF254	1059.0	ARCHS4 Coexpression,1395;Enrichr Queries,574;GTEx Coexpression,1208	
gene_set_query	1384	NPAS1	1060.0	ARCHS4 Coexpression,996;Enrichr Queries,874;GTEx Coexpression,1311	
gene_set_query	1385	ZIC1	1061.0	ARCHS4 Coexpression,1396;Enrichr Queries,1170;GTEx Coexpression,616	
gene_set_query	1386	VAX1	1061.0	ARCHS4 Coexpression,520;Enrichr Queries,1365;GTEx Coexpression,1299	
gene_set_query	1387	PHF1	1062.0	ARCHS4 Coexpression,966;GTEx Coexpression,1157	
gene_set_query	1388	ZNF182	1062.0	ARCHS4 Coexpression,1313;Enrichr Queries,310;GTEx Coexpression,1563	
gene_set_query	1389	ZNF449	1062.0	ARCHS4 Coexpression,1589;Enrichr Queries,314;GTEx Coexpression,1284	
gene_set_query	1390	ZNF705D	1062.0	ARCHS4 Coexpression,1128;Enrichr Queries,773;GTEx Coexpression,1286	
gene_set_query	1391	ZNF799	1063.0	ARCHS4 Coexpression,1347;Enrichr Queries,956;GTEx Coexpression,885	
gene_set_query	1392	CARF	1064.0	ARCHS4 Coexpression,1027;GTEx Coexpression,1100	
gene_set_query	1393	ZNF331	1065.0	ARCHS4 Coexpression,341;Enrichr Queries,1350;GTEx Coexpression,1503	
gene_set_query	1394	SGSM2	1066.0	ARCHS4 Coexpression,1418;GTEx Coexpression,713	
gene_set_query	1395	SIX6	1066.0	ARCHS4 Coexpression,669;Enrichr Queries,1367;GTEx Coexpression,1162	
gene_set_query	1396	SOX1	1066.0	ARCHS4 Coexpression,584;Enrichr Queries,1378;GTEx Coexpression,1237	
gene_set_query	1397	PAX7	1067.0	ARCHS4 Coexpression,832;Enrichr Queries,1132;GTEx Coexpression,1236	
gene_set_query	1398	ZFP2	1067.0	ARCHS4 Coexpression,1141;Enrichr Queries,982;GTEx Coexpression,1077	
gene_set_query	1399	ZNF544	1069.0	ARCHS4 Coexpression,1207;Enrichr Queries,863;GTEx Coexpression,1137	
gene_set_query	1400	LBX1	1070.0	ARCHS4 Coexpression,645;Enrichr Queries,1391;GTEx Coexpression,1174	
gene_set_query	1401	ZNF729	1070.0	ARCHS4 Coexpression,1173;GTEx Coexpression,967	
gene_set_query	1402	FOXB1	1070.0	ARCHS4 Coexpression,684;Enrichr Queries,1381;GTEx Coexpression,1145	
gene_set_query	1403	USF3	1071.0	ARCHS4 Coexpression,1182;GTEx Coexpression,959	
gene_set_query	1404	PTF1A	1071.0	ARCHS4 Coexpression,1280;Enrichr Queries,1321;GTEx Coexpression,611	
gene_set_query	1405	NEUROD6	1072.0	ARCHS4 Coexpression,1259;Enrichr Queries,558;GTEx Coexpression,1398	
gene_set_query	1406	ZNF443	1074.0	ARCHS4 Coexpression,1358;Enrichr Queries,1026;GTEx Coexpression,837	
gene_set_query	1407	ZNF266	1074.0	ARCHS4 Coexpression,1434;Enrichr Queries,1329;GTEx Coexpression,458	
gene_set_query	1408	ZNF711	1076.0	ARCHS4 Coexpression,1385;Enrichr Queries,908;GTEx Coexpression,936	
gene_set_query	1409	ZNF525	1079.0	ARCHS4 Coexpression,1018;GTEx Coexpression,1139	
gene_set_query	1410	MTERF4	1080.0	ARCHS4 Coexpression,680;GTEx Coexpression,1479	
gene_set_query	1411	SHOX	1080.0	ARCHS4 Coexpression,1133;Enrichr Queries,964;GTEx Coexpression,1142	
gene_set_query	1412	ZNF507	1080.0	ARCHS4 Coexpression,1166;Enrichr Queries,1136;GTEx Coexpression,937	
gene_set_query	1413	ZNF362	1080.0	ARCHS4 Coexpression,1411;Enrichr Queries,951;GTEx Coexpression,879	
gene_set_query	1414	ZNF250	1081.0	ARCHS4 Coexpression,1271;Enrichr Queries,634;GTEx Coexpression,1337	
gene_set_query	1415	TFDP2	1081.0	ARCHS4 Coexpression,1110;Enrichr Queries,594;GTEx Coexpression,1538	
gene_set_query	1416	FOXE3	1082.0	ARCHS4 Coexpression,607;Enrichr Queries,1399;GTEx Coexpression,1239	
gene_set_query	1417	HMGA2	1083.0	ARCHS4 Coexpression,1163;Enrichr Queries,652;GTEx Coexpression,1435	
gene_set_query	1418	ZNF680	1083.0	ARCHS4 Coexpression,1433;Enrichr Queries,849;GTEx Coexpression,968	
gene_set_query	1419	ZBTB18	1084.0	ARCHS4 Coexpression,1524;GTEx Coexpression,643	
gene_set_query	1420	HOXD10	1086.0	ARCHS4 Coexpression,1377;Enrichr Queries,935;GTEx Coexpression,945	
gene_set_query	1421	SOX30	1086.0	ARCHS4 Coexpression,634;Enrichr Queries,1326;GTEx Coexpression,1298	
gene_set_query	1422	ZNF17	1086.0	ARCHS4 Coexpression,1526;Enrichr Queries,611;GTEx Coexpression,1122	
gene_set_query	1423	SPEN	1087.0	ARCHS4 Coexpression,941;GTEx Coexpression,1232	
gene_set_query	1424	TBR1	1087.0	ARCHS4 Coexpression,1123;Enrichr Queries,725;GTEx Coexpression,1414	
gene_set_query	1425	ZNF551	1088.0	ARCHS4 Coexpression,1180;Enrichr Queries,959;GTEx Coexpression,1125	
gene_set_query	1426	DRGX	1088.0	ARCHS4 Coexpression,691;Enrichr Queries,986;GTEx Coexpression,1587	
gene_set_query	1427	KLF17	1088.0	ARCHS4 Coexpression,894;Enrichr Queries,929;GTEx Coexpression,1442	
gene_set_query	1428	HOXD1	1089.0	ARCHS4 Coexpression,725;Enrichr Queries,1283;GTEx Coexpression,1260	
gene_set_query	1429	ZBTB9	1090.0	ARCHS4 Coexpression,1245;Enrichr Queries,568;GTEx Coexpression,1457	
gene_set_query	1430	ZNF789	1094.0	ARCHS4 Coexpression,1246;Enrichr Queries,548;GTEx Coexpression,1487	
gene_set_query	1431	MSANTD4	1095.0	ARCHS4 Coexpression,624;GTEx Coexpression,1566	
gene_set_query	1432	VAX2	1096.0	ARCHS4 Coexpression,1209;Enrichr Queries,1313;GTEx Coexpression,765	
gene_set_query	1433	ZNF395	1096.0	ARCHS4 Coexpression,1049;Enrichr Queries,812;GTEx Coexpression,1427	
gene_set_query	1434	ZNF561	1097.0	ARCHS4 Coexpression,1125;Enrichr Queries,1231;GTEx Coexpression,935	
gene_set_query	1435	ZFP82	1098.0	ARCHS4 Coexpression,1559;Enrichr Queries,913;GTEx Coexpression,822	
gene_set_query	1436	TMF1	1099.0	ARCHS4 Coexpression,595;GTEx Coexpression,1602	
gene_set_query	1437	FOXI2	1099.0	ARCHS4 Coexpression,1237;Enrichr Queries,1293;GTEx Coexpression,768	
gene_set_query	1438	NRL	1102.0	ARCHS4 Coexpression,896;Enrichr Queries,1340;GTEx Coexpression,1069	
gene_set_query	1439	GLIS3	1104.0	ARCHS4 Coexpression,983;Enrichr Queries,1046;GTEx Coexpression,1283	
gene_set_query	1440	ZNF736	1106.0	ARCHS4 Coexpression,789;GTEx Coexpression,1422	
gene_set_query	1441	CXXC1	1106.0	ARCHS4 Coexpression,1287;Enrichr Queries,498;GTEx Coexpression,1532	
gene_set_query	1442	TIGD7	1107.0	ARCHS4 Coexpression,1392;Enrichr Queries,1344;GTEx Coexpression,585	
gene_set_query	1443	TERB1	1108.0	ARCHS4 Coexpression,1547;GTEx Coexpression,668	
gene_set_query	1444	TCF7L1	1108.0	ARCHS4 Coexpression,660;Enrichr Queries,1113;GTEx Coexpression,1550	
gene_set_query	1445	TFAP2D	1109.0	ARCHS4 Coexpression,722;Enrichr Queries,1140;GTEx Coexpression,1464	
gene_set_query	1446	ZSCAN23	1109.0	ARCHS4 Coexpression,1516;Enrichr Queries,869;GTEx Coexpression,941	
gene_set_query	1447	ZNF605	1110.0	ARCHS4 Coexpression,1227;Enrichr Queries,726;GTEx Coexpression,1378	
gene_set_query	1448	SOX8	1111.0	ARCHS4 Coexpression,1596;Enrichr Queries,152;GTEx Coexpression,1586	ALDH1A1
gene_set_query	1449	ZNF211	1112.0	ARCHS4 Coexpression,1364;Enrichr Queries,501;GTEx Coexpression,1470	
gene_set_query	1450	ZNF286A	1113.0	ARCHS4 Coexpression,1350;Enrichr Queries,883;GTEx Coexpression,1105	
gene_set_query	1451	ZNF695	1113.0	ARCHS4 Coexpression,1397;Enrichr Queries,1163;GTEx Coexpression,780	
gene_set_query	1452	ZSCAN2	1115.0	ARCHS4 Coexpression,1575;Enrichr Queries,714;GTEx Coexpression,1057	
gene_set_query	1453	DLX1	1116.0	ARCHS4 Coexpression,981;Enrichr Queries,1018;GTEx Coexpression,1349	
gene_set_query	1454	ZNF214	1117.0	ARCHS4 Coexpression,1379;Enrichr Queries,898;GTEx Coexpression,1073	
gene_set_query	1455	DLX6	1119.0	ARCHS4 Coexpression,988;Enrichr Queries,1275;GTEx Coexpression,1094	
gene_set_query	1456	ZNF718	1120.0	ARCHS4 Coexpression,1621;Enrichr Queries,264;GTEx Coexpression,1476	
gene_set_query	1457	ZBED1	1121.0	ARCHS4 Coexpression,1325;Enrichr Queries,1400;ReMap ChIP-seq,258;GTEx Coexpression,1499	
gene_set_query	1458	SLC2A4RG	1123.0	ARCHS4 Coexpression,971;Enrichr Queries,1334;GTEx Coexpression,1063	
gene_set_query	1459	ZNF275	1124.0	ARCHS4 Coexpression,1025;Enrichr Queries,881;GTEx Coexpression,1465	
gene_set_query	1460	ZNF530	1124.0	ARCHS4 Coexpression,1580;Enrichr Queries,981;GTEx Coexpression,810	
gene_set_query	1461	HSF4	1128.0	ARCHS4 Coexpression,1515;Enrichr Queries,305;GTEx Coexpression,1565	
gene_set_query	1462	BSX	1129.0	ARCHS4 Coexpression,848;Enrichr Queries,1383;GTEx Coexpression,1156	
gene_set_query	1463	ZNF155	1130.0	ARCHS4 Coexpression,1452;Enrichr Queries,1297;GTEx Coexpression,640	
gene_set_query	1464	ZBTB47	1132.0	ARCHS4 Coexpression,901;Enrichr Queries,989;GTEx Coexpression,1507	
gene_set_query	1465	ZNF492	1133.0	ARCHS4 Coexpression,1570;GTEx Coexpression,696	
gene_set_query	1466	NEUROD4	1134.0	ARCHS4 Coexpression,1568;Enrichr Queries,717;GTEx Coexpression,1117	
gene_set_query	1467	ZKSCAN5	1135.0	ARCHS4 Coexpression,1528;Enrichr Queries,891;GTEx Coexpression,985	
gene_set_query	1468	ZNF692	1135.0	ARCHS4 Coexpression,1295;Enrichr Queries,778;GTEx Coexpression,1333	
gene_set_query	1469	ZNF10	1136.0	ARCHS4 Coexpression,907;Enrichr Queries,1023;GTEx Coexpression,1477	
gene_set_query	1470	ZNF32	1136.0	ARCHS4 Coexpression,706;Enrichr Queries,1196;GTEx Coexpression,1506	
gene_set_query	1471	ZNF121	1136.0	ARCHS4 Coexpression,1623;Enrichr Queries,1218;GTEx Coexpression,568	
gene_set_query	1472	GTF2IRD2B	1137.0	ARCHS4 Coexpression,1247;Enrichr Queries,1061;GTEx Coexpression,1104	
gene_set_query	1473	GSX1	1139.0	ARCHS4 Coexpression,1024;Enrichr Queries,1376;GTEx Coexpression,1017	
gene_set_query	1474	SOX18	1141.0	ARCHS4 Coexpression,1613;Enrichr Queries,836;GTEx Coexpression,973	
gene_set_query	1475	ZSCAN5A	1141.0	ARCHS4 Coexpression,1078;Enrichr Queries,1076;GTEx Coexpression,1268	
gene_set_query	1476	MESP1	1141.0	ARCHS4 Coexpression,1282;Enrichr Queries,1134;GTEx Coexpression,1006	
gene_set_query	1477	ZNF280D	1143.0	ARCHS4 Coexpression,875;Enrichr Queries,1118;GTEx Coexpression,1436	
gene_set_query	1478	MTERF2	1144.0	ARCHS4 Coexpression,863;GTEx Coexpression,1424	
gene_set_query	1479	ZSCAN12	1144.0	ARCHS4 Coexpression,1552;Enrichr Queries,455;GTEx Coexpression,1426	
gene_set_query	1480	FAM170A	1144.0	ARCHS4 Coexpression,1323;Enrichr Queries,739;GTEx Coexpression,1371	
gene_set_query	1481	ZNF233	1144.0	ARCHS4 Coexpression,1239;Enrichr Queries,811;GTEx Coexpression,1383	
gene_set_query	1482	HOXC5	1144.0	ARCHS4 Coexpression,653;Enrichr Queries,1209;GTEx Coexpression,1571	
gene_set_query	1483	ZNF852	1145.0	ARCHS4 Coexpression,1602;GTEx Coexpression,687	
gene_set_query	1484	ZNF180	1145.0	ARCHS4 Coexpression,1600;Enrichr Queries,1077;GTEx Coexpression,758	
gene_set_query	1485	ZNF578	1145.0	ARCHS4 Coexpression,1531;Enrichr Queries,488;GTEx Coexpression,1417	
gene_set_query	1486	ZNF84	1146.0	ARCHS4 Coexpression,1120;Enrichr Queries,1171;GTEx Coexpression,1146	
gene_set_query	1487	ZNF587	1146.0	ARCHS4 Coexpression,1085;Enrichr Queries,1101;GTEx Coexpression,1252	
gene_set_query	1488	ZNF22	1147.0	ARCHS4 Coexpression,1264;Enrichr Queries,1210;GTEx Coexpression,966	
gene_set_query	1489	ZNF367	1149.0	ARCHS4 Coexpression,1574;Enrichr Queries,1180;GTEx Coexpression,692	
gene_set_query	1490	ZNF260	1149.0	ARCHS4 Coexpression,1366;Enrichr Queries,732;GTEx Coexpression,1348	
gene_set_query	1491	ZNF460	1150.0	ARCHS4 Coexpression,1569;Enrichr Queries,779;GTEx Coexpression,1102	
gene_set_query	1492	HES6	1150.0	ARCHS4 Coexpression,1056;Enrichr Queries,1198;GTEx Coexpression,1196	
gene_set_query	1493	ZNF747	1152.0	ARCHS4 Coexpression,1143;Enrichr Queries,1301;GTEx Coexpression,1011	
gene_set_query	1494	TIGD6	1152.0	ARCHS4 Coexpression,1628;Enrichr Queries,442;GTEx Coexpression,1387	
gene_set_query	1495	ZNF487	1153.0	ARCHS4 Coexpression,1286;Enrichr Queries,616;GTEx Coexpression,1556	
gene_set_query	1496	ALX3	1153.0	ARCHS4 Coexpression,822;Enrichr Queries,1356;GTEx Coexpression,1282	
gene_set_query	1497	HSF2	1155.0	ARCHS4 Coexpression,1226;Enrichr Queries,799;GTEx Coexpression,1439	
gene_set_query	1498	YY2	1155.0	ARCHS4 Coexpression,1612;Enrichr Queries,583;GTEx Coexpression,1271	
gene_set_query	1499	ZGLP1	1156.0	ARCHS4 Coexpression,1518;GTEx Coexpression,793	
gene_set_query	1500	ZNF768	1156.0	ARCHS4 Coexpression,696;Enrichr Queries,1272;GTEx Coexpression,1501	
gene_set_query	1501	EBF4	1158.0	ARCHS4 Coexpression,1413;Enrichr Queries,1011;GTEx Coexpression,1051	
gene_set_query	1502	BARHL1	1159.0	ARCHS4 Coexpression,1529;Enrichr Queries,1263;GTEx Coexpression,686	
gene_set_query	1503	ZNF177	1160.0	ARCHS4 Coexpression,1312;Enrichr Queries,1206;GTEx Coexpression,961	
gene_set_query	1504	ZNF845	1160.0	ARCHS4 Coexpression,1582;Enrichr Queries,1184;GTEx Coexpression,714	
gene_set_query	1505	ZNF28	1161.0	ARCHS4 Coexpression,1443;Enrichr Queries,475;GTEx Coexpression,1564	
gene_set_query	1506	PRDM8	1162.0	ARCHS4 Coexpression,899;Enrichr Queries,991;GTEx Coexpression,1596	
gene_set_query	1507	ZBTB24	1163.0	ARCHS4 Coexpression,1337;Enrichr Queries,1080;GTEx Coexpression,1071	
gene_set_query	1508	HOXD12	1163.0	ARCHS4 Coexpression,1365;Enrichr Queries,1377;GTEx Coexpression,746	
gene_set_query	1509	CREB3L2	1164.0	ARCHS4 Coexpression,852;Enrichr Queries,1081;GTEx Coexpression,1560	
gene_set_query	1510	ZNF580	1166.0	ARCHS4 Coexpression,995;Enrichr Queries,1086;GTEx Coexpression,1416	
gene_set_query	1511	KAT7	1167.0	ARCHS4 Coexpression,1104;GTEx Coexpression,1229	
gene_set_query	1512	HOXC12	1168.0	ARCHS4 Coexpression,1293;Enrichr Queries,1396;GTEx Coexpression,815	
gene_set_query	1513	KLF12	1169.0	ARCHS4 Coexpression,1232;Enrichr Queries,784;GTEx Coexpression,1492	
gene_set_query	1514	ZNF667	1170.0	ARCHS4 Coexpression,1008;Enrichr Queries,1337;GTEx Coexpression,1165	
gene_set_query	1515	POU1F1	1172.0	ARCHS4 Coexpression,1428;Enrichr Queries,995;GTEx Coexpression,1092	
gene_set_query	1516	ATF6B	1173.0	ARCHS4 Coexpression,1303;GTEx Coexpression,1043	
gene_set_query	1517	NKX63	1174.0	ARCHS4 Coexpression,1615;GTEx Coexpression,732	
gene_set_query	1518	NR2E3	1174.0	ARCHS4 Coexpression,1387;Enrichr Queries,960	
gene_set_query	1519	NKX11	1174.0	ARCHS4 Coexpression,1203;GTEx Coexpression,1144	
gene_set_query	1520	TCFL5	1174.0	ARCHS4 Coexpression,1617;Enrichr Queries,1092;GTEx Coexpression,814	
gene_set_query	1521	ZBTB8B	1176.0	ARCHS4 Coexpression,1169;GTEx Coexpression,1183	
gene_set_query	1522	ZNF614	1176.0	ARCHS4 Coexpression,1333;GTEx Coexpression,1019	
gene_set_query	1523	ZNF654	1177.0	ARCHS4 Coexpression,1583;Enrichr Queries,1059;GTEx Coexpression,889	
gene_set_query	1524	ZNF665	1178.0	ARCHS4 Coexpression,1187;Enrichr Queries,1031;GTEx Coexpression,1317	
gene_set_query	1525	C11ORF95	1179.0	GTEx Coexpression,1179	
gene_set_query	1526	SOX5	1179.0	ARCHS4 Coexpression,1294;Enrichr Queries,641;GTEx Coexpression,1603	
gene_set_query	1527	ZNF485	1181.0	ARCHS4 Coexpression,1304;Enrichr Queries,1214;GTEx Coexpression,1025	
gene_set_query	1528	ARHGAP35	1181.0	ARCHS4 Coexpression,881;GTEx Coexpression,1481	
gene_set_query	1529	CGGBP1	1183.0	ARCHS4 Coexpression,836;GTEx Coexpression,1529	
gene_set_query	1530	ZNF112	1183.0	ARCHS4 Coexpression,1541;GTEx Coexpression,825	
gene_set_query	1531	ZNF808	1183.0	ARCHS4 Coexpression,1307;Enrichr Queries,1029;GTEx Coexpression,1214	
gene_set_query	1532	ZNF397	1184.0	ARCHS4 Coexpression,1146;GTEx Coexpression,1221	
gene_set_query	1533	ZNF569	1185.0	ARCHS4 Coexpression,1393;Enrichr Queries,912;GTEx Coexpression,1251	
gene_set_query	1534	ZNF277	1188.0	ARCHS4 Coexpression,1448;Enrichr Queries,830;GTEx Coexpression,1285	
gene_set_query	1535	JAZF1	1193.0	ARCHS4 Coexpression,1004;Enrichr Queries,1000;GTEx Coexpression,1574	
gene_set_query	1536	EMX1	1193.0	ARCHS4 Coexpression,1089;Enrichr Queries,1133;GTEx Coexpression,1358	
gene_set_query	1537	BNC2	1195.0	ARCHS4 Coexpression,970;Enrichr Queries,1345;GTEx Coexpression,1270	
gene_set_query	1538	MBD6	1196.0	ARCHS4 Coexpression,1073;GTEx Coexpression,1318	
gene_set_query	1539	ZBTB43	1196.0	ARCHS4 Coexpression,1374;Enrichr Queries,679;GTEx Coexpression,1534	
gene_set_query	1540	ZNF300	1196.0	ARCHS4 Coexpression,1096;Enrichr Queries,1042;GTEx Coexpression,1450	
gene_set_query	1541	L3MBTL4	1197.0	ARCHS4 Coexpression,1543;GTEx Coexpression,850	
gene_set_query	1542	LHX8	1198.0	ARCHS4 Coexpression,909;Enrichr Queries,1229;GTEx Coexpression,1456	
gene_set_query	1543	SALL3	1198.0	ARCHS4 Coexpression,889;Enrichr Queries,1232;GTEx Coexpression,1473	
gene_set_query	1544	MGA	1199.0	ARCHS4 Coexpression,1496;Enrichr Queries,667;GTEx Coexpression,1433	
gene_set_query	1545	ZNF595	1199.0	ARCHS4 Coexpression,1121;Enrichr Queries,1277	
gene_set_query	1546	FIGLA	1199.0	ARCHS4 Coexpression,1080;Enrichr Queries,1352;GTEx Coexpression,1166	
gene_set_query	1547	ZNF428	1202.0	ARCHS4 Coexpression,1367;Enrichr Queries,888;GTEx Coexpression,1351	
gene_set_query	1548	TBX20	1204.0	ARCHS4 Coexpression,1611;Enrichr Queries,1315;GTEx Coexpression,685	
gene_set_query	1549	BARX1	1205.0	ARCHS4 Coexpression,884;Enrichr Queries,1392;GTEx Coexpression,1340	
gene_set_query	1550	FOXO4	1205.0	ARCHS4 Coexpression,1195;Enrichr Queries,1075;GTEx Coexpression,1346	
gene_set_query	1551	SIX3	1206.0	ARCHS4 Coexpression,1368;Enrichr Queries,1300;GTEx Coexpression,950	
gene_set_query	1552	SAFB2	1207.0	ARCHS4 Coexpression,1072;GTEx Coexpression,1341	
gene_set_query	1553	ZNF140	1209.0	ARCHS4 Coexpression,1424;Enrichr Queries,655;GTEx Coexpression,1549	
gene_set_query	1554	ZNF573	1212.0	ARCHS4 Coexpression,1563;Enrichr Queries,1125;GTEx Coexpression,949	
gene_set_query	1555	ZNF280C	1213.0	ARCHS4 Coexpression,1429;Enrichr Queries,865;GTEx Coexpression,1345	
gene_set_query	1556	ZNF433	1215.0	ARCHS4 Coexpression,1338;Enrichr Queries,906;GTEx Coexpression,1400	
gene_set_query	1557	ZNF676	1216.0	ARCHS4 Coexpression,1507;Enrichr Queries,781;GTEx Coexpression,1361	
gene_set_query	1558	ZNF649	1217.0	ARCHS4 Coexpression,1402;Enrichr Queries,984;GTEx Coexpression,1266	
gene_set_query	1559	ZNF75D	1220.0	ARCHS4 Coexpression,1161;Enrichr Queries,1290;GTEx Coexpression,1209	
gene_set_query	1560	ZNF575	1220.0	ARCHS4 Coexpression,1447;Enrichr Queries,877;GTEx Coexpression,1336	
gene_set_query	1561	ZNF717	1224.0	ARCHS4 Coexpression,1488;Enrichr Queries,1359;GTEx Coexpression,824	
gene_set_query	1562	DBX2	1224.0	ARCHS4 Coexpression,1597;Enrichr Queries,646;GTEx Coexpression,1429	
gene_set_query	1563	RBCK1	1224.0	ARCHS4 Coexpression,865;GTEx Coexpression,1583	
gene_set_query	1564	ZNF410	1225.0	ARCHS4 Coexpression,1538;Enrichr Queries,690;GTEx Coexpression,1446	
gene_set_query	1565	MEIS3	1234.0	ARCHS4 Coexpression,1579;Enrichr Queries,816;GTEx Coexpression,1306	
gene_set_query	1566	HOXD4	1240.0	ARCHS4 Coexpression,1105;Enrichr Queries,1131;GTEx Coexpression,1485	
gene_set_query	1567	FOXL1	1242.0	ARCHS4 Coexpression,1483;Enrichr Queries,841;GTEx Coexpression,1403	
gene_set_query	1568	DMRT3	1243.0	ARCHS4 Coexpression,1236;Enrichr Queries,1375;GTEx Coexpression,1119	
gene_set_query	1569	CENPT	1246.0	ARCHS4 Coexpression,1190;Enrichr Queries,1187;GTEx Coexpression,1360	
gene_set_query	1570	ZNF43	1249.0	ARCHS4 Coexpression,1383;Enrichr Queries,1288;GTEx Coexpression,1076	
gene_set_query	1571	ZNF418	1253.0	ARCHS4 Coexpression,1339;Enrichr Queries,1174;GTEx Coexpression,1245	
gene_set_query	1572	NEUROG1	1253.0	ARCHS4 Coexpression,1305;Enrichr Queries,1369;GTEx Coexpression,1084	
gene_set_query	1573	HOXD3	1253.0	ARCHS4 Coexpression,1046;Enrichr Queries,1220;GTEx Coexpression,1493	
gene_set_query	1574	ZNF670	1255.0	ARCHS4 Coexpression,1301;Enrichr Queries,1208	
gene_set_query	1575	MYRF	1257.0	ARCHS4 Coexpression,1184;GTEx Coexpression,1330	
gene_set_query	1576	ZNF100	1259.0	ARCHS4 Coexpression,1481;Enrichr Queries,1179;GTEx Coexpression,1116	
gene_set_query	1577	ZNF227	1259.0	ARCHS4 Coexpression,1373;Enrichr Queries,1256;GTEx Coexpression,1149	
gene_set_query	1578	PRDM6	1260.0	ARCHS4 Coexpression,1372;Enrichr Queries,1213;GTEx Coexpression,1194	
gene_set_query	1579	ZNF479	1266.0	ARCHS4 Coexpression,1380;Enrichr Queries,897;GTEx Coexpression,1521	
gene_set_query	1580	ZNF518B	1267.0	ARCHS4 Coexpression,1513;Enrichr Queries,854;GTEx Coexpression,1434	
gene_set_query	1581	THAP9	1267.0	ARCHS4 Coexpression,1471;Enrichr Queries,949;GTEx Coexpression,1382	
gene_set_query	1582	BBX	1270.0	ARCHS4 Coexpression,1585;Enrichr Queries,923;GTEx Coexpression,1303	
gene_set_query	1583	ZNF442	1275.0	ARCHS4 Coexpression,1432;Enrichr Queries,997;GTEx Coexpression,1395	
gene_set_query	1584	ZBED3	1276.0	ARCHS4 Coexpression,1353;Enrichr Queries,1107;GTEx Coexpression,1367	
gene_set_query	1585	MZF1	1276.0	ARCHS4 Coexpression,1134;Enrichr Queries,1104;GTEx Coexpression,1591	
gene_set_query	1586	BHLHA9	1289.0	ARCHS4 Coexpression,1218;GTEx Coexpression,1359	
gene_set_query	1587	EVX2	1290.0	ARCHS4 Coexpression,933;Enrichr Queries,1393;GTEx Coexpression,1545	
gene_set_query	1588	IRX6	1291.0	ARCHS4 Coexpression,1352;Enrichr Queries,1267;GTEx Coexpression,1254	
gene_set_query	1589	POU3F3	1298.0	ARCHS4 Coexpression,1186;Enrichr Queries,1314;GTEx Coexpression,1393	
gene_set_query	1590	DMBX1	1298.0	ARCHS4 Coexpression,1235;Enrichr Queries,1339;GTEx Coexpression,1320	
gene_set_query	1591	MTERF1	1300.0	ARCHS4 Coexpression,1609;GTEx Coexpression,990	
gene_set_query	1592	FEZF2	1309.0	ARCHS4 Coexpression,1326;Enrichr Queries,1305;GTEx Coexpression,1295	
gene_set_query	1593	ZNF880	1309.0	ARCHS4 Coexpression,1030;GTEx Coexpression,1588	
gene_set_query	1594	ZNF761	1309.0	ARCHS4 Coexpression,1272;Enrichr Queries,1123;GTEx Coexpression,1533	
gene_set_query	1595	TSHZ3	1310.0	ARCHS4 Coexpression,1189;Enrichr Queries,1289;GTEx Coexpression,1453	
gene_set_query	1596	KCNIP3	1312.0	ARCHS4 Coexpression,1330;GTEx Coexpression,1294	
gene_set_query	1597	ESX1	1312.0	ARCHS4 Coexpression,1627;Enrichr Queries,1250;GTEx Coexpression,1060	
gene_set_query	1598	ZNF33A	1319.0	ARCHS4 Coexpression,1490;Enrichr Queries,890;GTEx Coexpression,1578	
gene_set_query	1599	NR2E1	1327.0	ARCHS4 Coexpression,1331;Enrichr Queries,1284;GTEx Coexpression,1365	
gene_set_query	1600	GSX2	1329.0	ARCHS4 Coexpression,1127;Enrichr Queries,1371;GTEx Coexpression,1489	
gene_set_query	1601	ZNF624	1329.0	ARCHS4 Coexpression,1501;Enrichr Queries,1168;GTEx Coexpression,1319	
gene_set_query	1602	FOXC2	1334.0	ARCHS4 Coexpression,1391;Enrichr Queries,1040;GTEx Coexpression,1570	
gene_set_query	1603	HOXD8	1335.0	ARCHS4 Coexpression,1431;Enrichr Queries,1142;GTEx Coexpression,1432	
gene_set_query	1604	LIN54	1338.0	ARCHS4 Coexpression,1453;GTEx Coexpression,1223	
gene_set_query	1605	ZNF816	1341.0	ARCHS4 Coexpression,1603;GTEx Coexpression,1079	
gene_set_query	1606	DPRX	1358.0	ARCHS4 Coexpression,1382;Enrichr Queries,1161;GTEx Coexpression,1530	
gene_set_query	1607	TGIF2LY	1362.0	ARCHS4 Coexpression,1281;Enrichr Queries,1403;GTEx Coexpression,1401	
gene_set_query	1608	SKI	1366.0	ARCHS4 Coexpression,1462;GTEx Coexpression,1269	
gene_set_query	1609	FLYWCH1	1367.0	ARCHS4 Coexpression,1576;GTEx Coexpression,1158	
gene_set_query	1610	TOPORS	1368.0	ARCHS4 Coexpression,1404;GTEx Coexpression,1332	
gene_set_query	1611	ZNF358	1368.0	ARCHS4 Coexpression,1479;Enrichr Queries,1069;GTEx Coexpression,1557	
gene_set_query	1612	ZSCAN9	1376.0	ARCHS4 Coexpression,1476;GTEx Coexpression,1276	
gene_set_query	1613	CENPB	1382.0	ARCHS4 Coexpression,1468;Enrichr Queries,1154;GTEx Coexpression,1523	
gene_set_query	1614	MSANTD1	1383.0	ARCHS4 Coexpression,1619;GTEx Coexpression,1147	
gene_set_query	1615	ZNF322	1385.0	ARCHS4 Coexpression,1460;GTEx Coexpression,1309	
gene_set_query	1616	ZNF616	1386.0	ARCHS4 Coexpression,1564;Enrichr Queries,1176;GTEx Coexpression,1419	
gene_set_query	1617	ZNF518A	1398.0	ARCHS4 Coexpression,1567;Enrichr Queries,1033;GTEx Coexpression,1593	
gene_set_query	1618	HMX1	1398.0	ARCHS4 Coexpression,1240;Enrichr Queries,1394;GTEx Coexpression,1561	
gene_set_query	1619	ZNF853	1437.0	ARCHS4 Coexpression,1362;GTEx Coexpression,1512	
gene_set_query	1620	ZNF488	1438.0	ARCHS4 Coexpression,1546;Enrichr Queries,1330	
gene_set_query	1621	ZBTB8A	1443.0	ARCHS4 Coexpression,1533;GTEx Coexpression,1353	
gene_set_query	1622	NKX25	1467.0	ARCHS4 Coexpression,1577;GTEx Coexpression,1356	
gene_set_query	1623	NKX62	1473.0	ARCHS4 Coexpression,1561;GTEx Coexpression,1385	
gene_set_query	1624	ZBED6	1494.0	ARCHS4 Coexpression,1494	
gene_set_query	1625	ZNF814	1495.0	ARCHS4 Coexpression,1599;GTEx Coexpression,1391	
gene_set_query	1626	MSANTD3	1506.0	ARCHS4 Coexpression,1550;GTEx Coexpression,1461	
gene_set_query	1627	MYPOP	1518.0	ARCHS4 Coexpression,1527;GTEx Coexpression,1509	
gene_set_query	1628	NACC2	1519.0	ARCHS4 Coexpression,1510;GTEx Coexpression,1528	
gene_set_query	1629	ZNF311	1520.0	ARCHS4 Coexpression,1604;Enrichr Queries,1404;GTEx Coexpression,1552	
gene_set_query	1630	CC2D1A	1528.0	ARCHS4 Coexpression,1489;GTEx Coexpression,1567	
gene_set_query	1631	L3MBTL3	1534.0	ARCHS4 Coexpression,1601;GTEx Coexpression,1467	
gene_set_query	1632	ZNF883	1548.0	ARCHS4 Coexpression,1517;GTEx Coexpression,1579	
