{"tissue_hires_scalef": 0.11020498, "tissue_lowres_scalef": 0.033061493, "fiducial_diameter_fullres": 211.25274999999996, "spot_diameter_fullres": 130.77551}