set,go,cluster,parent,score,size,term,parentTerm,termUniqueness,termUniquenessWithinCluster,termDispensability
all,GO:1902600,7,GO:1902600,8.084586278251352,195,proton transmembrane transport,proton transmembrane transport,0.9550743243243243,0.69625,0
all,GO:0016072,11,GO:0016072,8.084586278251352,268,rRNA metabolic process,rRNA metabolic process,0.9311711711711711,0.5994285714285714,0
all,GO:0006364,11,GO:0016072,8.084586278251352,225,rRNA processing,rRNA metabolic process,0.8666373873873874,0.5304285714285715,0.98
all,GO:0032543,10,GO:0032543,8.084586278251352,131,mitochondrial translation,mitochondrial translation,0.9215540540540541,0.5145,0
all,GO:0033108,5,GO:0033108,8.084586278251352,103,mitochondrial respiratory chain complex assembly,mitochondrial respiratory chain complex assembly,0.929240990990991,0.48382352941176465,0
all,GO:0097250,5,GO:0033108,8.084586278251352,114,mitochondrial respirasome assembly,mitochondrial respiratory chain complex assembly,0.9289099099099098,0.48111764705882354,0.761
all,GO:0010257,4,GO:0010257,8.084586278251352,62,NADH dehydrogenase complex assembly,NADH dehydrogenase complex assembly,0.9422477477477478,0.45971428571428574,0
all,GO:0007005,5,GO:0033108,8.084586278251352,452,mitochondrion organization,mitochondrial respiratory chain complex assembly,0.9355315315315316,0.43370588235294116,0.86
all,GO:0032981,4,GO:0010257,8.084586278251352,62,mitochondrial respiratory chain complex I assembly,NADH dehydrogenase complex assembly,0.93075,0.4104285714285715,0.999
all,GO:0002181,1,GO:0002181,8.084586278251352,165,cytoplasmic translation,cytoplasmic translation,0.9191914414414414,0.34457142857142853,0
all,GO:0022613,9,GO:0022613,8.084586278251352,492,ribonucleoprotein complex biogenesis,ribonucleoprotein complex biogenesis,0.9324099099099099,0.3304,0
all,GO:0042274,9,GO:0022613,8.084586278251352,108,ribosomal small subunit biogenesis,ribonucleoprotein complex biogenesis,0.9378175675675675,0.3127,0.862
all,GO:0042254,9,GO:0022613,8.084586278251352,317,ribosome biogenesis,ribonucleoprotein complex biogenesis,0.9334662162162162,0.3107,0.957
all,GO:0009152,6,GO:0009152,8.084586278251352,156,purine ribonucleotide biosynthetic process,purine ribonucleotide biosynthetic process,0.8771396396396396,0.2985,0
all,GO:0072522,6,GO:0009152,8.084586278251352,263,purine-containing compound biosynthetic process,purine ribonucleotide biosynthetic process,0.9325022522522521,0.2905,0.952
all,GO:0006164,6,GO:0009152,8.084586278251352,197,purine nucleotide biosynthetic process,purine ribonucleotide biosynthetic process,0.878099099099099,0.29025,0.981
all,GO:0019693,8,GO:0019693,8.084586278251352,376,ribose phosphate metabolic process,ribose phosphate metabolic process,0.9058400900900901,0.271875,0
all,GO:0009150,8,GO:0019693,8.084586278251352,348,purine ribonucleotide metabolic process,ribose phosphate metabolic process,0.8791711711711712,0.262375,0.982
all,GO:0009259,8,GO:0019693,8.084586278251352,368,ribonucleotide metabolic process,ribose phosphate metabolic process,0.8816801801801802,0.25550000000000006,0.994
all,GO:0046390,8,GO:0019693,8.084586278251352,178,ribose phosphate biosynthetic process,ribose phosphate metabolic process,0.9001148648648649,0.254,0.938
all,GO:0009260,8,GO:0019693,8.084586278251352,171,ribonucleotide biosynthetic process,ribose phosphate metabolic process,0.8789729729729729,0.238375,0.936
all,GO:0006091,2,GO:0006091,8.084586278251352,490,generation of precursor metabolites and energy,generation of precursor metabolites and energy,0.9224617117117117,0.21369230769230774,0
all,GO:0006163,3,GO:0006163,8.084586278251352,440,purine nucleotide metabolic process,purine nucleotide metabolic process,0.879731981981982,0.20405263157894737,0
all,GO:0009117,3,GO:0006163,8.084586278251352,500,nucleotide metabolic process,purine nucleotide metabolic process,0.8815135135135136,0.19694736842105265,0.972
all,GO:0015980,2,GO:0006091,8.084586278251352,356,energy derivation by oxidation of organic compounds,generation of precursor metabolites and energy,0.9231486486486487,0.19100000000000006,0.963
all,GO:0009165,3,GO:0006163,8.084586278251352,233,nucleotide biosynthetic process,purine nucleotide metabolic process,0.8792792792792792,0.18110526315789477,0.906
all,GO:1901293,3,GO:0006163,8.084586278251352,321,nucleoside phosphate biosynthetic process,purine nucleotide metabolic process,0.8776441441441442,0.1792631578947368,0.874
all,GO:0022900,2,GO:0006091,8.084586278251352,135,electron transport chain,generation of precursor metabolites and energy,0.927551801801802,0.17761538461538462,0.865
all,GO:0006120,2,GO:0006091,8.084586278251352,51,"mitochondrial electron transport, NADH to ubiquinone",generation of precursor metabolites and energy,0.9305247747747748,0.17730769230769228,0.796
all,GO:0042776,3,GO:0006163,8.084586278251352,68,proton motive force-driven mitochondrial ATP synthesis,purine nucleotide metabolic process,0.8650450450450451,0.1758421052631579,0.816
all,GO:0045333,2,GO:0006091,8.084586278251352,249,cellular respiration,generation of precursor metabolites and energy,0.9238693693693693,0.17538461538461536,0.936
all,GO:0009060,2,GO:0006091,8.084586278251352,200,aerobic respiration,generation of precursor metabolites and energy,0.9244527027027026,0.17084615384615387,0.919
all,GO:0006119,2,GO:0006091,8.084586278251352,149,oxidative phosphorylation,generation of precursor metabolites and energy,0.9258828828828829,0.16692307692307695,0.884
all,GO:0009144,3,GO:0006163,8.084586278251352,259,purine nucleoside triphosphate metabolic process,purine nucleotide metabolic process,0.8869324324324324,0.1613684210526316,0.832
all,GO:0009199,3,GO:0006163,8.084586278251352,258,ribonucleoside triphosphate metabolic process,purine nucleotide metabolic process,0.8864977477477477,0.16100000000000003,0.837
all,GO:0009205,3,GO:0006163,8.084586278251352,252,purine ribonucleoside triphosphate metabolic process,purine nucleotide metabolic process,0.887045045045045,0.16063157894736846,0.83
all,GO:0009141,3,GO:0006163,8.084586278251352,274,nucleoside triphosphate metabolic process,purine nucleotide metabolic process,0.8859729729729732,0.16047368421052632,0.843
all,GO:0015986,3,GO:0006163,8.084586278251352,77,proton motive force-driven ATP synthesis,purine nucleotide metabolic process,0.8809707207207207,0.15347368421052632,0.841
all,GO:0009145,3,GO:0006163,8.084586278251352,112,purine nucleoside triphosphate biosynthetic process,purine nucleotide metabolic process,0.8853490990990991,0.15115789473684205,0.773
all,GO:0046034,3,GO:0006163,8.084586278251352,228,ATP metabolic process,purine nucleotide metabolic process,0.8801238738738738,0.15021052631578946,0.923
all,GO:0009206,3,GO:0006163,8.084586278251352,111,purine ribonucleoside triphosphate biosynthetic process,purine nucleotide metabolic process,0.885331081081081,0.1498421052631579,0.772
all,GO:0022904,2,GO:0006091,8.084586278251352,125,respiratory electron transport chain,generation of precursor metabolites and energy,0.9267387387387387,0.1491538461538462,0.86
all,GO:0019646,2,GO:0006091,8.084586278251352,93,aerobic electron transport chain,generation of precursor metabolites and energy,0.927650900900901,0.14792307692307693,0.837
all,GO:0009142,3,GO:0006163,8.084586278251352,124,nucleoside triphosphate biosynthetic process,purine nucleotide metabolic process,0.8839144144144144,0.14778947368421047,0.787
all,GO:0009201,3,GO:0006163,8.084586278251352,116,ribonucleoside triphosphate biosynthetic process,purine nucleotide metabolic process,0.88425,0.14757894736842103,0.784
all,GO:0042775,2,GO:0006091,8.084586278251352,101,mitochondrial ATP synthesis coupled electron transport,generation of precursor metabolites and energy,0.9271058558558558,0.14292307692307693,0.844
all,GO:0042773,2,GO:0006091,8.084586278251352,101,ATP synthesis coupled electron transport,generation of precursor metabolites and energy,0.9270315315315316,0.14223076923076927,0.846
all,GO:0006754,3,GO:0006163,8.084586278251352,100,ATP biosynthetic process,purine nucleotide metabolic process,0.8788941441441441,0.14010526315789473,0.858
all,GO:0061614,12,GO:0061614,7.9581485978073,77,miRNA transcription,miRNA transcription,0.9151891891891892,0.16912499999999997,0
all,GO:1902893,12,GO:0061614,7.789312818692572,76,regulation of miRNA transcription,miRNA transcription,0.8944076576576576,0.15849999999999997,0.999
all,GO:2000628,12,GO:0061614,7.692477880604825,92,regulation of miRNA metabolic process,miRNA transcription,0.9085382882882883,0.16249999999999998,0.959
all,GO:0006753,3,GO:0006163,7.069533863289216,656,nucleoside phosphate metabolic process,purine nucleotide metabolic process,0.8799887387387386,0.19642105263157894,0.938
all,GO:2000630,12,GO:0061614,6.276502827197259,67,positive regulation of miRNA metabolic process,miRNA transcription,0.902162162162162,0.17374999999999996,0.935
all,GO:0071772,13,GO:0071772,6.197945325571032,184,response to BMP,response to BMP,0.9731306306306307,0.255,0
all,GO:0071773,13,GO:0071772,6.197945325571032,184,cellular response to BMP stimulus,response to BMP,0.9730653153153153,0.2508571428571429,0.998
all,GO:0048709,14,GO:0048709,6.037897109388777,110,oligodendrocyte differentiation,oligodendrocyte differentiation,0.8651846846846847,0.25122222222222224,0
all,GO:0006123,2,GO:0006091,6.03180360393541,24,"mitochondrial electron transport, cytochrome c to oxygen",generation of precursor metabolites and energy,0.9341599099099099,0.2188461538461538,0.748
all,GO:0140053,10,GO:0032543,6.021939126256683,169,mitochondrial gene expression,mitochondrial translation,0.9323153153153153,0.5145,0.971
all,GO:0010586,12,GO:0061614,5.8809997017472195,110,miRNA metabolic process,miRNA transcription,0.929882882882883,0.17012499999999997,0.974
all,GO:0072521,6,GO:0009152,5.815371931605528,577,purine-containing compound metabolic process,purine ribonucleotide biosynthetic process,0.9434144144144143,0.33024999999999993,0.873
all,GO:0045665,15,GO:0045665,5.559662917717975,73,negative regulation of neuron differentiation,negative regulation of neuron differentiation,0.8558018018018018,0.64825,0
all,GO:0072073,16,GO:0072073,5.532582988251397,153,kidney epithelium development,kidney epithelium development,0.845322072072072,0.1611304347826087,0
all,GO:1902895,12,GO:0061614,5.484061446494358,56,positive regulation of miRNA transcription,miRNA transcription,0.8874076576576576,0.17012499999999997,0.974
all,GO:0061326,16,GO:0072073,5.434387289826459,105,renal tubule development,kidney epithelium development,0.8504166666666666,0.21013043478260873,0.818
all,GO:0030509,13,GO:0071772,5.2161785770783275,172,BMP signaling pathway,response to BMP,0.9382567567567568,0.249,0.99
all,GO:0014013,14,GO:0048709,4.980455406218397,112,regulation of gliogenesis,oligodendrocyte differentiation,0.8394684684684685,0.252,0.802
all,GO:0045667,17,GO:0045667,4.95349286983113,156,regulation of osteoblast differentiation,regulation of osteoblast differentiation,0.8718333333333333,0.38475000000000004,0
all,GO:0072080,16,GO:0072073,4.95349286983113,101,nephron tubule development,kidney epithelium development,0.8427995495495496,0.1343913043478261,0.954
all,GO:0042273,9,GO:0022613,4.933795969512246,64,ribosomal large subunit biogenesis,ribonucleoprotein complex biogenesis,0.9414842342342342,0.38570000000000004,0.818
all,GO:0071826,4,GO:0010257,4.9294590245161825,234,protein-RNA complex organization,NADH dehydrogenase complex assembly,0.9441666666666667,0.4511428571428572,0.582
all,GO:0022618,4,GO:0010257,4.8096425856760066,225,protein-RNA complex assembly,NADH dehydrogenase complex assembly,0.9300247747747747,0.43500000000000005,0.605
all,GO:0002064,18,GO:0002064,4.566816487335809,219,epithelial cell development,epithelial cell development,0.8644662162162162,0.4193684210526316,0
all,GO:1901137,8,GO:0019693,4.436648103267612,613,carbohydrate derivative biosynthetic process,ribose phosphate metabolic process,0.9254076576576575,0.30925,0.811
all,GO:0048710,14,GO:0048709,4.436648103267612,33,regulation of astrocyte differentiation,oligodendrocyte differentiation,0.8563986486486487,0.2691111111111111,0.778
all,GO:0045685,14,GO:0048709,4.436648103267612,80,regulation of glial cell differentiation,oligodendrocyte differentiation,0.8480923423423423,0.24005555555555558,0.834
all,GO:0001823,16,GO:0072073,4.356639508254086,105,mesonephros development,kidney epithelium development,0.8701869369369369,0.21399999999999997,0.823
all,GO:0016126,19,GO:0016126,4.307012629855117,72,sterol biosynthetic process,sterol biosynthetic process,0.9201193693693693,0.22835714285714281,0
all,GO:0042255,9,GO:0022613,4.270420531077385,58,ribosome assembly,ribonucleoprotein complex biogenesis,0.935259009009009,0.369,0.796
all,GO:0006413,1,GO:0002181,4.257881054402546,127,translational initiation,cytoplasmic translation,0.9193265765765766,0.3067142857142857,0.724
all,GO:0021782,14,GO:0048709,4.180140389959676,136,glial cell development,oligodendrocyte differentiation,0.864695945945946,0.26261111111111113,0.867
all,GO:0048660,20,GO:0048660,4.058400146267092,174,regulation of smooth muscle cell proliferation,regulation of smooth muscle cell proliferation,0.9398918918918919,0.3478888888888889,0
all,GO:0045686,14,GO:0048709,3.98037314970915,28,negative regulation of glial cell differentiation,oligodendrocyte differentiation,0.8452522522522523,0.23611111111111116,0.776
all,GO:0048505,15,GO:0045665,3.9608983103430826,12,regulation of timing of cell differentiation,negative regulation of neuron differentiation,0.8982432432432432,0.5135,0.466
all,GO:0000028,9,GO:0022613,3.8761775288547367,21,ribosomal small subunit assembly,ribonucleoprotein complex biogenesis,0.9333153153153153,0.3611,0.736
all,GO:0061333,16,GO:0072073,3.8355517144960527,82,renal tubule morphogenesis,kidney epithelium development,0.8470563063063062,0.2202173913043478,0.796
all,GO:0072078,16,GO:0072073,3.7699373186005523,78,nephron tubule morphogenesis,kidney epithelium development,0.8373333333333333,0.12678260869565217,0.928
all,GO:0106118,19,GO:0016126,3.7510673600961106,30,regulation of sterol biosynthetic process,sterol biosynthetic process,0.9048153153153153,0.1745,0.924
all,GO:0045540,19,GO:0016126,3.7510673600961106,30,regulation of cholesterol biosynthetic process,sterol biosynthetic process,0.8871036036036036,0.1586428571428572,0.924
all,GO:0017004,4,GO:0010257,3.734020414909066,41,cytochrome complex assembly,NADH dehydrogenase complex assembly,0.9418671171171171,0.4007142857142857,0.544
all,GO:0048708,14,GO:0048709,3.7260928715536332,90,astrocyte differentiation,oligodendrocyte differentiation,0.8686463963963964,0.2757222222222222,0.842
all,GO:1904705,20,GO:0048660,3.7247524739876927,94,regulation of vascular associated smooth muscle cell proliferation,regulation of smooth muscle cell proliferation,0.942036036036036,0.3642777777777778,0.952
all,GO:0072088,16,GO:0072073,3.7017109817153115,80,nephron epithelium morphogenesis,kidney epithelium development,0.8419932432432433,0.14356521739130435,0.94
all,GO:0030278,17,GO:0045667,3.6469381759054613,125,regulation of ossification,regulation of osteoblast differentiation,0.9197747747747748,0.386,0.786
all,GO:1990874,20,GO:0048660,3.599443722930885,96,vascular associated smooth muscle cell proliferation,regulation of smooth muscle cell proliferation,0.9604684684684685,0.3761111111111112,0.95
all,GO:0072009,16,GO:0072073,3.597039204013562,123,nephron epithelium development,kidney epithelium development,0.8467072072072073,0.1443478260869565,0.976
all,GO:0040034,15,GO:0045665,3.5661301937639047,13,"regulation of development, heterochronic",negative regulation of neuron differentiation,0.9156891891891892,0.54975,0.395
all,GO:0072028,16,GO:0072073,3.5661301937639047,82,nephron morphogenesis,kidney epithelium development,0.8599639639639639,0.17956521739130438,0.821
all,GO:0072164,16,GO:0072073,3.5235942141994183,101,mesonephric tubule development,kidney epithelium development,0.84532432432432425,0.16886956521739127,0.948
all,GO:0072163,16,GO:0072073,3.5235942141994183,101,mesonephric epithelium development,kidney epithelium development,0.8508333333333334,0.16865217391304343,0.948
all,GO:0014014,14,GO:0048709,3.5050753585357666,45,negative regulation of gliogenesis,oligodendrocyte differentiation,0.8430067567567567,0.27427777777777773,0.752
all,GO:0001657,16,GO:0072073,3.494696717915791,100,ureteric bud development,kidney epithelium development,0.8464414414414415,0.1738260869565218,0.94
all,GO:0048659,20,GO:0048660,3.4301986478973463,178,smooth muscle cell proliferation,regulation of smooth muscle cell proliferation,0.9591959459459459,0.36077777777777775,0.996
all,GO:0030510,13,GO:0071772,3.4301986478973463,124,regulation of BMP signaling pathway,response to BMP,0.9381734234234235,0.2517142857142858,0.944
all,GO:1901798,21,GO:1901798,3.4093462470495335,31,positive regulation of signal transduction by p53 class mediator,positive regulation of signal transduction by p53 class mediator,0.9421058558558558,0.649,0
all,GO:0003158,18,GO:0002064,3.3991553631566385,148,endothelium development,epithelial cell development,0.8890698198198198,0.4426315789473685,0.624
all,GO:0097150,22,GO:0097150,3.331534023657952,25,neuronal stem cell population maintenance,neuronal stem cell population maintenance,0.9338468468468468,1,0
all,GO:0045940,19,GO:0016126,3.331534023657952,32,positive regulation of steroid metabolic process,sterol biosynthetic process,0.9088040540540541,0.19714285714285718,0.693
all,GO:1902653,23,GO:1902653,3.287600081541421,65,secondary alcohol biosynthetic process,secondary alcohol biosynthetic process,0.9149076576576577,0.2825714285714286,0
all,GO:0006695,23,GO:1902653,3.287600081541421,65,cholesterol biosynthetic process,secondary alcohol biosynthetic process,0.9031666666666666,0.28114285714285714,0.999
all,GO:0007007,5,GO:0033108,3.279782149601484,45,inner mitochondrial membrane organization,mitochondrial respiratory chain complex assembly,0.9420518018018018,0.4711764705882353,0.727
all,GO:0008535,4,GO:0010257,3.271857857254355,29,respiratory chain complex IV assembly,NADH dehydrogenase complex assembly,0.9432477477477478,0.40614285714285714,0.529
all,GO:0030856,18,GO:0002064,3.2602753876277033,172,regulation of epithelial cell differentiation,epithelial cell development,0.8273963963963964,0.39568421052631575,0.757
all,GO:0072006,16,GO:0072073,3.2602753876277033,160,nephron development,kidney epithelium development,0.8636351351351351,0.1744782608695652,0.869
all,GO:0090181,19,GO:0016126,3.238714505899761,46,regulation of cholesterol metabolic process,sterol biosynthetic process,0.8908175675675676,0.19092857142857145,0.843
all,GO:0071294,24,GO:0071294,3.194728674234933,24,cellular response to zinc ion,cellular response to zinc ion,0.9637229729729729,0.38639999999999997,0
all,GO:0090205,19,GO:0016126,3.1923426852422776,19,positive regulation of cholesterol metabolic process,sterol biosynthetic process,0.8886644144144145,0.18421428571428566,0.791
all,GO:0033617,4,GO:0010257,3.148378240375266,25,mitochondrial cytochrome c oxidase assembly,NADH dehydrogenase complex assembly,0.932954954954955,0.362,0.523
all,GO:0006122,2,GO:0006091,3.1408020948055104,14,"mitochondrial electron transport, ubiquinol to cytochrome c",generation of precursor metabolites and energy,0.9359954954954954,0.24,0.724
all,GO:0035909,25,GO:0035909,3.13710978970555,38,aorta morphogenesis,aorta morphogenesis,0.882972972972973,0.389375,0
all,GO:0006457,26,GO:0006457,3.123634715046568,231,protein folding,protein folding,0.9181261261261261,0.31214285714285717,0
all,GO:0021781,27,GO:0021781,3.1091049186817608,13,glial cell fate commitment,glial cell fate commitment,0.883231981981982,0.47425000000000006,0
all,GO:0043583,28,GO:0043583,3.1080524709692647,229,ear development,ear development,0.9023581081081081,0.5531111111111111,0
all,GO:0048864,29,GO:0048864,3.0702057458992402,86,stem cell development,stem cell development,0.9046283783783784,0.4576,0
all,GO:0060711,28,GO:0043583,3.047585563267826,47,labyrinthine layer development,ear development,0.8965247747747748,0.4377777777777778,0.381
all,GO:2000811,30,GO:2000811,3.0381769265656486,19,negative regulation of anoikis,negative regulation of anoikis,0.9605495495495495,0.40980000000000005,0
all,GO:0007006,5,GO:0033108,2.9929549777121585,120,mitochondrial membrane organization,mitochondrial respiratory chain complex assembly,0.9392477477477478,0.4505882352941176,0.767
all,GO:2000209,30,GO:2000811,2.9929549777121585,25,regulation of anoikis,negative regulation of anoikis,0.9663333333333334,0.402,0.981
all,GO:0030490,9,GO:0022613,2.9929549777121585,54,maturation of SSU-rRNA,ribonucleoprotein complex biogenesis,0.8792995495495497,0.33809999999999996,0.8
all,GO:0098883,31,GO:0098883,2.9767408595195275,15,synapse pruning,synapse pruning,0.9527184684684684,0.43579999999999997,0
all,GO:0060411,32,GO:0060411,2.9403951773091355,74,cardiac septum morphogenesis,cardiac septum morphogenesis,0.873286036036036,0.4392307692307692,0
all,GO:0051145,33,GO:0051145,2.9403951773091355,79,smooth muscle cell differentiation,smooth muscle cell differentiation,0.9027747747747747,0.3524285714285714,0
all,GO:0007018,34,GO:0007018,2.920013668105196,480,microtubule-based movement,microtubule-based movement,0.9821711711711711,0.4933333333333333,0
all,GO:0085029,35,GO:0085029,2.9053251842794823,56,extracellular matrix assembly,extracellular matrix assembly,0.9449211711711711,0.3385,0
all,GO:0038066,21,GO:1901798,2.8704870080004525,60,p38MAPK cascade,positive regulation of signal transduction by p53 class mediator,0.9513963963963964,0.49550000000000005,0.379
all,GO:0030178,36,GO:0030178,2.840291734649878,181,negative regulation of Wnt signaling pathway,negative regulation of Wnt signaling pathway,0.9359617117117117,0.5432,0
all,GO:0060716,28,GO:0043583,2.831973232063305,20,labyrinthine layer blood vessel development,ear development,0.8890315315315315,0.44266666666666665,0.357
all,GO:1903825,37,GO:1903825,2.831973232063305,159,organic acid transmembrane transport,organic acid transmembrane transport,0.9485585585585585,0.31800000000000006,0
all,GO:0060675,16,GO:0072073,2.831973232063305,68,ureteric bud morphogenesis,kidney epithelium development,0.8387297297297297,0.11669565217391309,0.912
all,GO:0072171,16,GO:0072073,2.831973232063305,69,mesonephric tubule morphogenesis,kidney epithelium development,0.8379684684684685,0.11334782608695648,0.917
all,GO:0002065,18,GO:0002064,2.8314219804282064,132,columnar/cuboidal epithelial cell differentiation,epithelial cell development,0.8701891891891892,0.41747368421052633,0.749
all,GO:0090407,3,GO:0006163,2.75593432542222,611,organophosphate biosynthetic process,purine nucleotide metabolic process,0.8958603603603603,0.23494736842105268,0.808
all,GO:0035265,38,GO:0035265,2.7495549983758236,181,organ growth,organ growth,0.9156576576576576,0.2734,0
all,GO:2000177,20,GO:0048660,2.746829796062489,103,regulation of neural precursor cell proliferation,regulation of smooth muscle cell proliferation,0.945704954954955,0.42488888888888887,0.566
all,GO:1902692,20,GO:0048660,2.7464402783885404,54,regulation of neuroblast proliferation,regulation of smooth muscle cell proliferation,0.8543513513513513,0.4387777777777778,0.538
all,GO:0045445,33,GO:0051145,2.7167358399215886,115,myoblast differentiation,smooth muscle cell differentiation,0.9015247747747748,0.362,0.67
all,GO:0090090,36,GO:0030178,2.7134022547029226,149,negative regulation of canonical Wnt signaling pathway,negative regulation of Wnt signaling pathway,0.9372027027027027,0.5486,0.976
all,GO:0048844,25,GO:0035909,2.7134022547029226,83,artery morphogenesis,aorta morphogenesis,0.8754189189189189,0.369,0.935
all,GO:0002067,18,GO:0002064,2.672591746664788,73,glandular epithelial cell differentiation,epithelial cell development,0.8755112612612612,0.43994736842105264,0.716
all,GO:2000179,20,GO:0048660,2.637125270829686,64,positive regulation of neural precursor cell proliferation,regulation of smooth muscle cell proliferation,0.9376283783783784,0.4295,0.545
all,GO:0010893,19,GO:0016126,2.620938915592608,27,positive regulation of steroid biosynthetic process,sterol biosynthetic process,0.9031283783783784,0.1777142857142857,0.779
all,GO:0048754,32,GO:0060411,2.6060659298742133,158,branching morphogenesis of an epithelial tube,cardiac septum morphogenesis,0.8560360360360361,0.4893846153846154,0.427
all,GO:2000629,12,GO:0061614,2.5990530735244426,30,negative regulation of miRNA metabolic process,miRNA transcription,0.9098761261261261,0.20099999999999996,0.882
all,GO:0048839,28,GO:0043583,2.5941274920876127,202,inner ear development,ear development,0.9033175675675675,0.5562222222222222,0.987
all,GO:0048715,14,GO:0048709,2.5941274920876127,14,negative regulation of oligodendrocyte differentiation,oligodendrocyte differentiation,0.850490990990991,0.24527777777777782,0.857
all,GO:1904707,20,GO:0048660,2.5925823874517833,53,positive regulation of vascular associated smooth muscle cell proliferation,regulation of smooth muscle cell proliferation,0.9346058558558559,0.37377777777777776,0.912
all,GO:0044703,39,GO:0044703,2.5549279366739297,210,multi-organism reproductive process,multi-organism reproductive process,0.985945945945946,0.41937500000000005,0
all,GO:1901201,35,GO:0085029,2.5549279366739297,29,regulation of extracellular matrix assembly,extracellular matrix assembly,0.9279481981981982,0.28500000000000003,0.955
all,GO:0014855,20,GO:0048660,2.5166643129552355,85,striated muscle cell proliferation,regulation of smooth muscle cell proliferation,0.9606734234234234,0.39561111111111114,0.887
all,GO:0060993,16,GO:0072073,2.515017537372747,99,kidney morphogenesis,kidney epithelium development,0.860150900900901,0.20443478260869563,0.832
all,GO:0043276,30,GO:2000811,2.498889621655691,35,anoikis,negative regulation of anoikis,0.9841936936936937,0.42900000000000005,0.961
all,GO:0050810,19,GO:0016126,2.49214438119782,86,regulation of steroid biosynthetic process,sterol biosynthetic process,0.9048761261261261,0.16921428571428565,0.848
all,GO:0051216,18,GO:0002064,2.4856670760113793,209,cartilage development,epithelial cell development,0.8696283783783785,0.5234736842105263,0.536
all,GO:1900744,21,GO:1901798,2.4695106858412577,44,regulation of p38MAPK cascade,positive regulation of signal transduction by p53 class mediator,0.9483288288288289,0.47424999999999995,0.445
all,GO:0006865,40,GO:0006865,2.4695106858412577,165,amino acid transport,amino acid transport,0.9595067567567567,0.29500000000000004,0
all,GO:0003151,32,GO:0060411,2.461548835958174,82,outflow tract morphogenesis,cardiac septum morphogenesis,0.8749639639639639,0.4629230769230769,0.755
all,GO:0001658,16,GO:0072073,2.461548835958174,61,branching involved in ureteric bud morphogenesis,kidney epithelium development,0.8395472972972973,0.13008695652173918,0.896
all,GO:0006281,41,GO:0006281,2.460997151887736,625,DNA repair,DNA repair,0.8908828828828829,0.4085714285714286,0
all,GO:0014015,14,GO:0048709,2.454963203250958,74,positive regulation of gliogenesis,oligodendrocyte differentiation,0.8355833333333333,0.27149999999999996,0.773
all,GO:0002052,20,GO:0048660,2.410506686306117,37,positive regulation of neuroblast proliferation,regulation of smooth muscle cell proliferation,0.8337612612612613,0.4388888888888889,0.523
all,GO:0035914,18,GO:0002064,2.4085776539468555,80,skeletal muscle cell differentiation,epithelial cell development,0.8687297297297297,0.5124210526315789,0.486
all,GO:0060586,42,GO:0060586,2.4002406590249032,28,multicellular organismal-level iron ion homeostasis,multicellular organismal-level iron ion homeostasis,0.9470743243243244,0.496,0
all,GO:0060324,43,GO:0060324,2.3826339631958406,53,face development,face development,0.9315900900900901,0.589,0
all,GO:0071391,13,GO:0071772,2.3826339631958406,19,cellular response to estrogen stimulus,response to BMP,0.9641306306306306,0.5578571428571428,0.513
all,GO:0035270,44,GO:0035270,2.3440182198116566,138,endocrine system development,endocrine system development,0.9009256756756757,0.5575,0
all,GO:0035148,45,GO:0035148,2.3387154349772743,142,tube formation,tube formation,0.883740990990991,0.36140000000000005,0
all,GO:0061138,32,GO:0060411,2.3351046074891126,190,morphogenesis of a branching epithelium,cardiac septum morphogenesis,0.8642882882882883,0.4793076923076923,0.437
all,GO:0048713,14,GO:0048709,2.3228211128083034,46,regulation of oligodendrocyte differentiation,oligodendrocyte differentiation,0.8521036036036036,0.24272222222222217,0.927
all,GO:0002183,1,GO:0002181,2.302211296085196,45,cytoplasmic translational initiation,cytoplasmic translation,0.9260608108108108,0.3038571428571428,0.886
all,GO:0042633,46,GO:0042633,2.302211296085196,120,hair cycle,hair cycle,0.9410630630630631,0.2086,0
all,GO:0042303,46,GO:0042633,2.302211296085196,120,molting cycle,hair cycle,0.9410630630630631,0.2086,0.999
all,GO:1904861,47,GO:1904861,2.301283504628888,41,excitatory synapse assembly,excitatory synapse assembly,0.8512522522522523,0.36257142857142854,0
all,GO:0072175,45,GO:0035148,2.301283504628888,128,epithelial tube formation,tube formation,0.8588310810810811,0.36119999999999997,0.991
all,GO:0097428,26,GO:0006457,2.2990592176815907,17,protein maturation by iron-sulfur cluster transfer,protein folding,0.9324009009009009,0.4474285714285714,0.681
all,GO:0030513,13,GO:0071772,2.285998622058682,41,positive regulation of BMP signaling pathway,response to BMP,0.9338040540540541,0.30628571428571427,0.857
all,GO:0003407,28,GO:0043583,2.2813579184466195,88,neural retina development,ear development,0.8934932432432432,0.5982222222222222,0.752
all,GO:0106120,19,GO:0016126,2.2813579184466195,14,positive regulation of sterol biosynthetic process,sterol biosynthetic process,0.9009864864864865,0.16592857142857143,0.876
all,GO:0045542,19,GO:0016126,2.2813579184466195,14,positive regulation of cholesterol biosynthetic process,sterol biosynthetic process,0.8841351351351352,0.1537142857142857,0.876
all,GO:0018212,48,GO:0018212,2.2761784816969994,206,peptidyl-tyrosine modification,peptidyl-tyrosine modification,0.9385157657657658,0.4721428571428572,0
all,GO:0071539,49,GO:0071539,2.266974943283821,37,protein localization to centrosome,protein localization to centrosome,0.9509256756756757,0.4844117647058823,0
all,GO:0001892,28,GO:0043583,2.244179967670909,87,embryonic placenta development,ear development,0.8921554054054054,0.42666666666666664,0.4
all,GO:0022405,46,GO:0042633,2.244179967670909,99,hair cycle process,hair cycle,0.9416193693693694,0.20620000000000005,0.987
all,GO:0022404,46,GO:0042633,2.244179967670909,99,molting cycle process,hair cycle,0.9416193693693694,0.20620000000000005,0.987
all,GO:0045446,18,GO:0002064,2.2412274134912606,125,endothelial cell differentiation,epithelial cell development,0.8708626126126127,0.4042631578947369,0.739
all,GO:0014003,14,GO:0048709,2.2412274134912606,50,oligodendrocyte development,oligodendrocyte differentiation,0.871927927927928,0.28122222222222226,0.932
all,GO:0048661,20,GO:0048660,2.2341092080445546,101,positive regulation of smooth muscle cell proliferation,regulation of smooth muscle cell proliferation,0.9322027027027027,0.358,0.955
all,GO:0031163,9,GO:0022613,2.2315980690045962,29,metallo-sulfur cluster assembly,ribonucleoprotein complex biogenesis,0.9478423423423423,0.5644,0.477
all,GO:0016226,9,GO:0022613,2.2315980690045962,29,iron-sulfur cluster assembly,ribonucleoprotein complex biogenesis,0.9478423423423423,0.5644,0.477
all,GO:0035825,41,GO:0006281,2.2315980690045962,68,homologous recombination,DNA repair,0.9356711711711713,0.3861428571428571,0.647
all,GO:0061077,26,GO:0006457,2.2294810017555293,76,chaperone-mediated protein folding,protein folding,0.9258400900900902,0.36542857142857144,0.895
all,GO:0060043,38,GO:0035265,2.20393398620371,49,regulation of cardiac muscle cell proliferation,organ growth,0.8145563063063063,0.243,0.896
all,GO:0098773,18,GO:0002064,2.2002689043292283,132,skin epidermis development,epithelial cell development,0.880695945945946,0.44905263157894737,0.613
all,GO:0030857,18,GO:0002064,2.2001297409622116,56,negative regulation of epithelial cell differentiation,epithelial cell development,0.8352454954954955,0.4391578947368421,0.695
all,GO:0007565,39,GO:0044703,2.1951477186932276,189,female pregnancy,multi-organism reproductive process,0.9318333333333333,0.42437500000000006,0.988
all,GO:0001941,47,GO:1904861,2.1825377549774467,42,postsynaptic membrane organization,excitatory synapse assembly,0.9481779279279279,0.43385714285714283,0.634
all,GO:0043114,50,GO:0043114,2.17975830577337,50,regulation of vascular permeability,regulation of vascular permeability,0.9301171171171171,0.5093333333333333,0
all,GO:0010594,51,GO:0010594,2.178291757385889,235,regulation of endothelial cell migration,regulation of endothelial cell migration,0.9672522522522523,1,0
all,GO:0006399,11,GO:0016072,2.178291757385889,203,tRNA metabolic process,rRNA metabolic process,0.9334842342342342,0.601,0.395
all,GO:0150104,50,GO:0043114,2.178291757385889,88,transport across blood-brain barrier,regulation of vascular permeability,0.9134234234234234,0.4645,0.795
all,GO:0010232,50,GO:0043114,2.178291757385889,88,vascular transport,regulation of vascular permeability,0.9134234234234234,0.4645,0.795
all,GO:0009913,18,GO:0002064,2.178291757385889,251,epidermal cell differentiation,epithelial cell development,0.8636666666666667,0.37168421052631584,0.78
all,GO:0060977,25,GO:0035909,2.159646926093897,19,coronary vasculature morphogenesis,aorta morphogenesis,0.8806914414414415,0.49124999999999996,0.561
all,GO:0044706,52,GO:0044706,2.145317598006119,218,multi-multicellular organism process,multi-multicellular organism process,0.944295045045045,1,0
all,GO:0014032,29,GO:0048864,2.145317598006119,80,neural crest cell development,stem cell development,0.8719617117117118,0.42679999999999996,0.994
all,GO:0001942,46,GO:0042633,2.145317598006119,96,hair follicle development,hair cycle,0.868150900900901,0.20799999999999996,0.984
all,GO:0060674,28,GO:0043583,2.1449858414489205,33,placenta blood vessel development,ear development,0.8876463963963963,0.45411111111111113,0.369
all,GO:0010970,53,GO:0010970,2.1449858414489205,180,transport along microtubule,transport along microtubule,0.9439684684684685,0.4104,0
all,GO:0001570,25,GO:0035909,2.144155624211805,86,vasculogenesis,aorta morphogenesis,0.8622342342342342,0.450125,0.611
all,GO:0070972,49,GO:0071539,2.1439506422693646,83,protein localization to endoplasmic reticulum,protein localization to centrosome,0.949168918918919,0.487235294117647,0.598
all,GO:1902930,23,GO:1902653,2.1439506422693646,58,regulation of alcohol biosynthetic process,secondary alcohol biosynthetic process,0.8985427927927928,0.2835714285714286,0.865
all,GO:0032291,14,GO:0048709,2.1276377395900297,27,axon ensheathment in central nervous system,oligodendrocyte differentiation,0.8990405405405405,0.6172777777777778,0.39
all,GO:0038083,48,GO:0018212,2.1276377395900297,17,peptidyl-tyrosine autophosphorylation,peptidyl-tyrosine modification,0.9231801801801801,0.5387142857142857,0.827
all,GO:0043500,50,GO:0043114,2.1276377395900297,122,muscle adaptation,regulation of vascular permeability,0.9273536036036036,0.4813333333333333,0.467
all,GO:0051604,26,GO:0006457,2.1276377395900297,612,protein maturation,protein folding,0.9123536036036036,0.3144285714285714,0.906
all,GO:0022010,14,GO:0048709,2.1276377395900297,27,central nervous system myelination,oligodendrocyte differentiation,0.8753671171171171,0.2706666666666667,0.895
all,GO:0072091,20,GO:0048660,2.126059016487248,96,regulation of stem cell proliferation,regulation of smooth muscle cell proliferation,0.9499279279279279,0.5228888888888888,0.561
all,GO:1902894,12,GO:0061614,2.0848950413875995,28,negative regulation of miRNA transcription,miRNA transcription,0.8962657657657658,0.193125,0.924
all,GO:0001708,27,GO:0021781,2.0820009966385835,110,cell fate specification,glial cell fate commitment,0.9088941441441442,0.4205,0.722
all,GO:0002888,54,GO:0002888,2.0665331740424553,21,positive regulation of myeloid leukocyte mediated immunity,positive regulation of myeloid leukocyte mediated immunity,0.966740990990991,0.4494,0
all,GO:0090151,49,GO:0071539,2.061868655763631,34,establishment of protein localization to mitochondrial membrane,protein localization to centrosome,0.9019189189189188,0.4992352941176471,0.573
all,GO:0072337,55,GO:0072337,2.0291281202126914,40,modified amino acid transport,modified amino acid transport,0.9669436936936938,0.6467499999999999,0
all,GO:0030705,53,GO:0010970,2.0151530689312875,208,cytoskeleton-dependent intracellular transport,transport along microtubule,0.9479932432432432,0.41059999999999997,0.989
all,GO:0019218,19,GO:0016126,2.0151530689312875,110,regulation of steroid metabolic process,sterol biosynthetic process,0.9103873873873874,0.1903571428571429,0.759
all,GO:0048663,27,GO:0021781,1.9929086751687475,75,neuron fate commitment,glial cell fate commitment,0.8796486486486487,0.4297500000000001,0.705
all,GO:0002011,18,GO:0002064,1.9691373390895681,64,morphogenesis of an epithelial sheet,epithelial cell development,0.886295045045045,0.5141052631578947,0.578
all,GO:0010224,56,GO:0010224,1.9674544091786905,21,response to UV-B,response to UV-B,0.9815112612612612,0.6220000000000001,0
all,GO:0055017,38,GO:0035265,1.9584701720955795,92,cardiac muscle tissue growth,organ growth,0.8610315315315316,0.24340000000000006,0.949
all,GO:0045116,48,GO:0018212,1.943563719898704,29,protein neddylation,peptidyl-tyrosine modification,0.9442184684684685,0.5038571428571428,0.458
all,GO:0043502,50,GO:0043114,1.940416379724296,96,regulation of muscle adaptation,regulation of vascular permeability,0.9020833333333333,0.4698333333333333,0.459
all,GO:0009649,57,GO:0009649,1.9400408919800891,30,entrainment of circadian clock,entrainment of circadian clock,0.9660765765765766,0.5589999999999999,0
all,GO:0150146,31,GO:0098883,1.9400408919800891,28,cell junction disassembly,synapse pruning,0.9519054054054054,0.42480000000000007,0.971
all,GO:0097107,47,GO:1904861,1.9360715606683496,29,postsynaptic density assembly,excitatory synapse assembly,0.8489527027027027,0.31585714285714284,0.971
all,GO:0051591,58,GO:0051591,1.9144211386524956,91,response to cAMP,response to cAMP,0.976536036036036,0.6166,0
all,GO:0006446,1,GO:0002181,1.9144211386524956,86,regulation of translational initiation,cytoplasmic translation,0.899722972972973,0.2977142857142857,0.684
all,GO:0030323,45,GO:0035148,1.9088864204033313,202,respiratory tube development,tube formation,0.8762612612612612,0.5034000000000001,0.624
all,GO:0060045,38,GO:0035265,1.9088864204033313,32,positive regulation of cardiac muscle cell proliferation,organ growth,0.8124707207207207,0.2612,0.866
all,GO:0097501,24,GO:0071294,1.9078829145667535,21,stress response to metal ion,cellular response to zinc ion,0.9750495495495496,0.4646,0.661
all,GO:0010043,24,GO:0071294,1.9078829145667535,52,response to zinc ion,cellular response to zinc ion,0.9747139639639639,0.38680000000000003,0.961
all,GO:1905039,37,GO:1903825,1.8927270026136656,156,carboxylic acid transmembrane transport,organic acid transmembrane transport,0.9486554054054054,0.3174,0.995
all,GO:0000280,5,GO:0033108,1.885880146730647,451,nuclear division,mitochondrial respiratory chain complex assembly,0.9394391891891892,0.5429411764705883,0.457
all,GO:0045661,33,GO:0051145,1.8810926033202884,76,regulation of myoblast differentiation,smooth muscle cell differentiation,0.8778198198198198,0.3681428571428571,0.651
all,GO:0014009,14,GO:0048709,1.8751739763421351,61,glial cell proliferation,oligodendrocyte differentiation,0.8583288288288288,0.3246111111111111,0.769
all,GO:0140013,39,GO:0044703,1.8751739763421351,200,meiotic nuclear division,multi-organism reproductive process,0.9295608108108109,0.27849999999999997,0.613
all,GO:0030878,44,GO:0035270,1.8658292556193992,31,thyroid gland development,endocrine system development,0.8993288288288288,0.5575,0.885
all,GO:0034332,47,GO:1904861,1.8658292556193992,58,adherens junction organization,excitatory synapse assembly,0.9537387387387387,0.5081428571428572,0.582
all,GO:0071280,24,GO:0071294,1.849952385237547,25,cellular response to copper ion,cellular response to zinc ion,0.9642657657657657,0.38939999999999997,0.75
all,GO:0014033,29,GO:0048864,1.84924662726824,93,neural crest cell differentiation,stem cell development,0.8735968468468469,0.4736,0.854
all,GO:0070374,21,GO:1901798,1.8489329986877667,197,positive regulation of ERK1 and ERK2 cascade,positive regulation of signal transduction by p53 class mediator,0.9333198198198198,0.5177499999999999,0.58
all,GO:0016125,19,GO:0016126,1.848769093608738,159,sterol metabolic process,sterol biosynthetic process,0.9254572072072071,0.2530714285714286,0.939
all,GO:0000723,5,GO:0033108,1.8444156540231929,162,telomere maintenance,mitochondrial respiratory chain complex assembly,0.8830698198198198,0.5415882352941177,0.432
all,GO:0060038,20,GO:0048660,1.8426428823802172,61,cardiac muscle cell proliferation,regulation of smooth muscle cell proliferation,0.8351711711711711,0.4071111111111111,0.867
all,GO:0099111,7,GO:1902600,1.8414243053611647,225,microtubule-based transport,proton transmembrane transport,0.9625923423423425,0.742,0.355
all,GO:0072578,47,GO:1904861,1.8307998813026976,18,neurotransmitter-gated ion channel clustering,excitatory synapse assembly,0.9212004504504505,0.49628571428571433,0.599
all,GO:0050731,48,GO:0018212,1.8137620498283993,118,positive regulation of peptidyl-tyrosine phosphorylation,peptidyl-tyrosine modification,0.8779887387387387,0.4114285714285715,0.942
all,GO:0001763,32,GO:0060411,1.8103149720912948,207,morphogenesis of a branching structure,cardiac septum morphogenesis,0.8992545045045045,0.5223846153846154,0.439
all,GO:0120161,42,GO:0060586,1.8077650411294963,151,regulation of cold-induced thermogenesis,multicellular organismal-level iron ion homeostasis,0.8782882882882883,0.469,0.634
all,GO:1990173,49,GO:0071539,1.8077650411294963,14,protein localization to nucleoplasm,protein localization to centrosome,0.9514481981981981,0.4431176470588235,0.525
all,GO:0097084,33,GO:0051145,1.7948946517119484,12,vascular associated smooth muscle cell development,smooth muscle cell differentiation,0.883259009009009,0.4025714285714286,0.876
all,GO:0042939,55,GO:0072337,1.7816694250591902,12,tripeptide transport,modified amino acid transport,0.9684031531531533,0.471,0.433
all,GO:0009952,59,GO:0009952,1.781425417218404,220,anterior/posterior pattern specification,anterior/posterior pattern specification,0.9068513513513514,0.7993333333333333,0
all,GO:0003206,32,GO:0060411,1.7803499268473972,129,cardiac chamber morphogenesis,cardiac septum morphogenesis,0.8663378378378378,0.41230769230769226,0.942
all,GO:0007127,39,GO:0044703,1.7800608074714748,132,meiosis I,multi-organism reproductive process,0.9312657657657658,0.28812499999999996,0.594
all,GO:1904867,49,GO:0071539,1.7785570207699233,12,protein localization to Cajal body,protein localization to centrosome,0.951777027027027,0.4443529411764706,0.521
all,GO:1903405,49,GO:0071539,1.7785570207699233,12,protein localization to nuclear body,protein localization to centrosome,0.951777027027027,0.4443529411764706,0.521
all,GO:0006417,1,GO:0002181,1.7785570207699233,461,regulation of translation,cytoplasmic translation,0.8887072072072072,0.33971428571428575,0.78
all,GO:0007204,60,GO:0007204,1.7745132782728938,170,positive regulation of cytosolic calcium ion concentration,positive regulation of cytosolic calcium ion concentration,0.9761531531531532,0.56775,0
all,GO:0048285,5,GO:0033108,1.7745132782728938,501,organelle fission,mitochondrial respiratory chain complex assembly,0.9390585585585586,0.5394117647058824,0.461
all,GO:0061982,39,GO:0044703,1.7745132782728938,140,meiosis I cell cycle process,multi-organism reproductive process,0.9731261261261261,0.286625,0.599
all,GO:0007405,20,GO:0048660,1.7734289247621717,83,neuroblast proliferation,regulation of smooth muscle cell proliferation,0.8608423423423424,0.44333333333333336,0.524
all,GO:0045669,17,GO:0045667,1.7723303679040743,77,positive regulation of osteoblast differentiation,regulation of osteoblast differentiation,0.8679887387387387,0.40275000000000005,0.949
all,GO:0045598,15,GO:0045665,1.771508066187974,147,regulation of fat cell differentiation,negative regulation of neuron differentiation,0.8825990990990991,0.64,0.546
all,GO:1902475,40,GO:0006865,1.771508066187974,80,L-alpha-amino acid transmembrane transport,amino acid transport,0.9454121621621622,0.28459999999999996,0.905
all,GO:1901203,35,GO:0085029,1.7703378788396713,15,positive regulation of extracellular matrix assembly,extracellular matrix assembly,0.9206463963963964,0.30200000000000005,0.921
all,GO:0010522,60,GO:0007204,1.7693107388364682,20,regulation of calcium ion transport into cytosol,positive regulation of cytosolic calcium ion concentration,0.9331644144144144,0.59675,0.858
all,GO:0106106,42,GO:0060586,1.7544288829670294,153,cold-induced thermogenesis,multicellular organismal-level iron ion homeostasis,0.905795045045045,0.4686666666666667,0.635
all,GO:1904871,49,GO:0071539,1.7544288829670294,10,positive regulation of protein localization to Cajal body,protein localization to centrosome,0.9253108108108108,0.4459411764705883,0.515
all,GO:1904869,49,GO:0071539,1.7544288829670294,10,regulation of protein localization to Cajal body,protein localization to centrosome,0.9344752252252253,0.4459411764705883,0.515
all,GO:0045727,1,GO:0002181,1.7535263904345368,139,positive regulation of translation,cytoplasmic translation,0.8883716216216216,0.3897142857142857,0.702
all,GO:0042407,5,GO:0033108,1.7388548736620386,20,cristae formation,mitochondrial respiratory chain complex assembly,0.9457184684684685,0.5035882352941177,0.678
all,GO:0048489,53,GO:0010970,1.7129739010141716,45,synaptic vesicle transport,transport along microtubule,0.954704954954955,0.61240000000000006,0.514
all,GO:0036294,56,GO:0010224,1.7117433734910152,163,cellular response to decreased oxygen levels,response to UV-B,0.9598423423423423,0.4786666666666667,0.568
all,GO:0060343,32,GO:0060411,1.6970410184283589,27,trabecula formation,cardiac septum morphogenesis,0.9036531531531531,0.5146923076923077,0.526
all,GO:0051276,5,GO:0033108,1.6925592869802355,644,chromosome organization,mitochondrial respiratory chain complex assembly,0.9386463963963964,0.5118823529411765,0.477
all,GO:0006835,37,GO:1903825,1.6919395205923395,106,dicarboxylic acid transport,organic acid transmembrane transport,0.9606103603603604,0.3116,0.814
all,GO:0021915,45,GO:0035148,1.6895710478696084,151,neural tube development,tube formation,0.8561463963963963,0.5142,0.597
all,GO:0051284,42,GO:0060586,1.6857600864821316,15,positive regulation of sequestering of calcium ion,multicellular organismal-level iron ion homeostasis,0.9279572072072072,0.5438333333333334,0.575
all,GO:0001709,27,GO:0021781,1.6759481337715472,43,cell fate determination,glial cell fate commitment,0.915195945945946,0.4465,0.676
all,GO:0060251,14,GO:0048709,1.6759481337715472,42,regulation of glial cell proliferation,oligodendrocyte differentiation,0.8505630630630631,0.34411111111111115,0.743
all,GO:0043153,57,GO:0009649,1.6743829967617494,25,entrainment of circadian clock by photoperiod,entrainment of circadian clock,0.9628558558558559,0.52,0.989
all,GO:0021885,43,GO:0060324,1.6733770494097282,65,forebrain cell migration,face development,0.8781058558558559,0.5516666666666667,0.604
all,GO:0008593,36,GO:0030178,1.6733770494097282,105,regulation of Notch signaling pathway,negative regulation of Wnt signaling pathway,0.9458896396396397,0.5516000000000001,0.449
all,GO:1905508,49,GO:0071539,1.6733770494097282,38,protein localization to microtubule organizing center,protein localization to centrosome,0.9508513513513513,0.48388235294117643,0.998
all,GO:0001732,1,GO:0002181,1.6733770494097282,15,formation of cytoplasmic translation initiation complex,cytoplasmic translation,0.8856373873873874,0.35085714285714287,0.812
all,GO:0006458,26,GO:0006457,1.6703218410139742,49,'de novo' protein folding,protein folding,0.9285202702702703,0.38528571428571423,0.859
all,GO:1902932,23,GO:1902653,1.6605889101167501,30,positive regulation of alcohol biosynthetic process,secondary alcohol biosynthetic process,0.8941936936936936,0.31114285714285717,0.825
all,GO:0003203,32,GO:0060411,1.658138305942786,41,endocardial cushion morphogenesis,cardiac septum morphogenesis,0.8622094594594594,0.4292307692307692,0.732
all,GO:0045662,33,GO:0051145,1.658138305942786,27,negative regulation of myoblast differentiation,smooth muscle cell differentiation,0.8802792792792793,0.40314285714285714,0.605
all,GO:0003333,40,GO:0006865,1.6529338348993625,108,amino acid transmembrane transport,amino acid transport,0.9496126126126126,0.27959999999999996,0.937
all,GO:0007004,41,GO:0006281,1.642558209107543,62,telomere maintenance via telomerase,DNA repair,0.8830247747747748,0.4511428571428572,0.652
all,GO:0006278,41,GO:0006281,1.642558209107543,69,RNA-templated DNA biosynthetic process,DNA repair,0.9197432432432433,0.44899999999999995,0.656
all,GO:0051321,39,GO:0044703,1.642558209107543,295,meiotic cell cycle,multi-organism reproductive process,0.9724481981981982,0.27612499999999995,0.632
all,GO:0000462,9,GO:0022613,1.641929000257496,35,"maturation of SSU-rRNA from tricistronic rRNA transcript (SSU-rRNA, 5.8S rRNA, LSU-rRNA)",ribonucleoprotein complex biogenesis,0.8827297297297296,0.3547,0.773
all,GO:0071216,61,GO:0071216,1.6391394743153789,269,cellular response to biotic stimulus,cellular response to biotic stimulus,0.9665518018018018,0.44966666666666666,0
all,GO:0031396,48,GO:0018212,1.6391394743153789,205,regulation of protein ubiquitination,peptidyl-tyrosine modification,0.9125067567567567,0.4224285714285715,0.513
all,GO:0045747,36,GO:0030178,1.63662581527168,50,positive regulation of Notch signaling pathway,negative regulation of Wnt signaling pathway,0.9392815315315315,0.5672,0.421
all,GO:0014741,50,GO:0043114,1.63662581527168,37,negative regulation of muscle hypertrophy,regulation of vascular permeability,0.9199301801801802,0.5361666666666667,0.428
all,GO:0006383,11,GO:0016072,1.6348506304264,62,transcription by RNA polymerase III,rRNA metabolic process,0.9247702702702703,0.696,0.353
all,GO:1904666,62,GO:1904666,1.6333438463210947,21,regulation of ubiquitin protein ligase activity,regulation of ubiquitin protein ligase activity,0.9824391891891892,0.5455,0
all,GO:0006958,54,GO:0002888,1.6333438463210947,42,"complement activation, classical pathway",positive regulation of myeloid leukocyte mediated immunity,0.9489617117117118,0.40259999999999996,0.64
all,GO:0070613,26,GO:0006457,1.6293207749612257,67,regulation of protein processing,protein folding,0.9026779279279279,0.365,0.735
all,GO:0061687,58,GO:0051591,1.6287322451077086,23,detoxification of inorganic compound,response to cAMP,0.9798468468468469,0.7385999999999999,0.326
all,GO:0015800,40,GO:0006865,1.6233349374287558,73,acidic amino acid transport,amino acid transport,0.9634864864864866,0.31420000000000003,0.862
all,GO:0006882,42,GO:0060586,1.6220808867470837,37,intracellular zinc ion homeostasis,multicellular organismal-level iron ion homeostasis,0.9935337837837838,0.5215000000000001,0.608
all,GO:0035904,25,GO:0035909,1.6220808867470837,67,aorta development,aorta morphogenesis,0.8939324324324325,0.389625,0.963
all,GO:0015740,37,GO:1903825,1.6220808867470837,28,C4-dicarboxylate transport,organic acid transmembrane transport,0.9629684684684684,0.3218,0.75
all,GO:0015813,40,GO:0006865,1.6220808867470837,33,L-glutamate transmembrane transport,amino acid transport,0.9483085585585586,0.28580000000000005,0.821
all,GO:0060055,25,GO:0035909,1.6164785211735375,34,angiogenesis involved in wound healing,aorta morphogenesis,0.8680157657657657,0.47262499999999996,0.574
all,GO:1903046,39,GO:0044703,1.6117037062682338,222,meiotic cell cycle process,multi-organism reproductive process,0.972536036036036,0.27337500000000003,0.622
all,GO:0045604,18,GO:0002064,1.6057214395603332,60,regulation of epidermal cell differentiation,epithelial cell development,0.8378423423423423,0.3894736842105263,0.695
all,GO:0021987,43,GO:0060324,1.5986159247470828,130,cerebral cortex development,face development,0.8814662162162162,0.5433333333333333,0.629
all,GO:0072348,7,GO:1902600,1.5920591528733519,66,sulfur compound transport,proton transmembrane transport,0.9688806306306306,0.7557499999999999,0.326
all,GO:0033619,63,GO:0033619,1.5920591528733519,64,membrane protein proteolysis,membrane protein proteolysis,0.9445653153153154,0.6543333333333333,0
all,GO:0090276,55,GO:0072337,1.5874808224930788,204,regulation of peptide hormone secretion,modified amino acid transport,0.9171148648648648,0.49350000000000005,0.525
all,GO:0071222,61,GO:0071216,1.5866476425202114,228,cellular response to lipopolysaccharide,cellular response to biotic stimulus,0.9559414414414414,0.45299999999999996,0.979
all,GO:0042220,58,GO:0051591,1.5865010798370263,58,response to cocaine,response to cAMP,0.9763896396396397,0.5516000000000001,0.618
all,GO:0050821,60,GO:0007204,1.5854107277919267,236,protein stabilization,positive regulation of cytosolic calcium ion concentration,0.9766396396396396,0.67825,0.475
all,GO:0048469,29,GO:0048864,1.5854107277919267,210,cell maturation,stem cell development,0.9005518018018018,0.571,0.462
all,GO:0010906,23,GO:1902653,1.5854107277919267,105,regulation of glucose metabolic process,secondary alcohol biosynthetic process,0.9050472972972972,0.5122857142857142,0.467
all,GO:0001838,45,GO:0035148,1.5854107277919267,115,embryonic epithelial tube formation,tube formation,0.8580945945945947,0.36140000000000005,0.981
all,GO:0072210,16,GO:0072073,1.5854107277919267,41,metanephric nephron development,kidney epithelium development,0.8771058558558559,0.23421739130434782,0.764
all,GO:0072273,16,GO:0072073,1.5854107277919267,24,metanephric nephron morphogenesis,kidney epithelium development,0.8713603603603604,0.2249565217391304,0.739
all,GO:0072170,16,GO:0072073,1.5854107277919267,24,metanephric tubule development,kidney epithelium development,0.8568468468468469,0.21852173913043482,0.865
all,GO:0072234,16,GO:0072073,1.5854107277919267,22,metanephric nephron tubule development,kidney epithelium development,0.8549076576576575,0.17534782608695654,0.863
all,GO:1904872,49,GO:0071539,1.577952053928225,12,regulation of telomerase RNA localization to Cajal body,protein localization to centrosome,0.9462432432432433,0.5131764705882353,0.366
all,GO:0060512,32,GO:0060411,1.5778796376836517,28,prostate gland morphogenesis,cardiac septum morphogenesis,0.8774346846846847,0.4775384615384616,0.542
all,GO:0070585,49,GO:0071539,1.5778796376836517,133,protein localization to mitochondrion,protein localization to centrosome,0.9471891891891892,0.4719411764705882,0.623
all,GO:0044380,49,GO:0071539,1.5778796376836517,66,protein localization to cytoskeleton,protein localization to centrosome,0.9491756756756757,0.47105882352941175,0.959
all,GO:0051444,62,GO:1904666,1.5698260745628263,16,negative regulation of ubiquitin-protein transferase activity,regulation of ubiquitin protein ligase activity,0.9184234234234234,0.5455,0.909
all,GO:2000059,63,GO:0033619,1.5672178835802129,56,negative regulation of ubiquitin-dependent protein catabolic process,membrane protein proteolysis,0.9149864864864865,0.503,0.513
all,GO:0071456,56,GO:0010224,1.5613145895965137,156,cellular response to hypoxia,response to UV-B,0.9575270270270271,0.4793333333333334,0.566
all,GO:0048712,14,GO:0048709,1.5613145895965137,16,negative regulation of astrocyte differentiation,oligodendrocyte differentiation,0.8502094594594595,0.24988888888888894,0.743
all,GO:0003161,18,GO:0002064,1.560086821554265,37,cardiac conduction system development,epithelial cell development,0.8708558558558559,0.5300526315789473,0.471
all,GO:0097494,60,GO:0007204,1.5597026295632532,20,regulation of vesicle size,positive regulation of cytosolic calcium ion concentration,0.9458581081081081,0.71275,0.396
all,GO:0071806,7,GO:1902600,1.5555380726086396,74,protein transmembrane transport,proton transmembrane transport,0.9460855855855856,0.704,0.534
all,GO:0033687,20,GO:0048660,1.5555380726086396,36,osteoblast proliferation,regulation of smooth muscle cell proliferation,0.969222972972973,0.5355555555555556,0.489
all,GO:0060438,28,GO:0043583,1.5533505669226702,19,trachea development,ear development,0.9059932432432433,0.7057777777777778,0.357
all,GO:0010811,64,GO:0010811,1.5519437754582222,126,positive regulation of cell-substrate adhesion,positive regulation of cell-substrate adhesion,0.9573693693693693,0.546,0
all,GO:0031468,5,GO:0033108,1.541148529304427,26,nuclear membrane reassembly,mitochondrial respiratory chain complex assembly,0.9430923423423423,0.572764705882353,0.417
all,GO:0000966,11,GO:0016072,1.5373411001565793,38,RNA 5'-end processing,rRNA metabolic process,0.9262477477477478,0.6524285714285714,0.339
all,GO:0048745,18,GO:0002064,1.5373411001565793,27,smooth muscle tissue development,epithelial cell development,0.9054752252252253,0.5478421052631579,0.455
all,GO:0090672,49,GO:0071539,1.5373411001565793,19,telomerase RNA localization,protein localization to centrosome,0.9642049549549551,0.541,0.375
all,GO:0008033,11,GO:0016072,1.5373411001565793,135,tRNA processing,rRNA metabolic process,0.9166576576576577,0.538,0.38
all,GO:0090685,49,GO:0071539,1.5373411001565793,19,RNA localization to nucleus,protein localization to centrosome,0.9631554054054053,0.5211176470588236,0.381
all,GO:0090670,49,GO:0071539,1.5373411001565793,19,RNA localization to Cajal body,protein localization to centrosome,0.9631554054054053,0.5211176470588236,0.381
all,GO:0090671,49,GO:0071539,1.5373411001565793,19,telomerase RNA localization to Cajal body,protein localization to centrosome,0.9629346846846847,0.5078235294117648,0.375
all,GO:0006857,55,GO:0072337,1.5373411001565793,19,oligopeptide transport,modified amino acid transport,0.9668761261261261,0.45525000000000004,0.455
all,GO:1904889,47,GO:1904861,1.5373411001565793,22,regulation of excitatory synapse assembly,excitatory synapse assembly,0.8405563063063063,0.3817142857142857,0.961
all,GO:0048010,36,GO:0030178,1.5372680288428573,62,vascular endothelial growth factor receptor signaling pathway,negative regulation of Wnt signaling pathway,0.9488896396396397,0.6662,0.438
all,GO:0090200,5,GO:0033108,1.5372680288428573,21,positive regulation of release of cytochrome c from mitochondria,mitochondrial respiratory chain complex assembly,0.9007792792792793,0.5482941176470588,0.672
all,GO:0046688,24,GO:0071294,1.5336275775346515,37,response to copper ion,cellular response to zinc ion,0.9750045045045045,0.38880000000000003,0.696
all,GO:0071496,57,GO:0009649,1.5288738240036244,75,cellular response to external stimulus,entrainment of circadian clock,0.9798738738738739,0.5575,0.388
all,GO:0071260,57,GO:0009649,1.5288738240036244,74,cellular response to mechanical stimulus,entrainment of circadian clock,0.9649752252252253,0.5165,0.387
all,GO:0030279,17,GO:0045667,1.5281099027885767,41,negative regulation of ossification,regulation of osteoblast differentiation,0.9195540540540541,0.4145,0.726
all,GO:0002070,29,GO:0048864,1.5233630703023122,27,epithelial cell maturation,stem cell development,0.8814662162162162,0.577,0.402
all,GO:0060271,5,GO:0033108,1.5198939955928288,398,cilium assembly,mitochondrial respiratory chain complex assembly,0.9311463963963964,0.5467058823529412,0.526
all,GO:0015810,37,GO:1903825,1.5198939955928288,20,aspartate transmembrane transport,organic acid transmembrane transport,0.9493220720720721,0.28680000000000005,0.851
all,GO:1902652,23,GO:1902653,1.5085172009950731,159,secondary alcohol metabolic process,secondary alcohol biosynthetic process,0.9204954954954954,0.30114285714285716,0.935
all,GO:0007519,18,GO:0002064,1.5028609804392103,178,skeletal muscle tissue development,epithelial cell development,0.8759234234234234,0.48136842105263156,0.522
all,GO:0060740,32,GO:0060411,1.5028609804392103,26,prostate gland epithelium morphogenesis,cardiac septum morphogenesis,0.8561126126126126,0.42792307692307696,0.538
all,GO:0045687,14,GO:0048709,1.5028609804392103,46,positive regulation of glial cell differentiation,oligodendrocyte differentiation,0.8380405405405406,0.23372222222222216,0.798
all,GO:0001890,28,GO:0043583,1.4971441797366212,152,placenta development,ear development,0.9034481981981981,0.42500000000000004,0.419
all,GO:0007338,39,GO:0044703,1.49255456201048,175,single fertilization,multi-organism reproductive process,0.9857477477477478,0.41800000000000004,0.597
all,GO:0033688,20,GO:0048660,1.4772935281732422,31,regulation of osteoblast proliferation,regulation of smooth muscle cell proliferation,0.9522049549549549,0.5247777777777778,0.518
all,GO:0036257,5,GO:0033108,1.4719709349424035,33,multivesicular body organization,mitochondrial respiratory chain complex assembly,0.9512297297297297,0.5910588235294117,0.372
all,GO:0036258,5,GO:0033108,1.4719709349424035,32,multivesicular body assembly,mitochondrial respiratory chain complex assembly,0.9414594594594594,0.5692941176470588,0.433
all,GO:0001504,65,GO:0001504,1.4718647915943321,46,neurotransmitter uptake,neurotransmitter uptake,0.968490990990991,0.5135000000000001,0
all,GO:0048645,32,GO:0060411,1.4705879310018284,70,animal organ formation,cardiac septum morphogenesis,0.8972635135135135,0.5203846153846154,0.569
all,GO:0060347,32,GO:0060411,1.4705879310018284,15,heart trabecula formation,cardiac septum morphogenesis,0.8858153153153153,0.4614615384615385,0.783
all,GO:0060837,18,GO:0002064,1.4667735270100413,14,blood vessel endothelial cell differentiation,epithelial cell development,0.8655495495495495,0.47684210526315796,0.634
all,GO:0035886,33,GO:0051145,1.4661917869814507,40,vascular associated smooth muscle cell differentiation,smooth muscle cell differentiation,0.8771824324324324,0.3648571428571429,0.948
all,GO:1903670,25,GO:0035909,1.463787804983149,64,regulation of sprouting angiogenesis,aorta morphogenesis,0.8510900900900901,0.439125,0.597
all,GO:1902774,53,GO:0010970,1.462546658754478,22,late endosome to lysosome transport,transport along microtubule,0.9580450450450451,0.5978,0.538
all,GO:0001678,42,GO:0060586,1.462546658754478,170,intracellular glucose homeostasis,multicellular organismal-level iron ion homeostasis,0.9933333333333333,0.5066666666666667,0.572
all,GO:2000434,48,GO:0018212,1.462546658754478,20,regulation of protein neddylation,peptidyl-tyrosine modification,0.9242927927927929,0.4327142857142857,0.433
all,GO:1904903,31,GO:0098883,1.4578344721718086,10,ESCRT III complex disassembly,synapse pruning,0.9534887387387387,0.4204,0.59
all,GO:1904896,31,GO:0098883,1.4578344721718086,10,ESCRT complex disassembly,synapse pruning,0.9532657657657657,0.4184,0.593
all,GO:2001236,30,GO:2000811,1.4542489557916545,164,regulation of extrinsic apoptotic signaling pathway,negative regulation of anoikis,0.9404707207207207,0.5102,0.524
all,GO:1901873,48,GO:0018212,1.4526490579920581,253,regulation of post-translational protein modification,peptidyl-tyrosine modification,0.9111058558558558,0.4195714285714286,0.522
all,GO:0006360,11,GO:0016072,1.4492864577176936,75,transcription by RNA polymerase I,rRNA metabolic process,0.9240382882882883,0.6932857142857143,0.357
all,GO:0048565,59,GO:0009952,1.4492864577176936,137,digestive tract development,anterior/posterior pattern specification,0.8873536036036036,0.5686666666666667,0.3
all,GO:1903051,63,GO:0033619,1.4492864577176936,74,negative regulation of proteolysis involved in protein catabolic process,membrane protein proteolysis,0.9131396396396396,0.4993333333333333,0.524
all,GO:1902041,30,GO:2000811,1.4486918081393394,49,regulation of extrinsic apoptotic signaling pathway via death domain receptors,negative regulation of anoikis,0.9451261261261261,0.5334,0.485
all,GO:0098810,65,GO:0001504,1.4486918081393394,35,neurotransmitter reuptake,neurotransmitter uptake,0.9552815315315315,0.5135000000000001,0.973
all,GO:0061081,54,GO:0002888,1.4486918081393394,35,positive regulation of myeloid leukocyte cytokine production involved in immune response,positive regulation of myeloid leukocyte mediated immunity,0.8504054054054054,0.4898,0.695
all,GO:0055021,38,GO:0035265,1.4486918081393394,68,regulation of cardiac muscle tissue growth,organ growth,0.8385292792792793,0.2378,0.922
all,GO:0008203,23,GO:1902653,1.4461481154970903,148,cholesterol metabolic process,secondary alcohol biosynthetic process,0.9057297297297296,0.30214285714285716,0.931
all,GO:0007189,66,GO:0007189,1.4456308932705724,184,adenylate cyclase-activating G protein-coupled receptor signaling pathway,adenylate cyclase-activating G protein-coupled receptor signaling pathway,0.9501959459459459,1,0
all,GO:0006620,49,GO:0071539,1.443230970450392,15,post-translational protein targeting to endoplasmic reticulum membrane,protein localization to centrosome,0.9521734234234234,0.5220588235294118,0.539
all,GO:0045087,61,GO:0071216,1.4393598074786977,1024,innate immune response,cellular response to biotic stimulus,0.9665968468468468,0.5553333333333332,0.672
all,GO:0046761,67,GO:0046761,1.4344197629490634,14,viral budding from plasma membrane,viral budding from plasma membrane,0.9978536036036036,1,0
all,GO:0140527,41,GO:0006281,1.4317530446070525,60,reciprocal homologous recombination,DNA repair,0.936268018018018,0.38842857142857146,0.639
all,GO:0007131,41,GO:0006281,1.4317530446070525,60,reciprocal meiotic recombination,DNA repair,0.8797117117117117,0.38842857142857146,0.639
all,GO:1903053,35,GO:0085029,1.421925416362212,74,regulation of extracellular matrix organization,extracellular matrix assembly,0.9344504504504505,0.346,0.77
all,GO:0001952,64,GO:0010811,1.421100014848152,125,regulation of cell-matrix adhesion,positive regulation of cell-substrate adhesion,0.9684166666666667,0.546,0.908
all,GO:0070167,18,GO:0002064,1.421100014848152,103,regulation of biomineral tissue development,epithelial cell development,0.851427927927928,0.5364210526315789,0.5
all,GO:0042073,53,GO:0010970,1.421100014848152,49,intraciliary transport,transport along microtubule,0.9096959459459459,0.44520000000000004,0.907
all,GO:0044342,20,GO:0048660,1.4201089920244776,28,type B pancreatic cell proliferation,regulation of smooth muscle cell proliferation,0.971009009009009,0.5742222222222222,0.479
all,GO:0097352,31,GO:0098883,1.4097147437844584,63,autophagosome maturation,synapse pruning,0.9076981981981982,0.4458,0.667
all,GO:0045682,18,GO:0002064,1.4070171281949215,66,regulation of epidermis development,epithelial cell development,0.8773175675675675,0.5048421052631579,0.482
all,GO:0043279,58,GO:0051591,1.4063783119682303,103,response to alkaloid,response to cAMP,0.9758738738738739,0.5472,0.61
all,GO:0046889,19,GO:0016126,1.404604532938118,94,positive regulation of lipid biosynthetic process,sterol biosynthetic process,0.9007229729729729,0.26435714285714285,0.632
all,GO:0061734,68,GO:0061734,1.403388086403394,16,type 2 mitophagy,type 2 mitophagy,0.9533153153153153,1,0
all,GO:0048771,69,GO:0048771,1.3966260537859654,191,tissue remodeling,tissue remodeling,0.9466689189189189,1,0
all,GO:0070555,58,GO:0051591,1.3943565325648524,116,response to interleukin-1,response to cAMP,0.9776396396396396,0.7168,0.363
all,GO:0097576,5,GO:0033108,1.3943565325648524,12,vacuole fusion,mitochondrial respiratory chain complex assembly,0.9575653153153153,0.678235294117647,0.337
all,GO:0035988,20,GO:0048660,1.3943565325648524,26,chondrocyte proliferation,regulation of smooth muscle cell proliferation,0.9711486486486487,0.5759444444444444,0.476
all,GO:0055123,59,GO:0009952,1.3943565325648524,148,digestive system development,anterior/posterior pattern specification,0.9013716216216217,0.5680000000000001,0.302
all,GO:0022612,32,GO:0060411,1.3943565325648524,127,gland morphogenesis,cardiac septum morphogenesis,0.8918175675675676,0.4452307692307692,0.6
all,GO:0006302,41,GO:0006281,1.3943565325648524,323,double-strand break repair,DNA repair,0.8982545045045045,0.43914285714285717,0.907
all,GO:0047497,34,GO:0007018,1.3943565325648524,28,mitochondrion transport along microtubule,microtubule-based movement,0.9504346846846847,0.41333333333333333,0.76
all,GO:0034643,34,GO:0007018,1.3943565325648524,28,"establishment of mitochondrion localization, microtubule-mediated",microtubule-based movement,0.9585653153153153,0.41333333333333333,0.76
all,GO:0046385,8,GO:0019693,1.3943565325648524,14,deoxyribose phosphate biosynthetic process,ribose phosphate metabolic process,0.9193153153153154,0.40737500000000004,0.582
all,GO:0051147,33,GO:0051145,1.3943565325648524,166,regulation of muscle cell differentiation,smooth muscle cell differentiation,0.8712477477477477,0.39628571428571424,0.783
all,GO:0098698,47,GO:1904861,1.3943565325648524,36,postsynaptic specialization assembly,excitatory synapse assembly,0.8481666666666667,0.3841428571428571,0.715
all,GO:1903317,26,GO:0006457,1.3943565325648524,73,regulation of protein maturation,protein folding,0.9034594594594595,0.36257142857142854,0.739
all,GO:0009265,8,GO:0019693,1.3943565325648524,14,2'-deoxyribonucleotide biosynthetic process,ribose phosphate metabolic process,0.8987657657657656,0.35850000000000004,0.582
all,GO:0016064,54,GO:0002888,1.3943565325648524,209,immunoglobulin mediated immune response,positive regulation of myeloid leukocyte mediated immunity,0.9757815315315315,0.354,0.708
all,GO:0019724,54,GO:0002888,1.3943565325648524,212,B cell mediated immunity,positive regulation of myeloid leukocyte mediated immunity,0.9757364864864864,0.3538,0.71
all,GO:0009263,3,GO:0006163,1.3943565325648524,14,deoxyribonucleotide biosynthetic process,purine nucleotide metabolic process,0.8986081081081081,0.3242105263157895,0.729
all,GO:0030514,13,GO:0071772,1.3943565325648524,74,negative regulation of BMP signaling pathway,response to BMP,0.9332432432432433,0.2707142857142857,0.913
all,GO:0006694,19,GO:0016126,1.3943565325648524,191,steroid biosynthetic process,sterol biosynthetic process,0.9226126126126127,0.24728571428571433,0.919
all,GO:0072207,16,GO:0072073,1.3943565325648524,28,metanephric epithelium development,kidney epithelium development,0.8603468468468469,0.2102608695652174,0.877
all,GO:0072243,16,GO:0072073,1.3943565325648524,25,metanephric nephron epithelium development,kidney epithelium development,0.8605405405405405,0.19634782608695656,0.868
all,GO:0045766,25,GO:0035909,1.3920727928340133,189,positive regulation of angiogenesis,aorta morphogenesis,0.8297207207207207,0.402625,0.644
all,GO:0010833,5,GO:0033108,1.3899663737675663,75,telomere maintenance via telomere lengthening,mitochondrial respiratory chain complex assembly,0.8918716216216216,0.574764705882353,0.398
up,GO:0061614,1,GO:0061614,7.9581485978073,77,miRNA transcription,miRNA transcription,0.9503082437275986,0.16912499999999997,0
up,GO:1902893,1,GO:0061614,7.789312818692572,76,regulation of miRNA transcription,miRNA transcription,0.923415770609319,0.15849999999999997,0.999
up,GO:2000628,1,GO:0061614,7.692477880604825,92,regulation of miRNA metabolic process,miRNA transcription,0.9318458781362007,0.16249999999999998,0.959
up,GO:2000630,1,GO:0061614,6.276502827197259,67,positive regulation of miRNA metabolic process,miRNA transcription,0.9234695340501793,0.17374999999999996,0.935
up,GO:0071772,2,GO:0071772,6.197945325571032,184,response to BMP,response to BMP,0.9626881720430108,0.255,0
up,GO:0071773,2,GO:0071772,6.197945325571032,184,cellular response to BMP stimulus,response to BMP,0.962584229390681,0.2508571428571429,0.998
up,GO:0048709,3,GO:0048709,6.037897109388777,110,oligodendrocyte differentiation,oligodendrocyte differentiation,0.793921146953405,0.25122222222222224,0
up,GO:0010586,1,GO:0061614,5.8809997017472195,110,miRNA metabolic process,miRNA transcription,0.9596272401433692,0.17012499999999997,0.974
up,GO:0045665,4,GO:0045665,5.559662917717975,73,negative regulation of neuron differentiation,negative regulation of neuron differentiation,0.7856451612903226,0.64825,0
up,GO:0072073,5,GO:0072073,5.532582988251397,153,kidney epithelium development,kidney epithelium development,0.7545089605734767,0.1611304347826087,0
up,GO:1902895,1,GO:0061614,5.484061446494358,56,positive regulation of miRNA transcription,miRNA transcription,0.9140071684587814,0.17012499999999997,0.974
up,GO:0061326,5,GO:0072073,5.434387289826459,105,renal tubule development,kidney epithelium development,0.7625913978494624,0.21013043478260873,0.818
up,GO:0030509,2,GO:0071772,5.2161785770783275,172,BMP signaling pathway,response to BMP,0.9212437275985663,0.249,0.99
up,GO:0014013,3,GO:0048709,4.980455406218397,112,regulation of gliogenesis,oligodendrocyte differentiation,0.7588315412186379,0.252,0.802
up,GO:0045667,6,GO:0045667,4.95349286983113,156,regulation of osteoblast differentiation,regulation of osteoblast differentiation,0.809831541218638,0.38475000000000004,0
up,GO:0072080,5,GO:0072073,4.95349286983113,101,nephron tubule development,kidney epithelium development,0.7504695340501792,0.1343913043478261,0.954
up,GO:0002064,7,GO:0002064,4.566816487335809,219,epithelial cell development,epithelial cell development,0.792505376344086,0.4193684210526316,0
up,GO:0048710,3,GO:0048709,4.436648103267612,33,regulation of astrocyte differentiation,oligodendrocyte differentiation,0.7838745519713262,0.2691111111111111,0.778
up,GO:0045685,3,GO:0048709,4.436648103267612,80,regulation of glial cell differentiation,oligodendrocyte differentiation,0.7715340501792115,0.24005555555555558,0.834
up,GO:0001823,5,GO:0072073,4.356639508254086,105,mesonephros development,kidney epithelium development,0.7940537634408602,0.21399999999999997,0.823
up,GO:0016126,8,GO:0016126,4.307012629855117,72,sterol biosynthetic process,sterol biosynthetic process,0.9324014336917562,0.22835714285714281,0
up,GO:0021782,3,GO:0048709,4.180140389959676,136,glial cell development,oligodendrocyte differentiation,0.7931720430107527,0.26261111111111113,0.867
up,GO:0048660,9,GO:0048660,4.058400146267092,174,regulation of smooth muscle cell proliferation,regulation of smooth muscle cell proliferation,0.9180931899641577,0.3478888888888889,0
up,GO:0045686,3,GO:0048709,3.98037314970915,28,negative regulation of glial cell differentiation,oligodendrocyte differentiation,0.7685770609318996,0.23611111111111116,0.776
up,GO:0048505,4,GO:0045665,3.9608983103430826,12,regulation of timing of cell differentiation,negative regulation of neuron differentiation,0.8495053763440861,0.5135,0.466
up,GO:0061333,5,GO:0072073,3.8355517144960527,82,renal tubule morphogenesis,kidney epithelium development,0.7572293906810036,0.2202173913043478,0.796
up,GO:0072078,5,GO:0072073,3.7699373186005523,78,nephron tubule morphogenesis,kidney epithelium development,0.7417526881720431,0.12678260869565217,0.928
up,GO:0106118,8,GO:0016126,3.7510673600961106,30,regulation of sterol biosynthetic process,sterol biosynthetic process,0.9097240143369175,0.1745,0.924
up,GO:0045540,8,GO:0016126,3.7510673600961106,30,regulation of cholesterol biosynthetic process,sterol biosynthetic process,0.9043548387096774,0.1586428571428572,0.924
up,GO:0048708,3,GO:0048709,3.7260928715536332,90,astrocyte differentiation,oligodendrocyte differentiation,0.7992258064516129,0.2757222222222222,0.842
up,GO:1904705,9,GO:0048660,3.7247524739876927,94,regulation of vascular associated smooth muscle cell proliferation,regulation of smooth muscle cell proliferation,0.9208745519713262,0.3642777777777778,0.952
up,GO:0072088,5,GO:0072073,3.7017109817153115,80,nephron epithelium morphogenesis,kidney epithelium development,0.7491756272401433,0.14356521739130435,0.94
up,GO:0030278,6,GO:0045667,3.6469381759054613,125,regulation of ossification,regulation of osteoblast differentiation,0.8788136200716846,0.386,0.786
up,GO:1990874,9,GO:0048660,3.599443722930885,96,vascular associated smooth muscle cell proliferation,regulation of smooth muscle cell proliferation,0.9448172043010753,0.3761111111111112,0.95
up,GO:0072009,5,GO:0072073,3.597039204013562,123,nephron epithelium development,kidney epithelium development,0.7566989247311828,0.1443478260869565,0.976
up,GO:0040034,4,GO:0045665,3.5661301937639047,13,"regulation of development, heterochronic",negative regulation of neuron differentiation,0.8704802867383512,0.54975,0.395
up,GO:0072028,5,GO:0072073,3.5661301937639047,82,nephron morphogenesis,kidney epithelium development,0.7777813620071684,0.17956521739130438,0.821
up,GO:0072164,5,GO:0072073,3.5235942141994183,101,mesonephric tubule development,kidney epithelium development,0.7544802867383512,0.16886956521739127,0.948
up,GO:0072163,5,GO:0072073,3.5235942141994183,101,mesonephric epithelium development,kidney epithelium development,0.7632508960573476,0.16865217391304343,0.948
up,GO:0014014,3,GO:0048709,3.5050753585357666,45,negative regulation of gliogenesis,oligodendrocyte differentiation,0.7654910394265233,0.27427777777777773,0.752
up,GO:0001657,5,GO:0072073,3.494696717915791,100,ureteric bud development,kidney epithelium development,0.7562544802867384,0.1738260869565218,0.94
up,GO:0048659,9,GO:0048660,3.4301986478973463,178,smooth muscle cell proliferation,regulation of smooth muscle cell proliferation,0.943179211469534,0.36077777777777775,0.996
up,GO:0030510,2,GO:0071772,3.4301986478973463,124,regulation of BMP signaling pathway,response to BMP,0.9214659498207886,0.2517142857142858,0.944
up,GO:0003158,7,GO:0002064,3.3991553631566385,148,endothelium development,epithelial cell development,0.8234659498207886,0.4426315789473685,0.624
up,GO:0097150,10,GO:0097150,3.331534023657952,25,neuronal stem cell population maintenance,neuronal stem cell population maintenance,0.8952903225806451,1,0
up,GO:0045940,8,GO:0016126,3.331534023657952,32,positive regulation of steroid metabolic process,sterol biosynthetic process,0.9118709677419355,0.19714285714285718,0.693
up,GO:1902653,11,GO:1902653,3.287600081541421,65,secondary alcohol biosynthetic process,secondary alcohol biosynthetic process,0.945810035842294,0.2825714285714286,0
up,GO:0006695,11,GO:1902653,3.287600081541421,65,cholesterol biosynthetic process,secondary alcohol biosynthetic process,0.9295913978494623,0.28114285714285714,0.999
up,GO:0030856,7,GO:0002064,3.2602753876277033,172,regulation of epithelial cell differentiation,epithelial cell development,0.7401254480286739,0.39568421052631575,0.757
up,GO:0072006,5,GO:0072073,3.2602753876277033,160,nephron development,kidney epithelium development,0.7836559139784947,0.1744782608695652,0.869
up,GO:0090181,8,GO:0016126,3.238714505899761,46,regulation of cholesterol metabolic process,sterol biosynthetic process,0.9072508960573477,0.19092857142857145,0.843
up,GO:0071294,12,GO:0071294,3.194728674234933,24,cellular response to zinc ion,cellular response to zinc ion,0.9547132616487455,0.38639999999999997,0
up,GO:0090205,8,GO:0016126,3.1923426852422776,19,positive regulation of cholesterol metabolic process,sterol biosynthetic process,0.9020860215053763,0.18421428571428566,0.791
up,GO:0035909,13,GO:0035909,3.13710978970555,38,aorta morphogenesis,aorta morphogenesis,0.8143440860215054,0.389375,0
up,GO:0021781,14,GO:0021781,3.1091049186817608,13,glial cell fate commitment,glial cell fate commitment,0.8214086021505377,0.47425000000000006,0
up,GO:0043583,15,GO:0043583,3.1080524709692647,229,ear development,ear development,0.8446129032258065,0.5531111111111111,0
up,GO:0048864,16,GO:0048864,3.0702057458992402,86,stem cell development,stem cell development,0.8558888888888889,0.4576,0
up,GO:0060711,15,GO:0043583,3.047585563267826,47,labyrinthine layer development,ear development,0.835921146953405,0.4377777777777778,0.381
up,GO:2000811,17,GO:2000811,3.0381769265656486,19,negative regulation of anoikis,negative regulation of anoikis,0.9519641577060932,0.40980000000000005,0
up,GO:2000209,17,GO:2000811,2.9929549777121585,25,regulation of anoikis,negative regulation of anoikis,0.9596236559139785,0.402,0.981
up,GO:0060411,18,GO:0060411,2.9403951773091355,74,cardiac septum morphogenesis,cardiac septum morphogenesis,0.7989677419354839,0.4392307692307692,0
up,GO:0051145,19,GO:0051145,2.9403951773091355,79,smooth muscle cell differentiation,smooth muscle cell differentiation,0.8529534050179212,0.3524285714285714,0
up,GO:0085029,20,GO:0085029,2.9053251842794823,56,extracellular matrix assembly,extracellular matrix assembly,0.975910394265233,0.3385,0
up,GO:0038066,21,GO:0038066,2.8704870080004525,60,p38MAPK cascade,p38MAPK cascade,0.9408781362007168,0.45366666666666666,0
up,GO:0030178,22,GO:0030178,2.840291734649878,181,negative regulation of Wnt signaling pathway,negative regulation of Wnt signaling pathway,0.9209534050179211,0.5432,0
up,GO:0060716,15,GO:0043583,2.831973232063305,20,labyrinthine layer blood vessel development,ear development,0.8239641577060932,0.44266666666666665,0.357
up,GO:1903825,23,GO:1903825,2.831973232063305,159,organic acid transmembrane transport,organic acid transmembrane transport,0.9564874551971326,0.31800000000000006,0
up,GO:0060675,5,GO:0072073,2.831973232063305,68,ureteric bud morphogenesis,kidney epithelium development,0.7439677419354838,0.11669565217391309,0.912
up,GO:0072171,5,GO:0072073,2.831973232063305,69,mesonephric tubule morphogenesis,kidney epithelium development,0.7427598566308244,0.11334782608695648,0.917
up,GO:0002065,7,GO:0002064,2.8314219804282064,132,columnar/cuboidal epithelial cell differentiation,epithelial cell development,0.801415770609319,0.41747368421052633,0.749
up,GO:0035265,24,GO:0035265,2.7495549983758236,181,organ growth,organ growth,0.8664301075268817,0.2734,0
up,GO:2000177,9,GO:0048660,2.746829796062489,103,regulation of neural precursor cell proliferation,regulation of smooth muscle cell proliferation,0.9267455197132617,0.42488888888888887,0.566
up,GO:1902692,9,GO:0048660,2.7464402783885404,54,regulation of neuroblast proliferation,regulation of smooth muscle cell proliferation,0.7810358422939068,0.4387777777777778,0.538
up,GO:0045445,19,GO:0051145,2.7167358399215886,115,myoblast differentiation,smooth muscle cell differentiation,0.8510609318996416,0.362,0.67
up,GO:0090090,22,GO:0030178,2.7134022547029226,149,negative regulation of canonical Wnt signaling pathway,negative regulation of Wnt signaling pathway,0.9224802867383513,0.5486,0.976
up,GO:0048844,13,GO:0035909,2.7134022547029226,83,artery morphogenesis,aorta morphogenesis,0.8023584229390681,0.369,0.935
up,GO:0002067,7,GO:0002064,2.672591746664788,73,glandular epithelial cell differentiation,epithelial cell development,0.8095519713261649,0.43994736842105264,0.716
up,GO:2000179,9,GO:0048660,2.637125270829686,64,positive regulation of neural precursor cell proliferation,regulation of smooth muscle cell proliferation,0.9176917562724014,0.4295,0.545
up,GO:0010893,8,GO:0016126,2.620938915592608,27,positive regulation of steroid biosynthetic process,sterol biosynthetic process,0.9101146953405018,0.1777142857142857,0.779
up,GO:0048754,18,GO:0060411,2.6060659298742133,158,branching morphogenesis of an epithelial tube,cardiac septum morphogenesis,0.7715412186379929,0.4893846153846154,0.427
up,GO:2000629,1,GO:0061614,2.5990530735244426,30,negative regulation of miRNA metabolic process,miRNA transcription,0.928505376344086,0.20099999999999996,0.882
up,GO:0048839,15,GO:0043583,2.5941274920876127,202,inner ear development,ear development,0.8461397849462365,0.5562222222222222,0.987
up,GO:0048715,3,GO:0048709,2.5941274920876127,14,negative regulation of oligodendrocyte differentiation,oligodendrocyte differentiation,0.7762544802867384,0.24527777777777782,0.857
up,GO:1904707,9,GO:0048660,2.5925823874517833,53,positive regulation of vascular associated smooth muscle cell proliferation,regulation of smooth muscle cell proliferation,0.912752688172043,0.37377777777777776,0.912
up,GO:0044703,25,GO:0044703,2.5549279366739297,210,multi-organism reproductive process,multi-organism reproductive process,0.9927168458781362,0.506,0
up,GO:1901201,20,GO:0085029,2.5549279366739297,29,regulation of extracellular matrix assembly,extracellular matrix assembly,0.9512795698924731,0.28500000000000003,0.955
up,GO:0014855,9,GO:0048660,2.5166643129552355,85,striated muscle cell proliferation,regulation of smooth muscle cell proliferation,0.9451146953405017,0.39561111111111114,0.887
up,GO:0060993,5,GO:0072073,2.515017537372747,99,kidney morphogenesis,kidney epithelium development,0.7780860215053764,0.20443478260869563,0.832
up,GO:0043276,17,GO:2000811,2.498889621655691,35,anoikis,negative regulation of anoikis,0.9835197132616488,0.42900000000000005,0.961
up,GO:0050810,8,GO:0016126,2.49214438119782,86,regulation of steroid biosynthetic process,sterol biosynthetic process,0.9146666666666666,0.16921428571428565,0.848
up,GO:0051216,7,GO:0002064,2.4856670760113793,209,cartilage development,epithelial cell development,0.793189964157706,0.5234736842105263,0.536
up,GO:1900744,21,GO:0038066,2.4695106858412577,44,regulation of p38MAPK cascade,p38MAPK cascade,0.9364623655913978,0.44733333333333336,0.974
up,GO:0006865,26,GO:0006865,2.4695106858412577,165,amino acid transport,amino acid transport,0.9662616487455197,0.29500000000000004,0
up,GO:0003151,18,GO:0060411,2.461548835958174,82,outflow tract morphogenesis,cardiac septum morphogenesis,0.8016344086021505,0.4629230769230769,0.755
up,GO:0001658,5,GO:0072073,2.461548835958174,61,branching involved in ureteric bud morphogenesis,kidney epithelium development,0.7452580645161291,0.13008695652173918,0.896
up,GO:0014015,3,GO:0048709,2.454963203250958,74,positive regulation of gliogenesis,oligodendrocyte differentiation,0.7562831541218638,0.27149999999999996,0.773
up,GO:0002052,9,GO:0048660,2.410506686306117,37,positive regulation of neuroblast proliferation,regulation of smooth muscle cell proliferation,0.7525448028673836,0.4388888888888889,0.523
up,GO:0035914,7,GO:0002064,2.4085776539468555,80,skeletal muscle cell differentiation,epithelial cell development,0.7986702508960574,0.5124210526315789,0.486
up,GO:0060586,27,GO:0060586,2.4002406590249032,28,multicellular organismal-level iron ion homeostasis,multicellular organismal-level iron ion homeostasis,0.9184086021505377,0.5102,0
up,GO:0060324,28,GO:0060324,2.3826339631958406,53,face development,face development,0.8911326164874552,0.589,0
up,GO:0071391,2,GO:0071772,2.3826339631958406,19,cellular response to estrogen stimulus,response to BMP,0.9549032258064516,0.5578571428571428,0.513
up,GO:0035270,29,GO:0035270,2.3440182198116566,138,endocrine system development,endocrine system development,0.8429749103942652,0.5575,0
up,GO:0035148,30,GO:0035148,2.3387154349772743,142,tube formation,tube formation,0.8156200716845878,0.36140000000000005,0
up,GO:0061138,18,GO:0060411,2.3351046074891126,190,morphogenesis of a branching epithelium,cardiac septum morphogenesis,0.7846881720430108,0.4793076923076923,0.437
up,GO:0048713,3,GO:0048709,2.3228211128083034,46,regulation of oligodendrocyte differentiation,oligodendrocyte differentiation,0.7774121863799284,0.24272222222222217,0.927
up,GO:0042633,31,GO:0042633,2.302211296085196,120,hair cycle,hair cycle,0.9068351254480287,0.2086,0
up,GO:0042303,31,GO:0042633,2.302211296085196,120,molting cycle,hair cycle,0.9068351254480287,0.2086,0.999
up,GO:1904861,32,GO:1904861,2.301283504628888,41,excitatory synapse assembly,excitatory synapse assembly,0.8278853046594983,0.36257142857142854,0
up,GO:0072175,30,GO:0035148,2.301283504628888,128,epithelial tube formation,tube formation,0.7759749103942652,0.36119999999999997,0.991
up,GO:0030513,2,GO:0071772,2.285998622058682,41,positive regulation of BMP signaling pathway,response to BMP,0.9159605734767026,0.30628571428571427,0.857
up,GO:0003407,15,GO:0043583,2.2813579184466195,88,neural retina development,ear development,0.8311254480286738,0.5982222222222222,0.752
up,GO:0106120,8,GO:0016126,2.2813579184466195,14,positive regulation of sterol biosynthetic process,sterol biosynthetic process,0.9040609318996417,0.16592857142857143,0.876
up,GO:0045542,8,GO:0016126,2.2813579184466195,14,positive regulation of cholesterol biosynthetic process,sterol biosynthetic process,0.8988279569892473,0.1537142857142857,0.876
up,GO:0018212,33,GO:0018212,2.2761784816969994,206,peptidyl-tyrosine modification,peptidyl-tyrosine modification,0.9713512544802867,0.41033333333333333,0
up,GO:0001892,15,GO:0043583,2.244179967670909,87,embryonic placenta development,ear development,0.8289928315412186,0.42666666666666664,0.4
up,GO:0022405,31,GO:0042633,2.244179967670909,99,hair cycle process,hair cycle,0.9077132616487456,0.20620000000000005,0.987
up,GO:0022404,31,GO:0042633,2.244179967670909,99,molting cycle process,hair cycle,0.9077132616487456,0.20620000000000005,0.987
up,GO:0045446,7,GO:0002064,2.2412274134912606,125,endothelial cell differentiation,epithelial cell development,0.802394265232975,0.4042631578947369,0.739
up,GO:0014003,3,GO:0048709,2.2412274134912606,50,oligodendrocyte development,oligodendrocyte differentiation,0.8040824372759857,0.28122222222222226,0.932
up,GO:0048661,9,GO:0048660,2.2341092080445546,101,positive regulation of smooth muscle cell proliferation,regulation of smooth muscle cell proliferation,0.9096774193548387,0.358,0.955
up,GO:0060043,24,GO:0035265,2.20393398620371,49,regulation of cardiac muscle cell proliferation,organ growth,0.7183405017921147,0.243,0.896
up,GO:0098773,7,GO:0002064,2.2002689043292283,132,skin epidermis development,epithelial cell development,0.8101397849462366,0.44905263157894737,0.613
up,GO:0030857,7,GO:0002064,2.2001297409622116,56,negative regulation of epithelial cell differentiation,epithelial cell development,0.7533405017921146,0.4391578947368421,0.695
up,GO:0007565,25,GO:0044703,2.1951477186932276,189,female pregnancy,multi-organism reproductive process,0.9070860215053763,0.506,0.988
up,GO:0001941,32,GO:1904861,2.1825377549774467,42,postsynaptic membrane organization,excitatory synapse assembly,0.9760609318996416,0.43385714285714283,0.634
up,GO:0043114,34,GO:0043114,2.17975830577337,50,regulation of vascular permeability,regulation of vascular permeability,0.8962222222222223,0.5093333333333333,0
up,GO:0010594,35,GO:0010594,2.178291757385889,235,regulation of endothelial cell migration,regulation of endothelial cell migration,0.9620752688172043,1,0
up,GO:0150104,34,GO:0043114,2.178291757385889,88,transport across blood-brain barrier,regulation of vascular permeability,0.8902508960573476,0.4645,0.795
up,GO:0010232,34,GO:0043114,2.178291757385889,88,vascular transport,regulation of vascular permeability,0.8902508960573476,0.4645,0.795
up,GO:0009913,7,GO:0002064,2.178291757385889,251,epidermal cell differentiation,epithelial cell development,0.7913440860215054,0.37168421052631584,0.78
up,GO:0060977,13,GO:0035909,2.159646926093897,19,coronary vasculature morphogenesis,aorta morphogenesis,0.8106989247311828,0.49124999999999996,0.561
up,GO:0044706,36,GO:0044706,2.145317598006119,218,multi-multicellular organism process,multi-multicellular organism process,0.9120035842293907,1,0
up,GO:0014032,16,GO:0048864,2.145317598006119,80,neural crest cell development,stem cell development,0.8038637992831541,0.42679999999999996,0.994
up,GO:0001942,31,GO:0042633,2.145317598006119,96,hair follicle development,hair cycle,0.7907956989247311,0.20799999999999996,0.984
up,GO:0060674,15,GO:0043583,2.1449858414489205,33,placenta blood vessel development,ear development,0.8217777777777777,0.45411111111111113,0.369
up,GO:0001570,13,GO:0035909,2.144155624211805,86,vasculogenesis,aorta morphogenesis,0.788989247311828,0.450125,0.611
up,GO:1902930,11,GO:1902653,2.1439506422693646,58,regulation of alcohol biosynthetic process,secondary alcohol biosynthetic process,0.9234731182795699,0.2835714285714286,0.865
up,GO:0032291,3,GO:0048709,2.1276377395900297,27,axon ensheathment in central nervous system,oligodendrocyte differentiation,0.8469068100358423,0.6172777777777778,0.39
up,GO:0043500,34,GO:0043114,2.1276377395900297,122,muscle adaptation,regulation of vascular permeability,0.8896810035842294,0.4813333333333333,0.467
up,GO:0038083,33,GO:0018212,2.1276377395900297,17,peptidyl-tyrosine autophosphorylation,peptidyl-tyrosine modification,0.9696021505376344,0.4613333333333334,0.827
up,GO:0022010,3,GO:0048709,2.1276377395900297,27,central nervous system myelination,oligodendrocyte differentiation,0.8092329749103943,0.2706666666666667,0.895
up,GO:0072091,9,GO:0048660,2.126059016487248,96,regulation of stem cell proliferation,regulation of smooth muscle cell proliferation,0.9333799283154122,0.5228888888888888,0.561
up,GO:1902894,1,GO:0061614,2.0848950413875995,28,negative regulation of miRNA transcription,miRNA transcription,0.9203154121863799,0.193125,0.924
up,GO:0001708,14,GO:0021781,2.0820009966385835,110,cell fate specification,glial cell fate commitment,0.86284229390681,0.4205,0.722
up,GO:0072337,37,GO:0072337,2.0291281202126914,40,modified amino acid transport,modified amino acid transport,0.9747168458781362,0.6467499999999999,0
up,GO:0019218,8,GO:0016126,2.0151530689312875,110,regulation of steroid metabolic process,sterol biosynthetic process,0.9161326164874553,0.1903571428571429,0.759
up,GO:0048663,14,GO:0021781,1.9929086751687475,75,neuron fate commitment,glial cell fate commitment,0.816663082437276,0.4297500000000001,0.705
up,GO:0002011,7,GO:0002064,1.9691373390895681,64,morphogenesis of an epithelial sheet,epithelial cell development,0.8190501792114695,0.5141052631578947,0.578
up,GO:0010224,38,GO:0010224,1.9674544091786905,21,response to UV-B,response to UV-B,0.9750573476702509,0.6220000000000001,0
up,GO:0055017,24,GO:0035265,1.9584701720955795,92,cardiac muscle tissue growth,organ growth,0.7794695340501792,0.24340000000000006,0.949
up,GO:0043502,34,GO:0043114,1.940416379724296,96,regulation of muscle adaptation,regulation of vascular permeability,0.8557670250896057,0.4698333333333333,0.459
up,GO:0009649,39,GO:0009649,1.9400408919800891,30,entrainment of circadian clock,entrainment of circadian clock,0.9557992831541219,0.5589999999999999,0
up,GO:0097107,32,GO:1904861,1.9360715606683496,29,postsynaptic density assembly,excitatory synapse assembly,0.831268817204301,0.31585714285714284,0.971
up,GO:0051591,40,GO:0051591,1.9144211386524956,91,response to cAMP,response to cAMP,0.9676415770609319,0.6166,0
up,GO:0030323,30,GO:0035148,1.9088864204033313,202,respiratory tube development,tube formation,0.8037455197132617,0.5034000000000001,0.624
up,GO:0060045,24,GO:0035265,1.9088864204033313,32,positive regulation of cardiac muscle cell proliferation,organ growth,0.7184982078853046,0.2612,0.866
up,GO:0097501,12,GO:0071294,1.9078829145667535,21,stress response to metal ion,cellular response to zinc ion,0.967010752688172,0.4646,0.661
up,GO:0010043,12,GO:0071294,1.9078829145667535,52,response to zinc ion,cellular response to zinc ion,0.9645878136200717,0.38680000000000003,0.961
up,GO:1905039,23,GO:1903825,1.8927270026136656,156,carboxylic acid transmembrane transport,organic acid transmembrane transport,0.9565125448028674,0.3174,0.995
up,GO:0045661,19,GO:0051145,1.8810926033202884,76,regulation of myoblast differentiation,smooth muscle cell differentiation,0.8184587813620071,0.3681428571428571,0.651
up,GO:0014009,3,GO:0048709,1.8751739763421351,61,glial cell proliferation,oligodendrocyte differentiation,0.7825878136200717,0.3246111111111111,0.769
up,GO:0030878,29,GO:0035270,1.8658292556193992,31,thyroid gland development,endocrine system development,0.8403691756272401,0.5575,0.885
up,GO:0034332,32,GO:1904861,1.8658292556193992,58,adherens junction organization,excitatory synapse assembly,0.9779820788530466,0.5081428571428572,0.582
up,GO:0071280,12,GO:0071294,1.849952385237547,25,cellular response to copper ion,cellular response to zinc ion,0.9553440860215053,0.38939999999999997,0.75
up,GO:0014033,16,GO:0048864,1.84924662726824,93,neural crest cell differentiation,stem cell development,0.8065483870967742,0.4736,0.854
up,GO:0070374,21,GO:0038066,1.8489329986877667,197,positive regulation of ERK1 and ERK2 cascade,p38MAPK cascade,0.9180716845878136,0.5503333333333333,0.665
up,GO:0016125,8,GO:0016126,1.848769093608738,159,sterol metabolic process,sterol biosynthetic process,0.9348351254480287,0.2530714285714286,0.939
up,GO:0060038,9,GO:0048660,1.8426428823802172,61,cardiac muscle cell proliferation,regulation of smooth muscle cell proliferation,0.7457777777777778,0.4071111111111111,0.867
up,GO:0072578,32,GO:1904861,1.8307998813026976,18,neurotransmitter-gated ion channel clustering,excitatory synapse assembly,0.9598960573476703,0.49628571428571433,0.599
up,GO:0050731,33,GO:0018212,1.8137620498283993,118,positive regulation of peptidyl-tyrosine phosphorylation,peptidyl-tyrosine modification,0.9233440860215054,0.42300000000000004,0.942
up,GO:0001763,18,GO:0060411,1.8103149720912948,207,morphogenesis of a branching structure,cardiac septum morphogenesis,0.840336917562724,0.5223846153846154,0.439
up,GO:0120161,27,GO:0060586,1.8077650411294963,151,regulation of cold-induced thermogenesis,multicellular organismal-level iron ion homeostasis,0.8567670250896058,0.4588,0.634
up,GO:0097084,19,GO:0051145,1.7948946517119484,12,vascular associated smooth muscle cell development,smooth muscle cell differentiation,0.8214229390681004,0.4025714285714286,0.876
up,GO:0042939,37,GO:0072337,1.7816694250591902,12,tripeptide transport,modified amino acid transport,0.9743189964157706,0.471,0.433
up,GO:0009952,41,GO:0009952,1.781425417218404,220,anterior/posterior pattern specification,anterior/posterior pattern specification,0.8524193548387097,0.7993333333333333,0
up,GO:0003206,18,GO:0060411,1.7803499268473972,129,cardiac chamber morphogenesis,cardiac septum morphogenesis,0.7879426523297491,0.41230769230769226,0.942
up,GO:0007204,42,GO:0007204,1.7745132782728938,170,positive regulation of cytosolic calcium ion concentration,positive regulation of cytosolic calcium ion concentration,0.9696953405017921,0.571,0
up,GO:0007405,9,GO:0048660,1.7734289247621717,83,neuroblast proliferation,regulation of smooth muscle cell proliferation,0.78684229390681,0.44333333333333336,0.524
up,GO:0045669,6,GO:0045667,1.7723303679040743,77,positive regulation of osteoblast differentiation,regulation of osteoblast differentiation,0.8070645161290323,0.40275000000000005,0.949
up,GO:0045598,4,GO:0045665,1.771508066187974,147,regulation of fat cell differentiation,negative regulation of neuron differentiation,0.8266164874551971,0.64,0.546
up,GO:1902475,26,GO:0006865,1.771508066187974,80,L-alpha-amino acid transmembrane transport,amino acid transport,0.9498351254480287,0.28459999999999996,0.905
up,GO:1901203,20,GO:0085029,1.7703378788396713,15,positive regulation of extracellular matrix assembly,extracellular matrix assembly,0.9411541218637993,0.30200000000000005,0.921
up,GO:0010522,42,GO:0007204,1.7693107388364682,20,regulation of calcium ion transport into cytosol,positive regulation of cytosolic calcium ion concentration,0.9408028673835125,0.571,0.858
up,GO:0106106,27,GO:0060586,1.7544288829670294,153,cold-induced thermogenesis,multicellular organismal-level iron ion homeostasis,0.8934229390681003,0.45840000000000003,0.635
up,GO:0036294,38,GO:0010224,1.7117433734910152,163,cellular response to decreased oxygen levels,response to UV-B,0.9501146953405017,0.4786666666666667,0.568
up,GO:0060343,18,GO:0060411,1.6970410184283589,27,trabecula formation,cardiac septum morphogenesis,0.846673835125448,0.5146923076923077,0.526
up,GO:0006835,23,GO:1903825,1.6919395205923395,106,dicarboxylic acid transport,organic acid transmembrane transport,0.9658853046594982,0.3116,0.814
up,GO:0021915,30,GO:0035148,1.6895710478696084,151,neural tube development,tube formation,0.7717096774193548,0.5142,0.597
up,GO:0001709,14,GO:0021781,1.6759481337715472,43,cell fate determination,glial cell fate commitment,0.8723189964157706,0.4465,0.676
up,GO:0060251,3,GO:0048709,1.6759481337715472,42,regulation of glial cell proliferation,oligodendrocyte differentiation,0.7748028673835126,0.34411111111111115,0.743
up,GO:0043153,39,GO:0009649,1.6743829967617494,25,entrainment of circadian clock by photoperiod,entrainment of circadian clock,0.950562724014337,0.52,0.989
up,GO:0021885,28,GO:0060324,1.6733770494097282,65,forebrain cell migration,face development,0.8140860215053763,0.5516666666666667,0.604
up,GO:0008593,22,GO:0030178,1.6733770494097282,105,regulation of Notch signaling pathway,negative regulation of Wnt signaling pathway,0.9334229390681004,0.5516000000000001,0.449
up,GO:1902932,11,GO:1902653,1.6605889101167501,30,positive regulation of alcohol biosynthetic process,secondary alcohol biosynthetic process,0.9162186379928315,0.31114285714285717,0.825
up,GO:0003203,18,GO:0060411,1.658138305942786,41,endocardial cushion morphogenesis,cardiac septum morphogenesis,0.7813189964157706,0.4292307692307692,0.732
up,GO:0045662,19,GO:0051145,1.658138305942786,27,negative regulation of myoblast differentiation,smooth muscle cell differentiation,0.8232437275985663,0.40314285714285714,0.605
up,GO:0003333,26,GO:0006865,1.6529338348993625,108,amino acid transmembrane transport,amino acid transport,0.9575555555555556,0.27959999999999996,0.937
up,GO:0071216,43,GO:0071216,1.6391394743153789,269,cellular response to biotic stimulus,cellular response to biotic stimulus,0.9631218637992831,0.5105,0
up,GO:0045747,22,GO:0030178,1.63662581527168,50,positive regulation of Notch signaling pathway,negative regulation of Wnt signaling pathway,0.924989247311828,0.5672,0.421
up,GO:0014741,34,GO:0043114,1.63662581527168,37,negative regulation of muscle hypertrophy,regulation of vascular permeability,0.8804086021505376,0.5361666666666667,0.428
up,GO:0070613,44,GO:0070613,1.6293207749612257,67,regulation of protein processing,regulation of protein processing,0.9361899641577061,0.4956666666666667,0
up,GO:0061687,40,GO:0051591,1.6287322451077086,23,detoxification of inorganic compound,response to cAMP,0.9724802867383512,0.7385999999999999,0.326
up,GO:0015800,26,GO:0006865,1.6233349374287558,73,acidic amino acid transport,amino acid transport,0.969089605734767,0.31420000000000003,0.862
up,GO:0006882,27,GO:0060586,1.6220808867470837,37,intracellular zinc ion homeostasis,multicellular organismal-level iron ion homeostasis,0.9918279569892473,0.544,0.608
up,GO:0035904,13,GO:0035909,1.6220808867470837,67,aorta development,aorta morphogenesis,0.8318064516129032,0.389625,0.963
up,GO:0015740,23,GO:1903825,1.6220808867470837,28,C4-dicarboxylate transport,organic acid transmembrane transport,0.9676487455197132,0.3218,0.75
up,GO:0015813,26,GO:0006865,1.6220808867470837,33,L-glutamate transmembrane transport,amino acid transport,0.9514659498207886,0.28580000000000005,0.821
up,GO:0060055,13,GO:0035909,1.6164785211735375,34,angiogenesis involved in wound healing,aorta morphogenesis,0.7970250896057347,0.47262499999999996,0.574
up,GO:0045604,7,GO:0002064,1.6057214395603332,60,regulation of epidermal cell differentiation,epithelial cell development,0.7555913978494624,0.3894736842105263,0.695
up,GO:0021987,28,GO:0060324,1.5986159247470828,130,cerebral cortex development,face development,0.8119964157706093,0.5433333333333333,0.629
up,GO:0072348,45,GO:0072348,1.5920591528733519,66,sulfur compound transport,sulfur compound transport,0.9780394265232976,1,0
up,GO:0033619,44,GO:0070613,1.5920591528733519,64,membrane protein proteolysis,regulation of protein processing,0.9759677419354839,0.718,0.519
up,GO:0090276,37,GO:0072337,1.5874808224930788,204,regulation of peptide hormone secretion,modified amino acid transport,0.9166666666666667,0.49350000000000005,0.525
up,GO:0071222,43,GO:0071216,1.5866476425202114,228,cellular response to lipopolysaccharide,cellular response to biotic stimulus,0.9475698924731183,0.5105,0.979
up,GO:0042220,40,GO:0051591,1.5865010798370263,58,response to cocaine,response to cAMP,0.9672437275985662,0.5516000000000001,0.618
up,GO:0048469,16,GO:0048864,1.5854107277919267,210,cell maturation,stem cell development,0.8498745519713262,0.571,0.462
up,GO:0010906,11,GO:1902653,1.5854107277919267,105,regulation of glucose metabolic process,secondary alcohol biosynthetic process,0.9345268817204301,0.5122857142857142,0.467
up,GO:0001838,30,GO:0035148,1.5854107277919267,115,embryonic epithelial tube formation,tube formation,0.7747992831541218,0.36140000000000005,0.981
up,GO:0072210,5,GO:0072073,1.5854107277919267,41,metanephric nephron development,kidney epithelium development,0.8050215053763441,0.23421739130434782,0.764
up,GO:0072273,5,GO:0072073,1.5854107277919267,24,metanephric nephron morphogenesis,kidney epithelium development,0.7958637992831541,0.2249565217391304,0.739
up,GO:0072170,5,GO:0072073,1.5854107277919267,24,metanephric tubule development,kidney epithelium development,0.7727706093189963,0.21852173913043482,0.865
up,GO:0072234,5,GO:0072073,1.5854107277919267,22,metanephric nephron tubule development,kidney epithelium development,0.76968458781362,0.17534782608695654,0.863
up,GO:0060512,18,GO:0060411,1.5778796376836517,28,prostate gland morphogenesis,cardiac septum morphogenesis,0.8188243727598566,0.4775384615384616,0.542
up,GO:0071456,38,GO:0010224,1.5613145895965137,156,cellular response to hypoxia,response to UV-B,0.9495913978494623,0.4793333333333334,0.566
up,GO:0048712,3,GO:0048709,1.5613145895965137,16,negative regulation of astrocyte differentiation,oligodendrocyte differentiation,0.7758566308243727,0.24988888888888894,0.743
up,GO:0003161,7,GO:0002064,1.560086821554265,37,cardiac conduction system development,epithelial cell development,0.7950752688172043,0.5300526315789473,0.471
up,GO:0033687,9,GO:0048660,1.5555380726086396,36,osteoblast proliferation,regulation of smooth muscle cell proliferation,0.958247311827957,0.5355555555555556,0.489
up,GO:0060438,15,GO:0043583,1.5533505669226702,19,trachea development,ear development,0.8509569892473118,0.7057777777777778,0.357
up,GO:0010811,46,GO:0010811,1.5519437754582222,126,positive regulation of cell-substrate adhesion,positive regulation of cell-substrate adhesion,0.9500035842293907,0.546,0
up,GO:0048745,7,GO:0002064,1.5373411001565793,27,smooth muscle tissue development,epithelial cell development,0.8495734767025089,0.5478421052631579,0.455
up,GO:0006857,37,GO:0072337,1.5373411001565793,19,oligopeptide transport,modified amino acid transport,0.9731218637992832,0.45525000000000004,0.455
up,GO:1904889,32,GO:1904861,1.5373411001565793,22,regulation of excitatory synapse assembly,excitatory synapse assembly,0.8148172043010753,0.3817142857142857,0.961
up,GO:0048010,22,GO:0030178,1.5372680288428573,62,vascular endothelial growth factor receptor signaling pathway,negative regulation of Wnt signaling pathway,0.9366272401433692,0.6662,0.438
up,GO:0046688,12,GO:0071294,1.5336275775346515,37,response to copper ion,cellular response to zinc ion,0.9649784946236559,0.38880000000000003,0.696
up,GO:0071496,39,GO:0009649,1.5288738240036244,75,cellular response to external stimulus,entrainment of circadian clock,0.9740716845878136,0.5575,0.388
up,GO:0071260,39,GO:0009649,1.5288738240036244,74,cellular response to mechanical stimulus,entrainment of circadian clock,0.9585949820788531,0.5165,0.387
up,GO:0030279,6,GO:0045667,1.5281099027885767,41,negative regulation of ossification,regulation of osteoblast differentiation,0.8798637992831541,0.4145,0.726
up,GO:0002070,16,GO:0048864,1.5233630703023122,27,epithelial cell maturation,stem cell development,0.8183906810035843,0.577,0.402
up,GO:0015810,23,GO:1903825,1.5198939955928288,20,aspartate transmembrane transport,organic acid transmembrane transport,0.9526236559139785,0.28680000000000005,0.851
up,GO:1902652,11,GO:1902653,1.5085172009950731,159,secondary alcohol metabolic process,secondary alcohol biosynthetic process,0.949663082437276,0.30114285714285716,0.935
up,GO:0007519,7,GO:0002064,1.5028609804392103,178,skeletal muscle tissue development,epithelial cell development,0.8025448028673835,0.48136842105263156,0.522
up,GO:0060740,18,GO:0060411,1.5028609804392103,26,prostate gland epithelium morphogenesis,cardiac septum morphogenesis,0.7847777777777778,0.42792307692307696,0.538
up,GO:0045687,3,GO:0048709,1.5028609804392103,46,positive regulation of glial cell differentiation,oligodendrocyte differentiation,0.7596666666666667,0.23372222222222216,0.798
up,GO:0001890,15,GO:0043583,1.4971441797366212,152,placenta development,ear development,0.8463476702508961,0.42500000000000004,0.419
up,GO:0033688,9,GO:0048660,1.4772935281732422,31,regulation of osteoblast proliferation,regulation of smooth muscle cell proliferation,0.9360394265232975,0.5247777777777778,0.518
up,GO:0001504,47,GO:0001504,1.4718647915943321,46,neurotransmitter uptake,neurotransmitter uptake,0.9763835125448029,0.5135000000000001,0
up,GO:0048645,18,GO:0060411,1.4705879310018284,70,animal organ formation,cardiac septum morphogenesis,0.8365053763440861,0.5203846153846154,0.569
up,GO:0060347,18,GO:0060411,1.4705879310018284,15,heart trabecula formation,cardiac septum morphogenesis,0.8188351254480287,0.4614615384615385,0.783
up,GO:0060837,7,GO:0002064,1.4667735270100413,14,blood vessel endothelial cell differentiation,epithelial cell development,0.7933655913978495,0.47684210526315796,0.634
up,GO:0035886,19,GO:0051145,1.4661917869814507,40,vascular associated smooth muscle cell differentiation,smooth muscle cell differentiation,0.8123620071684587,0.3648571428571429,0.948
up,GO:1903670,13,GO:0035909,1.463787804983149,64,regulation of sprouting angiogenesis,aorta morphogenesis,0.7691935483870967,0.439125,0.597
up,GO:0001678,27,GO:0060586,1.462546658754478,170,intracellular glucose homeostasis,multicellular organismal-level iron ion homeostasis,0.9915806451612903,0.5302,0.572
up,GO:2001236,17,GO:2000811,1.4542489557916545,164,regulation of extrinsic apoptotic signaling pathway,negative regulation of anoikis,0.9268494623655914,0.5102,0.524
up,GO:0048565,41,GO:0009952,1.4492864577176936,137,digestive tract development,anterior/posterior pattern specification,0.8213691756272402,0.5686666666666667,0.3
up,GO:1902041,17,GO:2000811,1.4486918081393394,49,regulation of extrinsic apoptotic signaling pathway via death domain receptors,negative regulation of anoikis,0.9324372759856631,0.5334,0.485
up,GO:0098810,47,GO:0001504,1.4486918081393394,35,neurotransmitter reuptake,neurotransmitter uptake,0.9702186379928316,0.5135000000000001,0.973
up,GO:0055021,24,GO:0035265,1.4486918081393394,68,regulation of cardiac muscle tissue growth,organ growth,0.749268817204301,0.2378,0.922
up,GO:0008203,11,GO:1902653,1.4461481154970903,148,cholesterol metabolic process,secondary alcohol biosynthetic process,0.9319032258064517,0.30214285714285716,0.931
up,GO:0007189,48,GO:0007189,1.4456308932705724,184,adenylate cyclase-activating G protein-coupled receptor signaling pathway,adenylate cyclase-activating G protein-coupled receptor signaling pathway,0.9401254480286738,1,0
up,GO:1903053,20,GO:0085029,1.421925416362212,74,regulation of extracellular matrix organization,extracellular matrix assembly,0.9519462365591398,0.346,0.77
up,GO:0001952,46,GO:0010811,1.421100014848152,125,regulation of cell-matrix adhesion,positive regulation of cell-substrate adhesion,0.9631290322580646,0.546,0.908
up,GO:0070167,7,GO:0002064,1.421100014848152,103,regulation of biomineral tissue development,epithelial cell development,0.7699784946236559,0.5364210526315789,0.5
up,GO:0044342,9,GO:0048660,1.4201089920244776,28,type B pancreatic cell proliferation,regulation of smooth muscle cell proliferation,0.9609462365591398,0.5742222222222222,0.479
up,GO:0045682,7,GO:0002064,1.4070171281949215,66,regulation of epidermis development,epithelial cell development,0.8099354838709678,0.5048421052631579,0.482
up,GO:0043279,40,GO:0051591,1.4063783119682303,103,response to alkaloid,response to cAMP,0.9666666666666667,0.5472,0.61
up,GO:0046889,8,GO:0016126,1.404604532938118,94,positive regulation of lipid biosynthetic process,sterol biosynthetic process,0.9120322580645162,0.26435714285714285,0.632
up,GO:0048771,49,GO:0048771,1.3966260537859654,191,tissue remodeling,tissue remodeling,0.9157741935483871,1,0
up,GO:0070555,40,GO:0051591,1.3943565325648524,116,response to interleukin-1,response to cAMP,0.9695197132616488,0.7168,0.363
up,GO:0035988,9,GO:0048660,1.3943565325648524,26,chondrocyte proliferation,regulation of smooth muscle cell proliferation,0.9611111111111111,0.5759444444444444,0.476
up,GO:0055123,41,GO:0009952,1.3943565325648524,148,digestive system development,anterior/posterior pattern specification,0.8436810035842294,0.5680000000000001,0.302
up,GO:1903317,44,GO:0070613,1.3943565325648524,73,regulation of protein maturation,regulation of protein processing,0.9365806451612904,0.5596666666666666,0.994
up,GO:0022612,18,GO:0060411,1.3943565325648524,127,gland morphogenesis,cardiac septum morphogenesis,0.8278387096774193,0.4452307692307692,0.6
up,GO:0051147,19,GO:0051145,1.3943565325648524,166,regulation of muscle cell differentiation,smooth muscle cell differentiation,0.8088351254480286,0.39628571428571424,0.783
up,GO:0098698,32,GO:1904861,1.3943565325648524,36,postsynaptic specialization assembly,excitatory synapse assembly,0.831010752688172,0.3841428571428571,0.715
up,GO:0030514,2,GO:0071772,1.3943565325648524,74,negative regulation of BMP signaling pathway,response to BMP,0.9149856630824372,0.2707142857142857,0.913
up,GO:0006694,8,GO:0016126,1.3943565325648524,191,steroid biosynthetic process,sterol biosynthetic process,0.941247311827957,0.24728571428571433,0.919
up,GO:0072207,5,GO:0072073,1.3943565325648524,28,metanephric epithelium development,kidney epithelium development,0.778347670250896,0.2102608695652174,0.877
up,GO:0072243,5,GO:0072073,1.3943565325648524,25,metanephric nephron epithelium development,kidney epithelium development,0.7786523297491039,0.19634782608695656,0.868
up,GO:0045766,13,GO:0035909,1.3920727928340133,189,positive regulation of angiogenesis,aorta morphogenesis,0.7398853046594982,0.402625,0.644
down,GO:1902600,7,GO:1902600,8.084586278251352,195,proton transmembrane transport,proton transmembrane transport,0.9406121212121212,0.7036666666666667,0
down,GO:0016072,11,GO:0016072,8.084586278251352,268,rRNA metabolic process,rRNA metabolic process,0.8618,0.5994285714285714,0
down,GO:0006364,11,GO:0016072,8.084586278251352,225,rRNA processing,rRNA metabolic process,0.7293454545454545,0.5304285714285715,0.98
down,GO:0032543,10,GO:0032543,8.084586278251352,131,mitochondrial translation,mitochondrial translation,0.849830303030303,0.5145,0
down,GO:0033108,5,GO:0033108,8.084586278251352,103,mitochondrial respiratory chain complex assembly,mitochondrial respiratory chain complex assembly,0.845030303030303,0.48382352941176465,0
down,GO:0097250,5,GO:0033108,8.084586278251352,114,mitochondrial respirasome assembly,mitochondrial respiratory chain complex assembly,0.8443151515151515,0.48111764705882354,0.761
down,GO:0010257,4,GO:0010257,8.084586278251352,62,NADH dehydrogenase complex assembly,NADH dehydrogenase complex assembly,0.8785090909090909,0.45971428571428574,0
down,GO:0007005,5,GO:0033108,8.084586278251352,452,mitochondrion organization,mitochondrial respiratory chain complex assembly,0.8598727272727273,0.43370588235294116,0.86
down,GO:0032981,4,GO:0010257,8.084586278251352,62,mitochondrial respiratory chain complex I assembly,NADH dehydrogenase complex assembly,0.847569696969697,0.4104285714285715,0.999
down,GO:0002181,1,GO:0002181,8.084586278251352,165,cytoplasmic translation,cytoplasmic translation,0.8457393939393939,0.34457142857142853,0
down,GO:0022613,9,GO:0022613,8.084586278251352,492,ribonucleoprotein complex biogenesis,ribonucleoprotein complex biogenesis,0.8572121212121212,0.3304,0
down,GO:0042274,9,GO:0022613,8.084586278251352,108,ribosomal small subunit biogenesis,ribonucleoprotein complex biogenesis,0.8675515151515152,0.3127,0.862
down,GO:0042254,9,GO:0022613,8.084586278251352,317,ribosome biogenesis,ribonucleoprotein complex biogenesis,0.8588666666666667,0.3107,0.957
down,GO:0009152,6,GO:0009152,8.084586278251352,156,purine ribonucleotide biosynthetic process,purine ribonucleotide biosynthetic process,0.7533030303030304,0.2985,0
down,GO:0072522,6,GO:0009152,8.084586278251352,263,purine-containing compound biosynthetic process,purine ribonucleotide biosynthetic process,0.8603272727272728,0.2905,0.952
down,GO:0006164,6,GO:0009152,8.084586278251352,197,purine nucleotide biosynthetic process,purine ribonucleotide biosynthetic process,0.7571636363636364,0.29025,0.981
down,GO:0019693,8,GO:0019693,8.084586278251352,376,ribose phosphate metabolic process,ribose phosphate metabolic process,0.7969636363636363,0.271875,0
down,GO:0009150,8,GO:0019693,8.084586278251352,348,purine ribonucleotide metabolic process,ribose phosphate metabolic process,0.7592545454545454,0.262375,0.982
down,GO:0009259,8,GO:0019693,8.084586278251352,368,ribonucleotide metabolic process,ribose phosphate metabolic process,0.7668969696969696,0.25550000000000006,0.994
down,GO:0046390,8,GO:0019693,8.084586278251352,178,ribose phosphate biosynthetic process,ribose phosphate metabolic process,0.7883575757575758,0.254,0.938
down,GO:0009260,8,GO:0019693,8.084586278251352,171,ribonucleotide biosynthetic process,ribose phosphate metabolic process,0.7594727272727273,0.238375,0.936
down,GO:0006091,2,GO:0006091,8.084586278251352,490,generation of precursor metabolites and energy,generation of precursor metabolites and energy,0.8391939393939394,0.21369230769230774,0
down,GO:0006163,3,GO:0006163,8.084586278251352,440,purine nucleotide metabolic process,purine nucleotide metabolic process,0.7626181818181819,0.20405263157894737,0
down,GO:0009117,3,GO:0006163,8.084586278251352,500,nucleotide metabolic process,purine nucleotide metabolic process,0.7690303030303031,0.19694736842105265,0.972
down,GO:0015980,2,GO:0006091,8.084586278251352,356,energy derivation by oxidation of organic compounds,generation of precursor metabolites and energy,0.8398363636363637,0.19100000000000006,0.963
down,GO:0009165,3,GO:0006163,8.084586278251352,233,nucleotide biosynthetic process,purine nucleotide metabolic process,0.7622606060606061,0.18110526315789477,0.906
down,GO:1901293,3,GO:0006163,8.084586278251352,321,nucleoside phosphate biosynthetic process,purine nucleotide metabolic process,0.7600848484848485,0.1792631578947368,0.874
down,GO:0022900,2,GO:0006091,8.084586278251352,135,electron transport chain,generation of precursor metabolites and energy,0.8477272727272727,0.17761538461538462,0.865
down,GO:0006120,2,GO:0006091,8.084586278251352,51,"mitochondrial electron transport, NADH to ubiquinone",generation of precursor metabolites and energy,0.8528666666666667,0.17730769230769228,0.796
down,GO:0042776,3,GO:0006163,8.084586278251352,68,proton motive force-driven mitochondrial ATP synthesis,purine nucleotide metabolic process,0.713569696969697,0.1758421052631579,0.816
down,GO:0045333,2,GO:0006091,8.084586278251352,249,cellular respiration,generation of precursor metabolites and energy,0.840690909090909,0.17538461538461536,0.936
down,GO:0009060,2,GO:0006091,8.084586278251352,200,aerobic respiration,generation of precursor metabolites and energy,0.8416242424242424,0.17084615384615387,0.919
down,GO:0006119,2,GO:0006091,8.084586278251352,149,oxidative phosphorylation,generation of precursor metabolites and energy,0.8440363636363637,0.16692307692307695,0.884
down,GO:0009144,3,GO:0006163,8.084586278251352,259,purine nucleoside triphosphate metabolic process,purine nucleotide metabolic process,0.7773454545454546,0.1613684210526316,0.832
down,GO:0009199,3,GO:0006163,8.084586278251352,258,ribonucleoside triphosphate metabolic process,purine nucleotide metabolic process,0.7766121212121212,0.16100000000000003,0.837
down,GO:0009205,3,GO:0006163,8.084586278251352,252,purine ribonucleoside triphosphate metabolic process,purine nucleotide metabolic process,0.7775272727272726,0.16063157894736846,0.83
down,GO:0009141,3,GO:0006163,8.084586278251352,274,nucleoside triphosphate metabolic process,purine nucleotide metabolic process,0.7757212121212121,0.16047368421052632,0.843
down,GO:0015986,3,GO:0006163,8.084586278251352,77,proton motive force-driven ATP synthesis,purine nucleotide metabolic process,0.7584606060606061,0.15347368421052632,0.841
down,GO:0009145,3,GO:0006163,8.084586278251352,112,purine nucleoside triphosphate biosynthetic process,purine nucleotide metabolic process,0.7720545454545454,0.15115789473684205,0.773
down,GO:0046034,3,GO:0006163,8.084586278251352,228,ATP metabolic process,purine nucleotide metabolic process,0.7584484848484849,0.15021052631578946,0.923
down,GO:0009206,3,GO:0006163,8.084586278251352,111,purine ribonucleoside triphosphate biosynthetic process,purine nucleotide metabolic process,0.7719575757575757,0.1498421052631579,0.772
down,GO:0022904,2,GO:0006091,8.084586278251352,125,respiratory electron transport chain,generation of precursor metabolites and energy,0.845369696969697,0.1491538461538462,0.86
down,GO:0019646,2,GO:0006091,8.084586278251352,93,aerobic electron transport chain,generation of precursor metabolites and energy,0.8468363636363636,0.14792307692307693,0.837
down,GO:0009142,3,GO:0006163,8.084586278251352,124,nucleoside triphosphate biosynthetic process,purine nucleotide metabolic process,0.7694909090909091,0.14778947368421047,0.787
down,GO:0009201,3,GO:0006163,8.084586278251352,116,ribonucleoside triphosphate biosynthetic process,purine nucleotide metabolic process,0.7700484848484849,0.14757894736842103,0.784
down,GO:0042775,2,GO:0006091,8.084586278251352,101,mitochondrial ATP synthesis coupled electron transport,generation of precursor metabolites and energy,0.8457454545454546,0.14292307692307693,0.844
down,GO:0042773,2,GO:0006091,8.084586278251352,101,ATP synthesis coupled electron transport,generation of precursor metabolites and energy,0.8455939393939393,0.14223076923076927,0.846
down,GO:0006754,3,GO:0006163,8.084586278251352,100,ATP biosynthetic process,purine nucleotide metabolic process,0.7542121212121212,0.14010526315789473,0.858
down,GO:0006753,3,GO:0006163,7.069533863289216,656,nucleoside phosphate metabolic process,purine nucleotide metabolic process,0.7671878787878788,0.19642105263157894,0.938
down,GO:0006123,2,GO:0006091,6.03180360393541,24,"mitochondrial electron transport, cytochrome c to oxygen",generation of precursor metabolites and energy,0.8606181818181818,0.2188461538461538,0.748
down,GO:0140053,10,GO:0032543,6.021939126256683,169,mitochondrial gene expression,mitochondrial translation,0.8733454545454545,0.5145,0.971
down,GO:0072521,6,GO:0009152,5.815371931605528,577,purine-containing compound metabolic process,purine ribonucleotide biosynthetic process,0.8803696969696969,0.33024999999999993,0.873
down,GO:0042273,9,GO:0022613,4.933795969512246,64,ribosomal large subunit biogenesis,ribonucleoprotein complex biogenesis,0.8759575757575757,0.38570000000000004,0.818
down,GO:0071826,4,GO:0010257,4.9294590245161825,234,protein-RNA complex organization,NADH dehydrogenase complex assembly,0.8796484848484849,0.4511428571428572,0.582
down,GO:0022618,4,GO:0010257,4.8096425856760066,225,protein-RNA complex assembly,NADH dehydrogenase complex assembly,0.8488969696969697,0.43500000000000005,0.605
down,GO:1901137,8,GO:0019693,4.436648103267612,613,carbohydrate derivative biosynthetic process,ribose phosphate metabolic process,0.8450181818181819,0.30925,0.811
down,GO:0042255,9,GO:0022613,4.270420531077385,58,ribosome assembly,ribonucleoprotein complex biogenesis,0.8610484848484848,0.369,0.796
down,GO:0006413,1,GO:0002181,4.257881054402546,127,translational initiation,cytoplasmic translation,0.8454424242424242,0.3067142857142857,0.724
down,GO:0000028,9,GO:0022613,3.8761775288547367,21,ribosomal small subunit assembly,ribonucleoprotein complex biogenesis,0.8535939393939393,0.3611,0.736
down,GO:0017004,4,GO:0010257,3.734020414909066,41,cytochrome complex assembly,NADH dehydrogenase complex assembly,0.8771151515151515,0.4007142857142857,0.544
down,GO:1901798,12,GO:1901798,3.4093462470495335,31,positive regulation of signal transduction by p53 class mediator,positive regulation of signal transduction by p53 class mediator,0.9672787878787878,1,0
down,GO:0007007,5,GO:0033108,3.279782149601484,45,inner mitochondrial membrane organization,mitochondrial respiratory chain complex assembly,0.8747818181818182,0.4711764705882353,0.727
down,GO:0008535,4,GO:0010257,3.271857857254355,29,respiratory chain complex IV assembly,NADH dehydrogenase complex assembly,0.8800181818181818,0.40614285714285714,0.529
down,GO:0033617,4,GO:0010257,3.148378240375266,25,mitochondrial cytochrome c oxidase assembly,NADH dehydrogenase complex assembly,0.8518787878787879,0.362,0.523
down,GO:0006122,2,GO:0006091,3.1408020948055104,14,"mitochondrial electron transport, ubiquinol to cytochrome c",generation of precursor metabolites and energy,0.8645454545454546,0.24,0.724
down,GO:0006457,13,GO:0006457,3.123634715046568,231,protein folding,protein folding,0.8485393939393939,0.3318,0
down,GO:0007006,5,GO:0033108,2.9929549777121585,120,mitochondrial membrane organization,mitochondrial respiratory chain complex assembly,0.8688242424242424,0.4505882352941176,0.767
down,GO:0030490,9,GO:0022613,2.9929549777121585,54,maturation of SSU-rRNA,ribonucleoprotein complex biogenesis,0.7545757575757576,0.33809999999999996,0.8
down,GO:0098883,14,GO:0098883,2.9767408595195275,15,synapse pruning,synapse pruning,0.9123515151515151,0.43579999999999997,0
down,GO:0007018,15,GO:0007018,2.920013668105196,480,microtubule-based movement,microtubule-based movement,0.9656363636363636,0.4933333333333333,0
down,GO:0090407,3,GO:0006163,2.75593432542222,611,organophosphate biosynthetic process,purine nucleotide metabolic process,0.7824545454545454,0.23494736842105268,0.808
down,GO:0006281,16,GO:0006281,2.460997151887736,625,DNA repair,DNA repair,0.8267878787878788,0.4085714285714286,0
down,GO:0002183,1,GO:0002181,2.302211296085196,45,cytoplasmic translational initiation,cytoplasmic translation,0.8577454545454546,0.3038571428571428,0.886
down,GO:0097428,13,GO:0006457,2.2990592176815907,17,protein maturation by iron-sulfur cluster transfer,protein folding,0.8756181818181819,0.4728,0.681
down,GO:0071539,17,GO:0071539,2.266974943283821,37,protein localization to centrosome,protein localization to centrosome,0.9133030303030303,0.4844117647058823,0
down,GO:0031163,9,GO:0022613,2.2315980690045962,29,metallo-sulfur cluster assembly,ribonucleoprotein complex biogenesis,0.8928727272727273,0.5644,0.477
down,GO:0016226,9,GO:0022613,2.2315980690045962,29,iron-sulfur cluster assembly,ribonucleoprotein complex biogenesis,0.8928727272727273,0.5644,0.477
down,GO:0035825,16,GO:0006281,2.2315980690045962,68,homologous recombination,DNA repair,0.8678787878787879,0.3861428571428571,0.647
down,GO:0061077,13,GO:0006457,2.2294810017555293,76,chaperone-mediated protein folding,protein folding,0.8628848484848485,0.379,0.895
down,GO:0006399,11,GO:0016072,2.178291757385889,203,tRNA metabolic process,rRNA metabolic process,0.8680545454545454,0.601,0.395
down,GO:0010970,18,GO:0010970,2.1449858414489205,180,transport along microtubule,transport along microtubule,0.9050303030303031,0.4455,0
down,GO:0070972,17,GO:0071539,2.1439506422693646,83,protein localization to endoplasmic reticulum,protein localization to centrosome,0.9114424242424243,0.487235294117647,0.598
down,GO:0051604,13,GO:0006457,2.1276377395900297,612,protein maturation,protein folding,0.8383636363636364,0.35760000000000003,0.906
down,GO:0002888,19,GO:0002888,2.0665331740424553,21,positive regulation of myeloid leukocyte mediated immunity,positive regulation of myeloid leukocyte mediated immunity,0.9697393939393939,0.4494,0
down,GO:0090151,17,GO:0071539,2.061868655763631,34,establishment of protein localization to mitochondrial membrane,protein localization to centrosome,0.8035030303030303,0.4992352941176471,0.573
down,GO:0030705,18,GO:0010970,2.0151530689312875,208,cytoskeleton-dependent intracellular transport,transport along microtubule,0.916309090909091,0.44533333333333336,0.989
down,GO:0045116,20,GO:0045116,1.943563719898704,29,protein neddylation,protein neddylation,0.891630303030303,0.45175,0
down,GO:0150146,14,GO:0098883,1.9400408919800891,28,cell junction disassembly,synapse pruning,0.9097212121212122,0.42480000000000007,0.971
down,GO:0006446,1,GO:0002181,1.9144211386524956,86,regulation of translational initiation,cytoplasmic translation,0.840460606060606,0.2977142857142857,0.684
down,GO:0000280,5,GO:0033108,1.885880146730647,451,nuclear division,mitochondrial respiratory chain complex assembly,0.8704000000000001,0.5429411764705883,0.457
down,GO:0140013,21,GO:0140013,1.8751739763421351,200,meiotic nuclear division,meiotic nuclear division,0.8556060606060606,0.24116666666666675,0
down,GO:0000723,5,GO:0033108,1.8444156540231929,162,telomere maintenance,mitochondrial respiratory chain complex assembly,0.7616666666666667,0.5415882352941177,0.432
down,GO:0099111,7,GO:1902600,1.8414243053611647,225,microtubule-based transport,proton transmembrane transport,0.9416363636363636,0.769,0.355
down,GO:1990173,17,GO:0071539,1.8077650411294963,14,protein localization to nucleoplasm,protein localization to centrosome,0.9114909090909091,0.4431176470588235,0.525
down,GO:0007127,21,GO:0140013,1.7800608074714748,132,meiosis I,meiotic nuclear division,0.8589272727272728,0.24783333333333335,0.966
down,GO:1904867,17,GO:0071539,1.7785570207699233,12,protein localization to Cajal body,protein localization to centrosome,0.9119333333333333,0.4443529411764706,0.521
down,GO:1903405,17,GO:0071539,1.7785570207699233,12,protein localization to nuclear body,protein localization to centrosome,0.9119333333333333,0.4443529411764706,0.521
down,GO:0006417,1,GO:0002181,1.7785570207699233,461,regulation of translation,cytoplasmic translation,0.8247212121212121,0.33971428571428575,0.78
down,GO:0048285,5,GO:0033108,1.7745132782728938,501,organelle fission,mitochondrial respiratory chain complex assembly,0.869660606060606,0.5394117647058824,0.461
down,GO:0061982,21,GO:0140013,1.7745132782728938,140,meiosis I cell cycle process,meiotic nuclear division,0.9537939393939394,0.24750000000000005,0.946
down,GO:1904871,17,GO:0071539,1.7544288829670294,10,positive regulation of protein localization to Cajal body,protein localization to centrosome,0.9006181818181819,0.4459411764705883,0.515
down,GO:1904869,17,GO:0071539,1.7544288829670294,10,regulation of protein localization to Cajal body,protein localization to centrosome,0.9055151515151515,0.4459411764705883,0.515
down,GO:0045727,1,GO:0002181,1.7535263904345368,139,positive regulation of translation,cytoplasmic translation,0.8339030303030304,0.3897142857142857,0.702
down,GO:0042407,5,GO:0033108,1.7388548736620386,20,cristae formation,mitochondrial respiratory chain complex assembly,0.8827272727272727,0.5035882352941177,0.678
down,GO:0048489,18,GO:0010970,1.7129739010141716,45,synaptic vesicle transport,transport along microtubule,0.9279575757575758,0.62,0.514
down,GO:0051276,5,GO:0033108,1.6925592869802355,644,chromosome organization,mitochondrial respiratory chain complex assembly,0.8695636363636363,0.5118823529411765,0.477
down,GO:0051284,18,GO:0010970,1.6857600864821316,15,positive regulation of sequestering of calcium ion,transport along microtubule,0.9263212121212121,0.704,0.379
down,GO:1905508,17,GO:0071539,1.6733770494097282,38,protein localization to microtubule organizing center,protein localization to centrosome,0.9131878787878788,0.48388235294117643,0.998
down,GO:0001732,1,GO:0002181,1.6733770494097282,15,formation of cytoplasmic translation initiation complex,cytoplasmic translation,0.7647999999999999,0.35085714285714287,0.812
down,GO:0006458,13,GO:0006457,1.6703218410139742,49,'de novo' protein folding,protein folding,0.867909090909091,0.3972,0.859
down,GO:0007004,16,GO:0006281,1.642558209107543,62,telomere maintenance via telomerase,DNA repair,0.7609272727272727,0.4511428571428572,0.652
down,GO:0006278,16,GO:0006281,1.642558209107543,69,RNA-templated DNA biosynthetic process,DNA repair,0.8429090909090908,0.44899999999999995,0.656
down,GO:0051321,21,GO:0140013,1.642558209107543,295,meiotic cell cycle,meiotic nuclear division,0.9532969696969698,0.2443333333333333,0.964
down,GO:0000462,9,GO:0022613,1.641929000257496,35,"maturation of SSU-rRNA from tricistronic rRNA transcript (SSU-rRNA, 5.8S rRNA, LSU-rRNA)",ribonucleoprotein complex biogenesis,0.7616424242424242,0.3547,0.773
down,GO:0031396,20,GO:0045116,1.6391394743153789,205,regulation of protein ubiquitination,protein neddylation,0.8664969696969697,0.394,0.631
down,GO:0006383,11,GO:0016072,1.6348506304264,62,transcription by RNA polymerase III,rRNA metabolic process,0.857909090909091,0.696,0.353
down,GO:1904666,22,GO:1904666,1.6333438463210947,21,regulation of ubiquitin protein ligase activity,regulation of ubiquitin protein ligase activity,0.987769696969697,0.5455,0
down,GO:0006958,19,GO:0002888,1.6333438463210947,42,"complement activation, classical pathway",positive regulation of myeloid leukocyte mediated immunity,0.963878787878788,0.40259999999999996,0.64
down,GO:1903046,21,GO:0140013,1.6117037062682338,222,meiotic cell cycle process,meiotic nuclear division,0.9531575757575758,0.2373333333333334,0.982
down,GO:0050821,23,GO:0050821,1.5854107277919267,236,protein stabilization,protein stabilization,0.9897151515151515,0.7975,0
down,GO:1904872,17,GO:0071539,1.577952053928225,12,regulation of telomerase RNA localization to Cajal body,protein localization to centrosome,0.9256424242424243,0.5131764705882353,0.366
down,GO:0070585,17,GO:0071539,1.5778796376836517,133,protein localization to mitochondrion,protein localization to centrosome,0.908230303030303,0.4719411764705882,0.623
down,GO:0044380,17,GO:0071539,1.5778796376836517,66,protein localization to cytoskeleton,protein localization to centrosome,0.9104848484848485,0.47105882352941175,0.959
down,GO:0051444,22,GO:1904666,1.5698260745628263,16,negative regulation of ubiquitin-protein transferase activity,regulation of ubiquitin protein ligase activity,0.8807818181818182,0.5455,0.909
down,GO:2000059,24,GO:2000059,1.5672178835802129,56,negative regulation of ubiquitin-dependent protein catabolic process,negative regulation of ubiquitin-dependent protein catabolic process,0.8792969696969697,0.549,0
down,GO:0097494,23,GO:0050821,1.5597026295632532,20,regulation of vesicle size,protein stabilization,0.9160121212121212,0.7975,0.405
down,GO:0071806,7,GO:1902600,1.5555380726086396,74,protein transmembrane transport,proton transmembrane transport,0.9197030303030302,0.7093333333333334,0.534
down,GO:0031468,5,GO:0033108,1.541148529304427,26,nuclear membrane reassembly,mitochondrial respiratory chain complex assembly,0.8806848484848485,0.572764705882353,0.417
down,GO:0000966,11,GO:0016072,1.5373411001565793,38,RNA 5'-end processing,rRNA metabolic process,0.8587212121212121,0.6524285714285714,0.339
down,GO:0090672,17,GO:0071539,1.5373411001565793,19,telomerase RNA localization,protein localization to centrosome,0.9355757575757575,0.541,0.375
down,GO:0008033,11,GO:0016072,1.5373411001565793,135,tRNA processing,rRNA metabolic process,0.8390969696969697,0.538,0.38
down,GO:0090685,17,GO:0071539,1.5373411001565793,19,RNA localization to nucleus,protein localization to centrosome,0.9332545454545454,0.5211176470588236,0.381
down,GO:0090670,17,GO:0071539,1.5373411001565793,19,RNA localization to Cajal body,protein localization to centrosome,0.9332545454545454,0.5211176470588236,0.381
down,GO:0090671,17,GO:0071539,1.5373411001565793,19,telomerase RNA localization to Cajal body,protein localization to centrosome,0.9321575757575757,0.5078235294117648,0.375
down,GO:0090200,5,GO:0033108,1.5372680288428573,21,positive regulation of release of cytochrome c from mitochondria,mitochondrial respiratory chain complex assembly,0.8697575757575757,0.5482941176470588,0.672
down,GO:0060271,5,GO:0033108,1.5198939955928288,398,cilium assembly,mitochondrial respiratory chain complex assembly,0.8562545454545455,0.5467058823529412,0.526
down,GO:0007338,21,GO:0140013,1.49255456201048,175,single fertilization,meiotic nuclear division,0.9751939393939394,0.4218333333333333,0.695
down,GO:0036257,5,GO:0033108,1.4719709349424035,33,multivesicular body organization,mitochondrial respiratory chain complex assembly,0.8963454545454546,0.5910588235294117,0.372
down,GO:0036258,5,GO:0033108,1.4719709349424035,32,multivesicular body assembly,mitochondrial respiratory chain complex assembly,0.8772060606060607,0.5692941176470588,0.433
down,GO:1902774,18,GO:0010970,1.462546658754478,22,late endosome to lysosome transport,transport along microtubule,0.9340121212121212,0.6108333333333333,0.538
down,GO:2000434,20,GO:0045116,1.462546658754478,20,regulation of protein neddylation,protein neddylation,0.8835757575757576,0.35275,0.95
down,GO:1904903,14,GO:0098883,1.4578344721718086,10,ESCRT III complex disassembly,synapse pruning,0.8987333333333334,0.4204,0.59
down,GO:1904896,14,GO:0098883,1.4578344721718086,10,ESCRT complex disassembly,synapse pruning,0.8982424242424243,0.4184,0.593
down,GO:1901873,20,GO:0045116,1.4526490579920581,253,regulation of post-translational protein modification,protein neddylation,0.8645030303030303,0.396,0.612
down,GO:0006360,11,GO:0016072,1.4492864577176936,75,transcription by RNA polymerase I,rRNA metabolic process,0.8565151515151515,0.6932857142857143,0.357
down,GO:1903051,24,GO:2000059,1.4492864577176936,74,negative regulation of proteolysis involved in protein catabolic process,negative regulation of ubiquitin-dependent protein catabolic process,0.8766727272727273,0.5466666666666666,0.978
down,GO:0061081,19,GO:0002888,1.4486918081393394,35,positive regulation of myeloid leukocyte cytokine production involved in immune response,positive regulation of myeloid leukocyte mediated immunity,0.8622060606060606,0.4898,0.695
down,GO:0006620,17,GO:0071539,1.443230970450392,15,post-translational protein targeting to endoplasmic reticulum membrane,protein localization to centrosome,0.9179515151515152,0.5220588235294118,0.539
down,GO:0045087,25,GO:0045087,1.4393598074786977,1024,innate immune response,innate immune response,0.9720424242424243,0.7455,0
down,GO:0046761,25,GO:0045087,1.4344197629490634,14,viral budding from plasma membrane,innate immune response,0.9969151515151515,0.7455,0.509
down,GO:0140527,16,GO:0006281,1.4317530446070525,60,reciprocal homologous recombination,DNA repair,0.8690969696969697,0.38842857142857146,0.639
down,GO:0007131,16,GO:0006281,1.4317530446070525,60,reciprocal meiotic recombination,DNA repair,0.7571939393939394,0.38842857142857146,0.639
down,GO:0042073,18,GO:0010970,1.421100014848152,49,intraciliary transport,transport along microtubule,0.8235939393939393,0.4793333333333334,0.907
down,GO:0097352,14,GO:0098883,1.4097147437844584,63,autophagosome maturation,synapse pruning,0.8076181818181818,0.4458,0.667
down,GO:0061734,24,GO:2000059,1.403388086403394,16,type 2 mitophagy,negative regulation of ubiquitin-dependent protein catabolic process,0.9108363636363637,0.7476666666666667,0.375
down,GO:0097576,5,GO:0033108,1.3943565325648524,12,vacuole fusion,mitochondrial respiratory chain complex assembly,0.9109090909090909,0.678235294117647,0.337
down,GO:0006302,16,GO:0006281,1.3943565325648524,323,double-strand break repair,DNA repair,0.8386727272727272,0.43914285714285717,0.907
down,GO:0047497,15,GO:0007018,1.3943565325648524,28,mitochondrion transport along microtubule,microtubule-based movement,0.9143454545454546,0.41333333333333333,0.76
down,GO:0034643,15,GO:0007018,1.3943565325648524,28,"establishment of mitochondrion localization, microtubule-mediated",microtubule-based movement,0.9329575757575758,0.41333333333333333,0.76
down,GO:0046385,8,GO:0019693,1.3943565325648524,14,deoxyribose phosphate biosynthetic process,ribose phosphate metabolic process,0.8308363636363636,0.40737500000000004,0.582
down,GO:0009265,8,GO:0019693,1.3943565325648524,14,2'-deoxyribonucleotide biosynthetic process,ribose phosphate metabolic process,0.7992,0.35850000000000004,0.582
down,GO:0016064,19,GO:0002888,1.3943565325648524,209,immunoglobulin mediated immune response,positive regulation of myeloid leukocyte mediated immunity,0.9726484848484849,0.354,0.708
down,GO:0019724,19,GO:0002888,1.3943565325648524,212,B cell mediated immunity,positive regulation of myeloid leukocyte mediated immunity,0.9726303030303031,0.3538,0.71
down,GO:0009263,3,GO:0006163,1.3943565325648524,14,deoxyribonucleotide biosynthetic process,purine nucleotide metabolic process,0.7996000000000001,0.3242105263157895,0.729
down,GO:0010833,5,GO:0033108,1.3899663737675663,75,telomere maintenance via telomere lengthening,mitochondrial respiratory chain complex assembly,0.7795757575757576,0.574764705882353,0.398
